gene,gene_nr,selection,rank,marker_rank,tree_rank,importance_score,pca_score,pre_selected,prior_selected,pca_selected,celltypes_DE_1vsall,celltypes_DE_specific,celltypes_DE,celltypes_marker,list_only_ct_marker,required_marker,required_list_marker
ENSG00000023445,1,True,1.0,1.0,1.0,0.9233601451152522,0.55913459153048,False,False,False,DC,,DC,DC,False,True,False
ENSG00000108821,2,True,1.0,1.0,1.0,0.8085842151439646,1.0684356573142604,False,False,True,Fibroblast,,Fibroblast,Fibroblast,False,True,False
ENSG00000156738,3,True,1.0,1.0,1.0,0.7161368142521881,0.7208713988975225,False,False,False,B,,B,B,False,True,False
ENSG00000131981,4,True,1.0,1.0,1.0,0.49967391130592487,0.8971487017058806,False,False,True,Melanocyte,,Melanocyte,Melanocyte,False,True,False
ENSG00000166441,5,True,1.0,1.0,1.0,0.46596197148865925,1.134685414701462,False,False,True,,Epithelial,Epithelial,Epithelial,False,True,False
ENSG00000212907,6,True,1.0,1.0,1.0,0.4185346077336672,1.750927748712628,False,False,True,,T,T,T,False,True,False
ENSG00000102265,7,True,1.0,1.0,1.0,0.39014919159679606,0.915318579346999,False,False,True,,Monocyte/Mac,Monocyte/Mac,Monocyte/Mac,False,True,False
ENSG00000011600,8,True,1.0,1.0,1.0,0.30282062674644844,0.9298858152631375,False,False,True,Other,,Other,Other,False,True,False
ENSG00000131477,9,True,1.0,1.0,1.0,0.21336868855117558,0.5769003082803544,False,False,False,"Endothelial,Epithelial",,"Endothelial,Epithelial","Endothelial,Epithelial",False,True,False
ENSG00000170476,10,True,1.0,1.0,1.0,0.18684139398111205,0.3222146617029977,False,False,False,Plasma,,Plasma,Plasma,False,True,False
ENSG00000228253,11,True,1.0,2.0,1.0,0.18570309114290945,1.895224413463956,False,False,True,,T,T,T,False,True,False
ENSG00000205542,12,True,1.0,2.0,1.0,0.13910119939592097,1.636587809399444,False,False,True,Other,,Other,Other,False,True,False
ENSG00000019582,13,True,1.0,2.0,1.0,0.1217797828927229,2.2329536244568766,False,False,True,"Other,B",,"Other,B","Other,B",False,True,False
ENSG00000130066,14,True,1.0,2.0,1.0,0.05611248655783872,0.9499408512614883,False,False,True,Monocyte/Mac,,Monocyte/Mac,Monocyte/Mac,False,True,False
ENSG00000106211,15,True,1.0,2.0,1.0,0.046107401555958494,1.3428053817773158,False,False,True,Melanocyte,,Melanocyte,Melanocyte,False,True,False
ENSG00000163453,16,True,1.0,2.0,1.0,0.03251424632394155,0.999943412133436,False,False,True,"Endothelial,Epithelial",,"Endothelial,Epithelial","Endothelial,Epithelial",False,True,False
ENSG00000167283,17,True,1.0,,1.0,0.5408187347475043,0.9374813453314701,False,False,True,,,,,False,False,False
ENSG00000210082,18,True,1.0,,1.0,0.43522298575452834,0.9650778042895529,False,False,True,,,,,False,False,False
ENSG00000101439,19,True,1.0,,1.0,0.33820369880428325,1.0884139907013903,False,False,True,,,,,False,False,False
ENSG00000124172,20,True,1.0,,1.0,0.25,1.301544370731909,False,False,True,,,,,False,False,False
ENSG00000171345,21,True,1.0,,1.0,0.20335392365229393,1.0436277497416913,False,False,True,,,,,False,False,False
ENSG00000125534,22,True,1.0,,1.0,0.16739410023985105,1.3140157941076152,False,False,True,,,,,False,False,False
ENSG00000080824,23,True,1.0,,1.0,0.142181732052148,1.5015529892321344,False,False,True,,,,,False,False,False
ENSG00000204628,24,True,1.0,,1.0,0.12877288392463127,1.3319636046635541,False,False,True,,,,,False,False,False
ENSG00000116824,25,True,1.0,,1.0,0.10839228363631928,0.9368032444588503,False,False,True,,,,,False,False,False
ENSG00000149591,26,True,1.0,,1.0,0.10017201725796746,1.0313835389056998,False,False,True,,,,,False,False,False
ENSG00000100453,27,True,1.0,,1.0,0.0887777311854509,0.9222527620991474,False,False,True,,,,,False,False,False
ENSG00000122862,28,True,1.0,,1.0,0.04684642732495205,1.208916968422191,False,False,True,,,,,False,False,False
ENSG00000167286,29,True,1.0,,1.0,0.03752796575102373,0.9460922715688465,False,False,True,T,,T,T,False,False,False
ENSG00000026025,30,True,1.0,,1.0,0.03746560459310745,1.6192951805714002,False,False,True,Melanocyte,,Melanocyte,Melanocyte,False,False,False
ENSG00000142669,31,True,1.0,,1.0,0.025341130604288498,1.068110966140391,False,False,True,,,,,False,False,False
ENSG00000130203,32,True,1.0,,1.0,0.024269153037850356,1.5634880163562968,False,False,True,,,,,False,False,False
ENSG00000189058,33,True,1.0,,1.0,0.022869680377443278,0.9694335328542016,False,False,True,,,,,False,False,False
ENSG00000133872,34,True,1.0,,1.0,0.021182351702436035,1.099502031983769,False,False,True,T,,T,T,False,False,False
ENSG00000245532,35,True,1.0,,1.0,0.015518093414448493,1.623374191455941,False,False,True,,,,,False,False,False
ENSG00000008988,36,True,1.0,,1.0,0.015389317313078762,1.1006094705670222,False,False,True,,Epithelial,Epithelial,Epithelial,False,False,False
ENSG00000142089,37,True,1.0,,1.0,0.015015843761246449,1.476425698475185,False,False,True,,,,,False,False,False
ENSG00000100097,38,True,1.0,,1.0,0.014593696899083627,1.3583908131781386,False,False,True,,,,,False,False,False
ENSG00000077984,39,True,1.0,,1.0,0.01406536282803552,0.9100263523981742,False,False,True,,,,,False,False,False
ENSG00000163191,40,True,1.0,,1.0,0.013959821075191631,1.1626601366574016,False,False,True,,,,,False,False,False
ENSG00000121966,41,True,1.0,,1.0,0.01379137592892656,1.199938043130894,False,False,True,,,,,False,False,False
ENSG00000125148,42,True,1.0,,1.0,0.013207636088302957,1.5569736952384927,False,False,True,,,,,False,False,False
ENSG00000197746,43,True,1.0,,1.0,0.012839032028536474,0.8979154844131473,False,False,True,,,,,False,False,False
ENSG00000170345,44,True,1.0,,1.0,0.009946383523407003,1.7229460090969702,False,False,True,,,,,False,False,False
ENSG00000204389,45,True,1.0,,1.0,0.008955550076580679,1.9227619106872043,False,False,True,,Melanocyte,Melanocyte,Melanocyte,False,False,False
ENSG00000096384,46,True,1.0,,1.0,0.008456728546435886,0.9866988691516891,False,False,True,,,,,False,False,False
ENSG00000133639,47,True,1.0,,1.0,0.008240763932586924,1.2474893401443325,False,False,True,,,,,False,False,False
ENSG00000197747,48,True,1.0,,1.0,0.006160519146259889,1.461889477681819,False,False,True,,,,,False,False,False
ENSG00000128016,49,True,1.0,,1.0,0.005822316405196454,1.3772331499868256,False,False,True,,,,,False,False,False
ENSG00000130303,50,True,1.0,,1.0,0.0057092448008951155,0.9560729093267457,False,False,True,,,,,False,False,False
ENSG00000008517,51,True,1.0,,1.0,0.00530513329896525,1.410046431595142,False,False,True,,,,,False,False,False
ENSG00000169442,52,True,1.0,,1.0,0.00515453286681999,1.059854045269376,False,False,True,,B,B,B,False,False,False
ENSG00000204592,53,True,1.0,,1.0,0.0029819366400314984,0.9928045614983394,False,False,True,,,,,False,False,False
ENSG00000115414,54,True,1.0,,1.0,0.0026142857890616737,1.0210338725724992,False,False,True,,,,,False,False,False
ENSG00000182718,55,True,1.0,,1.0,0.0023345876897834816,1.0204395605288623,False,False,True,,,,,False,False,False
ENSG00000111341,56,True,1.0,,1.0,0.002103772702364441,2.0008694771342608,False,False,True,,,,,False,False,False
ENSG00000120129,57,True,1.0,,1.0,5.7327455185001056e-15,1.1453432401689243,False,False,True,,,,,False,False,False
ENSG00000135404,58,True,1.0,,1.0,1.7256063026164776e-15,1.1925037791269035,False,False,True,,,,,False,False,False
ENSG00000074800,59,True,1.0,,1.0,7.075865103065734e-16,1.1100867615247743,False,False,True,,,,,False,False,False
ENSG00000145649,60,True,1.0,,1.0,5.115879370717416e-16,1.0312842909249842,False,False,True,,,,,False,False,False
ENSG00000177575,61,True,2.0,1.0,,,0.21081230453179958,False,False,False,Microglia,,Microglia,Microglia,False,True,False
ENSG00000132465,62,True,3.0,2.0,2.0,0.18881172260484544,0.4852027895186301,False,False,False,Plasma,,Plasma,Plasma,False,True,False
ENSG00000122786,63,True,3.0,2.0,,,0.774940371837205,False,False,False,,Fibroblast,Fibroblast,Fibroblast,False,True,False
ENSG00000112149,64,True,3.0,2.0,,,0.6377320601563574,False,False,False,DC,,DC,DC,False,True,False
ENSG00000173391,65,True,3.0,2.0,,,0.11309520874858413,False,False,False,Microglia,,Microglia,Microglia,False,True,False
ENSG00000198502,66,True,4.0,,2.0,0.023751889425112905,1.374668608745609,False,False,True,,,,,False,False,False
ENSG00000185885,67,True,4.0,,2.0,0.02344007773469242,1.7124611198567978,False,False,True,,T,T,T,False,False,False
ENSG00000109971,68,True,4.0,,2.0,0.021930278769924618,1.0528458461634465,False,False,True,,,,,False,False,False
ENSG00000171223,69,True,4.0,,2.0,0.0135741487058817,1.5300894626740125,False,False,True,,,,,False,False,False
ENSG00000130208,70,True,4.0,,2.0,0.008582201572537697,0.9333216856500519,False,False,True,,,,,False,False,False
ENSG00000148671,71,True,4.0,,2.0,0.006729140446440107,0.8971955230119584,False,False,True,,,,,False,False,False
ENSG00000168685,72,True,4.0,,2.0,0.006653562646589193,1.2171046755591415,False,False,True,,,,,False,False,False
ENSG00000185201,73,True,4.0,,2.0,0.006558557940503042,1.2832933516572682,False,False,True,,,,,False,False,False
ENSG00000117984,74,True,4.0,,2.0,0.006175827986254077,0.9469648295145422,False,False,True,,,,,False,False,False
ENSG00000197956,75,True,4.0,,2.0,0.003841462042622757,1.5069421436619646,False,False,True,,,,,False,False,False
ENSG00000065978,76,True,4.0,,2.0,0.0019956385552139457,1.0230812163826009,False,False,True,,,,,False,False,False
ENSG00000173762,77,True,4.0,,2.0,0.0011994628825636186,0.9782567144759623,False,False,True,,,,,False,False,False
ENSG00000111716,78,True,4.0,,2.0,2.4498572678641854e-14,1.0049129074900323,False,False,True,,,,,False,False,False
ENSG00000198695,79,True,4.0,,2.0,7.484595683813914e-16,0.9601590246991512,False,False,True,,,,,False,False,False
ENSG00000160180,80,True,5.0,,3.0,0.003967649243912573,1.0898798257115314,False,False,True,,,,,False,False,False
ENSG00000196154,81,True,5.0,,3.0,4.76051673134309e-15,1.7950061084330144,False,False,True,,,,,False,False,False
ENSG00000132002,82,True,5.0,,3.0,2.912510960722805e-15,1.2414480116607223,False,False,True,,,,,False,False,False
ENSG00000115541,83,True,5.0,,3.0,1.5806070563681718e-15,1.0594191620294393,False,False,True,,,,,False,False,False
ENSG00000135390,84,True,6.0,,4.0,0.03703915931319979,1.119396446806653,False,False,True,,,,,False,False,False
ENSG00000100906,85,True,6.0,,4.0,0.011662423090451719,0.9288770710399162,False,False,True,,,,,False,False,False
ENSG00000240972,86,True,6.0,,4.0,0.00408193316469383,1.1016282325069888,False,False,True,,,,,False,False,False
ENSG00000152518,87,True,6.0,,4.0,0.002490673622797177,1.2793776094768152,False,False,True,,,,,False,False,False
ENSG00000135046,88,True,7.0,,5.0,0.03536610963454858,1.2474270268586682,False,False,True,,,,,False,False,False
ENSG00000158050,89,True,7.0,,5.0,0.003983117538021666,1.0501580453755517,False,False,True,,,,,False,False,False
ENSG00000101608,90,True,7.0,,5.0,1.4661201896647087e-15,1.0942109130949726,False,False,True,,,,,False,False,False
ENSG00000149925,91,True,8.0,,6.0,0.008377854099090504,1.148992467895515,False,False,True,,,,,False,False,False
ENSG00000095794,92,True,8.0,,6.0,1.4758861317724475e-15,1.007830828901541,False,False,True,,,,,False,False,False
ENSG00000211592,93,True,9.0,,7.0,0.03853800689126824,0.901809905286925,False,False,True,Plasma,,Plasma,Plasma,False,False,False
ENSG00000115523,94,True,9.0,,7.0,0.0074148854877842596,1.2712383071153162,False,False,True,,,,,False,False,False
ENSG00000126709,95,True,9.0,,7.0,0.001967693475265073,1.157278142696709,False,False,True,,,,,False,False,False
ENSG00000105374,96,True,9.0,,7.0,0.00106994582148174,1.3131414421718168,False,False,True,,,,,False,False,False
ENSG00000067225,97,True,10.0,,8.0,7.402508964108184e-16,1.0294365455632377,False,False,True,,,,,False,False,False
ENSG00000153563,98,True,11.0,,9.0,1.9530949481111324e-14,0.9887466827537383,False,False,True,,,,,False,False,False
ENSG00000227507,99,True,12.0,,10.0,0.0010078773846793547,0.9823854285743274,False,False,True,,,,,False,False,False
ENSG00000084207,100,True,13.0,,11.0,0.009651284544006914,1.0097654426804399,False,False,True,,,,,False,False,False
ENSG00000164919,101,True,13.0,,11.0,0.003931373327515534,0.9944096627404523,False,False,True,,,,,False,False,False
ENSG00000123416,102,True,13.0,,11.0,0.0018933441473041365,1.0111545034698526,False,False,True,,,,,False,False,False
ENSG00000181617,103,True,14.0,,12.0,0.004207781807472684,0.9086359429949784,False,False,True,,,,,False,False,False
ENSG00000177606,104,True,15.0,,13.0,5.5793094245156185e-15,1.2481737744427002,False,False,True,,,,,False,False,False
ENSG00000156234,105,True,15.0,,13.0,4.593286579543183e-15,0.9322451425022369,False,False,True,,,,,False,False,False
ENSG00000113088,106,True,16.0,,14.0,0.007196118525101585,1.1858110294677773,False,False,True,,,,,False,False,False
ENSG00000187608,107,True,17.0,,15.0,4.8861785987985044e-15,1.0767986584425344,False,False,True,,,,,False,False,False
ENSG00000265972,108,True,18.0,,16.0,0.0,1.0763856227571347,False,False,True,,,,,False,False,False
ENSG00000111669,109,True,18.0,,16.0,0.0,0.99764088482856,False,False,True,,,,,False,False,False
ENSG00000103363,110,True,,,,,0.896870661644105,False,False,False,,,,,False,False,False
ENSG00000198851,111,True,,,,,0.8955370402838272,False,False,False,T,,T,T,False,False,False
ENSG00000067082,112,True,,,,,0.8882350727800347,False,False,False,,,,,False,False,False
ENSG00000164692,113,True,,,,,0.8853531175096699,False,False,False,Fibroblast,,Fibroblast,Fibroblast,False,False,False
ENSG00000124614,114,True,,,,,0.8785158021170483,False,False,False,,Epithelial,Epithelial,Epithelial,False,False,False
ENSG00000111348,115,True,,,,,0.8750238279309795,False,False,False,,,,,False,False,False
ENSG00000185650,116,True,,,,,0.8708135201453274,False,False,False,,B,B,B,False,False,False
ENSG00000186827,117,True,,,,,0.8705777470384881,False,False,False,,,,,False,False,False
ENSG00000160678,118,True,,,,,0.8700704437352587,False,False,False,,,,,False,False,False
ENSG00000272398,119,True,,,,,0.8617825232438775,False,False,False,,,,,False,False,False
ENSG00000164687,120,True,,,,,0.8616049960776099,False,False,False,,,,,False,False,False
ENSG00000113140,121,True,,,,,0.8585489509155695,False,False,False,Fibroblast,,Fibroblast,Fibroblast,False,False,False
ENSG00000090104,122,True,,,,,0.8469906053452257,False,False,False,,,,,False,False,False
ENSG00000026508,123,True,,,,,0.8403245269900135,False,False,False,,,,,False,False,False
ENSG00000241343,124,True,,,,,0.8311841406947268,False,False,False,,,,,False,False,False
ENSG00000181847,125,True,,,,,0.8285384279196033,False,False,False,,,,,False,False,False
ENSG00000186891,126,True,,,,,0.8270957805452511,False,False,False,,,,,False,False,False
ENSG00000089327,127,True,,,,,0.8263852306288957,False,False,False,,,,,False,False,False
ENSG00000173369,128,True,,,,,0.8261066112391081,False,False,False,,Other,Other,Other,False,False,False
ENSG00000011465,129,True,,,,,0.8260231491863463,False,False,False,,Fibroblast,Fibroblast,Fibroblast,False,False,False
ENSG00000107742,130,True,,,,,0.822291631443521,False,False,False,,,,,False,False,False
ENSG00000111057,131,True,,,,,0.8021095281030747,False,False,False,,,,,False,False,False
ENSG00000158710,132,True,,,,,0.8008548176801402,False,False,False,,,,,False,False,False
ENSG00000159189,133,True,,,,,0.7967902545582916,False,False,False,,,,,False,False,False
ENSG00000157514,134,True,,,,,0.7966594245527917,False,False,False,,,,,False,False,False
ENSG00000135919,135,True,,,,,0.7905651552462708,False,False,False,,,,,False,False,False
ENSG00000107796,136,True,,,,,0.7903798951688408,False,False,False,,,,,False,False,False
ENSG00000104894,137,True,,,,,0.7901927260663759,False,False,False,,B,B,B,False,False,False
ENSG00000117450,138,True,,,,,0.7870410081879787,False,False,False,,,,,False,False,False
ENSG00000141753,139,True,,,,,0.7863777345167603,False,False,False,,,,,False,False,False
ENSG00000169908,140,True,,,,,0.7854723854100102,False,False,False,,,,,False,False,False
ENSG00000173372,141,True,,,,,0.784174884802839,False,False,False,,,,,False,False,False
ENSG00000154518,142,True,,,,,0.77929164271368,False,False,False,,,,,False,False,False
ENSG00000167468,143,True,,,,,0.778280956164165,False,False,False,,,,,False,False,False
ENSG00000162511,144,True,,,,,0.7782509561818471,False,False,False,,,,,False,False,False
ENSG00000101335,145,True,,,,,0.7775206868120662,False,False,False,,,,,False,False,False
ENSG00000196405,146,True,,,,,0.7772013951065546,False,False,False,,,,,False,False,False
ENSG00000168209,147,True,,,,,0.7768045118111255,False,False,False,,,,,False,False,False
ENSG00000185664,148,True,,,,,0.7757939945358833,False,False,False,,,,,False,False,False
ENSG00000160862,149,True,,,,,0.7745747491106317,False,False,False,,,,,False,False,False
ENSG00000172543,150,True,,,,,0.7741895597980972,False,False,False,,,,,False,False,False
ENSG00000102879,151,True,,,,,0.7737624482700186,False,False,False,,,,,False,False,False
ENSG00000160213,152,True,,,,,0.7708367121723477,False,False,False,,,,,False,False,False
ENSG00000128340,153,True,,,,,0.7688714423028189,False,False,False,,,,,False,False,False
ENSG00000170421,154,True,,,,,0.7576816907906098,False,False,False,,,,,False,False,False
ENSG00000118503,155,True,,,,,0.7576814300706883,False,False,False,,,,,False,False,False
ENSG00000152583,156,True,,,,,0.7555527674949069,False,False,False,,,,,False,False,False
ENSG00000051523,157,True,,,,,0.7543842677952137,False,False,False,,Other,Other,Other,False,False,False
ENSG00000103187,158,True,,,,,0.7446686674755748,False,False,False,,,,,False,False,False
ENSG00000140416,159,True,,,,,0.7428251851920318,False,False,False,,,,,False,False,False
ENSG00000110848,160,True,,,,,0.7420235855399563,False,False,False,,,,,False,False,False
ENSG00000204257,161,True,,,,,0.7388591353539736,False,False,False,,,,,False,False,False
ENSG00000198467,162,True,,,,,0.7329561029451986,False,False,False,,,,,False,False,False
ENSG00000175899,163,True,,,,,0.7297852039550782,False,False,False,,,,,False,False,False
ENSG00000118785,164,True,,,,,0.7261880646931119,False,False,False,,,,,False,False,False
ENSG00000167642,165,True,,,,,0.7247328801470985,False,False,False,,,,,False,False,False
ENSG00000120885,166,True,,,,,0.7235574263331888,False,False,False,,,,,False,False,False
ENSG00000139329,167,True,,,,,0.7218702503755317,False,False,False,,,,,False,False,False
ENSG00000158869,168,True,,,,,0.7151506464633116,False,False,False,Monocyte/Mac,,Monocyte/Mac,Monocyte/Mac,False,False,False
ENSG00000145423,169,True,,,,,0.7142334011710919,False,False,False,,,,,False,False,False
ENSG00000160307,170,True,,,,,0.711050843189051,False,False,False,,,,,False,False,False
ENSG00000109846,171,True,,,,,0.7106410906175578,False,False,False,,,,,False,False,False
ENSG00000126264,172,True,,,,,0.709047192753368,False,False,False,,,,,False,False,False
ENSG00000139193,173,True,,,,,0.706466440748843,False,False,False,,,,,False,False,False
ENSG00000178980,174,True,,,,,0.7034793066695404,False,False,False,,,,,False,False,False
ENSG00000135480,175,True,,,,,0.6760404129269669,False,False,False,,,,,False,False,False
ENSG00000182492,176,True,,,,,0.6733595290574953,False,False,False,,,,,False,False,False
ENSG00000164932,177,True,,,,,0.6691902298447373,False,False,False,,,,,False,False,False
ENSG00000172116,178,True,,,,,0.6663080259796353,False,False,False,,,,,False,False,False
ENSG00000100450,179,True,,,,,0.6553720377737529,False,False,False,,,,,False,False,False
ENSG00000105369,180,True,,,,,0.6551861915269085,False,False,False,B,,B,B,False,False,False
ENSG00000185633,181,True,,,,,0.651454937647515,False,False,False,,,,,False,False,False
ENSG00000082074,182,True,,,,,0.6514375655867514,False,False,False,,,,,False,False,False
ENSG00000233276,183,True,,,,,0.6501013069071935,False,False,False,,Plasma,Plasma,Plasma,False,False,False
ENSG00000010278,184,True,,,,,0.6409653934290608,False,False,False,,,,,False,False,False
ENSG00000129538,185,True,,,,,0.6379934951213322,False,False,False,,,,,False,False,False
ENSG00000133110,186,True,,,,,0.6354963790390987,False,False,False,,,,,False,False,False
ENSG00000106538,187,True,,,,,0.6293398854179606,False,False,False,,,,,False,False,False
ENSG00000211459,188,True,,,,,0.6247727539460952,False,False,False,,,,,False,False,False
ENSG00000211772,189,True,,,,,0.621753999861105,False,False,False,,,,,False,False,False
ENSG00000147168,190,True,,,,,0.6202907957309742,False,False,False,,,,,False,False,False
ENSG00000182866,191,True,,,,,0.6155546107844737,False,False,False,,,,,False,False,False
ENSG00000250722,192,True,,,,,0.6151085310618759,False,False,False,,,,,False,False,False
ENSG00000178372,193,True,,,,,0.6010420511182114,False,False,False,,,,,False,False,False
ENSG00000125868,194,True,,,,,0.5969167796053947,False,False,False,,,,,False,False,False
ENSG00000180644,195,True,,,,,0.5939579791818596,False,False,False,,,,,False,False,False
ENSG00000089692,196,True,,,,,0.5928949322363736,False,False,False,,,,,False,False,False
ENSG00000160182,197,True,,,,,0.592099462204514,False,False,False,,,,,False,False,False
ENSG00000090382,198,True,,,,,0.5900426798192793,False,False,False,Monocyte/Mac,,Monocyte/Mac,Monocyte/Mac,False,False,False
ENSG00000173110,199,True,,,,,0.5892160079023273,False,False,False,,,,,False,False,False
ENSG00000176046,200,True,,,,,0.5867650015286416,False,False,False,,,,,False,False,False
ENSG00000119655,201,True,,,,,0.5865593078676513,False,False,False,,,,,False,False,False
ENSG00000149131,202,True,,,,,0.5845672249244913,False,False,False,,,,,False,False,False
ENSG00000110492,203,True,,,,,0.5838178788964355,False,False,False,,,,,False,False,False
ENSG00000134539,204,True,,,,,0.583756376591929,False,False,False,,,,,False,False,False
ENSG00000012223,205,True,,,,,0.5819916801887601,False,False,False,,,,,False,False,False
ENSG00000125730,206,True,,,,,0.5794375113424297,False,False,False,,,,,False,False,False
ENSG00000189334,207,True,,,,,0.5790488152403404,False,False,False,,,,,False,False,False
ENSG00000099953,208,True,,,,,0.5784560257653386,False,False,False,,,,,False,False,False
ENSG00000127920,209,True,,,,,0.5764277681303169,False,False,False,Endothelial,,Endothelial,Endothelial,False,False,False
ENSG00000136167,210,True,,,,,0.5752162567638187,False,False,False,,,,,False,False,False
ENSG00000184292,211,True,,,,,0.5724527703990989,False,False,False,,,,,False,False,False
ENSG00000091986,212,True,,,,,0.5701287460613285,False,False,False,,,,,False,False,False
ENSG00000179144,213,True,,,,,0.569997295289198,False,False,False,,,,,False,False,False
ENSG00000136490,214,True,,,,,0.5656630901588592,False,False,False,,,,,False,False,False
ENSG00000198832,215,True,,,,,0.5648691289022465,False,False,False,,,,,False,False,False
ENSG00000120215,216,True,,,,,0.5636376574555716,False,False,False,,,,,False,False,False
ENSG00000160255,217,True,,,,,0.562914382243495,False,False,False,,,,,False,False,False
ENSG00000186847,218,True,,,,,0.5614049599998444,False,False,False,,,,,False,False,False
ENSG00000106624,219,True,,,,,0.5609522112643931,False,False,False,,,,,False,False,False
ENSG00000189171,220,True,,,,,0.5523027048718931,False,False,False,,,,,False,False,False
ENSG00000143387,221,True,,,,,0.5522298784353536,False,False,False,,,,,False,False,False
ENSG00000109610,222,True,,,,,0.5507543501154829,False,False,False,,,,,False,False,False
ENSG00000130300,223,True,,,,,0.5500208774005845,False,False,False,,,,,False,False,False
ENSG00000105974,224,True,,,,,0.5496615131926097,False,False,False,,,,,False,False,False
ENSG00000204472,225,True,,,,,0.5486746512562317,False,False,False,,Other,Other,Other,False,False,False
ENSG00000143248,226,True,,,,,0.5447114917614342,False,False,False,,,,,False,False,False
ENSG00000182326,227,True,,,,,0.5394602841412014,False,False,False,,,,,False,False,False
ENSG00000171476,228,True,,,,,0.5385004746787014,False,False,False,,,,,False,False,False
ENSG00000110799,229,True,,,,,0.5384980290195183,False,False,False,,,,,False,False,False
ENSG00000087245,230,True,,,,,0.5379664164326514,False,False,False,,,,,False,False,False
ENSG00000277734,231,True,,,,,0.5373450126981758,False,False,False,,,,,False,False,False
ENSG00000115461,232,True,,,,,0.5363887942840012,False,False,False,,,,,False,False,False
ENSG00000128422,233,True,,,,,0.533784695985279,False,False,False,,,,,False,False,False
ENSG00000163359,234,True,,,,,0.5325885143339327,False,False,False,,,,,False,False,False
ENSG00000145824,235,True,,,,,0.529187512226628,False,False,False,,,,,False,False,False
ENSG00000163220,236,True,,,,,0.526927179847994,False,False,False,,,,,False,False,False
ENSG00000171346,237,True,,,,,0.5260178962370277,False,False,False,,,,,False,False,False
ENSG00000126353,238,True,,,,,0.5252695620194899,False,False,False,DC,,DC,DC,False,False,False
ENSG00000107562,239,True,,,,,0.5218356653868188,False,False,False,,,,,False,False,False
ENSG00000204262,240,True,,,,,0.5217462007434133,False,False,False,,,,,False,False,False
ENSG00000167244,241,True,,,,,0.5164984774436515,False,False,False,,,,,False,False,False
ENSG00000166426,242,True,,,,,0.5151763496408884,False,False,False,,,,,False,False,False
ENSG00000143320,243,True,,,,,0.5123484090913112,False,False,False,,,,,False,False,False
ENSG00000111799,244,True,,,,,0.5122273683245778,False,False,False,,,,,False,False,False
ENSG00000172889,245,True,,,,,0.5107806245012109,False,False,False,Epithelial,,Epithelial,Epithelial,False,False,False
ENSG00000261371,246,True,,,,,0.5099846895345151,False,False,False,,,,,False,False,False
ENSG00000008394,247,True,,,,,0.508433396008401,False,False,False,,,,,False,False,False
ENSG00000189143,248,True,,,,,0.5084194966316086,False,False,False,,,,,False,False,False
ENSG00000106541,249,True,,,,,0.5071725464916204,False,False,False,,,,,False,False,False
ENSG00000169508,250,True,,,,,0.5023844904348921,False,False,False,,,,,False,False,False
ENSG00000170323,251,True,,,,,0.4991911662117014,False,False,False,,,,,False,False,False
ENSG00000038427,252,True,,,,,0.4908406463779738,False,False,False,,,,,False,False,False
ENSG00000172215,253,True,,,,,0.4905004879612443,False,False,False,,,,,False,False,False
ENSG00000240583,254,True,,,,,0.48912370899015467,False,False,False,,,,,False,False,False
ENSG00000188404,255,True,,,,,0.48855788636118785,False,False,False,,,,,False,False,False
ENSG00000129226,256,True,,,,,0.48217758275192013,False,False,False,,,,,False,False,False
ENSG00000142173,257,True,,,,,0.48157795346335425,False,False,False,,Fibroblast,Fibroblast,Fibroblast,False,False,False
ENSG00000106565,258,True,,,,,0.4808174984843951,False,False,False,,,,,False,False,False
ENSG00000129824,259,True,,,,,0.48028789415873235,False,False,False,,,,,False,False,False
ENSG00000143546,260,True,,,,,0.47269946795545853,False,False,False,,,,,False,False,False
ENSG00000130635,261,True,,,,,0.4626957698816979,False,False,False,,,,,False,False,False
ENSG00000049768,262,True,,,,,0.4597623178847642,False,False,False,,,,,False,False,False
ENSG00000089356,263,True,,,,,0.4587173477167837,False,False,False,,,,,False,False,False
ENSG00000187498,264,True,,,,,0.4570533103150984,False,False,False,,,,,False,False,False
ENSG00000110077,265,True,,,,,0.45538308002281525,False,False,False,,,,,False,False,False
ENSG00000166741,266,True,,,,,0.4537497827658552,False,False,False,,,,,False,False,False
ENSG00000077942,267,True,,,,,0.4527665889373578,False,False,False,,,,,False,False,False
ENSG00000111796,268,True,,,,,0.44851329815615354,False,False,False,,,,,False,False,False
ENSG00000047457,269,True,,,,,0.44695470598422565,False,False,False,,,,,False,False,False
ENSG00000115165,270,True,,,,,0.4456056341203148,False,False,False,,,,,False,False,False
ENSG00000134871,271,True,,,,,0.4445953939527236,False,False,False,,,,,False,False,False
ENSG00000100234,272,True,,,,,0.4439577370595293,False,False,False,,,,,False,False,False
ENSG00000165215,273,True,,,,,0.4416263169034088,False,False,False,,,,,False,False,False
ENSG00000060718,274,True,,,,,0.4386656752388516,False,False,False,,,,,False,False,False
ENSG00000172551,275,True,,,,,0.43855637355504373,False,False,False,,,,,False,False,False
ENSG00000142156,276,True,,,,,0.43823843704975673,False,False,False,,,,,False,False,False
ENSG00000124107,277,True,,,,,0.4381690901299339,False,False,False,,,,,False,False,False
ENSG00000132965,278,True,,,,,0.435954043029945,False,False,False,,,,,False,False,False
ENSG00000096696,279,True,,,,,0.4351459592102163,False,False,False,,,,,False,False,False
ENSG00000140379,280,True,,,,,0.43425070139522515,False,False,False,,Monocyte/Mac,Monocyte/Mac,Monocyte/Mac,False,False,False
ENSG00000166482,281,True,,,,,0.43175635503846,False,False,False,,,,,False,False,False
ENSG00000101443,282,True,,,,,0.43076142116895794,False,False,False,,,,,False,False,False
ENSG00000186340,283,True,,,,,0.42989084914017606,False,False,False,,,,,False,False,False
ENSG00000143184,284,True,,,,,0.429523471490791,False,False,False,,,,,False,False,False
ENSG00000163519,285,True,,,,,0.4293333241848585,False,False,False,,,,,False,False,False
ENSG00000169429,286,True,,,,,0.428711228353667,False,False,False,,,,,False,False,False
ENSG00000109321,287,True,,,,,0.42395126450443193,False,False,False,,,,,False,False,False
ENSG00000267795,288,True,,,,,0.42339141355652765,False,False,False,,,,,False,False,False
ENSG00000150687,289,True,,,,,0.421903718530084,False,False,False,,,,,False,False,False
ENSG00000174059,290,True,,,,,0.4192899669062395,False,False,False,,,,,False,False,False
ENSG00000002933,291,True,,,,,0.4117773257021401,False,False,False,,,,,False,False,False
ENSG00000211751,292,True,,,,,0.4098210249958286,False,False,False,,,,,False,False,False
ENSG00000234741,293,True,,,,,0.4097784553446434,False,False,False,,,,,False,False,False
ENSG00000166920,294,True,,,,,0.40882495260227886,False,False,False,,Monocyte/Mac,Monocyte/Mac,Monocyte/Mac,False,False,False
ENSG00000148513,295,True,,,,,0.4049016602320442,False,False,False,,,,,False,False,False
ENSG00000242574,296,True,,,,,0.4046093841182736,False,False,False,,,,,False,False,False
ENSG00000125538,297,True,,,,,0.403545722619643,False,False,False,,,,,False,False,False
ENSG00000189129,298,True,,,,,0.40265874548033403,False,False,False,,,,,False,False,False
ENSG00000211598,299,True,,,,,0.4021413275937003,False,False,False,,,,,False,False,False
ENSG00000017427,300,True,,,,,0.40115262555681636,False,False,False,,,,,False,False,False
ENSG00000176083,301,True,,,,,0.4010505734333968,False,False,False,,,,,False,False,False
ENSG00000107317,302,True,,,,,0.3994043341729201,False,False,False,,,,,False,False,False
ENSG00000163435,303,True,,,,,0.39863681006891505,False,False,False,,,,,False,False,False
ENSG00000184113,304,True,,,,,0.3972950370030326,False,False,False,,,,,False,False,False
ENSG00000204291,305,True,,,,,0.39542983456354297,False,False,False,,,,,False,False,False
ENSG00000124664,306,True,,,,,0.3937456073791404,False,False,False,,,,,False,False,False
ENSG00000177469,307,True,,,,,0.3935655668991313,False,False,False,,,,,False,False,False
ENSG00000106333,308,True,,,,,0.3906859977496332,False,False,False,,,,,False,False,False
ENSG00000143185,309,True,,,,,0.3890581400545866,False,False,False,,,,,False,False,False
ENSG00000175061,310,True,,,,,0.3890390749676434,False,False,False,,,,,False,False,False
ENSG00000140968,311,True,,,,,0.38781335069335177,False,False,False,,,,,False,False,False
ENSG00000123500,312,True,,,,,0.3872921353230031,False,False,False,,,,,False,False,False
ENSG00000203747,313,True,,,,,0.3837101794359866,False,False,False,,,,,False,False,False
ENSG00000158517,314,True,,,,,0.3818008902965675,False,False,False,,,,,False,False,False
ENSG00000080166,315,True,,,,,0.3804492997374151,False,False,False,,,,,False,False,False
ENSG00000146674,316,True,,,,,0.37932469090846427,False,False,False,,,,,False,False,False
ENSG00000211445,317,True,,,,,0.3775531139855868,False,False,False,,,,,False,False,False
ENSG00000162618,318,True,,,,,0.37126811043448726,False,False,False,,,,,False,False,False
ENSG00000237541,319,True,,,,,0.37090490108326496,False,False,False,,,,,False,False,False
ENSG00000125968,320,True,,,,,0.36839608985765504,False,False,False,,,,,False,False,False
ENSG00000176435,321,True,,,,,0.3662730208342736,False,False,False,,,,,False,False,False
ENSG00000143110,322,True,,,,,0.36528794162300887,False,False,False,,,,,False,False,False
ENSG00000186081,323,True,,,,,0.36123306653397497,False,False,False,,,,,False,False,False
ENSG00000154096,324,True,,,,,0.3590957010448023,False,False,False,,,,,False,False,False
ENSG00000162444,325,True,,,,,0.35860017736874433,False,False,False,,,,,False,False,False
ENSG00000101825,326,True,,,,,0.358124878814484,False,False,False,,,,,False,False,False
ENSG00000164434,327,True,,,,,0.3536235397014519,False,False,False,,,,,False,False,False
ENSG00000163430,328,True,,,,,0.3472234031534663,False,False,False,,,,,False,False,False
ENSG00000175793,329,True,,,,,0.34360282519876223,False,False,False,,,,,False,False,False
ENSG00000149564,330,True,,,,,0.3432873427518487,False,False,False,,,,,False,False,False
ENSG00000106483,331,True,,,,,0.3426934554586511,False,False,False,,,,,False,False,False
ENSG00000153064,332,True,,,,,0.3422666463757018,False,False,False,,,,,False,False,False
ENSG00000125810,333,True,,,,,0.3396208558477582,False,False,False,,,,,False,False,False
ENSG00000134545,334,True,,,,,0.33954595192603276,False,False,False,,,,,False,False,False
ENSG00000106819,335,True,,,,,0.33598226617456695,False,False,False,,,,,False,False,False
ENSG00000233041,336,True,,,,,0.3357139066714125,False,False,False,,,,,False,False,False
ENSG00000122679,337,True,,,,,0.33570082395685386,False,False,False,,,,,False,False,False
ENSG00000089012,338,True,,,,,0.33468787447111387,False,False,False,,,,,False,False,False
ENSG00000162482,339,True,,,,,0.3330113291967588,False,False,False,,,,,False,False,False
ENSG00000170458,340,True,,,,,0.3327403722972139,False,False,False,,,,,False,False,False
ENSG00000143196,341,True,,,,,0.3324174895978378,False,False,False,,,,,False,False,False
ENSG00000163520,342,True,,,,,0.3321637472967196,False,False,False,,,,,False,False,False
ENSG00000186810,343,True,,,,,0.3301007514969326,False,False,False,,,,,False,False,False
ENSG00000187955,344,True,,,,,0.3290948365473775,False,False,False,,,,,False,False,False
ENSG00000122641,345,True,,,,,0.3286395204898932,False,False,False,,,,,False,False,False
ENSG00000064989,346,True,,,,,0.32751294837336686,False,False,False,,,,,False,False,False
ENSG00000066336,347,True,,,,,0.3274570679288108,False,False,False,,,,,False,False,False
ENSG00000169245,348,True,,,,,0.32348194704271194,False,False,False,,,,,False,False,False
ENSG00000081041,349,True,,,,,0.323457403352416,False,False,False,,,,,False,False,False
ENSG00000004799,350,True,,,,,0.32325105458377956,False,False,False,,,,,False,False,False
ENSG00000111537,351,True,,,,,0.3222654317241301,False,False,False,,,,,False,False,False
ENSG00000164035,352,True,,,,,0.3222472215263662,False,False,False,,,,,False,False,False
ENSG00000159763,353,True,,,,,0.3136435923267667,False,False,False,,,,,False,False,False
ENSG00000133048,354,True,,,,,0.3133822203351313,False,False,False,,,,,False,False,False
ENSG00000211677,355,True,,,,,0.3078249511060034,False,False,False,,,,,False,False,False
ENSG00000167779,356,True,,,,,0.30746271344735726,False,False,False,,,,,False,False,False
ENSG00000196754,357,True,,,,,0.3068864683270226,False,False,False,,,,,False,False,False
ENSG00000135218,358,True,,,,,0.30635900129580057,False,False,False,,,,,False,False,False
ENSG00000166927,359,True,,,,,0.3036742995104263,False,False,False,,,,,False,False,False
ENSG00000089199,360,True,,,,,0.30299164409633794,False,False,False,,,,,False,False,False
ENSG00000179776,361,True,,,,,0.30066815670115615,False,False,False,,,,,False,False,False
ENSG00000145287,362,True,,,,,0.3002373426382749,False,False,False,,,,,False,False,False
ENSG00000166147,363,True,,,,,0.299660669782973,False,False,False,,,,,False,False,False
ENSG00000162998,364,True,,,,,0.29963742506990937,False,False,False,,,,,False,False,False
ENSG00000118849,365,True,,,,,0.29426814782961447,False,False,False,,,,,False,False,False
ENSG00000211666,366,True,,,,,0.29373623688760425,False,False,False,,,,,False,False,False
ENSG00000213088,367,True,,,,,0.2933278657003992,False,False,False,,,,,False,False,False
ENSG00000162576,368,True,,,,,0.29318089965688976,False,False,False,,,,,False,False,False
ENSG00000245910,369,True,,,,,0.29032993917508376,False,False,False,,,,,False,False,False
ENSG00000007264,370,True,,,,,0.2898659385645096,False,False,False,,,,,False,False,False
ENSG00000163734,371,True,,,,,0.28980880962739747,False,False,False,,,,,False,False,False
ENSG00000163508,372,True,,,,,0.2857001491553352,False,False,False,,,,,False,False,False
ENSG00000167772,373,True,,,,,0.2855198050177508,False,False,False,,,,,False,False,False
ENSG00000204482,374,True,,,,,0.2832732179226743,False,False,False,,,,,False,False,False
ENSG00000167641,375,True,,,,,0.27758515331210964,False,False,False,,,,,False,False,False
ENSG00000049540,376,True,,,,,0.27544226451991094,False,False,False,,,,,False,False,False
ENSG00000211949,377,True,,,,,0.2742201009843525,False,False,False,,,,,False,False,False
ENSG00000115956,378,True,,,,,0.2728346561231953,False,False,False,,,,,False,False,False
ENSG00000234883,379,True,,,,,0.2719665141461712,False,False,False,,,,,False,False,False
ENSG00000004776,380,True,,,,,0.2688369157757376,False,False,False,,,,,False,False,False
ENSG00000162366,381,True,,,,,0.26789944559014717,False,False,False,,,,,False,False,False
ENSG00000104332,382,True,,,,,0.26749617895827643,False,False,False,,,,,False,False,False
ENSG00000108691,383,True,,,,,0.26489034018937563,False,False,False,,,,,False,False,False
ENSG00000177455,384,True,,,,,0.263657293782065,False,False,False,,,,,False,False,False
ENSG00000211829,385,True,,,,,0.26238759348978247,False,False,False,,,,,False,False,False
ENSG00000173467,386,True,,,,,0.2616880939518793,False,False,False,,,,,False,False,False
ENSG00000203875,387,True,,,,,0.2586898926387883,False,False,False,,,,,False,False,False
ENSG00000164483,388,True,,,,,0.256276857061536,False,False,False,,,,,False,False,False
ENSG00000235576,389,True,,,,,0.2556179474295245,False,False,False,,,,,False,False,False
ENSG00000136689,390,True,,,,,0.25350353324717073,False,False,False,,,,,False,False,False
ENSG00000280721,391,True,,,,,0.2488838611816351,False,False,False,,,,,False,False,False
ENSG00000153002,392,True,,,,,0.24693629834283756,False,False,False,,,,,False,False,False
ENSG00000229391,393,True,,,,,0.24578098568002357,False,False,False,,,,,False,False,False
ENSG00000099958,394,True,,,,,0.24534389246223645,False,False,False,,,,,False,False,False
ENSG00000095970,395,True,,,,,0.2426509791558804,False,False,False,,,,,False,False,False
ENSG00000100292,396,True,,,,,0.24175404350852334,False,False,False,,,,,False,False,False
ENSG00000236552,397,True,,,,,0.2414712321848935,False,False,False,,,,,False,False,False
ENSG00000107165,398,True,,,,,0.24124013025224345,False,False,False,,Melanocyte,Melanocyte,Melanocyte,False,False,False
ENSG00000256039,399,True,,,,,0.23897544177315322,False,False,False,,,,,False,False,False
ENSG00000110484,400,True,,,,,0.2345241395600678,False,False,False,,,,,False,False,False
ENSG00000165168,401,False,,,,,0.23082757355584416,False,False,False,,,,,False,False,False
ENSG00000138755,402,False,,,,,0.23047800833992477,False,False,False,,,,,False,False,False
ENSG00000094755,403,False,,,,,0.23026646615828267,False,False,False,,,,,False,False,False
ENSG00000173436,404,False,,,,,0.23012826712652412,False,False,False,,,,,False,False,False
ENSG00000187513,405,False,,,,,0.22948664137775018,False,False,False,,,,,False,False,False
ENSG00000106809,406,False,,,,,0.22924139036822594,False,False,False,,,,,False,False,False
ENSG00000247982,407,False,,,,,0.22890943237785813,False,False,False,,,,,False,False,False
ENSG00000168333,408,False,,,,,0.227714946604208,False,False,False,,,,,False,False,False
ENSG00000164106,409,False,,,,,0.22738504925751674,False,False,False,,,,,False,False,False
ENSG00000170442,410,False,,,,,0.22698733282998634,False,False,False,,,,,False,False,False
ENSG00000171557,411,False,,,,,0.22322162286414166,False,False,False,,,,,False,False,False
ENSG00000102245,412,False,,,,,0.22253030543750754,False,False,False,,,,,False,False,False
ENSG00000182578,413,False,,,,,0.2223955877560883,False,False,False,,,,,False,False,False
ENSG00000165507,414,False,,,,,0.22214987164150451,False,False,False,,,,,False,False,False
ENSG00000244734,415,False,,,,,0.21946322679751937,False,False,False,,,,,False,False,False
ENSG00000123689,416,False,,,,,0.21942050791667303,False,False,False,,,,,False,False,False
ENSG00000205426,417,False,,,,,0.21941797099959157,False,False,False,,,,,False,False,False
ENSG00000157766,418,False,,,,,0.2187781106708806,False,False,False,,,,,False,False,False
ENSG00000168497,419,False,,,,,0.21724306507579275,False,False,False,,,,,False,False,False
ENSG00000245164,420,False,,,,,0.21593325134026414,False,False,False,,,,,False,False,False
ENSG00000115009,421,False,,,,,0.21572318389934064,False,False,False,,,,,False,False,False
ENSG00000138615,422,False,,,,,0.21498736490061598,False,False,False,,,,,False,False,False
ENSG00000111913,423,False,,,,,0.21453106610542708,False,False,False,,,,,False,False,False
ENSG00000131771,424,False,,,,,0.20885717366925086,False,False,False,,,,,False,False,False
ENSG00000122224,425,False,,,,,0.2082352453276411,False,False,False,,,,,False,False,False
ENSG00000069122,426,False,,,,,0.2073517422397016,False,False,False,,,,,False,False,False
ENSG00000110079,427,False,,,,,0.2072502954387147,False,False,False,,,,,False,False,False
ENSG00000125144,428,False,,,,,0.20619300820277828,False,False,False,,,,,False,False,False
ENSG00000139187,429,False,,,,,0.20574172381194664,False,False,False,,,,,False,False,False
ENSG00000206075,430,False,,,,,0.2025610186162931,False,False,False,,,,,False,False,False
ENSG00000196616,431,False,,,,,0.2022961211906278,False,False,False,,,,,False,False,False
ENSG00000197614,432,False,,,,,0.20222584807690622,False,False,False,,,,,False,False,False
ENSG00000211653,433,False,,,,,0.20073549619471245,False,False,False,,,,,False,False,False
ENSG00000154133,434,False,,,,,0.19950768561487042,False,False,False,,,,,False,False,False
ENSG00000247774,435,False,,,,,0.19935574124442318,False,False,False,,,,,False,False,False
ENSG00000163993,436,False,,,,,0.19881017122669295,False,False,False,,,,,False,False,False
ENSG00000186832,437,False,,,,,0.19812304773225928,False,False,False,,,,,False,False,False
ENSG00000085265,438,False,,,,,0.19789790045979744,False,False,False,,,,,False,False,False
ENSG00000163347,439,False,,,,,0.1971436745818655,False,False,False,,,,,False,False,False
ENSG00000163631,440,False,,,,,0.19569798377381672,False,False,False,,,,,False,False,False
ENSG00000173267,441,False,,,,,0.19540880774652233,False,False,False,,,,,False,False,False
ENSG00000162692,442,False,,,,,0.1951597074782144,False,False,False,,,,,False,False,False
ENSG00000117560,443,False,,,,,0.19487492649157626,False,False,False,,,,,False,False,False
ENSG00000148346,444,False,,,,,0.19233928579126072,False,False,False,,,,,False,False,False
ENSG00000128218,445,False,,,,,0.1917688555885864,False,False,False,,,,,False,False,False
ENSG00000139219,446,False,,,,,0.19160803334741403,False,False,False,,,,,False,False,False
ENSG00000213809,447,False,,,,,0.1893762721309434,False,False,False,,,,,False,False,False
ENSG00000198650,448,False,,,,,0.1886318633534406,False,False,False,,,,,False,False,False
ENSG00000038945,449,False,,,,,0.18820453136827753,False,False,False,,,,,False,False,False
ENSG00000188820,450,False,,,,,0.18680547204146394,False,False,False,,,,,False,False,False
ENSG00000137731,451,False,,,,,0.18649959163937818,False,False,False,,,,,False,False,False
ENSG00000105664,452,False,,,,,0.18598470013229043,False,False,False,,,,,False,False,False
ENSG00000205002,453,False,,,,,0.18566879197898478,False,False,False,,,,,False,False,False
ENSG00000163017,454,False,,,,,0.18540049075218262,False,False,False,,,,,False,False,False
ENSG00000150337,455,False,,,,,0.18514742685966493,False,False,False,,,,,False,False,False
ENSG00000211679,456,False,,,,,0.18439943285667132,False,False,False,,,,,False,False,False
ENSG00000177494,457,False,,,,,0.18274443534870674,False,False,False,,,,,False,False,False
ENSG00000160886,458,False,,,,,0.18106884275159965,False,False,False,,,,,False,False,False
ENSG00000131055,459,False,,,,,0.18038774458479423,False,False,False,,,,,False,False,False
ENSG00000211644,460,False,,,,,0.1801582883796331,False,False,False,,,,,False,False,False
ENSG00000091513,461,False,,,,,0.1799205952260181,False,False,False,,,,,False,False,False
ENSG00000078401,462,False,,,,,0.17920417260175892,False,False,False,,,,,False,False,False
ENSG00000203883,463,False,,,,,0.17868688584864323,False,False,False,,,,,False,False,False
ENSG00000163563,464,False,,,,,0.17772784931601704,False,False,False,,,,,False,False,False
ENSG00000185479,465,False,,,,,0.1769932730669761,False,False,False,,,,,False,False,False
ENSG00000211673,466,False,,,,,0.17628127116950407,False,False,False,,,,,False,False,False
ENSG00000165810,467,False,,,,,0.17538122822235433,False,False,False,,,,,False,False,False
ENSG00000211662,468,False,,,,,0.1746833299803269,False,False,False,,,,,False,False,False
ENSG00000128052,469,False,,,,,0.17424231868686857,False,False,False,,,,,False,False,False
ENSG00000130822,470,False,,,,,0.17409844954584716,False,False,False,,,,,False,False,False
ENSG00000155659,471,False,,,,,0.17280796982596242,False,False,False,Microglia,,Microglia,Microglia,False,False,False
ENSG00000174917,472,False,,,,,0.1726882306692837,False,False,False,,,,,False,False,False
ENSG00000109943,473,False,,,,,0.17207607043173437,False,False,False,,,,,False,False,False
ENSG00000166595,474,False,,,,,0.16999912122968228,False,False,False,,,,,False,False,False
ENSG00000134817,475,False,,,,,0.16915528093823637,False,False,False,,,,,False,False,False
ENSG00000188257,476,False,,,,,0.16819504495470994,False,False,False,,,,,False,False,False
ENSG00000110777,477,False,,,,,0.16719567833515045,False,False,False,,,,,False,False,False
ENSG00000174946,478,False,,,,,0.16715549673039648,False,False,False,,,,,False,False,False
ENSG00000124882,479,False,,,,,0.16658734822485727,False,False,False,,,,,False,False,False
ENSG00000100721,480,False,,,,,0.16654749108806072,False,False,False,,,,,False,False,False
ENSG00000143556,481,False,,,,,0.16433872024636917,False,False,False,,,,,False,False,False
ENSG00000220749,482,False,,,,,0.16419898356391754,False,False,False,,,,,False,False,False
ENSG00000164530,483,False,,,,,0.16006344807083253,False,False,False,,,,,False,False,False
ENSG00000198542,484,False,,,,,0.15975055355057588,False,False,False,,,,,False,False,False
ENSG00000211660,485,False,,,,,0.15908979685392904,False,False,False,,,,,False,False,False
ENSG00000240505,486,False,,,,,0.15722237250990628,False,False,False,,,,,False,False,False
ENSG00000131097,487,False,,,,,0.15630904992517086,False,False,False,,,,,False,False,False
ENSG00000178776,488,False,,,,,0.15629085649615365,False,False,False,,,,,False,False,False
ENSG00000018280,489,False,,,,,0.1553835162803425,False,False,False,,,,,False,False,False
ENSG00000118271,490,False,,,,,0.1541872197989932,False,False,False,,,,,False,False,False
ENSG00000121552,491,False,,,,,0.15128067670148732,False,False,False,,,,,False,False,False
ENSG00000211947,492,False,,,,,0.1497164908581102,False,False,False,,,,,False,False,False
ENSG00000164266,493,False,,,,,0.14936064145270983,False,False,False,,,,,False,False,False
ENSG00000164120,494,False,,,,,0.14856927096417638,False,False,False,,,,,False,False,False
ENSG00000124491,495,False,,,,,0.14798391252200327,False,False,False,,,,,False,False,False
ENSG00000254709,496,False,,,,,0.14706736399798934,False,False,False,,,,,False,False,False
ENSG00000104921,497,False,,,,,0.1436538488012022,False,False,False,,,,,False,False,False
ENSG00000121742,498,False,,,,,0.1426235089632353,False,False,False,,,,,False,False,False
ENSG00000134443,499,False,,,,,0.1425750979401465,False,False,False,,,,,False,False,False
ENSG00000137673,500,False,,,,,0.14051397857017137,False,False,False,,,,,False,False,False
ENSG00000102854,501,False,,,,,0.13960725035547877,False,False,False,,,,,False,False,False
ENSG00000164736,502,False,,,,,0.13914436942340913,False,False,False,,,,,False,False,False
ENSG00000214223,503,False,,,,,0.13868789090516564,False,False,False,,,,,False,False,False
ENSG00000281103,504,False,,,,,0.13586849546040916,False,False,False,,,,,False,False,False
ENSG00000205420,505,False,,,,,0.13364066911138311,False,False,False,,,,,False,False,False
ENSG00000175063,506,False,,,,,0.1325373108158199,False,False,False,,,,,False,False,False
ENSG00000227191,507,False,,,,,0.1315333946929217,False,False,False,,,,,False,False,False
ENSG00000158874,508,False,,,,,0.12978441610642816,False,False,False,,,,,False,False,False
ENSG00000110195,509,False,,,,,0.12974874121776994,False,False,False,,,,,False,False,False
ENSG00000160856,510,False,,,,,0.12969833262398592,False,False,False,,,,,False,False,False
ENSG00000229028,511,False,,,,,0.12909704534628574,False,False,False,,,,,False,False,False
ENSG00000159958,512,False,,,,,0.12688026435092717,False,False,False,,,,,False,False,False
ENSG00000100985,513,False,,,,,0.12590106384230954,False,False,False,,,,,False,False,False
ENSG00000166428,514,False,,,,,0.12563406989099715,False,False,False,,,,,False,False,False
ENSG00000270550,515,False,,,,,0.12554881651817995,False,False,False,,,,,False,False,False
ENSG00000169900,516,False,,,,,0.1255262844250664,False,False,False,,,,,False,False,False
ENSG00000168229,517,False,,,,,0.1251259355614413,False,False,False,,,,,False,False,False
ENSG00000133169,518,False,,,,,0.1249774875677146,False,False,False,,,,,False,False,False
ENSG00000165457,519,False,,,,,0.12470962187661536,False,False,False,,,,,False,False,False
ENSG00000263639,520,False,,,,,0.12381712247828099,False,False,False,,,,,False,False,False
ENSG00000248527,521,False,,,,,0.12238450435460699,False,False,False,,,,,False,False,False
ENSG00000277494,522,False,,,,,0.12207512544092569,False,False,False,,,,,False,False,False
ENSG00000171564,523,False,,,,,0.12135029923378832,False,False,False,,,,,False,False,False
ENSG00000163739,524,False,,,,,0.12108220325063992,False,False,False,,,,,False,False,False
ENSG00000074966,525,False,,,,,0.12060951406307045,False,False,False,,,,,False,False,False
ENSG00000278196,526,False,,,,,0.12027072445733211,False,False,False,,,,,False,False,False
ENSG00000211659,527,False,,,,,0.11979201723505052,False,False,False,,,,,False,False,False
ENSG00000211695,528,False,,,,,0.11919848244676137,False,False,False,,,,,False,False,False
ENSG00000188536,529,False,,,,,0.11863650994125018,False,False,False,,,,,False,False,False
ENSG00000198523,530,False,,,,,0.11703565939700517,False,False,False,,,,,False,False,False
ENSG00000112936,531,False,,,,,0.1166613986376862,False,False,False,,,,,False,False,False
ENSG00000109072,532,False,,,,,0.1156169986726351,False,False,False,,,,,False,False,False
ENSG00000064886,533,False,,,,,0.11553360427495624,False,False,False,,,,,False,False,False
ENSG00000102243,534,False,,,,,0.1150673295578768,False,False,False,,,,,False,False,False
ENSG00000189377,535,False,,,,,0.11442969876799672,False,False,False,,,,,False,False,False
ENSG00000223361,536,False,,,,,0.11359631140707763,False,False,False,,,,,False,False,False
ENSG00000137441,537,False,,,,,0.11333935133659459,False,False,False,,,,,False,False,False
ENSG00000135374,538,False,,,,,0.11165575632285078,False,False,False,,,,,False,False,False
ENSG00000146070,539,False,,,,,0.11119968797554748,False,False,False,,,,,False,False,False
ENSG00000138100,540,False,,,,,0.11119919415700517,False,False,False,,,,,False,False,False
ENSG00000196091,541,False,,,,,0.11057536015862324,False,False,False,,,,,False,False,False
ENSG00000205810,542,False,,,,,0.1104631332465172,False,False,False,,,,,False,False,False
ENSG00000126759,543,False,,,,,0.1090869313307254,False,False,False,,,,,False,False,False
ENSG00000169903,544,False,,,,,0.10819674497747614,False,False,False,,,,,False,False,False
ENSG00000019169,545,False,,,,,0.10695933948808499,False,False,False,,,,,False,False,False
ENSG00000204475,546,False,,,,,0.10650539848787005,False,False,False,,,,,False,False,False
ENSG00000282939,547,False,,,,,0.10611749574410907,False,False,False,,,,,False,False,False
ENSG00000160683,548,False,,,,,0.10575510527748029,False,False,False,,,,,False,False,False
ENSG00000135094,549,False,,,,,0.10548619830892096,False,False,False,,,,,False,False,False
ENSG00000211694,550,False,,,,,0.10512441256361302,False,False,False,,,,,False,False,False
ENSG00000181036,551,False,,,,,0.10446208493579183,False,False,False,,,,,False,False,False
ENSG00000197632,552,False,,,,,0.10335285949700225,False,False,False,,,,,False,False,False
ENSG00000139352,553,False,,,,,0.10326748659164525,False,False,False,,,,,False,False,False
ENSG00000035720,554,False,,,,,0.10311180219510598,False,False,False,,,,,False,False,False
ENSG00000130427,555,False,,,,,0.10253673381199674,False,False,False,,,,,False,False,False
ENSG00000211734,556,False,,,,,0.10239400308676724,False,False,False,,,,,False,False,False
ENSG00000266402,557,False,,,,,0.10231743732488262,False,False,False,,,,,False,False,False
ENSG00000167656,558,False,,,,,0.10207335197163828,False,False,False,,,,,False,False,False
ENSG00000111404,559,False,,,,,0.1020721714227068,False,False,False,,,,,False,False,False
ENSG00000169248,560,False,,,,,0.10189397053256058,False,False,False,,,,,False,False,False
ENSG00000163687,561,False,,,,,0.10096818556217925,False,False,False,,,,,False,False,False
ENSG00000161649,562,False,,,,,0.10069817061154164,False,False,False,,,,,False,False,False
ENSG00000108700,563,False,,,,,0.09995314854049382,False,False,False,,,,,False,False,False
ENSG00000198574,564,False,,,,,0.09989262868583255,False,False,False,,,,,False,False,False
ENSG00000196092,565,False,,,,,0.09929658804046275,False,False,False,,,,,False,False,False
ENSG00000211689,566,False,,,,,0.0990061059576494,False,False,False,,,,,False,False,False
ENSG00000150045,567,False,,,,,0.09842837207687952,False,False,False,,,,,False,False,False
ENSG00000248323,568,False,,,,,0.09802756659968537,False,False,False,,,,,False,False,False
ENSG00000058404,569,False,,,,,0.09797114034924828,False,False,False,,,,,False,False,False
ENSG00000197057,570,False,,,,,0.09761723717522919,False,False,False,,,,,False,False,False
ENSG00000163221,571,False,,,,,0.09716927373520284,False,False,False,,,,,False,False,False
ENSG00000126233,572,False,,,,,0.0970250838562797,False,False,False,,,,,False,False,False
ENSG00000100079,573,False,,,,,0.09657684927244277,False,False,False,,,,,False,False,False
ENSG00000166797,574,False,,,,,0.09628256556831312,False,False,False,,,,,False,False,False
ENSG00000143297,575,False,,,,,0.09602111558167513,False,False,False,,,,,False,False,False
ENSG00000163534,576,False,,,,,0.0958652168014412,False,False,False,,,,,False,False,False
ENSG00000175445,577,False,,,,,0.09516243368075719,False,False,False,,,,,False,False,False
ENSG00000228262,578,False,,,,,0.09511122519032275,False,False,False,,,,,False,False,False
ENSG00000102109,579,False,,,,,0.0949427737983972,False,False,False,,,,,False,False,False
ENSG00000131203,580,False,,,,,0.09405396697950298,False,False,False,,,,,False,False,False
ENSG00000154277,581,False,,,,,0.09394115222412099,False,False,False,,,,,False,False,False
ENSG00000117399,582,False,,,,,0.09365050739907986,False,False,False,,,,,False,False,False
ENSG00000094963,583,False,,,,,0.09291478684312249,False,False,False,,,,,False,False,False
ENSG00000110245,584,False,,,,,0.09244379622433228,False,False,False,,,,,False,False,False
ENSG00000211640,585,False,,,,,0.09167095052948594,False,False,False,,,,,False,False,False
ENSG00000245954,586,False,,,,,0.0912991447499048,False,False,False,,,,,False,False,False
ENSG00000005102,587,False,,,,,0.09012906296177602,False,False,False,,,,,False,False,False
ENSG00000106927,588,False,,,,,0.0899582391500912,False,False,False,,,,,False,False,False
ENSG00000107159,589,False,,,,,0.08927811544669062,False,False,False,,,,,False,False,False
ENSG00000278030,590,False,,,,,0.08878609824646136,False,False,False,,,,,False,False,False
ENSG00000253755,591,False,,,,,0.08823598440555297,False,False,False,,,,,False,False,False
ENSG00000211788,592,False,,,,,0.08805299340105475,False,False,False,,,,,False,False,False
ENSG00000124935,593,False,,,,,0.08800532383251142,False,False,False,,,,,False,False,False
ENSG00000122223,594,False,,,,,0.08796028696301016,False,False,False,,,,,False,False,False
ENSG00000171560,595,False,,,,,0.08778106494557864,False,False,False,,,,,False,False,False
ENSG00000166592,596,False,,,,,0.08729176190611831,False,False,False,,,,,False,False,False
ENSG00000205056,597,False,,,,,0.08694157962416336,False,False,False,,,,,False,False,False
ENSG00000246228,598,False,,,,,0.08525199101599461,False,False,False,,,,,False,False,False
ENSG00000211793,599,False,,,,,0.08498198698269323,False,False,False,,,,,False,False,False
ENSG00000235142,600,False,,,,,0.08477666343625996,False,False,False,,,,,False,False,False
ENSG00000132514,601,False,,,,,0.08476376582000023,False,False,False,,,,,False,False,False
ENSG00000189064,602,False,,,,,0.08469302578246057,False,False,False,,,,,False,False,False
ENSG00000132703,603,False,,,,,0.08466393071734832,False,False,False,,,,,False,False,False
ENSG00000136244,604,False,,,,,0.08386199974618751,False,False,False,,,,,False,False,False
ENSG00000204866,605,False,,,,,0.08363810112467578,False,False,False,,,,,False,False,False
ENSG00000134339,606,False,,,,,0.0834837554238893,False,False,False,,,,,False,False,False
ENSG00000205809,607,False,,,,,0.08256299046808459,False,False,False,,,,,False,False,False
ENSG00000134028,608,False,,,,,0.08234391986025165,False,False,False,,,,,False,False,False
ENSG00000050767,609,False,,,,,0.0816630829428493,False,False,False,,,,,False,False,False
ENSG00000106236,610,False,,,,,0.08165064627800164,False,False,False,,,,,False,False,False
ENSG00000167664,611,False,,,,,0.08162177073474332,False,False,False,,,,,False,False,False
ENSG00000263961,612,False,,,,,0.08104548430949811,False,False,False,,,,,False,False,False
ENSG00000132693,613,False,,,,,0.08087273946039679,False,False,False,,,,,False,False,False
ENSG00000211941,614,False,,,,,0.0807697096033288,False,False,False,,,,,False,False,False
ENSG00000182600,615,False,,,,,0.08058339552047862,False,False,False,,,,,False,False,False
ENSG00000105825,616,False,,,,,0.08030129844741309,False,False,False,,,,,False,False,False
ENSG00000175701,617,False,,,,,0.08012153063078503,False,False,False,,,,,False,False,False
ENSG00000211945,618,False,,,,,0.08004417138535508,False,False,False,,,,,False,False,False
ENSG00000145692,619,False,,,,,0.07926113146164128,False,False,False,,,,,False,False,False
ENSG00000166509,620,False,,,,,0.07923862785938299,False,False,False,,,,,False,False,False
ENSG00000167434,621,False,,,,,0.079148039996464,False,False,False,,,,,False,False,False
ENSG00000251546,622,False,,,,,0.0790956618085344,False,False,False,,,,,False,False,False
ENSG00000142871,623,False,,,,,0.07886115336141616,False,False,False,,,,,False,False,False
ENSG00000213178,624,False,,,,,0.07842689271938619,False,False,False,,,,,False,False,False
ENSG00000158481,625,False,,,,,0.07833509359621411,False,False,False,,,,,False,False,False
ENSG00000242125,626,False,,,,,0.07734783866935181,False,False,False,,,,,False,False,False
ENSG00000183747,627,False,,,,,0.07722013154573909,False,False,False,,,,,False,False,False
ENSG00000229314,628,False,,,,,0.07710511043127463,False,False,False,,,,,False,False,False
ENSG00000174718,629,False,,,,,0.07678585739381813,False,False,False,,,,,False,False,False
ENSG00000224137,630,False,,,,,0.07634092623463365,False,False,False,,,,,False,False,False
ENSG00000176840,631,False,,,,,0.07584640130550001,False,False,False,,,,,False,False,False
ENSG00000282651,632,False,,,,,0.07569128389568848,False,False,False,,,,,False,False,False
ENSG00000174175,633,False,,,,,0.07496877234576454,False,False,False,,,,,False,False,False
ENSG00000205358,634,False,,,,,0.0743550325481976,False,False,False,,,,,False,False,False
ENSG00000223745,635,False,,,,,0.07378085137710787,False,False,False,,,,,False,False,False
ENSG00000234184,636,False,,,,,0.07277581172419095,False,False,False,,,,,False,False,False
ENSG00000127324,637,False,,,,,0.07273812469768356,False,False,False,,,,,False,False,False
ENSG00000221946,638,False,,,,,0.07241440700169684,False,False,False,,,,,False,False,False
ENSG00000186160,639,False,,,,,0.0717986504160831,False,False,False,,,,,False,False,False
ENSG00000172794,640,False,,,,,0.07119541443309735,False,False,False,,,,,False,False,False
ENSG00000247556,641,False,,,,,0.07089245967527774,False,False,False,,,,,False,False,False
ENSG00000124564,642,False,,,,,0.07012739257961062,False,False,False,,,,,False,False,False
ENSG00000064201,643,False,,,,,0.06986574473887111,False,False,False,,,,,False,False,False
ENSG00000103355,644,False,,,,,0.06979902709396495,False,False,False,,,,,False,False,False
ENSG00000010319,645,False,,,,,0.06967655307302599,False,False,False,,,,,False,False,False
ENSG00000211810,646,False,,,,,0.06952338336834449,False,False,False,,,,,False,False,False
ENSG00000171234,647,False,,,,,0.06949663856918079,False,False,False,,,,,False,False,False
ENSG00000172724,648,False,,,,,0.06909739837909108,False,False,False,,,,,False,False,False
ENSG00000211786,649,False,,,,,0.06823685390576685,False,False,False,,,,,False,False,False
ENSG00000007908,650,False,,,,,0.06816020693714069,False,False,False,,,,,False,False,False
ENSG00000138722,651,False,,,,,0.06694695426634428,False,False,False,,,,,False,False,False
ENSG00000243955,652,False,,,,,0.06566245234696173,False,False,False,,,,,False,False,False
ENSG00000234663,653,False,,,,,0.06558438768611721,False,False,False,,,,,False,False,False
ENSG00000211648,654,False,,,,,0.06539890923989496,False,False,False,,,,,False,False,False
ENSG00000171551,655,False,,,,,0.0653017668133991,False,False,False,,,,,False,False,False
ENSG00000211668,656,False,,,,,0.06517850275043774,False,False,False,,,,,False,False,False
ENSG00000147138,657,False,,,,,0.06444265979298304,False,False,False,,,,,False,False,False
ENSG00000168081,658,False,,,,,0.0644420048031601,False,False,False,,,,,False,False,False
ENSG00000099985,659,False,,,,,0.0644019472233055,False,False,False,,,,,False,False,False
ENSG00000211956,660,False,,,,,0.06433326956781546,False,False,False,,,,,False,False,False
ENSG00000131401,661,False,,,,,0.06383277953027307,False,False,False,,,,,False,False,False
ENSG00000272282,662,False,,,,,0.06357588260800943,False,False,False,,,,,False,False,False
ENSG00000145321,663,False,,,,,0.06331339162834362,False,False,False,,,,,False,False,False
ENSG00000170128,664,False,,,,,0.06326813145122384,False,False,False,,,,,False,False,False
ENSG00000180739,665,False,,,,,0.06309363569530377,False,False,False,,,,,False,False,False
ENSG00000172236,666,False,,,,,0.06295400955253073,False,False,False,,,,,False,False,False
ENSG00000211663,667,False,,,,,0.06274023436493696,False,False,False,,,,,False,False,False
ENSG00000211797,668,False,,,,,0.06271181034409772,False,False,False,,,,,False,False,False
ENSG00000285410,669,False,,,,,0.06240002255420928,False,False,False,,,,,False,False,False
ENSG00000138207,670,False,,,,,0.06224044008281911,False,False,False,,,,,False,False,False
ENSG00000211943,671,False,,,,,0.0621046092387653,False,False,False,,,,,False,False,False
ENSG00000100867,672,False,,,,,0.06198184149300889,False,False,False,,,,,False,False,False
ENSG00000242258,673,False,,,,,0.06174574281027136,False,False,False,,,,,False,False,False
ENSG00000170231,674,False,,,,,0.061391314389476336,False,False,False,,,,,False,False,False
ENSG00000224631,675,False,,,,,0.061015055235895385,False,False,False,,,,,False,False,False
ENSG00000118729,676,False,,,,,0.06085358763138957,False,False,False,,,,,False,False,False
ENSG00000066813,677,False,,,,,0.06080753529256651,False,False,False,,,,,False,False,False
ENSG00000213886,678,False,,,,,0.06058481743149947,False,False,False,,,,,False,False,False
ENSG00000160953,679,False,,,,,0.0605097042576294,False,False,False,,,,,False,False,False
ENSG00000211955,680,False,,,,,0.06033182446359492,False,False,False,,,,,False,False,False
ENSG00000048462,681,False,,,,,0.059979479277143366,False,False,False,,,,,False,False,False
ENSG00000069482,682,False,,,,,0.05979797198332407,False,False,False,,,,,False,False,False
ENSG00000115008,683,False,,,,,0.05904055940294052,False,False,False,,,,,False,False,False
ENSG00000176919,684,False,,,,,0.05901043405000088,False,False,False,,,,,False,False,False
ENSG00000116747,685,False,,,,,0.05885498516002675,False,False,False,,,,,False,False,False
ENSG00000198520,686,False,,,,,0.058785770750883225,False,False,False,,,,,False,False,False
ENSG00000175426,687,False,,,,,0.058783312742917614,False,False,False,,,,,False,False,False
ENSG00000112214,688,False,,,,,0.05871828779667811,False,False,False,,,,,False,False,False
ENSG00000168329,689,False,,,,,0.05858828316332853,False,False,False,,,,,False,False,False
ENSG00000178363,690,False,,,,,0.05799332795348966,False,False,False,,,,,False,False,False
ENSG00000211787,691,False,,,,,0.05791938095486388,False,False,False,,,,,False,False,False
ENSG00000211799,692,False,,,,,0.05785300883675675,False,False,False,,,,,False,False,False
ENSG00000167476,693,False,,,,,0.05769145537364133,False,False,False,,,,,False,False,False
ENSG00000211651,694,False,,,,,0.0576723450284361,False,False,False,,,,,False,False,False
ENSG00000211632,695,False,,,,,0.05747099394340787,False,False,False,,,,,False,False,False
ENSG00000255717,696,False,,,,,0.05740091097986381,False,False,False,,,,,False,False,False
ENSG00000233306,697,False,,,,,0.057264290226591685,False,False,False,,,,,False,False,False
ENSG00000211721,698,False,,,,,0.057247927080823595,False,False,False,,,,,False,False,False
ENSG00000255733,699,False,,,,,0.05712745074622934,False,False,False,,,,,False,False,False
ENSG00000100033,700,False,,,,,0.05702092090222188,False,False,False,,,,,False,False,False
ENSG00000156689,701,False,,,,,0.056935632635298196,False,False,False,,,,,False,False,False
ENSG00000128242,702,False,,,,,0.05681141387703766,False,False,False,,,,,False,False,False
ENSG00000176153,703,False,,,,,0.05663324776360804,False,False,False,,,,,False,False,False
ENSG00000174353,704,False,,,,,0.056547337906864274,False,False,False,,,,,False,False,False
ENSG00000137745,705,False,,,,,0.05637783139069422,False,False,False,,,,,False,False,False
ENSG00000142748,706,False,,,,,0.056325650746415545,False,False,False,,,,,False,False,False
ENSG00000124203,707,False,,,,,0.05606361388188077,False,False,False,,,,,False,False,False
ENSG00000188508,708,False,,,,,0.05588540314094505,False,False,False,,,,,False,False,False
ENSG00000182183,709,False,,,,,0.05567429928032607,False,False,False,,,,,False,False,False
ENSG00000211789,710,False,,,,,0.05553149876915431,False,False,False,,,,,False,False,False
ENSG00000231475,711,False,,,,,0.05551480704531973,False,False,False,,,,,False,False,False
ENSG00000183019,712,False,,,,,0.05489967008954623,False,False,False,,,,,False,False,False
ENSG00000167768,713,False,,,,,0.0548308255181855,False,False,False,,,,,False,False,False
ENSG00000160181,714,False,,,,,0.05474878044766951,False,False,False,,,,,False,False,False
ENSG00000163273,715,False,,,,,0.054458982593723906,False,False,False,,,,,False,False,False
ENSG00000211807,716,False,,,,,0.05443683507392398,False,False,False,,,,,False,False,False
ENSG00000197253,717,False,,,,,0.05400665094222157,False,False,False,,,,,False,False,False
ENSG00000211790,718,False,,,,,0.053993211144130616,False,False,False,,,,,False,False,False
ENSG00000196611,719,False,,,,,0.053526901461516466,False,False,False,,,,,False,False,False
ENSG00000249978,720,False,,,,,0.053251576841392985,False,False,False,,,,,False,False,False
ENSG00000223551,721,False,,,,,0.053155957263294855,False,False,False,,,,,False,False,False
ENSG00000161055,722,False,,,,,0.052895867134608025,False,False,False,,,,,False,False,False
ENSG00000226660,723,False,,,,,0.05269837005283682,False,False,False,,,,,False,False,False
ENSG00000187912,724,False,,,,,0.052558013426565076,False,False,False,,,,,False,False,False
ENSG00000134873,725,False,,,,,0.051394706916030916,False,False,False,,,,,False,False,False
ENSG00000206172,726,False,,,,,0.05127693878906559,False,False,False,,,,,False,False,False
ENSG00000137077,727,False,,,,,0.0510753180420337,False,False,False,,,,,False,False,False
ENSG00000108688,728,False,,,,,0.051001095550551205,False,False,False,,,,,False,False,False
ENSG00000105141,729,False,,,,,0.05097365619944485,False,False,False,,,,,False,False,False
ENSG00000164400,730,False,,,,,0.0509219080273024,False,False,False,,,,,False,False,False
ENSG00000124875,731,False,,,,,0.05087071412115203,False,False,False,,,,,False,False,False
ENSG00000156076,732,False,,,,,0.05065685820079106,False,False,False,,,,,False,False,False
ENSG00000165269,733,False,,,,,0.05064288315643644,False,False,False,,,,,False,False,False
ENSG00000117281,734,False,,,,,0.050411594486383375,False,False,False,,,,,False,False,False
ENSG00000211777,735,False,,,,,0.0503043513327698,False,False,False,,,,,False,False,False
ENSG00000010282,736,False,,,,,0.049926582411877855,False,False,False,,,,,False,False,False
ENSG00000163751,737,False,,,,,0.04984585758418016,False,False,False,,,,,False,False,False
ENSG00000185559,738,False,,,,,0.04976822244468008,False,False,False,,,,,False,False,False
ENSG00000211716,739,False,,,,,0.04932385728000132,False,False,False,,,,,False,False,False
ENSG00000164283,740,False,,,,,0.04932015497164161,False,False,False,,,,,False,False,False
ENSG00000170523,741,False,,,,,0.04905481252911648,False,False,False,,,,,False,False,False
ENSG00000163735,742,False,,,,,0.048488024129203035,False,False,False,,,,,False,False,False
ENSG00000229335,743,False,,,,,0.04828212722462049,False,False,False,,,,,False,False,False
ENSG00000162384,744,False,,,,,0.04827528897678674,False,False,False,,,,,False,False,False
ENSG00000268751,745,False,,,,,0.04822618646630398,False,False,False,,,,,False,False,False
ENSG00000115386,746,False,,,,,0.047932654366583734,False,False,False,,,,,False,False,False
ENSG00000213442,747,False,,,,,0.047901505869066455,False,False,False,,,,,False,False,False
ENSG00000148942,748,False,,,,,0.04775106537038126,False,False,False,,,,,False,False,False
ENSG00000251474,749,False,,,,,0.047300221673574484,False,False,False,,,,,False,False,False
ENSG00000170419,750,False,,,,,0.04725987560033338,False,False,False,,,,,False,False,False
ENSG00000278970,751,False,,,,,0.047167956303266007,False,False,False,,,,,False,False,False
ENSG00000226950,752,False,,,,,0.047079252206778104,False,False,False,,,,,False,False,False
ENSG00000204054,753,False,,,,,0.04664713187611053,False,False,False,,,,,False,False,False
ENSG00000134240,754,False,,,,,0.04653851175594982,False,False,False,,,,,False,False,False
ENSG00000229769,755,False,,,,,0.04640868343728161,False,False,False,,,,,False,False,False
ENSG00000165828,756,False,,,,,0.04630891032702816,False,False,False,,,,,False,False,False
ENSG00000149968,757,False,,,,,0.046268940501539596,False,False,False,,,,,False,False,False
ENSG00000232079,758,False,,,,,0.046258429827101336,False,False,False,,,,,False,False,False
ENSG00000012504,759,False,,,,,0.04620589692863627,False,False,False,,,,,False,False,False
ENSG00000154269,760,False,,,,,0.04591650598154884,False,False,False,,,,,False,False,False
ENSG00000117322,761,False,,,,,0.0458991088856212,False,False,False,,,,,False,False,False
ENSG00000214510,762,False,,,,,0.04583016728403008,False,False,False,,,,,False,False,False
ENSG00000211804,763,False,,,,,0.04571355869475133,False,False,False,,,,,False,False,False
ENSG00000107984,764,False,,,,,0.04566339957369174,False,False,False,,,,,False,False,False
ENSG00000211792,765,False,,,,,0.045642132776260606,False,False,False,,,,,False,False,False
ENSG00000157150,766,False,,,,,0.04561636974214289,False,False,False,,,,,False,False,False
ENSG00000237702,767,False,,,,,0.04550060654582669,False,False,False,,,,,False,False,False
ENSG00000189001,768,False,,,,,0.04547142965459008,False,False,False,,,,,False,False,False
ENSG00000211791,769,False,,,,,0.04506054813017724,False,False,False,,,,,False,False,False
ENSG00000124939,770,False,,,,,0.04485850908213775,False,False,False,,,,,False,False,False
ENSG00000104760,771,False,,,,,0.04444045429789761,False,False,False,,,,,False,False,False
ENSG00000167754,772,False,,,,,0.044101169314702836,False,False,False,,,,,False,False,False
ENSG00000101425,773,False,,,,,0.04409775209983394,False,False,False,,,,,False,False,False
ENSG00000211817,774,False,,,,,0.04391334109565148,False,False,False,,,,,False,False,False
ENSG00000154165,775,False,,,,,0.04325518874466737,False,False,False,,,,,False,False,False
ENSG00000211625,776,False,,,,,0.04324422451400447,False,False,False,,,,,False,False,False
ENSG00000129988,777,False,,,,,0.043120090078100956,False,False,False,,,,,False,False,False
ENSG00000211795,778,False,,,,,0.0429495261234133,False,False,False,,,,,False,False,False
ENSG00000145192,779,False,,,,,0.04289449498948174,False,False,False,,,,,False,False,False
ENSG00000183395,780,False,,,,,0.04268304512851959,False,False,False,,,,,False,False,False
ENSG00000228278,781,False,,,,,0.0426788058481761,False,False,False,,,,,False,False,False
ENSG00000118137,782,False,,,,,0.042597535386551456,False,False,False,,,,,False,False,False
ENSG00000182885,783,False,,,,,0.04255221371965749,False,False,False,,,,,False,False,False
ENSG00000277072,784,False,,,,,0.042175633289469,False,False,False,,,,,False,False,False
ENSG00000256553,785,False,,,,,0.042141289716309004,False,False,False,,,,,False,False,False
ENSG00000148702,786,False,,,,,0.04206768699539079,False,False,False,,,,,False,False,False
ENSG00000134760,787,False,,,,,0.0418460469894295,False,False,False,,,,,False,False,False
ENSG00000211950,788,False,,,,,0.0418375925916533,False,False,False,,,,,False,False,False
ENSG00000211778,789,False,,,,,0.04178879093937889,False,False,False,,,,,False,False,False
ENSG00000173209,790,False,,,,,0.04178259603187717,False,False,False,,,,,False,False,False
ENSG00000121807,791,False,,,,,0.041720656954171945,False,False,False,,,,,False,False,False
ENSG00000231799,792,False,,,,,0.04165603532205458,False,False,False,,,,,False,False,False
ENSG00000211706,793,False,,,,,0.04145106397297651,False,False,False,,,,,False,False,False
ENSG00000147647,794,False,,,,,0.04124842053977668,False,False,False,,,,,False,False,False
ENSG00000211745,795,False,,,,,0.041220706630353286,False,False,False,,,,,False,False,False
ENSG00000236481,796,False,,,,,0.04118219387101202,False,False,False,,,,,False,False,False
ENSG00000257267,797,False,,,,,0.041174749681824885,False,False,False,,,,,False,False,False
ENSG00000183542,798,False,,,,,0.041109969797585404,False,False,False,,,,,False,False,False
ENSG00000129151,799,False,,,,,0.04064212511211183,False,False,False,,,,,False,False,False
ENSG00000211796,800,False,,,,,0.04033216074903916,False,False,False,,,,,False,False,False
ENSG00000257017,801,False,,,,,0.0402822448106151,False,False,False,,,,,False,False,False
ENSG00000091583,802,False,,,,,0.04021368092121368,False,False,False,,,,,False,False,False
ENSG00000254838,803,False,,,,,0.040122930082753375,False,False,False,,,,,False,False,False
ENSG00000211801,804,False,,,,,0.039912238792951915,False,False,False,,,,,False,False,False
ENSG00000226752,805,False,,,,,0.03975845788217808,False,False,False,,,,,False,False,False
ENSG00000211698,806,False,,,,,0.03970774705159664,False,False,False,,,,,False,False,False
ENSG00000129455,807,False,,,,,0.03904403247781743,False,False,False,,,,,False,False,False
ENSG00000210077,808,False,,,,,0.03866861250096194,False,False,False,,,,,False,False,False
ENSG00000149534,809,False,,,,,0.038654310715075135,False,False,False,,,,,False,False,False
ENSG00000151365,810,False,,,,,0.038615513060051815,False,False,False,,,,,False,False,False
ENSG00000211670,811,False,,,,,0.03841134020371587,False,False,False,,,,,False,False,False
ENSG00000233639,812,False,,,,,0.03833422509765545,False,False,False,,,,,False,False,False
ENSG00000178828,813,False,,,,,0.0382989706162775,False,False,False,,,,,False,False,False
ENSG00000248124,814,False,,,,,0.037887536426461976,False,False,False,,,,,False,False,False
ENSG00000137440,815,False,,,,,0.03788160471965277,False,False,False,,,,,False,False,False
ENSG00000182487,816,False,,,,,0.03779607415782378,False,False,False,,,,,False,False,False
ENSG00000211727,817,False,,,,,0.037735847599048224,False,False,False,,,,,False,False,False
ENSG00000170454,818,False,,,,,0.03771815684531712,False,False,False,,,,,False,False,False
ENSG00000100604,819,False,,,,,0.037625002263097736,False,False,False,,,,,False,False,False
ENSG00000224078,820,False,,,,,0.03757955477748854,False,False,False,,,,,False,False,False
ENSG00000211952,821,False,,,,,0.03741207829312472,False,False,False,,,,,False,False,False
ENSG00000171759,822,False,,,,,0.03714818033352705,False,False,False,,,,,False,False,False
ENSG00000145850,823,False,,,,,0.0368183887031772,False,False,False,,,,,False,False,False
ENSG00000157306,824,False,,,,,0.03681781982178236,False,False,False,,,,,False,False,False
ENSG00000133636,825,False,,,,,0.03681210056255574,False,False,False,,,,,False,False,False
ENSG00000184697,826,False,,,,,0.03672701193503294,False,False,False,,,,,False,False,False
ENSG00000237254,827,False,,,,,0.036591966496453396,False,False,False,,,,,False,False,False
ENSG00000211710,828,False,,,,,0.03656932766854326,False,False,False,,,,,False,False,False
ENSG00000204936,829,False,,,,,0.03636193648435362,False,False,False,,,,,False,False,False
ENSG00000211652,830,False,,,,,0.03634785960053509,False,False,False,,,,,False,False,False
ENSG00000163106,831,False,,,,,0.03633934671686279,False,False,False,,,,,False,False,False
ENSG00000112299,832,False,,,,,0.036072168841858376,False,False,False,,,,,False,False,False
ENSG00000134827,833,False,,,,,0.035663828631075443,False,False,False,,,,,False,False,False
ENSG00000167755,834,False,,,,,0.03536111674426711,False,False,False,,,,,False,False,False
ENSG00000197520,835,False,,,,,0.035331618715956595,False,False,False,,,,,False,False,False
ENSG00000130287,836,False,,,,,0.035257142258338384,False,False,False,,,,,False,False,False
ENSG00000211785,837,False,,,,,0.03510004439445312,False,False,False,,,,,False,False,False
ENSG00000161798,838,False,,,,,0.03490489031465768,False,False,False,,,,,False,False,False
ENSG00000151632,839,False,,,,,0.03484549883130709,False,False,False,,,,,False,False,False
ENSG00000211696,840,False,,,,,0.03469930495604279,False,False,False,,,,,False,False,False
ENSG00000211776,841,False,,,,,0.03456688623883766,False,False,False,,,,,False,False,False
ENSG00000211794,842,False,,,,,0.034256111550137185,False,False,False,,,,,False,False,False
ENSG00000211649,843,False,,,,,0.034248663660031736,False,False,False,,,,,False,False,False
ENSG00000167094,844,False,,,,,0.03391459677360913,False,False,False,,,,,False,False,False
ENSG00000086696,845,False,,,,,0.03382439913524865,False,False,False,,,,,False,False,False
ENSG00000158488,846,False,,,,,0.03375530085780064,False,False,False,,,,,False,False,False
ENSG00000102970,847,False,,,,,0.03374065705224649,False,False,False,,,,,False,False,False
ENSG00000179088,848,False,,,,,0.033732602200367105,False,False,False,,,,,False,False,False
ENSG00000138684,849,False,,,,,0.033198635204095786,False,False,False,,,,,False,False,False
ENSG00000274752,850,False,,,,,0.03299229229175841,False,False,False,,,,,False,False,False
ENSG00000100170,851,False,,,,,0.03290876438166537,False,False,False,,,,,False,False,False
ENSG00000211803,852,False,,,,,0.032870984393022634,False,False,False,,,,,False,False,False
ENSG00000233355,853,False,,,,,0.03283409373295635,False,False,False,,,,,False,False,False
ENSG00000188505,854,False,,,,,0.032766648901849514,False,False,False,,,,,False,False,False
ENSG00000230099,855,False,,,,,0.03247973600600366,False,False,False,,,,,False,False,False
ENSG00000241657,856,False,,,,,0.03230339829465071,False,False,False,,,,,False,False,False
ENSG00000130173,857,False,,,,,0.03217698009328318,False,False,False,,,,,False,False,False
ENSG00000211724,858,False,,,,,0.03214059233338752,False,False,False,,,,,False,False,False
ENSG00000276566,859,False,,,,,0.03206816016771514,False,False,False,,,,,False,False,False
ENSG00000235954,860,False,,,,,0.03206594029537255,False,False,False,,,,,False,False,False
ENSG00000156222,861,False,,,,,0.031560358060072576,False,False,False,,,,,False,False,False
ENSG00000123838,862,False,,,,,0.0314001931345716,False,False,False,,,,,False,False,False
ENSG00000112115,863,False,,,,,0.03134505275985145,False,False,False,,,,,False,False,False
ENSG00000104918,864,False,,,,,0.031219230308632266,False,False,False,,,,,False,False,False
ENSG00000165646,865,False,,,,,0.030956771826614667,False,False,False,,,,,False,False,False
ENSG00000283683,866,False,,,,,0.030921448605658982,False,False,False,,,,,False,False,False
ENSG00000235532,867,False,,,,,0.03077463846136411,False,False,False,,,,,False,False,False
ENSG00000271856,868,False,,,,,0.030735321362359236,False,False,False,,,,,False,False,False
ENSG00000211812,869,False,,,,,0.030663136125157857,False,False,False,,,,,False,False,False
ENSG00000096006,870,False,,,,,0.030630978771085924,False,False,False,,,,,False,False,False
ENSG00000140873,871,False,,,,,0.030551177126872636,False,False,False,,,,,False,False,False
ENSG00000146678,872,False,,,,,0.03052538988489627,False,False,False,,,,,False,False,False
ENSG00000264745,873,False,,,,,0.03043393304679309,False,False,False,,,,,False,False,False
ENSG00000236058,874,False,,,,,0.030120559074572534,False,False,False,,,,,False,False,False
ENSG00000248144,875,False,,,,,0.03006063646625119,False,False,False,,,,,False,False,False
ENSG00000131797,876,False,,,,,0.029975765715046905,False,False,False,,,,,False,False,False
ENSG00000283063,877,False,,,,,0.029955097564038614,False,False,False,,,,,False,False,False
ENSG00000211946,878,False,,,,,0.029953601778195768,False,False,False,,,,,False,False,False
ENSG00000112309,879,False,,,,,0.029769078252346586,False,False,False,,,,,False,False,False
ENSG00000112232,880,False,,,,,0.029760492531241137,False,False,False,,,,,False,False,False
ENSG00000211714,881,False,,,,,0.029736080206343496,False,False,False,,,,,False,False,False
ENSG00000180210,882,False,,,,,0.029596759767966864,False,False,False,,,,,False,False,False
ENSG00000233006,883,False,,,,,0.029333709665961542,False,False,False,,,,,False,False,False
ENSG00000169031,884,False,,,,,0.02927545316496222,False,False,False,,,,,False,False,False
ENSG00000157765,885,False,,,,,0.029229177613015328,False,False,False,,,,,False,False,False
ENSG00000224041,886,False,,,,,0.02907553574185864,False,False,False,,,,,False,False,False
ENSG00000133063,887,False,,,,,0.02885885519276868,False,False,False,,,,,False,False,False
ENSG00000169612,888,False,,,,,0.028697990156445592,False,False,False,,,,,False,False,False
ENSG00000185433,889,False,,,,,0.0286752090940759,False,False,False,,,,,False,False,False
ENSG00000124602,890,False,,,,,0.02862347547110914,False,False,False,,,,,False,False,False
ENSG00000122585,891,False,,,,,0.028582605613928957,False,False,False,,,,,False,False,False
ENSG00000258512,892,False,,,,,0.02857386221591205,False,False,False,,,,,False,False,False
ENSG00000109471,893,False,,,,,0.028490240856146033,False,False,False,,,,,False,False,False
ENSG00000211809,894,False,,,,,0.028431504434614428,False,False,False,,,,,False,False,False
ENSG00000170373,895,False,,,,,0.028315271738531267,False,False,False,,,,,False,False,False
ENSG00000242534,896,False,,,,,0.028229635139650586,False,False,False,,,,,False,False,False
ENSG00000140287,897,False,,,,,0.027988543759972413,False,False,False,,,,,False,False,False
ENSG00000009694,898,False,,,,,0.027987127756140387,False,False,False,,,,,False,False,False
ENSG00000235174,899,False,,,,,0.027954177104516326,False,False,False,,,,,False,False,False
ENSG00000006611,900,False,,,,,0.027884986024426038,False,False,False,,,,,False,False,False
ENSG00000248275,901,False,,,,,0.027863457319150655,False,False,False,,,,,False,False,False
ENSG00000276953,902,False,,,,,0.027760539005998338,False,False,False,,,,,False,False,False
ENSG00000249096,903,False,,,,,0.02771530995058532,False,False,False,,,,,False,False,False
ENSG00000211728,904,False,,,,,0.02769599603343991,False,False,False,,,,,False,False,False
ENSG00000133800,905,False,,,,,0.027640034037553024,False,False,False,,,,,False,False,False
ENSG00000215030,906,False,,,,,0.027584684451822737,False,False,False,,,,,False,False,False
ENSG00000229453,907,False,,,,,0.02757835086372111,False,False,False,,,,,False,False,False
ENSG00000124102,908,False,,,,,0.027572668390216264,False,False,False,,,,,False,False,False
ENSG00000260876,909,False,,,,,0.02749278679114429,False,False,False,,,,,False,False,False
ENSG00000211784,910,False,,,,,0.027373523350539983,False,False,False,,,,,False,False,False
ENSG00000211821,911,False,,,,,0.027282535240603246,False,False,False,,,,,False,False,False
ENSG00000211800,912,False,,,,,0.027272001688761892,False,False,False,,,,,False,False,False
ENSG00000211780,913,False,,,,,0.027046193702407576,False,False,False,,,,,False,False,False
ENSG00000095917,914,False,,,,,0.026423542078816253,False,False,False,,,,,False,False,False
ENSG00000163946,915,False,,,,,0.02621448911822608,False,False,False,,,,,False,False,False
ENSG00000113889,916,False,,,,,0.026023659034489142,False,False,False,,,,,False,False,False
ENSG00000153822,917,False,,,,,0.025895923129832004,False,False,False,,,,,False,False,False
ENSG00000181374,918,False,,,,,0.025729171052989636,False,False,False,,,,,False,False,False
ENSG00000241244,919,False,,,,,0.025543492456322384,False,False,False,,,,,False,False,False
ENSG00000179818,920,False,,,,,0.025519904981411417,False,False,False,,,,,False,False,False
ENSG00000244067,921,False,,,,,0.025511781488361425,False,False,False,,,,,False,False,False
ENSG00000141744,922,False,,,,,0.024952421238654005,False,False,False,,,,,False,False,False
ENSG00000172156,923,False,,,,,0.02494679757036951,False,False,False,,,,,False,False,False
ENSG00000211650,924,False,,,,,0.02490544908291088,False,False,False,,,,,False,False,False
ENSG00000007314,925,False,,,,,0.024889276890913734,False,False,False,,,,,False,False,False
ENSG00000262406,926,False,,,,,0.024879451502056955,False,False,False,,,,,False,False,False
ENSG00000169469,927,False,,,,,0.024690780049156397,False,False,False,,,,,False,False,False
ENSG00000237943,928,False,,,,,0.02465142869102442,False,False,False,,,,,False,False,False
ENSG00000080618,929,False,,,,,0.024556497026141377,False,False,False,,,,,False,False,False
ENSG00000215908,930,False,,,,,0.02451774644122936,False,False,False,,,,,False,False,False
ENSG00000231663,931,False,,,,,0.02435859168650316,False,False,False,,,,,False,False,False
ENSG00000160226,932,False,,,,,0.02419355301429262,False,False,False,,,,,False,False,False
ENSG00000187957,933,False,,,,,0.02414813575684242,False,False,False,,,,,False,False,False
ENSG00000224598,934,False,,,,,0.024100071933261264,False,False,False,,,,,False,False,False
ENSG00000135220,935,False,,,,,0.024073519388547425,False,False,False,,,,,False,False,False
ENSG00000230629,936,False,,,,,0.02399521363464807,False,False,False,,,,,False,False,False
ENSG00000233593,937,False,,,,,0.023988688516517722,False,False,False,,,,,False,False,False
ENSG00000211669,938,False,,,,,0.02389137132588119,False,False,False,,,,,False,False,False
ENSG00000160282,939,False,,,,,0.023877429627211712,False,False,False,,,,,False,False,False
ENSG00000242766,940,False,,,,,0.023832232750554985,False,False,False,,,,,False,False,False
ENSG00000177504,941,False,,,,,0.023828550100635608,False,False,False,,,,,False,False,False
ENSG00000169660,942,False,,,,,0.023759522539659548,False,False,False,,,,,False,False,False
ENSG00000226608,943,False,,,,,0.023749200629954267,False,False,False,,,,,False,False,False
ENSG00000128040,944,False,,,,,0.02357653247888351,False,False,False,,,,,False,False,False
ENSG00000230734,945,False,,,,,0.02339116513892112,False,False,False,,,,,False,False,False
ENSG00000147485,946,False,,,,,0.023372413459831435,False,False,False,,,,,False,False,False
ENSG00000114771,947,False,,,,,0.02332004724185602,False,False,False,,,,,False,False,False
ENSG00000165178,948,False,,,,,0.023292707211460015,False,False,False,,,,,False,False,False
ENSG00000172482,949,False,,,,,0.023284167762862264,False,False,False,,,,,False,False,False
ENSG00000103245,950,False,,,,,0.023183079808856605,False,False,False,,,,,False,False,False
ENSG00000166126,951,False,,,,,0.023123463219216694,False,False,False,,,,,False,False,False
ENSG00000105509,952,False,,,,,0.02302043548004106,False,False,False,,,,,False,False,False
ENSG00000211802,953,False,,,,,0.022938022687511547,False,False,False,,,,,False,False,False
ENSG00000241158,954,False,,,,,0.022865353803120634,False,False,False,,,,,False,False,False
ENSG00000136688,955,False,,,,,0.02280870297351242,False,False,False,,,,,False,False,False
ENSG00000115602,956,False,,,,,0.022671498451912114,False,False,False,,,,,False,False,False
ENSG00000138434,957,False,,,,,0.02267028907676643,False,False,False,,,,,False,False,False
ENSG00000267206,958,False,,,,,0.022623790832634126,False,False,False,,,,,False,False,False
ENSG00000275791,959,False,,,,,0.022406058168677728,False,False,False,,,,,False,False,False
ENSG00000163581,960,False,,,,,0.02234149445773876,False,False,False,,,,,False,False,False
ENSG00000144908,961,False,,,,,0.022283847743546307,False,False,False,,,,,False,False,False
ENSG00000211779,962,False,,,,,0.02226920986462467,False,False,False,,,,,False,False,False
ENSG00000196204,963,False,,,,,0.022263389669681232,False,False,False,,,,,False,False,False
ENSG00000251301,964,False,,,,,0.022256629485434228,False,False,False,,,,,False,False,False
ENSG00000125375,965,False,,,,,0.02225259665775423,False,False,False,,,,,False,False,False
ENSG00000146039,966,False,,,,,0.02218073100916077,False,False,False,,,,,False,False,False
ENSG00000211637,967,False,,,,,0.02216394641386127,False,False,False,,,,,False,False,False
ENSG00000211815,968,False,,,,,0.022159238424404485,False,False,False,,,,,False,False,False
ENSG00000211816,969,False,,,,,0.02211029236461607,False,False,False,,,,,False,False,False
ENSG00000214894,970,False,,,,,0.022109023526842728,False,False,False,,,,,False,False,False
ENSG00000117215,971,False,,,,,0.022034683990793575,False,False,False,,,,,False,False,False
ENSG00000145708,972,False,,,,,0.02200312334314925,False,False,False,,,,,False,False,False
ENSG00000232573,973,False,,,,,0.021820924369696786,False,False,False,,,,,False,False,False
ENSG00000166589,974,False,,,,,0.021714506308295488,False,False,False,,,,,False,False,False
ENSG00000211820,975,False,,,,,0.021700229673413708,False,False,False,,,,,False,False,False
ENSG00000112499,976,False,,,,,0.02169451190693345,False,False,False,,,,,False,False,False
ENSG00000185038,977,False,,,,,0.021582974377434574,False,False,False,,,,,False,False,False
ENSG00000159753,978,False,,,,,0.021491776177372135,False,False,False,,,,,False,False,False
ENSG00000127074,979,False,,,,,0.021480047243750657,False,False,False,,,,,False,False,False
ENSG00000079689,980,False,,,,,0.021395682428687335,False,False,False,,,,,False,False,False
ENSG00000170927,981,False,,,,,0.0213343892073537,False,False,False,,,,,False,False,False
ENSG00000239975,982,False,,,,,0.021256559560970417,False,False,False,,,,,False,False,False
ENSG00000130037,983,False,,,,,0.02125327212370888,False,False,False,,,,,False,False,False
ENSG00000178928,984,False,,,,,0.021100212111698668,False,False,False,,,,,False,False,False
ENSG00000196260,985,False,,,,,0.02103978184869339,False,False,False,,,,,False,False,False
ENSG00000162267,986,False,,,,,0.02103601462884261,False,False,False,,,,,False,False,False
ENSG00000151655,987,False,,,,,0.021027372130559004,False,False,False,,,,,False,False,False
ENSG00000136872,988,False,,,,,0.02095025395189481,False,False,False,,,,,False,False,False
ENSG00000117601,989,False,,,,,0.020933170454411336,False,False,False,,,,,False,False,False
ENSG00000230223,990,False,,,,,0.0209109130480089,False,False,False,,,,,False,False,False
ENSG00000197641,991,False,,,,,0.020864449650031598,False,False,False,,,,,False,False,False
ENSG00000164512,992,False,,,,,0.02086103854323433,False,False,False,,,,,False,False,False
ENSG00000289746,993,False,,,,,0.0207408447937924,False,False,False,,,,,False,False,False
ENSG00000223705,994,False,,,,,0.020664501297071574,False,False,False,,,,,False,False,False
ENSG00000206073,995,False,,,,,0.02062595514483307,False,False,False,,,,,False,False,False
ENSG00000224870,996,False,,,,,0.020458407773764058,False,False,False,,,,,False,False,False
ENSG00000176076,997,False,,,,,0.020415978023495086,False,False,False,,,,,False,False,False
ENSG00000211814,998,False,,,,,0.020406349270111705,False,False,False,,,,,False,False,False
ENSG00000205038,999,False,,,,,0.020382529092288156,False,False,False,,,,,False,False,False
ENSG00000081800,1000,False,,,,,0.02034272992895649,False,False,False,,,,,False,False,False
ENSG00000248810,1001,False,,,,,0.020282036634510833,False,False,False,,,,,False,False,False
ENSG00000278857,1002,False,,,,,0.020163808789421315,False,False,False,,,,,False,False,False
ENSG00000198643,1003,False,,,,,0.020127084164508365,False,False,False,,,,,False,False,False
ENSG00000108021,1004,False,,,,,0.01993307523328024,False,False,False,,,,,False,False,False
ENSG00000186529,1005,False,,,,,0.019807375393758386,False,False,False,,,,,False,False,False
ENSG00000087250,1006,False,,,,,0.01976685906752759,False,False,False,,,,,False,False,False
ENSG00000175084,1007,False,,,,,0.019640797815208496,False,False,False,,,,,False,False,False
ENSG00000049247,1008,False,,,,,0.019542250560489846,False,False,False,,,,,False,False,False
ENSG00000142197,1009,False,,,,,0.019472972485629483,False,False,False,,,,,False,False,False
ENSG00000153253,1010,False,,,,,0.019441869896346595,False,False,False,,,,,False,False,False
ENSG00000239453,1011,False,,,,,0.01937905001594065,False,False,False,,,,,False,False,False
ENSG00000099725,1012,False,,,,,0.0193307243600728,False,False,False,,,,,False,False,False
ENSG00000189350,1013,False,,,,,0.019192623168040764,False,False,False,,,,,False,False,False
ENSG00000276405,1014,False,,,,,0.01913918706454081,False,False,False,,,,,False,False,False
ENSG00000141052,1015,False,,,,,0.01900938443108855,False,False,False,,,,,False,False,False
ENSG00000285972,1016,False,,,,,0.01900426721760568,False,False,False,,,,,False,False,False
ENSG00000099822,1017,False,,,,,0.01899900251588359,False,False,False,,,,,False,False,False
ENSG00000116690,1018,False,,,,,0.018980496047447087,False,False,False,,,,,False,False,False
ENSG00000245849,1019,False,,,,,0.018971656702067678,False,False,False,,,,,False,False,False
ENSG00000095932,1020,False,,,,,0.018958581636760365,False,False,False,,,,,False,False,False
ENSG00000083782,1021,False,,,,,0.018877468463550005,False,False,False,,,,,False,False,False
ENSG00000112116,1022,False,,,,,0.018862671727264715,False,False,False,,,,,False,False,False
ENSG00000133067,1023,False,,,,,0.018847447240583196,False,False,False,,,,,False,False,False
ENSG00000241549,1024,False,,,,,0.01884341027396725,False,False,False,,,,,False,False,False
ENSG00000182841,1025,False,,,,,0.01879460651027751,False,False,False,,,,,False,False,False
ENSG00000149531,1026,False,,,,,0.018793509276916896,False,False,False,,,,,False,False,False
ENSG00000166396,1027,False,,,,,0.018687346092856744,False,False,False,,,,,False,False,False
ENSG00000244627,1028,False,,,,,0.018587541988503438,False,False,False,,,,,False,False,False
ENSG00000106133,1029,False,,,,,0.01857966540190171,False,False,False,,,,,False,False,False
ENSG00000196668,1030,False,,,,,0.018533967622617085,False,False,False,,,,,False,False,False
ENSG00000211818,1031,False,,,,,0.018521818523128092,False,False,False,,,,,False,False,False
ENSG00000211942,1032,False,,,,,0.018310079700812217,False,False,False,,,,,False,False,False
ENSG00000211661,1033,False,,,,,0.018256508722078547,False,False,False,,,,,False,False,False
ENSG00000180745,1034,False,,,,,0.01820120813269224,False,False,False,,,,,False,False,False
ENSG00000006128,1035,False,,,,,0.01810257358385972,False,False,False,,,,,False,False,False
ENSG00000131910,1036,False,,,,,0.01797090597702875,False,False,False,,,,,False,False,False
ENSG00000211782,1037,False,,,,,0.017919720131107854,False,False,False,,,,,False,False,False
ENSG00000169550,1038,False,,,,,0.01788855426749665,False,False,False,,,,,False,False,False
ENSG00000100253,1039,False,,,,,0.017850026580584218,False,False,False,,,,,False,False,False
ENSG00000167588,1040,False,,,,,0.017753809125607527,False,False,False,,,,,False,False,False
ENSG00000100095,1041,False,,,,,0.017683748791863792,False,False,False,,,,,False,False,False
ENSG00000253409,1042,False,,,,,0.01744793437285594,False,False,False,,,,,False,False,False
ENSG00000109205,1043,False,,,,,0.017377140740402343,False,False,False,,,,,False,False,False
ENSG00000189223,1044,False,,,,,0.017205621089213433,False,False,False,,,,,False,False,False
ENSG00000253291,1045,False,,,,,0.017158868182071747,False,False,False,,,,,False,False,False
ENSG00000197880,1046,False,,,,,0.01714182601290123,False,False,False,,,,,False,False,False
ENSG00000019186,1047,False,,,,,0.017130400707945304,False,False,False,,,,,False,False,False
ENSG00000199990,1048,False,,,,,0.01706238830952287,False,False,False,,,,,False,False,False
ENSG00000131002,1049,False,,,,,0.016973462101579913,False,False,False,,,,,False,False,False
ENSG00000234912,1050,False,,,,,0.016956901327536366,False,False,False,,,,,False,False,False
ENSG00000241566,1051,False,,,,,0.016946924812001562,False,False,False,,,,,False,False,False
ENSG00000171209,1052,False,,,,,0.01694555182361491,False,False,False,,,,,False,False,False
ENSG00000237264,1053,False,,,,,0.016914147233745007,False,False,False,,,,,False,False,False
ENSG00000101076,1054,False,,,,,0.01684958094170578,False,False,False,,,,,False,False,False
ENSG00000103472,1055,False,,,,,0.01681921986388973,False,False,False,,,,,False,False,False
ENSG00000158477,1056,False,,,,,0.016755313437789736,False,False,False,,,,,False,False,False
ENSG00000112195,1057,False,,,,,0.01674165732536363,False,False,False,,,,,False,False,False
ENSG00000257924,1058,False,,,,,0.016603826552753925,False,False,False,,,,,False,False,False
ENSG00000196188,1059,False,,,,,0.01656381692535539,False,False,False,,,,,False,False,False
ENSG00000223784,1060,False,,,,,0.016561539656693318,False,False,False,,,,,False,False,False
ENSG00000248485,1061,False,,,,,0.01647754015428155,False,False,False,,,,,False,False,False
ENSG00000285219,1062,False,,,,,0.01642277343303763,False,False,False,,,,,False,False,False
ENSG00000231312,1063,False,,,,,0.016288123561642075,False,False,False,,,,,False,False,False
ENSG00000211638,1064,False,,,,,0.01614805038504774,False,False,False,,,,,False,False,False
ENSG00000255760,1065,False,,,,,0.01614581988190456,False,False,False,,,,,False,False,False
ENSG00000241431,1066,False,,,,,0.016127371330261746,False,False,False,,,,,False,False,False
ENSG00000269834,1067,False,,,,,0.01612239239929036,False,False,False,,,,,False,False,False
ENSG00000143429,1068,False,,,,,0.0159138453810165,False,False,False,,,,,False,False,False
ENSG00000209082,1069,False,,,,,0.015875442377681515,False,False,False,,,,,False,False,False
ENSG00000258733,1070,False,,,,,0.015825132811636708,False,False,False,,,,,False,False,False
ENSG00000281162,1071,False,,,,,0.015814282496263904,False,False,False,,,,,False,False,False
ENSG00000197992,1072,False,,,,,0.015772417406425158,False,False,False,,,,,False,False,False
ENSG00000213937,1073,False,,,,,0.015762832262127203,False,False,False,,,,,False,False,False
ENSG00000183036,1074,False,,,,,0.015603500284693962,False,False,False,,,,,False,False,False
ENSG00000236790,1075,False,,,,,0.015500258315599678,False,False,False,,,,,False,False,False
ENSG00000142484,1076,False,,,,,0.015484895750596805,False,False,False,,,,,False,False,False
ENSG00000125813,1077,False,,,,,0.015406145251851447,False,False,False,,,,,False,False,False
ENSG00000115155,1078,False,,,,,0.015395037259436044,False,False,False,,,,,False,False,False
ENSG00000255569,1079,False,,,,,0.015361617224187447,False,False,False,,,,,False,False,False
ENSG00000219665,1080,False,,,,,0.015278780098207474,False,False,False,,,,,False,False,False
ENSG00000163586,1081,False,,,,,0.015223477257742191,False,False,False,,,,,False,False,False
ENSG00000277586,1082,False,,,,,0.015168058122989088,False,False,False,,,,,False,False,False
ENSG00000230257,1083,False,,,,,0.015150784486158435,False,False,False,,,,,False,False,False
ENSG00000174358,1084,False,,,,,0.015079637242397524,False,False,False,,,,,False,False,False
ENSG00000213261,1085,False,,,,,0.015073125996836226,False,False,False,,,,,False,False,False
ENSG00000228224,1086,False,,,,,0.015070741924974788,False,False,False,,,,,False,False,False
ENSG00000274925,1087,False,,,,,0.015045658364282304,False,False,False,,,,,False,False,False
ENSG00000211664,1088,False,,,,,0.015013275118830882,False,False,False,,,,,False,False,False
ENSG00000211806,1089,False,,,,,0.014825978294601336,False,False,False,,,,,False,False,False
ENSG00000229605,1090,False,,,,,0.014690128360357787,False,False,False,,,,,False,False,False
ENSG00000236737,1091,False,,,,,0.014677301418420436,False,False,False,,,,,False,False,False
ENSG00000211685,1092,False,,,,,0.014609773845265525,False,False,False,,,,,False,False,False
ENSG00000163216,1093,False,,,,,0.014586531335091569,False,False,False,,,,,False,False,False
ENSG00000258616,1094,False,,,,,0.014560244654493442,False,False,False,,,,,False,False,False
ENSG00000134444,1095,False,,,,,0.014548519040650364,False,False,False,,,,,False,False,False
ENSG00000274012,1096,False,,,,,0.014502225757475918,False,False,False,,,,,False,False,False
ENSG00000229108,1097,False,,,,,0.01427468857733202,False,False,False,,,,,False,False,False
ENSG00000104435,1098,False,,,,,0.014260608242881287,False,False,False,,,,,False,False,False
ENSG00000137970,1099,False,,,,,0.014258330724532005,False,False,False,,,,,False,False,False
ENSG00000149716,1100,False,,,,,0.014251500318552074,False,False,False,,,,,False,False,False
ENSG00000184330,1101,False,,,,,0.01410966243168548,False,False,False,,,,,False,False,False
ENSG00000113905,1102,False,,,,,0.014022672877215828,False,False,False,,,,,False,False,False
ENSG00000239732,1103,False,,,,,0.013954313110793029,False,False,False,,,,,False,False,False
ENSG00000235437,1104,False,,,,,0.013935351996962702,False,False,False,,,,,False,False,False
ENSG00000197406,1105,False,,,,,0.013906453627423567,False,False,False,,,,,False,False,False
ENSG00000257838,1106,False,,,,,0.0138849922692459,False,False,False,,,,,False,False,False
ENSG00000176092,1107,False,,,,,0.013875404015805764,False,False,False,,,,,False,False,False
ENSG00000172568,1108,False,,,,,0.01382336610669704,False,False,False,,,,,False,False,False
ENSG00000010438,1109,False,,,,,0.01376562916469904,False,False,False,,,,,False,False,False
ENSG00000000005,1110,False,,,,,0.013763035371162236,False,False,False,,,,,False,False,False
ENSG00000228903,1111,False,,,,,0.013712460881472443,False,False,False,,,,,False,False,False
ENSG00000223959,1112,False,,,,,0.01370943203428136,False,False,False,,,,,False,False,False
ENSG00000101280,1113,False,,,,,0.01370115003040388,False,False,False,,,,,False,False,False
ENSG00000196588,1114,False,,,,,0.013686759713408724,False,False,False,,,,,False,False,False
ENSG00000188100,1115,False,,,,,0.013675206927916187,False,False,False,,,,,False,False,False
ENSG00000105492,1116,False,,,,,0.013665693484437353,False,False,False,,,,,False,False,False
ENSG00000186162,1117,False,,,,,0.013652979270944611,False,False,False,,,,,False,False,False
ENSG00000285967,1118,False,,,,,0.013575963414738082,False,False,False,,,,,False,False,False
ENSG00000213373,1119,False,,,,,0.013572207865704292,False,False,False,,,,,False,False,False
ENSG00000139537,1120,False,,,,,0.013570398408947987,False,False,False,,,,,False,False,False
ENSG00000240429,1121,False,,,,,0.013563910689199828,False,False,False,,,,,False,False,False
ENSG00000213759,1122,False,,,,,0.013547385376795689,False,False,False,,,,,False,False,False
ENSG00000225756,1123,False,,,,,0.013540612461176387,False,False,False,,,,,False,False,False
ENSG00000002726,1124,False,,,,,0.013516146642421784,False,False,False,,,,,False,False,False
ENSG00000250620,1125,False,,,,,0.013456799599807421,False,False,False,,,,,False,False,False
ENSG00000168405,1126,False,,,,,0.013400623977816687,False,False,False,,,,,False,False,False
ENSG00000150244,1127,False,,,,,0.013396804760232814,False,False,False,,,,,False,False,False
ENSG00000232613,1128,False,,,,,0.013355874481453993,False,False,False,,,,,False,False,False
ENSG00000057149,1129,False,,,,,0.013355007363424846,False,False,False,,,,,False,False,False
ENSG00000257122,1130,False,,,,,0.013348371939579542,False,False,False,,,,,False,False,False
ENSG00000259225,1131,False,,,,,0.01332277677657737,False,False,False,,,,,False,False,False
ENSG00000133624,1132,False,,,,,0.013272609889290138,False,False,False,,,,,False,False,False
ENSG00000169894,1133,False,,,,,0.013237564472912211,False,False,False,,,,,False,False,False
ENSG00000070019,1134,False,,,,,0.013125485969149135,False,False,False,,,,,False,False,False
ENSG00000234068,1135,False,,,,,0.01310591646245863,False,False,False,,,,,False,False,False
ENSG00000116176,1136,False,,,,,0.013024312320982417,False,False,False,,,,,False,False,False
ENSG00000167531,1137,False,,,,,0.012929845687266666,False,False,False,,,,,False,False,False
ENSG00000270505,1138,False,,,,,0.01290845013960228,False,False,False,,,,,False,False,False
ENSG00000188293,1139,False,,,,,0.01289683614347638,False,False,False,,,,,False,False,False
ENSG00000204019,1140,False,,,,,0.01283565707010954,False,False,False,,,,,False,False,False
ENSG00000241295,1141,False,,,,,0.012788213176672001,False,False,False,,,,,False,False,False
ENSG00000132855,1142,False,,,,,0.012746613084572355,False,False,False,,,,,False,False,False
ENSG00000163421,1143,False,,,,,0.012556430590958373,False,False,False,,,,,False,False,False
ENSG00000234585,1144,False,,,,,0.012546338450311334,False,False,False,,,,,False,False,False
ENSG00000124780,1145,False,,,,,0.012469314649764758,False,False,False,,,,,False,False,False
ENSG00000228451,1146,False,,,,,0.012465080470262263,False,False,False,,,,,False,False,False
ENSG00000125337,1147,False,,,,,0.012451155898079463,False,False,False,,,,,False,False,False
ENSG00000140950,1148,False,,,,,0.012443383477310603,False,False,False,,,,,False,False,False
ENSG00000267757,1149,False,,,,,0.012425940649457238,False,False,False,,,,,False,False,False
ENSG00000163499,1150,False,,,,,0.012415424958822568,False,False,False,,,,,False,False,False
ENSG00000185485,1151,False,,,,,0.012399250452347738,False,False,False,,,,,False,False,False
ENSG00000242580,1152,False,,,,,0.01228150456120281,False,False,False,,,,,False,False,False
ENSG00000238105,1153,False,,,,,0.012250451234512906,False,False,False,,,,,False,False,False
ENSG00000235065,1154,False,,,,,0.012209325495274197,False,False,False,,,,,False,False,False
ENSG00000137251,1155,False,,,,,0.012193234141794292,False,False,False,,,,,False,False,False
ENSG00000211805,1156,False,,,,,0.012178581686713917,False,False,False,,,,,False,False,False
ENSG00000259577,1157,False,,,,,0.012123983618287992,False,False,False,,,,,False,False,False
ENSG00000231292,1158,False,,,,,0.012082822211769562,False,False,False,,,,,False,False,False
ENSG00000124205,1159,False,,,,,0.012012775994912791,False,False,False,,,,,False,False,False
ENSG00000171956,1160,False,,,,,0.011979979455371553,False,False,False,,,,,False,False,False
ENSG00000260549,1161,False,,,,,0.011965332344602552,False,False,False,,,,,False,False,False
ENSG00000124568,1162,False,,,,,0.011954171201175262,False,False,False,,,,,False,False,False
ENSG00000211725,1163,False,,,,,0.011939432080281896,False,False,False,,,,,False,False,False
ENSG00000055957,1164,False,,,,,0.01184045125575369,False,False,False,,,,,False,False,False
ENSG00000054803,1165,False,,,,,0.011736463132891149,False,False,False,,,,,False,False,False
ENSG00000225630,1166,False,,,,,0.011735520685101732,False,False,False,,,,,False,False,False
ENSG00000235621,1167,False,,,,,0.011722699248455471,False,False,False,,,,,False,False,False
ENSG00000171199,1168,False,,,,,0.011722338027968368,False,False,False,,,,,False,False,False
ENSG00000158485,1169,False,,,,,0.011662542429406012,False,False,False,,,,,False,False,False
ENSG00000260231,1170,False,,,,,0.011642084060725668,False,False,False,,,,,False,False,False
ENSG00000242193,1171,False,,,,,0.011593318737543478,False,False,False,,,,,False,False,False
ENSG00000226287,1172,False,,,,,0.011579287651395426,False,False,False,,,,,False,False,False
ENSG00000224490,1173,False,,,,,0.011576921513737647,False,False,False,,,,,False,False,False
ENSG00000220804,1174,False,,,,,0.011538891562815472,False,False,False,,,,,False,False,False
ENSG00000185986,1175,False,,,,,0.011523714365514881,False,False,False,,,,,False,False,False
ENSG00000222020,1176,False,,,,,0.011511797936933943,False,False,False,,,,,False,False,False
ENSG00000203756,1177,False,,,,,0.011493798140205446,False,False,False,,,,,False,False,False
ENSG00000102837,1178,False,,,,,0.011473338231901437,False,False,False,,,,,False,False,False
ENSG00000167524,1179,False,,,,,0.011420487280539285,False,False,False,,,,,False,False,False
ENSG00000268804,1180,False,,,,,0.01135757903130603,False,False,False,,,,,False,False,False
ENSG00000211642,1181,False,,,,,0.011342145826748194,False,False,False,,,,,False,False,False
ENSG00000183775,1182,False,,,,,0.0113328038531952,False,False,False,,,,,False,False,False
ENSG00000253818,1183,False,,,,,0.011297960856843639,False,False,False,,,,,False,False,False
ENSG00000243264,1184,False,,,,,0.011280474032593042,False,False,False,,,,,False,False,False
ENSG00000146085,1185,False,,,,,0.011246212617858466,False,False,False,,,,,False,False,False
ENSG00000158104,1186,False,,,,,0.011242884730374426,False,False,False,,,,,False,False,False
ENSG00000179406,1187,False,,,,,0.011204275890233675,False,False,False,,,,,False,False,False
ENSG00000166670,1188,False,,,,,0.011197159771985897,False,False,False,,,,,False,False,False
ENSG00000205784,1189,False,,,,,0.01117495675712544,False,False,False,,,,,False,False,False
ENSG00000226221,1190,False,,,,,0.01117388448350399,False,False,False,,,,,False,False,False
ENSG00000227145,1191,False,,,,,0.01116711115862426,False,False,False,,,,,False,False,False
ENSG00000276597,1192,False,,,,,0.011165134149778265,False,False,False,,,,,False,False,False
ENSG00000063015,1193,False,,,,,0.01115756188131596,False,False,False,,,,,False,False,False
ENSG00000266079,1194,False,,,,,0.011049818059917274,False,False,False,,,,,False,False,False
ENSG00000175003,1195,False,,,,,0.011048754518599827,False,False,False,,,,,False,False,False
ENSG00000264538,1196,False,,,,,0.011030697199076104,False,False,False,,,,,False,False,False
ENSG00000211645,1197,False,,,,,0.011006150397430256,False,False,False,,,,,False,False,False
ENSG00000100665,1198,False,,,,,0.010971811008316278,False,False,False,,,,,False,False,False
ENSG00000233093,1199,False,,,,,0.010841610301372043,False,False,False,,,,,False,False,False
ENSG00000231682,1200,False,,,,,0.010840479779525871,False,False,False,,,,,False,False,False
ENSG00000132437,1201,False,,,,,0.010833575532084335,False,False,False,,,,,False,False,False
ENSG00000169994,1202,False,,,,,0.010832979829301653,False,False,False,,,,,False,False,False
ENSG00000244363,1203,False,,,,,0.01083135865644171,False,False,False,,,,,False,False,False
ENSG00000236977,1204,False,,,,,0.010804664319873147,False,False,False,,,,,False,False,False
ENSG00000214176,1205,False,,,,,0.0107989375901766,False,False,False,,,,,False,False,False
ENSG00000168269,1206,False,,,,,0.010787174245238557,False,False,False,,,,,False,False,False
ENSG00000104327,1207,False,,,,,0.010700994356721892,False,False,False,,,,,False,False,False
ENSG00000147003,1208,False,,,,,0.010697955398596417,False,False,False,,,,,False,False,False
ENSG00000254211,1209,False,,,,,0.010693962895297827,False,False,False,,,,,False,False,False
ENSG00000117834,1210,False,,,,,0.01067696103614154,False,False,False,,,,,False,False,False
ENSG00000152578,1211,False,,,,,0.01053001967034483,False,False,False,,,,,False,False,False
ENSG00000228794,1212,False,,,,,0.010483634137310611,False,False,False,,,,,False,False,False
ENSG00000282122,1213,False,,,,,0.010466747628934079,False,False,False,,,,,False,False,False
ENSG00000181195,1214,False,,,,,0.010391753355539008,False,False,False,,,,,False,False,False
ENSG00000143167,1215,False,,,,,0.010367721686687042,False,False,False,,,,,False,False,False
ENSG00000007216,1216,False,,,,,0.010362155763710803,False,False,False,,,,,False,False,False
ENSG00000151704,1217,False,,,,,0.010302639232939703,False,False,False,,,,,False,False,False
ENSG00000204020,1218,False,,,,,0.01029917492216882,False,False,False,,,,,False,False,False
ENSG00000253691,1219,False,,,,,0.010284221594742737,False,False,False,,,,,False,False,False
ENSG00000155918,1220,False,,,,,0.010249299100140752,False,False,False,,,,,False,False,False
ENSG00000115194,1221,False,,,,,0.010246538822695881,False,False,False,,,,,False,False,False
ENSG00000292372,1222,False,,,,,0.010245729616666609,False,False,False,,,,,False,False,False
ENSG00000144290,1223,False,,,,,0.010221241096317273,False,False,False,,,,,False,False,False
ENSG00000115361,1224,False,,,,,0.010129365145853834,False,False,False,,,,,False,False,False
ENSG00000205771,1225,False,,,,,0.01012478020057653,False,False,False,,,,,False,False,False
ENSG00000152779,1226,False,,,,,0.010102258951087323,False,False,False,,,,,False,False,False
ENSG00000149124,1227,False,,,,,0.010091275038566704,False,False,False,,,,,False,False,False
ENSG00000186301,1228,False,,,,,0.010026844115323114,False,False,False,,,,,False,False,False
ENSG00000231711,1229,False,,,,,0.009960901121987567,False,False,False,,,,,False,False,False
ENSG00000225138,1230,False,,,,,0.009933439237809472,False,False,False,,,,,False,False,False
ENSG00000257335,1231,False,,,,,0.009863918135065155,False,False,False,,,,,False,False,False
ENSG00000101883,1232,False,,,,,0.009831749627911583,False,False,False,,,,,False,False,False
ENSG00000178464,1233,False,,,,,0.009733575516725984,False,False,False,,,,,False,False,False
ENSG00000185275,1234,False,,,,,0.00969632678989381,False,False,False,,,,,False,False,False
ENSG00000129965,1235,False,,,,,0.009657781277688668,False,False,False,,,,,False,False,False
ENSG00000241127,1236,False,,,,,0.009648130248169448,False,False,False,,,,,False,False,False
ENSG00000163207,1237,False,,,,,0.009617184175032661,False,False,False,,,,,False,False,False
ENSG00000091181,1238,False,,,,,0.009613669223312879,False,False,False,,,,,False,False,False
ENSG00000225224,1239,False,,,,,0.009574614675801493,False,False,False,,,,,False,False,False
ENSG00000241794,1240,False,,,,,0.009557448976241313,False,False,False,,,,,False,False,False
ENSG00000169194,1241,False,,,,,0.009531969429550438,False,False,False,,,,,False,False,False
ENSG00000263417,1242,False,,,,,0.009502231719811051,False,False,False,,,,,False,False,False
ENSG00000271178,1243,False,,,,,0.009478054652944073,False,False,False,,,,,False,False,False
ENSG00000178162,1244,False,,,,,0.009461332532007151,False,False,False,,,,,False,False,False
ENSG00000157322,1245,False,,,,,0.009428899276193281,False,False,False,,,,,False,False,False
ENSG00000148600,1246,False,,,,,0.009403348905008253,False,False,False,,,,,False,False,False
ENSG00000223662,1247,False,,,,,0.009376786805012624,False,False,False,,,,,False,False,False
ENSG00000162344,1248,False,,,,,0.009350373517340863,False,False,False,,,,,False,False,False
ENSG00000100448,1249,False,,,,,0.00931851132927467,False,False,False,,,,,False,False,False
ENSG00000150756,1250,False,,,,,0.009300190146666241,False,False,False,,,,,False,False,False
ENSG00000122711,1251,False,,,,,0.009258807782447635,False,False,False,,,,,False,False,False
ENSG00000237973,1252,False,,,,,0.009232757771054697,False,False,False,,,,,False,False,False
ENSG00000157152,1253,False,,,,,0.009225916437276774,False,False,False,,,,,False,False,False
ENSG00000240370,1254,False,,,,,0.009199605270021447,False,False,False,,,,,False,False,False
ENSG00000274286,1255,False,,,,,0.009193909342105249,False,False,False,,,,,False,False,False
ENSG00000213553,1256,False,,,,,0.009184464006272224,False,False,False,,,,,False,False,False
ENSG00000224958,1257,False,,,,,0.009172603830654498,False,False,False,,,,,False,False,False
ENSG00000225950,1258,False,,,,,0.00916765625489708,False,False,False,,,,,False,False,False
ENSG00000235613,1259,False,,,,,0.009155155550483175,False,False,False,,,,,False,False,False
ENSG00000210196,1260,False,,,,,0.00910192922793528,False,False,False,,,,,False,False,False
ENSG00000211658,1261,False,,,,,0.009078693165455192,False,False,False,,,,,False,False,False
ENSG00000259092,1262,False,,,,,0.009072546480100196,False,False,False,,,,,False,False,False
ENSG00000250366,1263,False,,,,,0.00906671166579079,False,False,False,,,,,False,False,False
ENSG00000241229,1264,False,,,,,0.009062591407129445,False,False,False,,,,,False,False,False
ENSG00000169877,1265,False,,,,,0.009054889636980265,False,False,False,,,,,False,False,False
ENSG00000108342,1266,False,,,,,0.009044159940688386,False,False,False,,,,,False,False,False
ENSG00000157005,1267,False,,,,,0.00903355626112882,False,False,False,,,,,False,False,False
ENSG00000280543,1268,False,,,,,0.00902912077781174,False,False,False,,,,,False,False,False
ENSG00000169224,1269,False,,,,,0.009018509846573005,False,False,False,,,,,False,False,False
ENSG00000140839,1270,False,,,,,0.009004128566310977,False,False,False,,,,,False,False,False
ENSG00000236709,1271,False,,,,,0.008996658769267675,False,False,False,,,,,False,False,False
ENSG00000169509,1272,False,,,,,0.008956193364194214,False,False,False,,,,,False,False,False
ENSG00000231205,1273,False,,,,,0.008930170599295618,False,False,False,,,,,False,False,False
ENSG00000168065,1274,False,,,,,0.008915770064254858,False,False,False,,,,,False,False,False
ENSG00000225447,1275,False,,,,,0.008905303199394742,False,False,False,,,,,False,False,False
ENSG00000228782,1276,False,,,,,0.008890038131900754,False,False,False,,,,,False,False,False
ENSG00000241635,1277,False,,,,,0.008888035814091935,False,False,False,,,,,False,False,False
ENSG00000234335,1278,False,,,,,0.008768159248562918,False,False,False,,,,,False,False,False
ENSG00000261520,1279,False,,,,,0.008750478731569769,False,False,False,,,,,False,False,False
ENSG00000146151,1280,False,,,,,0.008737473281443772,False,False,False,,,,,False,False,False
ENSG00000124721,1281,False,,,,,0.008717165753827354,False,False,False,,,,,False,False,False
ENSG00000204542,1282,False,,,,,0.008707911701907158,False,False,False,,,,,False,False,False
ENSG00000083097,1283,False,,,,,0.008697898969047772,False,False,False,,,,,False,False,False
ENSG00000135346,1284,False,,,,,0.00869362047694542,False,False,False,,,,,False,False,False
ENSG00000187527,1285,False,,,,,0.00869117312486361,False,False,False,,,,,False,False,False
ENSG00000202538,1286,False,,,,,0.00868605954412097,False,False,False,,,,,False,False,False
ENSG00000237170,1287,False,,,,,0.008651220750027512,False,False,False,,,,,False,False,False
ENSG00000213860,1288,False,,,,,0.008634611159942735,False,False,False,,,,,False,False,False
ENSG00000234956,1289,False,,,,,0.008610709010780745,False,False,False,,,,,False,False,False
ENSG00000113492,1290,False,,,,,0.008605920533848978,False,False,False,,,,,False,False,False
ENSG00000088340,1291,False,,,,,0.008592124380068853,False,False,False,,,,,False,False,False
ENSG00000238269,1292,False,,,,,0.008583303329246192,False,False,False,,,,,False,False,False
ENSG00000148965,1293,False,,,,,0.008581169143255329,False,False,False,,,,,False,False,False
ENSG00000171643,1294,False,,,,,0.008575701928006356,False,False,False,,,,,False,False,False
ENSG00000237949,1295,False,,,,,0.008501208947270366,False,False,False,,,,,False,False,False
ENSG00000253234,1296,False,,,,,0.008495988875143114,False,False,False,,,,,False,False,False
ENSG00000236801,1297,False,,,,,0.008486332591804178,False,False,False,,,,,False,False,False
ENSG00000213700,1298,False,,,,,0.008477058472655459,False,False,False,,,,,False,False,False
ENSG00000118520,1299,False,,,,,0.0084606603748151,False,False,False,,,,,False,False,False
ENSG00000183506,1300,False,,,,,0.008440620227838076,False,False,False,,,,,False,False,False
ENSG00000263590,1301,False,,,,,0.008439078467559515,False,False,False,,,,,False,False,False
ENSG00000198077,1302,False,,,,,0.008424584199110905,False,False,False,,,,,False,False,False
ENSG00000159251,1303,False,,,,,0.008422001463391645,False,False,False,,,,,False,False,False
ENSG00000211813,1304,False,,,,,0.008417730635793898,False,False,False,,,,,False,False,False
ENSG00000239948,1305,False,,,,,0.008389248615341656,False,False,False,,,,,False,False,False
ENSG00000197444,1306,False,,,,,0.008381204596868355,False,False,False,,,,,False,False,False
ENSG00000225972,1307,False,,,,,0.008375866484440764,False,False,False,,,,,False,False,False
ENSG00000123405,1308,False,,,,,0.008354677545497334,False,False,False,,,,,False,False,False
ENSG00000080293,1309,False,,,,,0.008345106070649614,False,False,False,,,,,False,False,False
ENSG00000282639,1310,False,,,,,0.008336592885781308,False,False,False,,,,,False,False,False
ENSG00000198883,1311,False,,,,,0.008329787157067994,False,False,False,,,,,False,False,False
ENSG00000170608,1312,False,,,,,0.008292602424954726,False,False,False,,,,,False,False,False
ENSG00000116031,1313,False,,,,,0.008257079442210333,False,False,False,,,,,False,False,False
ENSG00000255974,1314,False,,,,,0.008253368763123452,False,False,False,,,,,False,False,False
ENSG00000118523,1315,False,,,,,0.008202652948931419,False,False,False,,,,,False,False,False
ENSG00000198336,1316,False,,,,,0.008196742046045232,False,False,False,,,,,False,False,False
ENSG00000234118,1317,False,,,,,0.008184454655627924,False,False,False,,,,,False,False,False
ENSG00000136999,1318,False,,,,,0.008182442956348642,False,False,False,,,,,False,False,False
ENSG00000173930,1319,False,,,,,0.008139691711584367,False,False,False,,,,,False,False,False
ENSG00000180385,1320,False,,,,,0.00812450808785166,False,False,False,,,,,False,False,False
ENSG00000223350,1321,False,,,,,0.008112568379787894,False,False,False,,,,,False,False,False
ENSG00000029559,1322,False,,,,,0.00811077554445541,False,False,False,,,,,False,False,False
ENSG00000197421,1323,False,,,,,0.008099243857591188,False,False,False,,,,,False,False,False
ENSG00000285230,1324,False,,,,,0.008066907358625263,False,False,False,,,,,False,False,False
ENSG00000187510,1325,False,,,,,0.00802060818923036,False,False,False,,,,,False,False,False
ENSG00000124224,1326,False,,,,,0.008011608223797786,False,False,False,,,,,False,False,False
ENSG00000154764,1327,False,,,,,0.008009292027132249,False,False,False,,,,,False,False,False
ENSG00000180769,1328,False,,,,,0.007960020257944437,False,False,False,,,,,False,False,False
ENSG00000125084,1329,False,,,,,0.00789565035236587,False,False,False,,,,,False,False,False
ENSG00000165799,1330,False,,,,,0.007873793263407303,False,False,False,,,,,False,False,False
ENSG00000211713,1331,False,,,,,0.007872715372391537,False,False,False,,,,,False,False,False
ENSG00000186260,1332,False,,,,,0.007864343505775783,False,False,False,,,,,False,False,False
ENSG00000158482,1333,False,,,,,0.007826762197848598,False,False,False,,,,,False,False,False
ENSG00000164344,1334,False,,,,,0.00781017690288381,False,False,False,,,,,False,False,False
ENSG00000186481,1335,False,,,,,0.007804437511061938,False,False,False,,,,,False,False,False
ENSG00000235297,1336,False,,,,,0.007791350261590825,False,False,False,,,,,False,False,False
ENSG00000250569,1337,False,,,,,0.0077642577594716315,False,False,False,,,,,False,False,False
ENSG00000166736,1338,False,,,,,0.007724808647356344,False,False,False,,,,,False,False,False
ENSG00000110243,1339,False,,,,,0.007619645071410753,False,False,False,,,,,False,False,False
ENSG00000139988,1340,False,,,,,0.0076157179734248305,False,False,False,,,,,False,False,False
ENSG00000223768,1341,False,,,,,0.0076141382137724,False,False,False,,,,,False,False,False
ENSG00000176160,1342,False,,,,,0.0076072225751207135,False,False,False,,,,,False,False,False
ENSG00000204001,1343,False,,,,,0.00744113677630659,False,False,False,,,,,False,False,False
ENSG00000216588,1344,False,,,,,0.007424539679876541,False,False,False,,,,,False,False,False
ENSG00000259295,1345,False,,,,,0.0074094527834074305,False,False,False,,,,,False,False,False
ENSG00000241119,1346,False,,,,,0.007385508882846551,False,False,False,,,,,False,False,False
ENSG00000183055,1347,False,,,,,0.007384336083119816,False,False,False,,,,,False,False,False
ENSG00000141433,1348,False,,,,,0.007357472250683807,False,False,False,,,,,False,False,False
ENSG00000240463,1349,False,,,,,0.007327270592453521,False,False,False,,,,,False,False,False
ENSG00000290376,1350,False,,,,,0.007323815715791443,False,False,False,,,,,False,False,False
ENSG00000229994,1351,False,,,,,0.007300961581412457,False,False,False,,,,,False,False,False
ENSG00000225492,1352,False,,,,,0.007281534412355222,False,False,False,,,,,False,False,False
ENSG00000230481,1353,False,,,,,0.007211453907708151,False,False,False,,,,,False,False,False
ENSG00000186474,1354,False,,,,,0.00719203346889885,False,False,False,,,,,False,False,False
ENSG00000084110,1355,False,,,,,0.007182668884905761,False,False,False,,,,,False,False,False
ENSG00000211717,1356,False,,,,,0.007178792230904478,False,False,False,,,,,False,False,False
ENSG00000225573,1357,False,,,,,0.007167338221839544,False,False,False,,,,,False,False,False
ENSG00000157703,1358,False,,,,,0.007162023600267799,False,False,False,,,,,False,False,False
ENSG00000124253,1359,False,,,,,0.007145096783214056,False,False,False,,,,,False,False,False
ENSG00000246084,1360,False,,,,,0.007138411763120371,False,False,False,,,,,False,False,False
ENSG00000137204,1361,False,,,,,0.007104398944436664,False,False,False,,,,,False,False,False
ENSG00000282458,1362,False,,,,,0.007099325253471795,False,False,False,,,,,False,False,False
ENSG00000203785,1363,False,,,,,0.007062513591318415,False,False,False,,,,,False,False,False
ENSG00000251039,1364,False,,,,,0.007041824670034362,False,False,False,,,,,False,False,False
ENSG00000116983,1365,False,,,,,0.00703413818627511,False,False,False,,,,,False,False,False
ENSG00000010379,1366,False,,,,,0.006995236723062056,False,False,False,,,,,False,False,False
ENSG00000278195,1367,False,,,,,0.006991428581674695,False,False,False,,,,,False,False,False
ENSG00000279082,1368,False,,,,,0.006955910167961217,False,False,False,,,,,False,False,False
ENSG00000198610,1369,False,,,,,0.006951619957685824,False,False,False,,,,,False,False,False
ENSG00000250799,1370,False,,,,,0.0069438561929660685,False,False,False,,,,,False,False,False
ENSG00000239571,1371,False,,,,,0.0069377271612268586,False,False,False,,,,,False,False,False
ENSG00000231507,1372,False,,,,,0.00692481159586762,False,False,False,,,,,False,False,False
ENSG00000211655,1373,False,,,,,0.00691014376465839,False,False,False,,,,,False,False,False
ENSG00000204165,1374,False,,,,,0.006895259197807488,False,False,False,,,,,False,False,False
ENSG00000170054,1375,False,,,,,0.006863009073985275,False,False,False,,,,,False,False,False
ENSG00000198496,1376,False,,,,,0.006853144294652615,False,False,False,,,,,False,False,False
ENSG00000130234,1377,False,,,,,0.006793901779421525,False,False,False,,,,,False,False,False
ENSG00000113396,1378,False,,,,,0.006765152781601909,False,False,False,,,,,False,False,False
ENSG00000135226,1379,False,,,,,0.006758888703376187,False,False,False,,,,,False,False,False
ENSG00000211798,1380,False,,,,,0.006750097096052184,False,False,False,,,,,False,False,False
ENSG00000263266,1381,False,,,,,0.0067085074766581,False,False,False,,,,,False,False,False
ENSG00000214612,1382,False,,,,,0.006697688096452503,False,False,False,,,,,False,False,False
ENSG00000198758,1383,False,,,,,0.00667722136931044,False,False,False,,,,,False,False,False
ENSG00000169474,1384,False,,,,,0.0066247618078778365,False,False,False,,,,,False,False,False
ENSG00000270318,1385,False,,,,,0.006620130754103451,False,False,False,,,,,False,False,False
ENSG00000231584,1386,False,,,,,0.006619204849049573,False,False,False,,,,,False,False,False
ENSG00000274602,1387,False,,,,,0.006597276515269351,False,False,False,,,,,False,False,False
ENSG00000147573,1388,False,,,,,0.006583576929811732,False,False,False,,,,,False,False,False
ENSG00000171101,1389,False,,,,,0.006561254949603468,False,False,False,,,,,False,False,False
ENSG00000096088,1390,False,,,,,0.006538719989757259,False,False,False,,,,,False,False,False
ENSG00000211720,1391,False,,,,,0.006536142351159123,False,False,False,,,,,False,False,False
ENSG00000196296,1392,False,,,,,0.006520949889795454,False,False,False,,,,,False,False,False
ENSG00000248909,1393,False,,,,,0.00650880076549812,False,False,False,,,,,False,False,False
ENSG00000002745,1394,False,,,,,0.006470870095458492,False,False,False,,,,,False,False,False
ENSG00000139540,1395,False,,,,,0.006470722324890242,False,False,False,,,,,False,False,False
ENSG00000292361,1396,False,,,,,0.006468742981096702,False,False,False,,,,,False,False,False
ENSG00000249993,1397,False,,,,,0.0064591552530715,False,False,False,,,,,False,False,False
ENSG00000211951,1398,False,,,,,0.00643678087951091,False,False,False,,,,,False,False,False
ENSG00000021852,1399,False,,,,,0.0064348659930111044,False,False,False,,,,,False,False,False
ENSG00000256162,1400,False,,,,,0.006422424090892805,False,False,False,,,,,False,False,False
ENSG00000267106,1401,False,,,,,0.006416382261888797,False,False,False,,,,,False,False,False
ENSG00000259490,1402,False,,,,,0.006396158134302305,False,False,False,,,,,False,False,False
ENSG00000143194,1403,False,,,,,0.006393278347604421,False,False,False,,,,,False,False,False
ENSG00000181234,1404,False,,,,,0.006370043938999093,False,False,False,,,,,False,False,False
ENSG00000233382,1405,False,,,,,0.00635550121617562,False,False,False,,,,,False,False,False
ENSG00000281344,1406,False,,,,,0.006346744061776539,False,False,False,,,,,False,False,False
ENSG00000256667,1407,False,,,,,0.0063432764347492576,False,False,False,,,,,False,False,False
ENSG00000211647,1408,False,,,,,0.006332895671904754,False,False,False,,,,,False,False,False
ENSG00000129862,1409,False,,,,,0.00630443613558991,False,False,False,,,,,False,False,False
ENSG00000237797,1410,False,,,,,0.006277159114437634,False,False,False,,,,,False,False,False
ENSG00000179676,1411,False,,,,,0.006275174250425457,False,False,False,,,,,False,False,False
ENSG00000261701,1412,False,,,,,0.006248173689427495,False,False,False,,,,,False,False,False
ENSG00000229613,1413,False,,,,,0.006238560415091445,False,False,False,,,,,False,False,False
ENSG00000197353,1414,False,,,,,0.006205615775117518,False,False,False,,,,,False,False,False
ENSG00000129437,1415,False,,,,,0.0061925109449555696,False,False,False,,,,,False,False,False
ENSG00000163209,1416,False,,,,,0.006183706373980051,False,False,False,,,,,False,False,False
ENSG00000256590,1417,False,,,,,0.006161166059115521,False,False,False,,,,,False,False,False
ENSG00000259527,1418,False,,,,,0.006129207844901231,False,False,False,,,,,False,False,False
ENSG00000125878,1419,False,,,,,0.006108135097466502,False,False,False,,,,,False,False,False
ENSG00000263934,1420,False,,,,,0.006091746089695837,False,False,False,,,,,False,False,False
ENSG00000236337,1421,False,,,,,0.006073845313382648,False,False,False,,,,,False,False,False
ENSG00000215769,1422,False,,,,,0.006032286973736949,False,False,False,,,,,False,False,False
ENSG00000127831,1423,False,,,,,0.006010805553512072,False,False,False,,,,,False,False,False
ENSG00000232117,1424,False,,,,,0.005972092947531911,False,False,False,,,,,False,False,False
ENSG00000240509,1425,False,,,,,0.005965980311435373,False,False,False,,,,,False,False,False
ENSG00000220008,1426,False,,,,,0.00591540276879725,False,False,False,,,,,False,False,False
ENSG00000213432,1427,False,,,,,0.0059143167147528986,False,False,False,,,,,False,False,False
ENSG00000127318,1428,False,,,,,0.005912947030196565,False,False,False,,,,,False,False,False
ENSG00000228548,1429,False,,,,,0.005909037043253433,False,False,False,,,,,False,False,False
ENSG00000225442,1430,False,,,,,0.005900544648471574,False,False,False,,,,,False,False,False
ENSG00000138109,1431,False,,,,,0.005880812774713315,False,False,False,,,,,False,False,False
ENSG00000112494,1432,False,,,,,0.0058805534474185425,False,False,False,,,,,False,False,False
ENSG00000243836,1433,False,,,,,0.00587977281453904,False,False,False,,,,,False,False,False
ENSG00000229806,1434,False,,,,,0.005867563006199997,False,False,False,,,,,False,False,False
ENSG00000202515,1435,False,,,,,0.005858745801136908,False,False,False,,,,,False,False,False
ENSG00000185834,1436,False,,,,,0.00585026452869867,False,False,False,,,,,False,False,False
ENSG00000214535,1437,False,,,,,0.005838598098649648,False,False,False,,,,,False,False,False
ENSG00000158497,1438,False,,,,,0.005837155599068674,False,False,False,,,,,False,False,False
ENSG00000110203,1439,False,,,,,0.005828314762315738,False,False,False,,,,,False,False,False
ENSG00000229152,1440,False,,,,,0.005827129921615636,False,False,False,,,,,False,False,False
ENSG00000163736,1441,False,,,,,0.0058153225377884175,False,False,False,,,,,False,False,False
ENSG00000187783,1442,False,,,,,0.0057861869642520805,False,False,False,,,,,False,False,False
ENSG00000241641,1443,False,,,,,0.005785174481390213,False,False,False,,,,,False,False,False
ENSG00000184068,1444,False,,,,,0.00576509119369934,False,False,False,,,,,False,False,False
ENSG00000229228,1445,False,,,,,0.005740348225012204,False,False,False,,,,,False,False,False
ENSG00000105642,1446,False,,,,,0.005730022363876101,False,False,False,,,,,False,False,False
ENSG00000221817,1447,False,,,,,0.00572166553619945,False,False,False,,,,,False,False,False
ENSG00000256797,1448,False,,,,,0.005685269190878413,False,False,False,,,,,False,False,False
ENSG00000124196,1449,False,,,,,0.005661108848434849,False,False,False,,,,,False,False,False
ENSG00000269911,1450,False,,,,,0.005649367072642263,False,False,False,,,,,False,False,False
ENSG00000210100,1451,False,,,,,0.005641457721077977,False,False,False,,,,,False,False,False
ENSG00000186715,1452,False,,,,,0.005635009359948765,False,False,False,,,,,False,False,False
ENSG00000256713,1453,False,,,,,0.005624096231647825,False,False,False,,,,,False,False,False
ENSG00000154511,1454,False,,,,,0.005614070432217502,False,False,False,,,,,False,False,False
ENSG00000244649,1455,False,,,,,0.005587815782637775,False,False,False,,,,,False,False,False
ENSG00000166143,1456,False,,,,,0.00556469175843828,False,False,False,,,,,False,False,False
ENSG00000148677,1457,False,,,,,0.005550900405347314,False,False,False,,,,,False,False,False
ENSG00000268471,1458,False,,,,,0.005530168303377393,False,False,False,,,,,False,False,False
ENSG00000163518,1459,False,,,,,0.005522565339345939,False,False,False,,,,,False,False,False
ENSG00000180383,1460,False,,,,,0.00551971289948013,False,False,False,,,,,False,False,False
ENSG00000227097,1461,False,,,,,0.005516828806561415,False,False,False,,,,,False,False,False
ENSG00000234690,1462,False,,,,,0.005473752022376521,False,False,False,,,,,False,False,False
ENSG00000165376,1463,False,,,,,0.0054626925606582385,False,False,False,,,,,False,False,False
ENSG00000229980,1464,False,,,,,0.005455046222729383,False,False,False,,,,,False,False,False
ENSG00000115850,1465,False,,,,,0.005431116386129979,False,False,False,,,,,False,False,False
ENSG00000084734,1466,False,,,,,0.005413430298414764,False,False,False,,,,,False,False,False
ENSG00000265962,1467,False,,,,,0.005406014499275981,False,False,False,,,,,False,False,False
ENSG00000224607,1468,False,,,,,0.005399600932103988,False,False,False,,,,,False,False,False
ENSG00000187848,1469,False,,,,,0.005398648082650446,False,False,False,,,,,False,False,False
ENSG00000075388,1470,False,,,,,0.0053895921619386495,False,False,False,,,,,False,False,False
ENSG00000183242,1471,False,,,,,0.0053685436019731535,False,False,False,,,,,False,False,False
ENSG00000259517,1472,False,,,,,0.005346166929637039,False,False,False,,,,,False,False,False
ENSG00000132967,1473,False,,,,,0.005334717455030667,False,False,False,,,,,False,False,False
ENSG00000226360,1474,False,,,,,0.005327398229670212,False,False,False,,,,,False,False,False
ENSG00000162877,1475,False,,,,,0.005319077985109012,False,False,False,,,,,False,False,False
ENSG00000163395,1476,False,,,,,0.005307320157827875,False,False,False,,,,,False,False,False
ENSG00000225978,1477,False,,,,,0.005289055748531661,False,False,False,,,,,False,False,False
ENSG00000100346,1478,False,,,,,0.005285340406529061,False,False,False,,,,,False,False,False
ENSG00000255987,1479,False,,,,,0.0052794808658980725,False,False,False,,,,,False,False,False
ENSG00000222037,1480,False,,,,,0.00526857305130265,False,False,False,,,,,False,False,False
ENSG00000234899,1481,False,,,,,0.00526477873755471,False,False,False,,,,,False,False,False
ENSG00000257345,1482,False,,,,,0.005249096711088621,False,False,False,,,,,False,False,False
ENSG00000235944,1483,False,,,,,0.005236205339545356,False,False,False,,,,,False,False,False
ENSG00000235552,1484,False,,,,,0.005213726395686772,False,False,False,,,,,False,False,False
ENSG00000183298,1485,False,,,,,0.005179988867408765,False,False,False,,,,,False,False,False
ENSG00000253239,1486,False,,,,,0.0051773671356500454,False,False,False,,,,,False,False,False
ENSG00000099251,1487,False,,,,,0.005161749607963662,False,False,False,,,,,False,False,False
ENSG00000159784,1488,False,,,,,0.005153862320834465,False,False,False,,,,,False,False,False
ENSG00000187689,1489,False,,,,,0.005151154281047152,False,False,False,,,,,False,False,False
ENSG00000122432,1490,False,,,,,0.005139960619026259,False,False,False,,,,,False,False,False
ENSG00000253618,1491,False,,,,,0.005106114377898574,False,False,False,,,,,False,False,False
ENSG00000223914,1492,False,,,,,0.005102859179763303,False,False,False,,,,,False,False,False
ENSG00000231160,1493,False,,,,,0.005095056698201379,False,False,False,,,,,False,False,False
ENSG00000104722,1494,False,,,,,0.005084434798007557,False,False,False,,,,,False,False,False
ENSG00000231793,1495,False,,,,,0.005082585403325316,False,False,False,,,,,False,False,False
ENSG00000214851,1496,False,,,,,0.005079075901114297,False,False,False,,,,,False,False,False
ENSG00000219507,1497,False,,,,,0.005069377587617685,False,False,False,,,,,False,False,False
ENSG00000168334,1498,False,,,,,0.005066850661288047,False,False,False,,,,,False,False,False
ENSG00000257242,1499,False,,,,,0.005039227224040085,False,False,False,,,,,False,False,False
ENSG00000139239,1500,False,,,,,0.005034799456975906,False,False,False,,,,,False,False,False
ENSG00000165300,1501,False,,,,,0.0050253327474048546,False,False,False,,,,,False,False,False
ENSG00000230937,1502,False,,,,,0.005015982477813617,False,False,False,,,,,False,False,False
ENSG00000165496,1503,False,,,,,0.005005832931330757,False,False,False,,,,,False,False,False
ENSG00000234965,1504,False,,,,,0.004964623472702722,False,False,False,,,,,False,False,False
ENSG00000231006,1505,False,,,,,0.00496255917522994,False,False,False,,,,,False,False,False
ENSG00000273142,1506,False,,,,,0.004938877732295546,False,False,False,,,,,False,False,False
ENSG00000223525,1507,False,,,,,0.004921829677948556,False,False,False,,,,,False,False,False
ENSG00000280734,1508,False,,,,,0.004920656632378865,False,False,False,,,,,False,False,False
ENSG00000110244,1509,False,,,,,0.004917670254191284,False,False,False,,,,,False,False,False
ENSG00000272752,1510,False,,,,,0.004916499676446577,False,False,False,,,,,False,False,False
ENSG00000170516,1511,False,,,,,0.004906759500546786,False,False,False,,,,,False,False,False
ENSG00000242860,1512,False,,,,,0.004852142791142851,False,False,False,,,,,False,False,False
ENSG00000237668,1513,False,,,,,0.004848629739681502,False,False,False,,,,,False,False,False
ENSG00000173578,1514,False,,,,,0.004842257534208541,False,False,False,,,,,False,False,False
ENSG00000205534,1515,False,,,,,0.004829984447634799,False,False,False,,,,,False,False,False
ENSG00000254166,1516,False,,,,,0.004823532580841821,False,False,False,,,,,False,False,False
ENSG00000223756,1517,False,,,,,0.004822797084876979,False,False,False,,,,,False,False,False
ENSG00000272645,1518,False,,,,,0.004818757403677404,False,False,False,,,,,False,False,False
ENSG00000240132,1519,False,,,,,0.00481872437999802,False,False,False,,,,,False,False,False
ENSG00000220785,1520,False,,,,,0.004812320290473514,False,False,False,,,,,False,False,False
ENSG00000270986,1521,False,,,,,0.004809014262575334,False,False,False,,,,,False,False,False
ENSG00000188599,1522,False,,,,,0.004781961111373467,False,False,False,,,,,False,False,False
ENSG00000265123,1523,False,,,,,0.0047766686266981825,False,False,False,,,,,False,False,False
ENSG00000159723,1524,False,,,,,0.0047763689095470675,False,False,False,,,,,False,False,False
ENSG00000242071,1525,False,,,,,0.004769082649428383,False,False,False,,,,,False,False,False
ENSG00000202502,1526,False,,,,,0.0047670758946339676,False,False,False,,,,,False,False,False
ENSG00000259974,1527,False,,,,,0.004756721447895363,False,False,False,,,,,False,False,False
ENSG00000211819,1528,False,,,,,0.004681362004083155,False,False,False,,,,,False,False,False
ENSG00000180747,1529,False,,,,,0.004671602561537939,False,False,False,,,,,False,False,False
ENSG00000253957,1530,False,,,,,0.0046648815735396,False,False,False,,,,,False,False,False
ENSG00000234274,1531,False,,,,,0.004659863652510733,False,False,False,,,,,False,False,False
ENSG00000106178,1532,False,,,,,0.0046491906162105,False,False,False,,,,,False,False,False
ENSG00000167165,1533,False,,,,,0.004636843272414706,False,False,False,,,,,False,False,False
ENSG00000142515,1534,False,,,,,0.004620679617678569,False,False,False,,,,,False,False,False
ENSG00000233603,1535,False,,,,,0.0046014464729882245,False,False,False,,,,,False,False,False
ENSG00000140465,1536,False,,,,,0.004598321162612437,False,False,False,,,,,False,False,False
ENSG00000261040,1537,False,,,,,0.004586877013322978,False,False,False,,,,,False,False,False
ENSG00000175766,1538,False,,,,,0.004555341408568828,False,False,False,,,,,False,False,False
ENSG00000177173,1539,False,,,,,0.0045278535963733406,False,False,False,,,,,False,False,False
ENSG00000241560,1540,False,,,,,0.0045102265655834065,False,False,False,,,,,False,False,False
ENSG00000204175,1541,False,,,,,0.004504901744317086,False,False,False,,,,,False,False,False
ENSG00000258704,1542,False,,,,,0.004494012522579797,False,False,False,,,,,False,False,False
ENSG00000225523,1543,False,,,,,0.004477654634710466,False,False,False,,,,,False,False,False
ENSG00000185674,1544,False,,,,,0.004476802515943226,False,False,False,,,,,False,False,False
ENSG00000132872,1545,False,,,,,0.004470236221266752,False,False,False,,,,,False,False,False
ENSG00000189343,1546,False,,,,,0.004459842694797494,False,False,False,,,,,False,False,False
ENSG00000162383,1547,False,,,,,0.00445544066619502,False,False,False,,,,,False,False,False
ENSG00000240032,1548,False,,,,,0.004445009660084847,False,False,False,,,,,False,False,False
ENSG00000167676,1549,False,,,,,0.004443964842072673,False,False,False,,,,,False,False,False
ENSG00000137875,1550,False,,,,,0.004442336933649039,False,False,False,,,,,False,False,False
ENSG00000146469,1551,False,,,,,0.004436568233290995,False,False,False,,,,,False,False,False
ENSG00000086967,1552,False,,,,,0.004433692565268568,False,False,False,,,,,False,False,False
ENSG00000223724,1553,False,,,,,0.004396360592300316,False,False,False,,,,,False,False,False
ENSG00000223609,1554,False,,,,,0.004361636514950223,False,False,False,,,,,False,False,False
ENSG00000226721,1555,False,,,,,0.004361385003410653,False,False,False,,,,,False,False,False
ENSG00000275158,1556,False,,,,,0.004352217591372342,False,False,False,,,,,False,False,False
ENSG00000267119,1557,False,,,,,0.00431908841682385,False,False,False,,,,,False,False,False
ENSG00000164796,1558,False,,,,,0.004315368334518461,False,False,False,,,,,False,False,False
ENSG00000142698,1559,False,,,,,0.004314966266971022,False,False,False,,,,,False,False,False
ENSG00000175868,1560,False,,,,,0.004313518808680305,False,False,False,,,,,False,False,False
ENSG00000240616,1561,False,,,,,0.004295607050124934,False,False,False,,,,,False,False,False
ENSG00000177103,1562,False,,,,,0.004287279388106991,False,False,False,,,,,False,False,False
ENSG00000108702,1563,False,,,,,0.004284995380072999,False,False,False,,,,,False,False,False
ENSG00000089558,1564,False,,,,,0.004279925411015543,False,False,False,,,,,False,False,False
ENSG00000248693,1565,False,,,,,0.004276187190875336,False,False,False,,,,,False,False,False
ENSG00000187258,1566,False,,,,,0.004254315240597723,False,False,False,,,,,False,False,False
ENSG00000234093,1567,False,,,,,0.004250675187268721,False,False,False,,,,,False,False,False
ENSG00000120055,1568,False,,,,,0.0042447153628083585,False,False,False,,,,,False,False,False
ENSG00000229487,1569,False,,,,,0.0042442658123726835,False,False,False,,,,,False,False,False
ENSG00000234546,1570,False,,,,,0.00423595367833354,False,False,False,,,,,False,False,False
ENSG00000250036,1571,False,,,,,0.004227781017982208,False,False,False,,,,,False,False,False
ENSG00000230424,1572,False,,,,,0.004224213808368192,False,False,False,,,,,False,False,False
ENSG00000096264,1573,False,,,,,0.004221890214639777,False,False,False,,,,,False,False,False
ENSG00000143632,1574,False,,,,,0.004219474685304741,False,False,False,,,,,False,False,False
ENSG00000144130,1575,False,,,,,0.004195245066300173,False,False,False,,,,,False,False,False
ENSG00000225193,1576,False,,,,,0.004184984918092739,False,False,False,,,,,False,False,False
ENSG00000229056,1577,False,,,,,0.004174446317674837,False,False,False,,,,,False,False,False
ENSG00000102145,1578,False,,,,,0.004167531662206075,False,False,False,,,,,False,False,False
ENSG00000147113,1579,False,,,,,0.004160795900985994,False,False,False,,,,,False,False,False
ENSG00000171246,1580,False,,,,,0.004147631107739964,False,False,False,,,,,False,False,False
ENSG00000234709,1581,False,,,,,0.004111237912100443,False,False,False,,,,,False,False,False
ENSG00000256582,1582,False,,,,,0.004109392525089717,False,False,False,,,,,False,False,False
ENSG00000230587,1583,False,,,,,0.0041029080693934135,False,False,False,,,,,False,False,False
ENSG00000116652,1584,False,,,,,0.004100728476937258,False,False,False,,,,,False,False,False
ENSG00000177669,1585,False,,,,,0.0040977979847913095,False,False,False,,,,,False,False,False
ENSG00000147231,1586,False,,,,,0.004097012401387537,False,False,False,,,,,False,False,False
ENSG00000131355,1587,False,,,,,0.004069450381326958,False,False,False,,,,,False,False,False
ENSG00000165716,1588,False,,,,,0.004057189419485873,False,False,False,,,,,False,False,False
ENSG00000213433,1589,False,,,,,0.004041139277876105,False,False,False,,,,,False,False,False
ENSG00000180861,1590,False,,,,,0.004008877536563723,False,False,False,,,,,False,False,False
ENSG00000232928,1591,False,,,,,0.004008356652207906,False,False,False,,,,,False,False,False
ENSG00000164265,1592,False,,,,,0.003994861400010002,False,False,False,,,,,False,False,False
ENSG00000106128,1593,False,,,,,0.003993738116420035,False,False,False,,,,,False,False,False
ENSG00000232788,1594,False,,,,,0.003985149211770526,False,False,False,,,,,False,False,False
ENSG00000231752,1595,False,,,,,0.003981554593112426,False,False,False,,,,,False,False,False
ENSG00000262943,1596,False,,,,,0.003975053710560902,False,False,False,,,,,False,False,False
ENSG00000178947,1597,False,,,,,0.003960546293957249,False,False,False,,,,,False,False,False
ENSG00000223396,1598,False,,,,,0.00395582884151854,False,False,False,,,,,False,False,False
ENSG00000248099,1599,False,,,,,0.00394207751380551,False,False,False,,,,,False,False,False
ENSG00000242094,1600,False,,,,,0.0039275765882840095,False,False,False,,,,,False,False,False
ENSG00000185897,1601,False,,,,,0.0038807361007514346,False,False,False,,,,,False,False,False
ENSG00000158578,1602,False,,,,,0.003875923593595831,False,False,False,,,,,False,False,False
ENSG00000164485,1603,False,,,,,0.0038732012077415303,False,False,False,,,,,False,False,False
ENSG00000180638,1604,False,,,,,0.0038517042548299224,False,False,False,,,,,False,False,False
ENSG00000173702,1605,False,,,,,0.0038488741026301643,False,False,False,,,,,False,False,False
ENSG00000233913,1606,False,,,,,0.0038480311324061815,False,False,False,,,,,False,False,False
ENSG00000214402,1607,False,,,,,0.003840105794552381,False,False,False,,,,,False,False,False
ENSG00000267809,1608,False,,,,,0.0038394090911176956,False,False,False,,,,,False,False,False
ENSG00000271288,1609,False,,,,,0.0038376344061548328,False,False,False,,,,,False,False,False
ENSG00000164690,1610,False,,,,,0.0038272055850189913,False,False,False,,,,,False,False,False
ENSG00000136929,1611,False,,,,,0.0038258607024278333,False,False,False,,,,,False,False,False
ENSG00000154898,1612,False,,,,,0.00382134313870043,False,False,False,,,,,False,False,False
ENSG00000234409,1613,False,,,,,0.003811004882070684,False,False,False,,,,,False,False,False
ENSG00000281026,1614,False,,,,,0.003801795786298101,False,False,False,,,,,False,False,False
ENSG00000161634,1615,False,,,,,0.0038006417112183485,False,False,False,,,,,False,False,False
ENSG00000224081,1616,False,,,,,0.003775055603468996,False,False,False,,,,,False,False,False
ENSG00000173585,1617,False,,,,,0.0037380048359546493,False,False,False,,,,,False,False,False
ENSG00000258116,1618,False,,,,,0.0037366941825974567,False,False,False,,,,,False,False,False
ENSG00000272734,1619,False,,,,,0.003735579534667176,False,False,False,,,,,False,False,False
ENSG00000205361,1620,False,,,,,0.0037267644131833443,False,False,False,,,,,False,False,False
ENSG00000243284,1621,False,,,,,0.0037103218813191643,False,False,False,,,,,False,False,False
ENSG00000214182,1622,False,,,,,0.003710032601647083,False,False,False,,,,,False,False,False
ENSG00000243680,1623,False,,,,,0.003696871698461817,False,False,False,,,,,False,False,False
ENSG00000211944,1624,False,,,,,0.003695979126874055,False,False,False,,,,,False,False,False
ENSG00000181524,1625,False,,,,,0.0036903508251002384,False,False,False,,,,,False,False,False
ENSG00000218208,1626,False,,,,,0.0036899974780437482,False,False,False,,,,,False,False,False
ENSG00000261834,1627,False,,,,,0.0036783633466603246,False,False,False,,,,,False,False,False
ENSG00000116147,1628,False,,,,,0.0036782706199948822,False,False,False,,,,,False,False,False
ENSG00000178965,1629,False,,,,,0.0036756398545286085,False,False,False,,,,,False,False,False
ENSG00000240914,1630,False,,,,,0.003674700208117808,False,False,False,,,,,False,False,False
ENSG00000236502,1631,False,,,,,0.0036683756297410126,False,False,False,,,,,False,False,False
ENSG00000230701,1632,False,,,,,0.003667688175938338,False,False,False,,,,,False,False,False
ENSG00000260448,1633,False,,,,,0.00365158870365601,False,False,False,,,,,False,False,False
ENSG00000170290,1634,False,,,,,0.00365109712294771,False,False,False,,,,,False,False,False
ENSG00000240342,1635,False,,,,,0.003645510270513541,False,False,False,,,,,False,False,False
ENSG00000256379,1636,False,,,,,0.003612752605535776,False,False,False,,,,,False,False,False
ENSG00000227525,1637,False,,,,,0.0036106914344373195,False,False,False,,,,,False,False,False
ENSG00000211665,1638,False,,,,,0.0036079748781753223,False,False,False,,,,,False,False,False
ENSG00000286237,1639,False,,,,,0.0035900906685765945,False,False,False,,,,,False,False,False
ENSG00000178803,1640,False,,,,,0.003587419540566001,False,False,False,,,,,False,False,False
ENSG00000263883,1641,False,,,,,0.00358683367768843,False,False,False,,,,,False,False,False
ENSG00000255245,1642,False,,,,,0.0035619461920809318,False,False,False,,,,,False,False,False
ENSG00000167800,1643,False,,,,,0.003552343149312935,False,False,False,,,,,False,False,False
ENSG00000186231,1644,False,,,,,0.003550843198295991,False,False,False,,,,,False,False,False
ENSG00000166926,1645,False,,,,,0.003547535534941057,False,False,False,,,,,False,False,False
ENSG00000230076,1646,False,,,,,0.0035449417811475384,False,False,False,,,,,False,False,False
ENSG00000215595,1647,False,,,,,0.003522680608073271,False,False,False,,,,,False,False,False
ENSG00000196228,1648,False,,,,,0.003516070645710713,False,False,False,,,,,False,False,False
ENSG00000139610,1649,False,,,,,0.003488590873253732,False,False,False,,,,,False,False,False
ENSG00000203804,1650,False,,,,,0.003473430074454821,False,False,False,,,,,False,False,False
ENSG00000236830,1651,False,,,,,0.0034595688299482326,False,False,False,,,,,False,False,False
ENSG00000215580,1652,False,,,,,0.00345180981777594,False,False,False,,,,,False,False,False
ENSG00000141194,1653,False,,,,,0.003441438329027752,False,False,False,,,,,False,False,False
ENSG00000262074,1654,False,,,,,0.00343823576929012,False,False,False,,,,,False,False,False
ENSG00000239247,1655,False,,,,,0.0034342159312223224,False,False,False,,,,,False,False,False
ENSG00000232888,1656,False,,,,,0.0034215297602628652,False,False,False,,,,,False,False,False
ENSG00000235385,1657,False,,,,,0.003406510456049182,False,False,False,,,,,False,False,False
ENSG00000212961,1658,False,,,,,0.0034011563885328134,False,False,False,,,,,False,False,False
ENSG00000254174,1659,False,,,,,0.0033912847314406225,False,False,False,,,,,False,False,False
ENSG00000250011,1660,False,,,,,0.003389666730316399,False,False,False,,,,,False,False,False
ENSG00000211672,1661,False,,,,,0.0033844937568410435,False,False,False,,,,,False,False,False
ENSG00000279296,1662,False,,,,,0.0033819589746998634,False,False,False,,,,,False,False,False
ENSG00000185198,1663,False,,,,,0.0033777301191710496,False,False,False,,,,,False,False,False
ENSG00000234009,1664,False,,,,,0.0033612355470120413,False,False,False,,,,,False,False,False
ENSG00000160870,1665,False,,,,,0.0033595705471173615,False,False,False,,,,,False,False,False
ENSG00000173237,1666,False,,,,,0.0033403055930403074,False,False,False,,,,,False,False,False
ENSG00000197616,1667,False,,,,,0.0033401934497849436,False,False,False,,,,,False,False,False
ENSG00000215184,1668,False,,,,,0.0033332718675190415,False,False,False,,,,,False,False,False
ENSG00000230530,1669,False,,,,,0.0033271252055992735,False,False,False,,,,,False,False,False
ENSG00000154975,1670,False,,,,,0.0033069682224962857,False,False,False,,,,,False,False,False
ENSG00000142538,1671,False,,,,,0.003306132102905204,False,False,False,,,,,False,False,False
ENSG00000106341,1672,False,,,,,0.0032855599085437497,False,False,False,,,,,False,False,False
ENSG00000101323,1673,False,,,,,0.0032805246347405548,False,False,False,,,,,False,False,False
ENSG00000243759,1674,False,,,,,0.003275384365020964,False,False,False,,,,,False,False,False
ENSG00000229331,1675,False,,,,,0.0032747457662729157,False,False,False,,,,,False,False,False
ENSG00000229816,1676,False,,,,,0.003273334283514604,False,False,False,,,,,False,False,False
ENSG00000170486,1677,False,,,,,0.003263331353371605,False,False,False,,,,,False,False,False
ENSG00000265684,1678,False,,,,,0.0032606130632188727,False,False,False,,,,,False,False,False
ENSG00000230673,1679,False,,,,,0.0032471312605278266,False,False,False,,,,,False,False,False
ENSG00000285373,1680,False,,,,,0.00324393378189992,False,False,False,,,,,False,False,False
ENSG00000233308,1681,False,,,,,0.0032408073656944947,False,False,False,,,,,False,False,False
ENSG00000241288,1682,False,,,,,0.003213683501765401,False,False,False,,,,,False,False,False
ENSG00000241563,1683,False,,,,,0.003212039208853156,False,False,False,,,,,False,False,False
ENSG00000079557,1684,False,,,,,0.003197085765830454,False,False,False,,,,,False,False,False
ENSG00000228668,1685,False,,,,,0.0031946543072803933,False,False,False,,,,,False,False,False
ENSG00000279066,1686,False,,,,,0.0031900856564946794,False,False,False,,,,,False,False,False
ENSG00000218052,1687,False,,,,,0.003188887500454767,False,False,False,,,,,False,False,False
ENSG00000165325,1688,False,,,,,0.0031858790194141456,False,False,False,,,,,False,False,False
ENSG00000183571,1689,False,,,,,0.003182641686564158,False,False,False,,,,,False,False,False
ENSG00000233747,1690,False,,,,,0.003173961437704668,False,False,False,,,,,False,False,False
ENSG00000206177,1691,False,,,,,0.003169564510170113,False,False,False,,,,,False,False,False
ENSG00000211979,1692,False,,,,,0.003165857649254435,False,False,False,,,,,False,False,False
ENSG00000174460,1693,False,,,,,0.003159997068588349,False,False,False,,,,,False,False,False
ENSG00000236670,1694,False,,,,,0.003143519924856949,False,False,False,,,,,False,False,False
ENSG00000053438,1695,False,,,,,0.0031434627766517256,False,False,False,,,,,False,False,False
ENSG00000135409,1696,False,,,,,0.003133994178929147,False,False,False,,,,,False,False,False
ENSG00000254285,1697,False,,,,,0.0031330716808789156,False,False,False,,,,,False,False,False
ENSG00000231365,1698,False,,,,,0.0031252049501590226,False,False,False,,,,,False,False,False
ENSG00000203414,1699,False,,,,,0.0031247862097684956,False,False,False,,,,,False,False,False
ENSG00000255071,1700,False,,,,,0.0031030916549579938,False,False,False,,,,,False,False,False
ENSG00000257666,1701,False,,,,,0.003098225016701969,False,False,False,,,,,False,False,False
ENSG00000248626,1702,False,,,,,0.0030888307916272888,False,False,False,,,,,False,False,False
ENSG00000228590,1703,False,,,,,0.003077188514785646,False,False,False,,,,,False,False,False
ENSG00000234572,1704,False,,,,,0.003068190324429027,False,False,False,,,,,False,False,False
ENSG00000243227,1705,False,,,,,0.0030665056967418745,False,False,False,,,,,False,False,False
ENSG00000122043,1706,False,,,,,0.003056080793221674,False,False,False,,,,,False,False,False
ENSG00000234782,1707,False,,,,,0.0030524144725768486,False,False,False,,,,,False,False,False
ENSG00000225079,1708,False,,,,,0.0030457686963872733,False,False,False,,,,,False,False,False
ENSG00000242493,1709,False,,,,,0.003043004769263983,False,False,False,,,,,False,False,False
ENSG00000163464,1710,False,,,,,0.003021551189895627,False,False,False,,,,,False,False,False
ENSG00000267712,1711,False,,,,,0.0030211594008793087,False,False,False,,,,,False,False,False
ENSG00000196565,1712,False,,,,,0.0030134402155966356,False,False,False,,,,,False,False,False
ENSG00000053328,1713,False,,,,,0.003008816196336578,False,False,False,,,,,False,False,False
ENSG00000184374,1714,False,,,,,0.002990812043239389,False,False,False,,,,,False,False,False
ENSG00000001626,1715,False,,,,,0.0029811180167737994,False,False,False,,,,,False,False,False
ENSG00000232429,1716,False,,,,,0.002976843726530655,False,False,False,,,,,False,False,False
ENSG00000243592,1717,False,,,,,0.0029759673553694625,False,False,False,,,,,False,False,False
ENSG00000232439,1718,False,,,,,0.0029647963034687133,False,False,False,,,,,False,False,False
ENSG00000254326,1719,False,,,,,0.002963739258602525,False,False,False,,,,,False,False,False
ENSG00000220583,1720,False,,,,,0.002961227932816039,False,False,False,,,,,False,False,False
ENSG00000143536,1721,False,,,,,0.0029607731989484557,False,False,False,,,,,False,False,False
ENSG00000213231,1722,False,,,,,0.002940830623773054,False,False,False,,,,,False,False,False
ENSG00000130368,1723,False,,,,,0.002925633378654614,False,False,False,,,,,False,False,False
ENSG00000283047,1724,False,,,,,0.002916700382945692,False,False,False,,,,,False,False,False
ENSG00000268940,1725,False,,,,,0.0029109624144267863,False,False,False,,,,,False,False,False
ENSG00000213693,1726,False,,,,,0.002909775260083755,False,False,False,,,,,False,False,False
ENSG00000233732,1727,False,,,,,0.0028891203827185775,False,False,False,,,,,False,False,False
ENSG00000259699,1728,False,,,,,0.002881428825119693,False,False,False,,,,,False,False,False
ENSG00000211639,1729,False,,,,,0.002870258819506174,False,False,False,,,,,False,False,False
ENSG00000171595,1730,False,,,,,0.0028597796735021974,False,False,False,,,,,False,False,False
ENSG00000251513,1731,False,,,,,0.0028507198486317936,False,False,False,,,,,False,False,False
ENSG00000243544,1732,False,,,,,0.002843993658059719,False,False,False,,,,,False,False,False
ENSG00000229132,1733,False,,,,,0.0028427559657464153,False,False,False,,,,,False,False,False
ENSG00000233266,1734,False,,,,,0.0028329241014641055,False,False,False,,,,,False,False,False
ENSG00000236804,1735,False,,,,,0.0028310683515493282,False,False,False,,,,,False,False,False
ENSG00000211838,1736,False,,,,,0.0028306500524802334,False,False,False,,,,,False,False,False
ENSG00000211675,1737,False,,,,,0.0028165681259582362,False,False,False,,,,,False,False,False
ENSG00000240225,1738,False,,,,,0.002810569458461777,False,False,False,,,,,False,False,False
ENSG00000243964,1739,False,,,,,0.0027979692622009727,False,False,False,,,,,False,False,False
ENSG00000198744,1740,False,,,,,0.0027906896573312552,False,False,False,,,,,False,False,False
ENSG00000186235,1741,False,,,,,0.0027884206358608937,False,False,False,,,,,False,False,False
ENSG00000283293,1742,False,,,,,0.0027847320842117286,False,False,False,,,,,False,False,False
ENSG00000241941,1743,False,,,,,0.0027808727434113023,False,False,False,,,,,False,False,False
ENSG00000234851,1744,False,,,,,0.0027703256746170477,False,False,False,,,,,False,False,False
ENSG00000281560,1745,False,,,,,0.002767700796481774,False,False,False,,,,,False,False,False
ENSG00000257718,1746,False,,,,,0.002767480926698843,False,False,False,,,,,False,False,False
ENSG00000131142,1747,False,,,,,0.0027660587660728536,False,False,False,,,,,False,False,False
ENSG00000211715,1748,False,,,,,0.0027605777835307804,False,False,False,,,,,False,False,False
ENSG00000163501,1749,False,,,,,0.0027595058161805903,False,False,False,,,,,False,False,False
ENSG00000211731,1750,False,,,,,0.0027402071176833654,False,False,False,,,,,False,False,False
ENSG00000125804,1751,False,,,,,0.0027310064028065015,False,False,False,,,,,False,False,False
ENSG00000281183,1752,False,,,,,0.002729661668282603,False,False,False,,,,,False,False,False
ENSG00000201221,1753,False,,,,,0.0027251221577487394,False,False,False,,,,,False,False,False
ENSG00000211597,1754,False,,,,,0.002713470197288227,False,False,False,,,,,False,False,False
ENSG00000182566,1755,False,,,,,0.0027123167148574018,False,False,False,,,,,False,False,False
ENSG00000253883,1756,False,,,,,0.0027094634369970384,False,False,False,,,,,False,False,False
ENSG00000225920,1757,False,,,,,0.0027047246045699062,False,False,False,,,,,False,False,False
ENSG00000215414,1758,False,,,,,0.0026922308206983273,False,False,False,,,,,False,False,False
ENSG00000186895,1759,False,,,,,0.0026921989859762293,False,False,False,,,,,False,False,False
ENSG00000242358,1760,False,,,,,0.002687198429215461,False,False,False,,,,,False,False,False
ENSG00000259337,1761,False,,,,,0.002686236090895685,False,False,False,,,,,False,False,False
ENSG00000252118,1762,False,,,,,0.002685814803477941,False,False,False,,,,,False,False,False
ENSG00000224281,1763,False,,,,,0.0026839882498534665,False,False,False,,,,,False,False,False
ENSG00000204653,1764,False,,,,,0.0026663651879089674,False,False,False,,,,,False,False,False
ENSG00000242294,1765,False,,,,,0.002666000917306837,False,False,False,,,,,False,False,False
ENSG00000186652,1766,False,,,,,0.002662675851501228,False,False,False,,,,,False,False,False
ENSG00000242571,1767,False,,,,,0.002659204745384474,False,False,False,,,,,False,False,False
ENSG00000252311,1768,False,,,,,0.002658483986213175,False,False,False,,,,,False,False,False
ENSG00000283698,1769,False,,,,,0.0026520589649326708,False,False,False,,,,,False,False,False
ENSG00000149021,1770,False,,,,,0.0026494245503083497,False,False,False,,,,,False,False,False
ENSG00000237238,1771,False,,,,,0.0026450218207651342,False,False,False,,,,,False,False,False
ENSG00000178343,1772,False,,,,,0.00264385988171932,False,False,False,,,,,False,False,False
ENSG00000215105,1773,False,,,,,0.002640826789390029,False,False,False,,,,,False,False,False
ENSG00000235374,1774,False,,,,,0.0026314894415342665,False,False,False,,,,,False,False,False
ENSG00000270472,1775,False,,,,,0.002623302931778245,False,False,False,,,,,False,False,False
ENSG00000233325,1776,False,,,,,0.002622540082858986,False,False,False,,,,,False,False,False
ENSG00000257048,1777,False,,,,,0.002620913707046281,False,False,False,,,,,False,False,False
ENSG00000206579,1778,False,,,,,0.002614808572200716,False,False,False,,,,,False,False,False
ENSG00000225067,1779,False,,,,,0.0026102595325897746,False,False,False,,,,,False,False,False
ENSG00000253709,1780,False,,,,,0.0025977706858399973,False,False,False,,,,,False,False,False
ENSG00000251348,1781,False,,,,,0.0025902267552202155,False,False,False,,,,,False,False,False
ENSG00000211667,1782,False,,,,,0.0025775036042583964,False,False,False,,,,,False,False,False
ENSG00000210112,1783,False,,,,,0.0025689496800983965,False,False,False,,,,,False,False,False
ENSG00000241120,1784,False,,,,,0.002557306151816509,False,False,False,,,,,False,False,False
ENSG00000101342,1785,False,,,,,0.002554859464813835,False,False,False,,,,,False,False,False
ENSG00000101441,1786,False,,,,,0.0025527273122958128,False,False,False,,,,,False,False,False
ENSG00000250959,1787,False,,,,,0.002550919672125098,False,False,False,,,,,False,False,False
ENSG00000243560,1788,False,,,,,0.002541544234753574,False,False,False,,,,,False,False,False
ENSG00000123454,1789,False,,,,,0.002540376963472295,False,False,False,,,,,False,False,False
ENSG00000241233,1790,False,,,,,0.0025324611604143955,False,False,False,,,,,False,False,False
ENSG00000107147,1791,False,,,,,0.0025322333520344936,False,False,False,,,,,False,False,False
ENSG00000257906,1792,False,,,,,0.002530313590989673,False,False,False,,,,,False,False,False
ENSG00000239218,1793,False,,,,,0.0025222304704361174,False,False,False,,,,,False,False,False
ENSG00000228649,1794,False,,,,,0.0025214280940911065,False,False,False,,,,,False,False,False
ENSG00000237106,1795,False,,,,,0.0025165009492632605,False,False,False,,,,,False,False,False
ENSG00000132446,1796,False,,,,,0.0025155927513034865,False,False,False,,,,,False,False,False
ENSG00000270467,1797,False,,,,,0.0025142984872760545,False,False,False,,,,,False,False,False
ENSG00000215244,1798,False,,,,,0.0024977706766717966,False,False,False,,,,,False,False,False
ENSG00000203865,1799,False,,,,,0.002493572199010944,False,False,False,,,,,False,False,False
ENSG00000242170,1800,False,,,,,0.0024912707569228437,False,False,False,,,,,False,False,False
ENSG00000134538,1801,False,,,,,0.0024893206789652063,False,False,False,,,,,False,False,False
ENSG00000242808,1802,False,,,,,0.0024885619689011995,False,False,False,,,,,False,False,False
ENSG00000237674,1803,False,,,,,0.0024878692184364666,False,False,False,,,,,False,False,False
ENSG00000187682,1804,False,,,,,0.002481674362596955,False,False,False,,,,,False,False,False
ENSG00000237135,1805,False,,,,,0.002474616838794688,False,False,False,,,,,False,False,False
ENSG00000243175,1806,False,,,,,0.0024712341368604627,False,False,False,,,,,False,False,False
ENSG00000215544,1807,False,,,,,0.002468956899193981,False,False,False,,,,,False,False,False
ENSG00000101951,1808,False,,,,,0.0024605685021196182,False,False,False,,,,,False,False,False
ENSG00000064205,1809,False,,,,,0.0024599718543631497,False,False,False,,,,,False,False,False
ENSG00000260518,1810,False,,,,,0.0024482606307290587,False,False,False,,,,,False,False,False
ENSG00000265366,1811,False,,,,,0.002446288388005045,False,False,False,,,,,False,False,False
ENSG00000204685,1812,False,,,,,0.0024154021343862305,False,False,False,,,,,False,False,False
ENSG00000188996,1813,False,,,,,0.0024028975524112333,False,False,False,,,,,False,False,False
ENSG00000235029,1814,False,,,,,0.0023950515879121253,False,False,False,,,,,False,False,False
ENSG00000124391,1815,False,,,,,0.002344995968412617,False,False,False,,,,,False,False,False
ENSG00000178429,1816,False,,,,,0.0023421507507719254,False,False,False,,,,,False,False,False
ENSG00000249700,1817,False,,,,,0.0023400610396568594,False,False,False,,,,,False,False,False
ENSG00000255587,1818,False,,,,,0.002331193566537958,False,False,False,,,,,False,False,False
ENSG00000212743,1819,False,,,,,0.0023246218186328306,False,False,False,,,,,False,False,False
ENSG00000234028,1820,False,,,,,0.002320084882129005,False,False,False,,,,,False,False,False
ENSG00000205922,1821,False,,,,,0.0023172392974760117,False,False,False,,,,,False,False,False
ENSG00000261704,1822,False,,,,,0.002306818620823974,False,False,False,,,,,False,False,False
ENSG00000246560,1823,False,,,,,0.002305234900780072,False,False,False,,,,,False,False,False
ENSG00000233328,1824,False,,,,,0.0023020793532510576,False,False,False,,,,,False,False,False
ENSG00000255319,1825,False,,,,,0.002301216719123469,False,False,False,,,,,False,False,False
ENSG00000164129,1826,False,,,,,0.0022982631766351883,False,False,False,,,,,False,False,False
ENSG00000198618,1827,False,,,,,0.0022965250481637002,False,False,False,,,,,False,False,False
ENSG00000116996,1828,False,,,,,0.00228167426098267,False,False,False,,,,,False,False,False
ENSG00000259590,1829,False,,,,,0.0022732288071100914,False,False,False,,,,,False,False,False
ENSG00000181541,1830,False,,,,,0.002264063820911035,False,False,False,,,,,False,False,False
ENSG00000267083,1831,False,,,,,0.002263079559643212,False,False,False,,,,,False,False,False
ENSG00000179766,1832,False,,,,,0.002261948065324868,False,False,False,,,,,False,False,False
ENSG00000267123,1833,False,,,,,0.002256577915059277,False,False,False,,,,,False,False,False
ENSG00000283050,1834,False,,,,,0.002251510092981338,False,False,False,,,,,False,False,False
ENSG00000122136,1835,False,,,,,0.002247283895841188,False,False,False,,,,,False,False,False
ENSG00000204767,1836,False,,,,,0.0022425286798259583,False,False,False,,,,,False,False,False
ENSG00000211857,1837,False,,,,,0.002238861507488542,False,False,False,,,,,False,False,False
ENSG00000260265,1838,False,,,,,0.002231578741584125,False,False,False,,,,,False,False,False
ENSG00000249649,1839,False,,,,,0.0022176271332612213,False,False,False,,,,,False,False,False
ENSG00000251994,1840,False,,,,,0.002212223924955226,False,False,False,,,,,False,False,False
ENSG00000230409,1841,False,,,,,0.002210920758108811,False,False,False,,,,,False,False,False
ENSG00000211837,1842,False,,,,,0.0021997587501996173,False,False,False,,,,,False,False,False
ENSG00000211958,1843,False,,,,,0.0021997030758460112,False,False,False,,,,,False,False,False
ENSG00000275549,1844,False,,,,,0.0021976910431384888,False,False,False,,,,,False,False,False
ENSG00000253734,1845,False,,,,,0.0021949238771583083,False,False,False,,,,,False,False,False
ENSG00000234785,1846,False,,,,,0.002190017229325189,False,False,False,,,,,False,False,False
ENSG00000200156,1847,False,,,,,0.0021895671824701908,False,False,False,,,,,False,False,False
ENSG00000223729,1848,False,,,,,0.002187034023969797,False,False,False,,,,,False,False,False
ENSG00000161912,1849,False,,,,,0.002186166879564147,False,False,False,,,,,False,False,False
ENSG00000232022,1850,False,,,,,0.002173641965491802,False,False,False,,,,,False,False,False
ENSG00000227560,1851,False,,,,,0.002172859336446031,False,False,False,,,,,False,False,False
ENSG00000240233,1852,False,,,,,0.002168679478822567,False,False,False,,,,,False,False,False
ENSG00000116748,1853,False,,,,,0.0021645142374405245,False,False,False,,,,,False,False,False
ENSG00000073754,1854,False,,,,,0.0021593269027626576,False,False,False,,,,,False,False,False
ENSG00000134193,1855,False,,,,,0.0021562229577757656,False,False,False,,,,,False,False,False
ENSG00000225511,1856,False,,,,,0.0021552053765754994,False,False,False,,,,,False,False,False
ENSG00000214433,1857,False,,,,,0.0021503681768960366,False,False,False,,,,,False,False,False
ENSG00000181074,1858,False,,,,,0.0021479076316665686,False,False,False,,,,,False,False,False
ENSG00000228589,1859,False,,,,,0.002141965175989739,False,False,False,,,,,False,False,False
ENSG00000225423,1860,False,,,,,0.002135388328891339,False,False,False,,,,,False,False,False
ENSG00000110680,1861,False,,,,,0.00213004355103587,False,False,False,,,,,False,False,False
ENSG00000229703,1862,False,,,,,0.0021232475986928782,False,False,False,,,,,False,False,False
ENSG00000238063,1863,False,,,,,0.002113480812440642,False,False,False,,,,,False,False,False
ENSG00000279873,1864,False,,,,,0.0021110023874122527,False,False,False,,,,,False,False,False
ENSG00000213411,1865,False,,,,,0.0021057759483636457,False,False,False,,,,,False,False,False
ENSG00000243422,1866,False,,,,,0.0021028588491628767,False,False,False,,,,,False,False,False
ENSG00000224821,1867,False,,,,,0.0020963619235565443,False,False,False,,,,,False,False,False
ENSG00000110887,1868,False,,,,,0.0020947973464385166,False,False,False,,,,,False,False,False
ENSG00000220848,1869,False,,,,,0.0020923794525531682,False,False,False,,,,,False,False,False
ENSG00000214439,1870,False,,,,,0.0020918649851355982,False,False,False,,,,,False,False,False
ENSG00000242971,1871,False,,,,,0.002087837556815134,False,False,False,,,,,False,False,False
ENSG00000243609,1872,False,,,,,0.002082916216528519,False,False,False,,,,,False,False,False
ENSG00000224892,1873,False,,,,,0.0020800668219493387,False,False,False,,,,,False,False,False
ENSG00000129152,1874,False,,,,,0.002075694057303448,False,False,False,,,,,False,False,False
ENSG00000242100,1875,False,,,,,0.0020744164097313226,False,False,False,,,,,False,False,False
ENSG00000143839,1876,False,,,,,0.0020724501070918055,False,False,False,,,,,False,False,False
ENSG00000171195,1877,False,,,,,0.002067471999348617,False,False,False,,,,,False,False,False
ENSG00000165874,1878,False,,,,,0.0020666752775865818,False,False,False,,,,,False,False,False
ENSG00000261556,1879,False,,,,,0.0020664243661373868,False,False,False,,,,,False,False,False
ENSG00000172016,1880,False,,,,,0.0020654187656148925,False,False,False,,,,,False,False,False
ENSG00000185640,1881,False,,,,,0.0020634121566379055,False,False,False,,,,,False,False,False
ENSG00000258511,1882,False,,,,,0.0020467258257243545,False,False,False,,,,,False,False,False
ENSG00000116882,1883,False,,,,,0.002045557300054152,False,False,False,,,,,False,False,False
ENSG00000240877,1884,False,,,,,0.002037661838744386,False,False,False,,,,,False,False,False
ENSG00000226580,1885,False,,,,,0.0020340334460677836,False,False,False,,,,,False,False,False
ENSG00000217767,1886,False,,,,,0.002029424005996576,False,False,False,,,,,False,False,False
ENSG00000255409,1887,False,,,,,0.002027662958317543,False,False,False,,,,,False,False,False
ENSG00000219085,1888,False,,,,,0.002012552217861059,False,False,False,,,,,False,False,False
ENSG00000105370,1889,False,,,,,0.0020063112274794643,False,False,False,,,,,False,False,False
ENSG00000120051,1890,False,,,,,0.0020051215202512656,False,False,False,,,,,False,False,False
ENSG00000253959,1891,False,,,,,0.0019988488782149267,False,False,False,,,,,False,False,False
ENSG00000226757,1892,False,,,,,0.0019966201992198296,False,False,False,,,,,False,False,False
ENSG00000156755,1893,False,,,,,0.0019943654835095285,False,False,False,,,,,False,False,False
ENSG00000235763,1894,False,,,,,0.0019904714662861193,False,False,False,,,,,False,False,False
ENSG00000185710,1895,False,,,,,0.0019877619718995506,False,False,False,,,,,False,False,False
ENSG00000178395,1896,False,,,,,0.001987114229970274,False,False,False,,,,,False,False,False
ENSG00000275874,1897,False,,,,,0.00198628488057846,False,False,False,,,,,False,False,False
ENSG00000185002,1898,False,,,,,0.0019855186032119916,False,False,False,,,,,False,False,False
ENSG00000232858,1899,False,,,,,0.001983622721830999,False,False,False,,,,,False,False,False
ENSG00000120937,1900,False,,,,,0.0019828083250362383,False,False,False,,,,,False,False,False
ENSG00000251432,1901,False,,,,,0.001978780605235374,False,False,False,,,,,False,False,False
ENSG00000257135,1902,False,,,,,0.0019785370456507413,False,False,False,,,,,False,False,False
ENSG00000166211,1903,False,,,,,0.0019774998669873215,False,False,False,,,,,False,False,False
ENSG00000254030,1904,False,,,,,0.0019725376575033325,False,False,False,,,,,False,False,False
ENSG00000224003,1905,False,,,,,0.001972136715472375,False,False,False,,,,,False,False,False
ENSG00000227543,1906,False,,,,,0.001970930567858492,False,False,False,,,,,False,False,False
ENSG00000123201,1907,False,,,,,0.0019665090338663246,False,False,False,,,,,False,False,False
ENSG00000240531,1908,False,,,,,0.0019657491201687948,False,False,False,,,,,False,False,False
ENSG00000171658,1909,False,,,,,0.0019650328045755475,False,False,False,,,,,False,False,False
ENSG00000215475,1910,False,,,,,0.0019640219204614838,False,False,False,,,,,False,False,False
ENSG00000162391,1911,False,,,,,0.0019586358594587644,False,False,False,,,,,False,False,False
ENSG00000222414,1912,False,,,,,0.0019553572293392347,False,False,False,,,,,False,False,False
ENSG00000236333,1913,False,,,,,0.001950889710030419,False,False,False,,,,,False,False,False
ENSG00000241511,1914,False,,,,,0.0019505908771171622,False,False,False,,,,,False,False,False
ENSG00000258551,1915,False,,,,,0.0019485163332911633,False,False,False,,,,,False,False,False
ENSG00000255151,1916,False,,,,,0.0019478044556171627,False,False,False,,,,,False,False,False
ENSG00000258710,1917,False,,,,,0.0019415025524260237,False,False,False,,,,,False,False,False
ENSG00000243806,1918,False,,,,,0.0019369481869345416,False,False,False,,,,,False,False,False
ENSG00000137766,1919,False,,,,,0.0019340066930653977,False,False,False,,,,,False,False,False
ENSG00000224411,1920,False,,,,,0.0019333023482387894,False,False,False,,,,,False,False,False
ENSG00000268964,1921,False,,,,,0.0019321802186843338,False,False,False,,,,,False,False,False
ENSG00000254266,1922,False,,,,,0.0019264199934194916,False,False,False,,,,,False,False,False
ENSG00000047936,1923,False,,,,,0.0019240942285288333,False,False,False,,,,,False,False,False
ENSG00000158571,1924,False,,,,,0.0019236216050514494,False,False,False,,,,,False,False,False
ENSG00000231940,1925,False,,,,,0.0019213883292369767,False,False,False,,,,,False,False,False
ENSG00000242829,1926,False,,,,,0.0019117437014699943,False,False,False,,,,,False,False,False
ENSG00000173401,1927,False,,,,,0.001905234089430543,False,False,False,,,,,False,False,False
ENSG00000204710,1928,False,,,,,0.001904514676889353,False,False,False,,,,,False,False,False
ENSG00000166856,1929,False,,,,,0.0019029499849384287,False,False,False,,,,,False,False,False
ENSG00000271130,1930,False,,,,,0.0019017513607492856,False,False,False,,,,,False,False,False
ENSG00000276674,1931,False,,,,,0.0019000592795721189,False,False,False,,,,,False,False,False
ENSG00000140835,1932,False,,,,,0.001896693733682951,False,False,False,,,,,False,False,False
ENSG00000259706,1933,False,,,,,0.0018960534646504385,False,False,False,,,,,False,False,False
ENSG00000243954,1934,False,,,,,0.0018957102178203617,False,False,False,,,,,False,False,False
ENSG00000266946,1935,False,,,,,0.0018874856235298308,False,False,False,,,,,False,False,False
ENSG00000226525,1936,False,,,,,0.0018873603094284074,False,False,False,,,,,False,False,False
ENSG00000261618,1937,False,,,,,0.0018792773273625637,False,False,False,,,,,False,False,False
ENSG00000166947,1938,False,,,,,0.0018765763149615135,False,False,False,,,,,False,False,False
ENSG00000159224,1939,False,,,,,0.0018754252835954078,False,False,False,,,,,False,False,False
ENSG00000237840,1940,False,,,,,0.0018659441030322481,False,False,False,,,,,False,False,False
ENSG00000243051,1941,False,,,,,0.0018570988249370871,False,False,False,,,,,False,False,False
ENSG00000161610,1942,False,,,,,0.0018515444855706131,False,False,False,,,,,False,False,False
ENSG00000266420,1943,False,,,,,0.0018506179023625008,False,False,False,,,,,False,False,False
ENSG00000258673,1944,False,,,,,0.001847259141054104,False,False,False,,,,,False,False,False
ENSG00000254046,1945,False,,,,,0.0018455076277288684,False,False,False,,,,,False,False,False
ENSG00000243353,1946,False,,,,,0.001838520881087311,False,False,False,,,,,False,False,False
ENSG00000239183,1947,False,,,,,0.001838032284526293,False,False,False,,,,,False,False,False
ENSG00000100341,1948,False,,,,,0.0018372222016145466,False,False,False,,,,,False,False,False
ENSG00000184423,1949,False,,,,,0.0018321371040678908,False,False,False,,,,,False,False,False
ENSG00000241081,1950,False,,,,,0.0018271777884151287,False,False,False,,,,,False,False,False
ENSG00000240250,1951,False,,,,,0.0018213894815743191,False,False,False,,,,,False,False,False
ENSG00000213885,1952,False,,,,,0.001819849103800475,False,False,False,,,,,False,False,False
ENSG00000241506,1953,False,,,,,0.0018148952933577,False,False,False,,,,,False,False,False
ENSG00000177984,1954,False,,,,,0.0018114143398591143,False,False,False,,,,,False,False,False
ENSG00000166573,1955,False,,,,,0.0018111521547357335,False,False,False,,,,,False,False,False
ENSG00000188816,1956,False,,,,,0.0018109460592024378,False,False,False,,,,,False,False,False
ENSG00000074276,1957,False,,,,,0.0018068201624398324,False,False,False,,,,,False,False,False
ENSG00000283314,1958,False,,,,,0.0018067612648840464,False,False,False,,,,,False,False,False
ENSG00000239272,1959,False,,,,,0.0018041095071391778,False,False,False,,,,,False,False,False
ENSG00000235957,1960,False,,,,,0.0018024417962656711,False,False,False,,,,,False,False,False
ENSG00000232472,1961,False,,,,,0.0017996368318614771,False,False,False,,,,,False,False,False
ENSG00000259230,1962,False,,,,,0.0017980023458988947,False,False,False,,,,,False,False,False
ENSG00000167780,1963,False,,,,,0.0017960739971251498,False,False,False,,,,,False,False,False
ENSG00000268758,1964,False,,,,,0.0017960631563535227,False,False,False,,,,,False,False,False
ENSG00000215878,1965,False,,,,,0.0017861011966612877,False,False,False,,,,,False,False,False
ENSG00000237412,1966,False,,,,,0.0017855713008362126,False,False,False,,,,,False,False,False
ENSG00000224699,1967,False,,,,,0.0017829525152074479,False,False,False,,,,,False,False,False
ENSG00000211844,1968,False,,,,,0.0017825609901521897,False,False,False,,,,,False,False,False
ENSG00000202392,1969,False,,,,,0.0017821615508168726,False,False,False,,,,,False,False,False
ENSG00000224019,1970,False,,,,,0.0017817151352336896,False,False,False,,,,,False,False,False
ENSG00000215223,1971,False,,,,,0.0017767170025604288,False,False,False,,,,,False,False,False
ENSG00000271952,1972,False,,,,,0.0017731423612327953,False,False,False,,,,,False,False,False
ENSG00000268654,1973,False,,,,,0.0017664718289792478,False,False,False,,,,,False,False,False
ENSG00000244073,1974,False,,,,,0.0017646314467447092,False,False,False,,,,,False,False,False
ENSG00000120337,1975,False,,,,,0.0017623697728646839,False,False,False,,,,,False,False,False
ENSG00000146755,1976,False,,,,,0.0017558399681482882,False,False,False,,,,,False,False,False
ENSG00000259315,1977,False,,,,,0.0017557595480150107,False,False,False,,,,,False,False,False
ENSG00000226498,1978,False,,,,,0.001753148220935589,False,False,False,,,,,False,False,False
ENSG00000176826,1979,False,,,,,0.0017515613970384828,False,False,False,,,,,False,False,False
ENSG00000116032,1980,False,,,,,0.0017471899030674703,False,False,False,,,,,False,False,False
ENSG00000274516,1981,False,,,,,0.001744260205994052,False,False,False,,,,,False,False,False
ENSG00000211654,1982,False,,,,,0.0017438614799918342,False,False,False,,,,,False,False,False
ENSG00000060303,1983,False,,,,,0.0017403069925274683,False,False,False,,,,,False,False,False
ENSG00000226935,1984,False,,,,,0.0017302476084979995,False,False,False,,,,,False,False,False
ENSG00000283554,1985,False,,,,,0.001722961238005031,False,False,False,,,,,False,False,False
ENSG00000210127,1986,False,,,,,0.0017170611840419962,False,False,False,,,,,False,False,False
ENSG00000207501,1987,False,,,,,0.0017168093939363028,False,False,False,,,,,False,False,False
ENSG00000235363,1988,False,,,,,0.0017137595738745631,False,False,False,,,,,False,False,False
ENSG00000280969,1989,False,,,,,0.0017125243130293492,False,False,False,,,,,False,False,False
ENSG00000217643,1990,False,,,,,0.0017097327726841426,False,False,False,,,,,False,False,False
ENSG00000283444,1991,False,,,,,0.0017091590735223345,False,False,False,,,,,False,False,False
ENSG00000106631,1992,False,,,,,0.0017073692447727082,False,False,False,,,,,False,False,False
ENSG00000211633,1993,False,,,,,0.0017045609753358628,False,False,False,,,,,False,False,False
ENSG00000228929,1994,False,,,,,0.001702671475301204,False,False,False,,,,,False,False,False
ENSG00000124103,1995,False,,,,,0.0017021400397696535,False,False,False,,,,,False,False,False
ENSG00000266777,1996,False,,,,,0.0017003225779852378,False,False,False,,,,,False,False,False
ENSG00000269837,1997,False,,,,,0.0016971173481642858,False,False,False,,,,,False,False,False
ENSG00000179840,1998,False,,,,,0.0016897939668863405,False,False,False,,,,,False,False,False
ENSG00000173868,1999,False,,,,,0.001688794158304112,False,False,False,,,,,False,False,False
ENSG00000236519,2000,False,,,,,0.0016854721851938196,False,False,False,,,,,False,False,False
ENSG00000086506,2001,False,,,,,0.0016846891378605575,False,False,False,,,,,False,False,False
ENSG00000231333,2002,False,,,,,0.0016840969814112244,False,False,False,,,,,False,False,False
ENSG00000261649,2003,False,,,,,0.0016834154000830832,False,False,False,,,,,False,False,False
ENSG00000266913,2004,False,,,,,0.0016801156693750335,False,False,False,,,,,False,False,False
ENSG00000229473,2005,False,,,,,0.0016789569522443633,False,False,False,,,,,False,False,False
ENSG00000211739,2006,False,,,,,0.0016710890957273429,False,False,False,,,,,False,False,False
ENSG00000255120,2007,False,,,,,0.00167054572237682,False,False,False,,,,,False,False,False
ENSG00000163737,2008,False,,,,,0.0016595176649400552,False,False,False,,,,,False,False,False
ENSG00000266304,2009,False,,,,,0.0016591075067359914,False,False,False,,,,,False,False,False
ENSG00000140932,2010,False,,,,,0.0016556737077679763,False,False,False,,,,,False,False,False
ENSG00000101292,2011,False,,,,,0.0016517043205573844,False,False,False,,,,,False,False,False
ENSG00000260941,2012,False,,,,,0.001649840126283336,False,False,False,,,,,False,False,False
ENSG00000236499,2013,False,,,,,0.0016490230912743506,False,False,False,,,,,False,False,False
ENSG00000165553,2014,False,,,,,0.0016455405246943498,False,False,False,,,,,False,False,False
ENSG00000102055,2015,False,,,,,0.0016445287475526202,False,False,False,,,,,False,False,False
ENSG00000284543,2016,False,,,,,0.0016424065735822207,False,False,False,,,,,False,False,False
ENSG00000145087,2017,False,,,,,0.001632625356938584,False,False,False,,,,,False,False,False
ENSG00000292337,2018,False,,,,,0.0016305041518666474,False,False,False,,,,,False,False,False
ENSG00000231503,2019,False,,,,,0.0016295805268986597,False,False,False,,,,,False,False,False
ENSG00000240160,2020,False,,,,,0.0016052690464972686,False,False,False,,,,,False,False,False
ENSG00000156006,2021,False,,,,,0.0016048347123198466,False,False,False,,,,,False,False,False
ENSG00000228067,2022,False,,,,,0.0016015645330007373,False,False,False,,,,,False,False,False
ENSG00000235354,2023,False,,,,,0.0015918659144707236,False,False,False,,,,,False,False,False
ENSG00000172867,2024,False,,,,,0.0015868221335747666,False,False,False,,,,,False,False,False
ENSG00000205439,2025,False,,,,,0.001582934000189654,False,False,False,,,,,False,False,False
ENSG00000214198,2026,False,,,,,0.0015808486511290876,False,False,False,,,,,False,False,False
ENSG00000166819,2027,False,,,,,0.0015790394352886556,False,False,False,,,,,False,False,False
ENSG00000187026,2028,False,,,,,0.0015783326803673074,False,False,False,,,,,False,False,False
ENSG00000235092,2029,False,,,,,0.001574657880059876,False,False,False,,,,,False,False,False
ENSG00000201558,2030,False,,,,,0.0015715251084753477,False,False,False,,,,,False,False,False
ENSG00000243323,2031,False,,,,,0.0015713613017344968,False,False,False,,,,,False,False,False
ENSG00000197744,2032,False,,,,,0.001568141489481297,False,False,False,,,,,False,False,False
ENSG00000159516,2033,False,,,,,0.0015658086809612918,False,False,False,,,,,False,False,False
ENSG00000218358,2034,False,,,,,0.001564690016116899,False,False,False,,,,,False,False,False
ENSG00000240750,2035,False,,,,,0.001563044248661471,False,False,False,,,,,False,False,False
ENSG00000233622,2036,False,,,,,0.001562622431402087,False,False,False,,,,,False,False,False
ENSG00000226891,2037,False,,,,,0.0015583117862575926,False,False,False,,,,,False,False,False
ENSG00000240759,2038,False,,,,,0.0015570635455347357,False,False,False,,,,,False,False,False
ENSG00000241680,2039,False,,,,,0.0015564195482015725,False,False,False,,,,,False,False,False
ENSG00000207175,2040,False,,,,,0.0015546734487880743,False,False,False,,,,,False,False,False
ENSG00000214359,2041,False,,,,,0.0015468457504059618,False,False,False,,,,,False,False,False
ENSG00000230068,2042,False,,,,,0.001542645586230066,False,False,False,,,,,False,False,False
ENSG00000251046,2043,False,,,,,0.0015362517221077343,False,False,False,,,,,False,False,False
ENSG00000235141,2044,False,,,,,0.0015242412599056022,False,False,False,,,,,False,False,False
ENSG00000248846,2045,False,,,,,0.0015149525693547263,False,False,False,,,,,False,False,False
ENSG00000197575,2046,False,,,,,0.001513740683164868,False,False,False,,,,,False,False,False
ENSG00000184502,2047,False,,,,,0.0015101976342068483,False,False,False,,,,,False,False,False
ENSG00000235459,2048,False,,,,,0.0015097107596020118,False,False,False,,,,,False,False,False
ENSG00000104499,2049,False,,,,,0.0015080269474160232,False,False,False,,,,,False,False,False
ENSG00000180867,2050,False,,,,,0.0015060937584818824,False,False,False,,,,,False,False,False
ENSG00000244641,2051,False,,,,,0.0014950162456159749,False,False,False,,,,,False,False,False
ENSG00000218996,2052,False,,,,,0.0014912019149361942,False,False,False,,,,,False,False,False
ENSG00000240767,2053,False,,,,,0.0014909760094358958,False,False,False,,,,,False,False,False
ENSG00000232850,2054,False,,,,,0.001488130612870151,False,False,False,,,,,False,False,False
ENSG00000280594,2055,False,,,,,0.0014876846371481075,False,False,False,,,,,False,False,False
ENSG00000237984,2056,False,,,,,0.0014861789810646227,False,False,False,,,,,False,False,False
ENSG00000259054,2057,False,,,,,0.0014861644398837894,False,False,False,,,,,False,False,False
ENSG00000168070,2058,False,,,,,0.0014848929632127422,False,False,False,,,,,False,False,False
ENSG00000242736,2059,False,,,,,0.0014844100542992734,False,False,False,,,,,False,False,False
ENSG00000137090,2060,False,,,,,0.0014798572967110448,False,False,False,,,,,False,False,False
ENSG00000258869,2061,False,,,,,0.001473021344244747,False,False,False,,,,,False,False,False
ENSG00000264017,2062,False,,,,,0.0014704731431051338,False,False,False,,,,,False,False,False
ENSG00000249119,2063,False,,,,,0.001469730163470009,False,False,False,,,,,False,False,False
ENSG00000230945,2064,False,,,,,0.0014676031134384549,False,False,False,,,,,False,False,False
ENSG00000212802,2065,False,,,,,0.001460849195801081,False,False,False,,,,,False,False,False
ENSG00000236577,2066,False,,,,,0.001460020964583875,False,False,False,,,,,False,False,False
ENSG00000223392,2067,False,,,,,0.001448829100178354,False,False,False,,,,,False,False,False
ENSG00000167941,2068,False,,,,,0.0014479723348620821,False,False,False,,,,,False,False,False
ENSG00000229018,2069,False,,,,,0.0014475368576442292,False,False,False,,,,,False,False,False
ENSG00000265735,2070,False,,,,,0.001445075825412713,False,False,False,,,,,False,False,False
ENSG00000236184,2071,False,,,,,0.0014450308431690894,False,False,False,,,,,False,False,False
ENSG00000222057,2072,False,,,,,0.0014444126608297674,False,False,False,,,,,False,False,False
ENSG00000251604,2073,False,,,,,0.0014432416526863174,False,False,False,,,,,False,False,False
ENSG00000240005,2074,False,,,,,0.0014420787958584372,False,False,False,,,,,False,False,False
ENSG00000226928,2075,False,,,,,0.0014363372328433967,False,False,False,,,,,False,False,False
ENSG00000068985,2076,False,,,,,0.0014296148756474541,False,False,False,,,,,False,False,False
ENSG00000222810,2077,False,,,,,0.001426890016250772,False,False,False,,,,,False,False,False
ENSG00000143595,2078,False,,,,,0.0014265005602288527,False,False,False,,,,,False,False,False
ENSG00000187559,2079,False,,,,,0.0014252510758994074,False,False,False,,,,,False,False,False
ENSG00000211847,2080,False,,,,,0.0014231755854568504,False,False,False,,,,,False,False,False
ENSG00000236776,2081,False,,,,,0.0014214159533775194,False,False,False,,,,,False,False,False
ENSG00000214897,2082,False,,,,,0.0014101725071080538,False,False,False,,,,,False,False,False
ENSG00000259158,2083,False,,,,,0.0014056112903974973,False,False,False,,,,,False,False,False
ENSG00000245888,2084,False,,,,,0.0013950855611544024,False,False,False,,,,,False,False,False
ENSG00000278661,2085,False,,,,,0.001391748378292721,False,False,False,,,,,False,False,False
ENSG00000257495,2086,False,,,,,0.0013913075617949524,False,False,False,,,,,False,False,False
ENSG00000183444,2087,False,,,,,0.0013905969444693992,False,False,False,,,,,False,False,False
ENSG00000215016,2088,False,,,,,0.00139006928845382,False,False,False,,,,,False,False,False
ENSG00000273265,2089,False,,,,,0.0013814040962963111,False,False,False,,,,,False,False,False
ENSG00000288602,2090,False,,,,,0.001379138163971706,False,False,False,,,,,False,False,False
ENSG00000141096,2091,False,,,,,0.0013785348550971498,False,False,False,,,,,False,False,False
ENSG00000205754,2092,False,,,,,0.0013751102023269706,False,False,False,,,,,False,False,False
ENSG00000233070,2093,False,,,,,0.0013746249343308673,False,False,False,,,,,False,False,False
ENSG00000222383,2094,False,,,,,0.001367068729798295,False,False,False,,,,,False,False,False
ENSG00000163157,2095,False,,,,,0.0013669406825229913,False,False,False,,,,,False,False,False
ENSG00000155622,2096,False,,,,,0.0013658780881342385,False,False,False,,,,,False,False,False
ENSG00000181215,2097,False,,,,,0.001361557945978246,False,False,False,,,,,False,False,False
ENSG00000184612,2098,False,,,,,0.0013603816159562807,False,False,False,,,,,False,False,False
ENSG00000237872,2099,False,,,,,0.0013570390613711614,False,False,False,,,,,False,False,False
ENSG00000224464,2100,False,,,,,0.0013561700904078493,False,False,False,,,,,False,False,False
ENSG00000182698,2101,False,,,,,0.0013559679958110274,False,False,False,,,,,False,False,False
ENSG00000241983,2102,False,,,,,0.0013517502129285796,False,False,False,,,,,False,False,False
ENSG00000229133,2103,False,,,,,0.0013506522312287676,False,False,False,,,,,False,False,False
ENSG00000237406,2104,False,,,,,0.0013498536373986207,False,False,False,,,,,False,False,False
ENSG00000236330,2105,False,,,,,0.0013482829241488372,False,False,False,,,,,False,False,False
ENSG00000200169,2106,False,,,,,0.001347644361388247,False,False,False,,,,,False,False,False
ENSG00000230872,2107,False,,,,,0.0013444341791578095,False,False,False,,,,,False,False,False
ENSG00000255200,2108,False,,,,,0.0013443791086878612,False,False,False,,,,,False,False,False
ENSG00000007001,2109,False,,,,,0.0013434169773163635,False,False,False,,,,,False,False,False
ENSG00000232134,2110,False,,,,,0.0013426775010400315,False,False,False,,,,,False,False,False
ENSG00000210154,2111,False,,,,,0.0013397354476592522,False,False,False,,,,,False,False,False
ENSG00000222162,2112,False,,,,,0.0013387840431403598,False,False,False,,,,,False,False,False
ENSG00000228232,2113,False,,,,,0.001332034236981422,False,False,False,,,,,False,False,False
ENSG00000170890,2114,False,,,,,0.0013300364093747636,False,False,False,,,,,False,False,False
ENSG00000273540,2115,False,,,,,0.0013296894768653914,False,False,False,,,,,False,False,False
ENSG00000204959,2116,False,,,,,0.0013218173151316205,False,False,False,,,,,False,False,False
ENSG00000160505,2117,False,,,,,0.0013213627424186346,False,False,False,,,,,False,False,False
ENSG00000224895,2118,False,,,,,0.0013169053946563269,False,False,False,,,,,False,False,False
ENSG00000239917,2119,False,,,,,0.0013166128706467175,False,False,False,,,,,False,False,False
ENSG00000186115,2120,False,,,,,0.0013099286811216909,False,False,False,,,,,False,False,False
ENSG00000211656,2121,False,,,,,0.00130773423032866,False,False,False,,,,,False,False,False
ENSG00000236397,2122,False,,,,,0.0013073631693803003,False,False,False,,,,,False,False,False
ENSG00000211623,2123,False,,,,,0.0013037215718417498,False,False,False,,,,,False,False,False
ENSG00000130700,2124,False,,,,,0.0012993067546226507,False,False,False,,,,,False,False,False
ENSG00000205837,2125,False,,,,,0.001296923746791746,False,False,False,,,,,False,False,False
ENSG00000224822,2126,False,,,,,0.0012959394069901689,False,False,False,,,,,False,False,False
ENSG00000230789,2127,False,,,,,0.0012936772189686922,False,False,False,,,,,False,False,False
ENSG00000168348,2128,False,,,,,0.0012921956315071466,False,False,False,,,,,False,False,False
ENSG00000233590,2129,False,,,,,0.001288704280457495,False,False,False,,,,,False,False,False
ENSG00000228960,2130,False,,,,,0.001288176326358583,False,False,False,,,,,False,False,False
ENSG00000229659,2131,False,,,,,0.0012880741696125006,False,False,False,,,,,False,False,False
ENSG00000264916,2132,False,,,,,0.001287739458506397,False,False,False,,,,,False,False,False
ENSG00000232587,2133,False,,,,,0.0012876138635977323,False,False,False,,,,,False,False,False
ENSG00000259379,2134,False,,,,,0.001283223740062127,False,False,False,,,,,False,False,False
ENSG00000248227,2135,False,,,,,0.0012822100971085727,False,False,False,,,,,False,False,False
ENSG00000188585,2136,False,,,,,0.001278437954851036,False,False,False,,,,,False,False,False
ENSG00000225076,2137,False,,,,,0.0012736154378735801,False,False,False,,,,,False,False,False
ENSG00000145642,2138,False,,,,,0.0012733329514215844,False,False,False,,,,,False,False,False
ENSG00000200355,2139,False,,,,,0.001271608293753283,False,False,False,,,,,False,False,False
ENSG00000253120,2140,False,,,,,0.0012710900105306953,False,False,False,,,,,False,False,False
ENSG00000159182,2141,False,,,,,0.0012700734126694754,False,False,False,,,,,False,False,False
ENSG00000188263,2142,False,,,,,0.0012676484844604409,False,False,False,,,,,False,False,False
ENSG00000114113,2143,False,,,,,0.001265528399136679,False,False,False,,,,,False,False,False
ENSG00000244671,2144,False,,,,,0.0012645685836264538,False,False,False,,,,,False,False,False
ENSG00000176933,2145,False,,,,,0.0012637257030441499,False,False,False,,,,,False,False,False
ENSG00000223466,2146,False,,,,,0.0012628664330248895,False,False,False,,,,,False,False,False
ENSG00000210176,2147,False,,,,,0.0012576079482307747,False,False,False,,,,,False,False,False
ENSG00000211861,2148,False,,,,,0.001250513030143638,False,False,False,,,,,False,False,False
ENSG00000267959,2149,False,,,,,0.0012488845135424213,False,False,False,,,,,False,False,False
ENSG00000242853,2150,False,,,,,0.0012469179259956297,False,False,False,,,,,False,False,False
ENSG00000235508,2151,False,,,,,0.001240775777250429,False,False,False,,,,,False,False,False
ENSG00000176601,2152,False,,,,,0.00123968609460306,False,False,False,,,,,False,False,False
ENSG00000237560,2153,False,,,,,0.0012388326394919605,False,False,False,,,,,False,False,False
ENSG00000223305,2154,False,,,,,0.0012331762159424602,False,False,False,,,,,False,False,False
ENSG00000234142,2155,False,,,,,0.0012327722109132697,False,False,False,,,,,False,False,False
ENSG00000279727,2156,False,,,,,0.0012321702871507226,False,False,False,,,,,False,False,False
ENSG00000240423,2157,False,,,,,0.0012315567715790682,False,False,False,,,,,False,False,False
ENSG00000228599,2158,False,,,,,0.0012311385642170887,False,False,False,,,,,False,False,False
ENSG00000258613,2159,False,,,,,0.0012309930641527427,False,False,False,,,,,False,False,False
ENSG00000241061,2160,False,,,,,0.0012304068330255824,False,False,False,,,,,False,False,False
ENSG00000211957,2161,False,,,,,0.0012301038685604117,False,False,False,,,,,False,False,False
ENSG00000229384,2162,False,,,,,0.0012285179198278458,False,False,False,,,,,False,False,False
ENSG00000213934,2163,False,,,,,0.00122507822513792,False,False,False,,,,,False,False,False
ENSG00000182156,2164,False,,,,,0.0012242604034614312,False,False,False,,,,,False,False,False
ENSG00000185847,2165,False,,,,,0.0012219571341816116,False,False,False,,,,,False,False,False
ENSG00000199805,2166,False,,,,,0.001221431442158021,False,False,False,,,,,False,False,False
ENSG00000231090,2167,False,,,,,0.001217716297681899,False,False,False,,,,,False,False,False
ENSG00000244256,2168,False,,,,,0.0012168650090741717,False,False,False,,,,,False,False,False
ENSG00000251179,2169,False,,,,,0.0012167965274537363,False,False,False,,,,,False,False,False
ENSG00000271215,2170,False,,,,,0.0012138177383232114,False,False,False,,,,,False,False,False
ENSG00000233435,2171,False,,,,,0.0012131617468378974,False,False,False,,,,,False,False,False
ENSG00000188038,2172,False,,,,,0.0012109765994479716,False,False,False,,,,,False,False,False
ENSG00000200795,2173,False,,,,,0.0012093104654994588,False,False,False,,,,,False,False,False
ENSG00000136149,2174,False,,,,,0.0012088964814861965,False,False,False,,,,,False,False,False
ENSG00000185028,2175,False,,,,,0.0012088651559670307,False,False,False,,,,,False,False,False
ENSG00000214188,2176,False,,,,,0.001206846808455346,False,False,False,,,,,False,False,False
ENSG00000229937,2177,False,,,,,0.0012061208801802787,False,False,False,,,,,False,False,False
ENSG00000101200,2178,False,,,,,0.0012061057290139266,False,False,False,,,,,False,False,False
ENSG00000234354,2179,False,,,,,0.0012019567562592886,False,False,False,,,,,False,False,False
ENSG00000211867,2180,False,,,,,0.0012009550335859143,False,False,False,,,,,False,False,False
ENSG00000179967,2181,False,,,,,0.0012000723066683283,False,False,False,,,,,False,False,False
ENSG00000215548,2182,False,,,,,0.0011988342711872857,False,False,False,,,,,False,False,False
ENSG00000154608,2183,False,,,,,0.001197895017802093,False,False,False,,,,,False,False,False
ENSG00000206597,2184,False,,,,,0.0011954072842233201,False,False,False,,,,,False,False,False
ENSG00000268066,2185,False,,,,,0.0011924438180299188,False,False,False,,,,,False,False,False
ENSG00000196183,2186,False,,,,,0.0011882490182988995,False,False,False,,,,,False,False,False
ENSG00000263563,2187,False,,,,,0.0011868997270510992,False,False,False,,,,,False,False,False
ENSG00000225039,2188,False,,,,,0.001186044931101016,False,False,False,,,,,False,False,False
ENSG00000237818,2189,False,,,,,0.0011860340367994653,False,False,False,,,,,False,False,False
ENSG00000258404,2190,False,,,,,0.001185436945416649,False,False,False,,,,,False,False,False
ENSG00000233040,2191,False,,,,,0.0011812161504985265,False,False,False,,,,,False,False,False
ENSG00000236751,2192,False,,,,,0.001180714229798519,False,False,False,,,,,False,False,False
ENSG00000213033,2193,False,,,,,0.0011735340062357276,False,False,False,,,,,False,False,False
ENSG00000188873,2194,False,,,,,0.0011688011406347512,False,False,False,,,,,False,False,False
ENSG00000229654,2195,False,,,,,0.0011684604585190973,False,False,False,,,,,False,False,False
ENSG00000229236,2196,False,,,,,0.0011663664278006418,False,False,False,,,,,False,False,False
ENSG00000270863,2197,False,,,,,0.001163438476175385,False,False,False,,,,,False,False,False
ENSG00000224315,2198,False,,,,,0.0011604897729184367,False,False,False,,,,,False,False,False
ENSG00000277282,2199,False,,,,,0.0011595677459232256,False,False,False,,,,,False,False,False
ENSG00000182383,2200,False,,,,,0.0011580330719441455,False,False,False,,,,,False,False,False
ENSG00000235262,2201,False,,,,,0.0011555066881209102,False,False,False,,,,,False,False,False
ENSG00000176194,2202,False,,,,,0.0011532385576817383,False,False,False,,,,,False,False,False
ENSG00000236992,2203,False,,,,,0.001148567805465052,False,False,False,,,,,False,False,False
ENSG00000171873,2204,False,,,,,0.0011462671720936645,False,False,False,,,,,False,False,False
ENSG00000241975,2205,False,,,,,0.0011455949060704689,False,False,False,,,,,False,False,False
ENSG00000223956,2206,False,,,,,0.0011442275048493672,False,False,False,,,,,False,False,False
ENSG00000103375,2207,False,,,,,0.0011437684102177626,False,False,False,,,,,False,False,False
ENSG00000230337,2208,False,,,,,0.0011433724604199284,False,False,False,,,,,False,False,False
ENSG00000170279,2209,False,,,,,0.0011431022914523182,False,False,False,,,,,False,False,False
ENSG00000242741,2210,False,,,,,0.0011424537437018092,False,False,False,,,,,False,False,False
ENSG00000241112,2211,False,,,,,0.001141233192702901,False,False,False,,,,,False,False,False
ENSG00000111046,2212,False,,,,,0.0011378281098989923,False,False,False,,,,,False,False,False
ENSG00000228956,2213,False,,,,,0.0011367038014148698,False,False,False,,,,,False,False,False
ENSG00000260992,2214,False,,,,,0.0011359323297257058,False,False,False,,,,,False,False,False
ENSG00000203435,2215,False,,,,,0.0011347413807612002,False,False,False,,,,,False,False,False
ENSG00000215467,2216,False,,,,,0.0011345769647990796,False,False,False,,,,,False,False,False
ENSG00000240183,2217,False,,,,,0.0011319097388150109,False,False,False,,,,,False,False,False
ENSG00000124003,2218,False,,,,,0.0011244848816354704,False,False,False,,,,,False,False,False
ENSG00000228175,2219,False,,,,,0.0011206302631977013,False,False,False,,,,,False,False,False
ENSG00000133742,2220,False,,,,,0.0011154613905536245,False,False,False,,,,,False,False,False
ENSG00000253919,2221,False,,,,,0.001115333924339065,False,False,False,,,,,False,False,False
ENSG00000250591,2222,False,,,,,0.0011134893518388181,False,False,False,,,,,False,False,False
ENSG00000218265,2223,False,,,,,0.0011094582502278974,False,False,False,,,,,False,False,False
ENSG00000242641,2224,False,,,,,0.0011089637024808442,False,False,False,,,,,False,False,False
ENSG00000253822,2225,False,,,,,0.0011085861506782955,False,False,False,,,,,False,False,False
ENSG00000225760,2226,False,,,,,0.0011018160057968546,False,False,False,,,,,False,False,False
ENSG00000189182,2227,False,,,,,0.0011017339158685164,False,False,False,,,,,False,False,False
ENSG00000260048,2228,False,,,,,0.0010997046995142835,False,False,False,,,,,False,False,False
ENSG00000218283,2229,False,,,,,0.0010987605119805147,False,False,False,,,,,False,False,False
ENSG00000234452,2230,False,,,,,0.0010976749279582683,False,False,False,,,,,False,False,False
ENSG00000222872,2231,False,,,,,0.0010968297038986678,False,False,False,,,,,False,False,False
ENSG00000246985,2232,False,,,,,0.0010967104155579744,False,False,False,,,,,False,False,False
ENSG00000227376,2233,False,,,,,0.0010966567643072636,False,False,False,,,,,False,False,False
ENSG00000254012,2234,False,,,,,0.001095229856301798,False,False,False,,,,,False,False,False
ENSG00000253188,2235,False,,,,,0.0010937955827725141,False,False,False,,,,,False,False,False
ENSG00000204837,2236,False,,,,,0.0010930067499201333,False,False,False,,,,,False,False,False
ENSG00000237082,2237,False,,,,,0.0010923857865661533,False,False,False,,,,,False,False,False
ENSG00000213363,2238,False,,,,,0.0010897789963296186,False,False,False,,,,,False,False,False
ENSG00000280620,2239,False,,,,,0.0010896331745546258,False,False,False,,,,,False,False,False
ENSG00000213300,2240,False,,,,,0.0010896173943257578,False,False,False,,,,,False,False,False
ENSG00000233198,2241,False,,,,,0.0010845990374407418,False,False,False,,,,,False,False,False
ENSG00000172023,2242,False,,,,,0.0010811543845622349,False,False,False,,,,,False,False,False
ENSG00000229644,2243,False,,,,,0.0010773367954783073,False,False,False,,,,,False,False,False
ENSG00000227256,2244,False,,,,,0.0010741959874750982,False,False,False,,,,,False,False,False
ENSG00000258285,2245,False,,,,,0.0010741680395125353,False,False,False,,,,,False,False,False
ENSG00000180988,2246,False,,,,,0.001073891985364953,False,False,False,,,,,False,False,False
ENSG00000240823,2247,False,,,,,0.00107331076360179,False,False,False,,,,,False,False,False
ENSG00000182351,2248,False,,,,,0.001072956079045719,False,False,False,,,,,False,False,False
ENSG00000211845,2249,False,,,,,0.00107158828035286,False,False,False,,,,,False,False,False
ENSG00000250891,2250,False,,,,,0.0010714814736648276,False,False,False,,,,,False,False,False
ENSG00000122852,2251,False,,,,,0.0010682808102286693,False,False,False,,,,,False,False,False
ENSG00000227382,2252,False,,,,,0.001064172418303533,False,False,False,,,,,False,False,False
ENSG00000211657,2253,False,,,,,0.0010633716246968047,False,False,False,,,,,False,False,False
ENSG00000210156,2254,False,,,,,0.0010579409463793515,False,False,False,,,,,False,False,False
ENSG00000188779,2255,False,,,,,0.0010577524634313345,False,False,False,,,,,False,False,False
ENSG00000220517,2256,False,,,,,0.0010557198587197785,False,False,False,,,,,False,False,False
ENSG00000253741,2257,False,,,,,0.0010550012704418083,False,False,False,,,,,False,False,False
ENSG00000178172,2258,False,,,,,0.0010548085007015759,False,False,False,,,,,False,False,False
ENSG00000222726,2259,False,,,,,0.0010537747543854338,False,False,False,,,,,False,False,False
ENSG00000257800,2260,False,,,,,0.0010513679543988088,False,False,False,,,,,False,False,False
ENSG00000204110,2261,False,,,,,0.0010505009963953215,False,False,False,,,,,False,False,False
ENSG00000224861,2262,False,,,,,0.001050499860196884,False,False,False,,,,,False,False,False
ENSG00000122543,2263,False,,,,,0.001050299942096657,False,False,False,,,,,False,False,False
ENSG00000205359,2264,False,,,,,0.0010492224605707344,False,False,False,,,,,False,False,False
ENSG00000223575,2265,False,,,,,0.001046925740832226,False,False,False,,,,,False,False,False
ENSG00000286095,2266,False,,,,,0.0010451338585513322,False,False,False,,,,,False,False,False
ENSG00000251237,2267,False,,,,,0.0010407732062065482,False,False,False,,,,,False,False,False
ENSG00000257557,2268,False,,,,,0.0010369379713446444,False,False,False,,,,,False,False,False
ENSG00000211871,2269,False,,,,,0.001032654327806085,False,False,False,,,,,False,False,False
ENSG00000239481,2270,False,,,,,0.0010322839468506415,False,False,False,,,,,False,False,False
ENSG00000223922,2271,False,,,,,0.0010318079767789132,False,False,False,,,,,False,False,False
ENSG00000119715,2272,False,,,,,0.0010304938232075995,False,False,False,,,,,False,False,False
ENSG00000214688,2273,False,,,,,0.0010234777406965816,False,False,False,,,,,False,False,False
ENSG00000214415,2274,False,,,,,0.0010221098267686108,False,False,False,,,,,False,False,False
ENSG00000235899,2275,False,,,,,0.001021040932203325,False,False,False,,,,,False,False,False
ENSG00000230043,2276,False,,,,,0.0010207966197792915,False,False,False,,,,,False,False,False
ENSG00000270806,2277,False,,,,,0.001015722176655149,False,False,False,,,,,False,False,False
ENSG00000203783,2278,False,,,,,0.0010122251568935269,False,False,False,,,,,False,False,False
ENSG00000198822,2279,False,,,,,0.0010108128794045163,False,False,False,,,,,False,False,False
ENSG00000125872,2280,False,,,,,0.0010103971022443778,False,False,False,,,,,False,False,False
ENSG00000211841,2281,False,,,,,0.0010061658949520509,False,False,False,,,,,False,False,False
ENSG00000242697,2282,False,,,,,0.0010053652440184541,False,False,False,,,,,False,False,False
ENSG00000228939,2283,False,,,,,0.0010034796191681684,False,False,False,,,,,False,False,False
ENSG00000215771,2284,False,,,,,0.0009979605560570524,False,False,False,,,,,False,False,False
ENSG00000253631,2285,False,,,,,0.0009939025332125313,False,False,False,,,,,False,False,False
ENSG00000213275,2286,False,,,,,0.0009908403253373103,False,False,False,,,,,False,False,False
ENSG00000234031,2287,False,,,,,0.0009906451475947364,False,False,False,,,,,False,False,False
ENSG00000255274,2288,False,,,,,0.0009888854311353736,False,False,False,,,,,False,False,False
ENSG00000213714,2289,False,,,,,0.0009875434571158753,False,False,False,,,,,False,False,False
ENSG00000215454,2290,False,,,,,0.0009829988014344922,False,False,False,,,,,False,False,False
ENSG00000225338,2291,False,,,,,0.0009827705912936297,False,False,False,,,,,False,False,False
ENSG00000259261,2292,False,,,,,0.0009820104814063223,False,False,False,,,,,False,False,False
ENSG00000210144,2293,False,,,,,0.0009802832483870162,False,False,False,,,,,False,False,False
ENSG00000188050,2294,False,,,,,0.0009799025541476648,False,False,False,,,,,False,False,False
ENSG00000254902,2295,False,,,,,0.000979494023027991,False,False,False,,,,,False,False,False
ENSG00000226564,2296,False,,,,,0.0009793212566321819,False,False,False,,,,,False,False,False
ENSG00000252620,2297,False,,,,,0.0009793149213026709,False,False,False,,,,,False,False,False
ENSG00000243859,2298,False,,,,,0.0009784757364175753,False,False,False,,,,,False,False,False
ENSG00000264229,2299,False,,,,,0.000973497049525703,False,False,False,,,,,False,False,False
ENSG00000240457,2300,False,,,,,0.0009726469355802875,False,False,False,,,,,False,False,False
ENSG00000224543,2301,False,,,,,0.0009725434883493774,False,False,False,,,,,False,False,False
ENSG00000224568,2302,False,,,,,0.0009724481168205742,False,False,False,,,,,False,False,False
ENSG00000104415,2303,False,,,,,0.0009676307194118978,False,False,False,,,,,False,False,False
ENSG00000236682,2304,False,,,,,0.0009667213461650916,False,False,False,,,,,False,False,False
ENSG00000284325,2305,False,,,,,0.0009619118686407715,False,False,False,,,,,False,False,False
ENSG00000161973,2306,False,,,,,0.000961257673582867,False,False,False,,,,,False,False,False
ENSG00000257127,2307,False,,,,,0.0009603844727642694,False,False,False,,,,,False,False,False
ENSG00000236762,2308,False,,,,,0.0009577567223905324,False,False,False,,,,,False,False,False
ENSG00000171201,2309,False,,,,,0.000956497781981251,False,False,False,,,,,False,False,False
ENSG00000215606,2310,False,,,,,0.0009537887881151866,False,False,False,,,,,False,False,False
ENSG00000269929,2311,False,,,,,0.0009516137819491491,False,False,False,,,,,False,False,False
ENSG00000174957,2312,False,,,,,0.0009507285062859202,False,False,False,,,,,False,False,False
ENSG00000222724,2313,False,,,,,0.0009504340861767299,False,False,False,,,,,False,False,False
ENSG00000140107,2314,False,,,,,0.0009464367989657939,False,False,False,,,,,False,False,False
ENSG00000237991,2315,False,,,,,0.0009434550620497706,False,False,False,,,,,False,False,False
ENSG00000253218,2316,False,,,,,0.0009423935736651534,False,False,False,,,,,False,False,False
ENSG00000111245,2317,False,,,,,0.0009388360707940833,False,False,False,,,,,False,False,False
ENSG00000225405,2318,False,,,,,0.0009370876032640733,False,False,False,,,,,False,False,False
ENSG00000266160,2319,False,,,,,0.0009364405117895301,False,False,False,,,,,False,False,False
ENSG00000243398,2320,False,,,,,0.0009324867886898053,False,False,False,,,,,False,False,False
ENSG00000226976,2321,False,,,,,0.0009318396179313105,False,False,False,,,,,False,False,False
ENSG00000213025,2322,False,,,,,0.0009305797342784861,False,False,False,,,,,False,False,False
ENSG00000248492,2323,False,,,,,0.0009282150410223826,False,False,False,,,,,False,False,False
ENSG00000227375,2324,False,,,,,0.0009280635581083521,False,False,False,,,,,False,False,False
ENSG00000244378,2325,False,,,,,0.0009243997530102435,False,False,False,,,,,False,False,False
ENSG00000277987,2326,False,,,,,0.0009235684965122549,False,False,False,,,,,False,False,False
ENSG00000250731,2327,False,,,,,0.0009171703559299371,False,False,False,,,,,False,False,False
ENSG00000251215,2328,False,,,,,0.0009165124761672989,False,False,False,,,,,False,False,False
ENSG00000274978,2329,False,,,,,0.0009152420190251809,False,False,False,,,,,False,False,False
ENSG00000269244,2330,False,,,,,0.0009139239843461899,False,False,False,,,,,False,False,False
ENSG00000180090,2331,False,,,,,0.0009136747073767028,False,False,False,,,,,False,False,False
ENSG00000248278,2332,False,,,,,0.0009130465628528789,False,False,False,,,,,False,False,False
ENSG00000165621,2333,False,,,,,0.0009125289011238662,False,False,False,,,,,False,False,False
ENSG00000210194,2334,False,,,,,0.0009124972232091861,False,False,False,,,,,False,False,False
ENSG00000225693,2335,False,,,,,0.0009084057859424067,False,False,False,,,,,False,False,False
ENSG00000232316,2336,False,,,,,0.0009030904551172687,False,False,False,,,,,False,False,False
ENSG00000219433,2337,False,,,,,0.0009028948700679253,False,False,False,,,,,False,False,False
ENSG00000235272,2338,False,,,,,0.0009003510865367727,False,False,False,,,,,False,False,False
ENSG00000196431,2339,False,,,,,0.0009000318216030355,False,False,False,,,,,False,False,False
ENSG00000124657,2340,False,,,,,0.0008991395039333873,False,False,False,,,,,False,False,False
ENSG00000254233,2341,False,,,,,0.0008989529702891781,False,False,False,,,,,False,False,False
ENSG00000254418,2342,False,,,,,0.0008985405408559076,False,False,False,,,,,False,False,False
ENSG00000167910,2343,False,,,,,0.0008973949833114581,False,False,False,,,,,False,False,False
ENSG00000069206,2344,False,,,,,0.0008972749130666768,False,False,False,,,,,False,False,False
ENSG00000243543,2345,False,,,,,0.0008955847702107535,False,False,False,,,,,False,False,False
ENSG00000113520,2346,False,,,,,0.000892340661645711,False,False,False,,,,,False,False,False
ENSG00000204072,2347,False,,,,,0.0008913945520244943,False,False,False,,,,,False,False,False
ENSG00000205279,2348,False,,,,,0.0008902719892437954,False,False,False,,,,,False,False,False
ENSG00000229692,2349,False,,,,,0.0008877155184691585,False,False,False,,,,,False,False,False
ENSG00000259746,2350,False,,,,,0.00088762508473416,False,False,False,,,,,False,False,False
ENSG00000279897,2351,False,,,,,0.0008867632673434922,False,False,False,,,,,False,False,False
ENSG00000253481,2352,False,,,,,0.0008846411068276241,False,False,False,,,,,False,False,False
ENSG00000268223,2353,False,,,,,0.0008796110828309062,False,False,False,,,,,False,False,False
ENSG00000239577,2354,False,,,,,0.0008770264929638707,False,False,False,,,,,False,False,False
ENSG00000222019,2355,False,,,,,0.0008702174922672215,False,False,False,,,,,False,False,False
ENSG00000228808,2356,False,,,,,0.0008697257514417701,False,False,False,,,,,False,False,False
ENSG00000236463,2357,False,,,,,0.0008695807054035446,False,False,False,,,,,False,False,False
ENSG00000250133,2358,False,,,,,0.0008674292514788579,False,False,False,,,,,False,False,False
ENSG00000234040,2359,False,,,,,0.0008667812459417799,False,False,False,,,,,False,False,False
ENSG00000234518,2360,False,,,,,0.0008659643348889637,False,False,False,,,,,False,False,False
ENSG00000211885,2361,False,,,,,0.000865731284506771,False,False,False,,,,,False,False,False
ENSG00000015592,2362,False,,,,,0.0008642741101187951,False,False,False,,,,,False,False,False
ENSG00000197901,2363,False,,,,,0.0008641213924969021,False,False,False,,,,,False,False,False
ENSG00000165953,2364,False,,,,,0.0008607895499949405,False,False,False,,,,,False,False,False
ENSG00000179774,2365,False,,,,,0.0008589371624532237,False,False,False,,,,,False,False,False
ENSG00000263818,2366,False,,,,,0.0008577114495497444,False,False,False,,,,,False,False,False
ENSG00000251666,2367,False,,,,,0.000857603331492662,False,False,False,,,,,False,False,False
ENSG00000223715,2368,False,,,,,0.000856536744147666,False,False,False,,,,,False,False,False
ENSG00000240371,2369,False,,,,,0.0008541976928784041,False,False,False,,,,,False,False,False
ENSG00000171496,2370,False,,,,,0.000853258114059583,False,False,False,,,,,False,False,False
ENSG00000211676,2371,False,,,,,0.0008519498008603388,False,False,False,,,,,False,False,False
ENSG00000182048,2372,False,,,,,0.0008507957892194665,False,False,False,,,,,False,False,False
ENSG00000249353,2373,False,,,,,0.0008507133775613041,False,False,False,,,,,False,False,False
ENSG00000236388,2374,False,,,,,0.0008471515387535965,False,False,False,,,,,False,False,False
ENSG00000162753,2375,False,,,,,0.0008469284513683555,False,False,False,,,,,False,False,False
ENSG00000276058,2376,False,,,,,0.0008464161903914398,False,False,False,,,,,False,False,False
ENSG00000254029,2377,False,,,,,0.0008459992037939373,False,False,False,,,,,False,False,False
ENSG00000241282,2378,False,,,,,0.0008431247215697372,False,False,False,,,,,False,False,False
ENSG00000254346,2379,False,,,,,0.0008405199638428161,False,False,False,,,,,False,False,False
ENSG00000244134,2380,False,,,,,0.0008356607608604105,False,False,False,,,,,False,False,False
ENSG00000236535,2381,False,,,,,0.000834886633154723,False,False,False,,,,,False,False,False
ENSG00000231579,2382,False,,,,,0.000834471936322332,False,False,False,,,,,False,False,False
ENSG00000254289,2383,False,,,,,0.0008308570814651198,False,False,False,,,,,False,False,False
ENSG00000242992,2384,False,,,,,0.0008282993847253575,False,False,False,,,,,False,False,False
ENSG00000271620,2385,False,,,,,0.0008282246921106535,False,False,False,,,,,False,False,False
ENSG00000237758,2386,False,,,,,0.0008269977479565516,False,False,False,,,,,False,False,False
ENSG00000282508,2387,False,,,,,0.0008266119168753272,False,False,False,,,,,False,False,False
ENSG00000157884,2388,False,,,,,0.0008261059374742686,False,False,False,,,,,False,False,False
ENSG00000237793,2389,False,,,,,0.000823417746298661,False,False,False,,,,,False,False,False
ENSG00000212829,2390,False,,,,,0.0008215650613052904,False,False,False,,,,,False,False,False
ENSG00000213051,2391,False,,,,,0.0008211781097014292,False,False,False,,,,,False,False,False
ENSG00000254154,2392,False,,,,,0.0008209259628164477,False,False,False,,,,,False,False,False
ENSG00000232077,2393,False,,,,,0.0008200398639794724,False,False,False,,,,,False,False,False
ENSG00000253448,2394,False,,,,,0.0008172313301878957,False,False,False,,,,,False,False,False
ENSG00000237338,2395,False,,,,,0.0008169537604265649,False,False,False,,,,,False,False,False
ENSG00000230071,2396,False,,,,,0.0008158254157226947,False,False,False,,,,,False,False,False
ENSG00000241458,2397,False,,,,,0.0008156583937785898,False,False,False,,,,,False,False,False
ENSG00000203876,2398,False,,,,,0.0008146448457224144,False,False,False,,,,,False,False,False
ENSG00000211767,2399,False,,,,,0.0008143051225018126,False,False,False,,,,,False,False,False
ENSG00000243883,2400,False,,,,,0.0008119401052071221,False,False,False,,,,,False,False,False
ENSG00000228536,2401,False,,,,,0.0008117642419998215,False,False,False,,,,,False,False,False
ENSG00000231241,2402,False,,,,,0.0008093308610073173,False,False,False,,,,,False,False,False
ENSG00000253534,2403,False,,,,,0.0008086178960898872,False,False,False,,,,,False,False,False
ENSG00000225101,2404,False,,,,,0.0008082873129714072,False,False,False,,,,,False,False,False
ENSG00000259585,2405,False,,,,,0.0008079196124006627,False,False,False,,,,,False,False,False
ENSG00000259384,2406,False,,,,,0.0008078500118082836,False,False,False,,,,,False,False,False
ENSG00000197838,2407,False,,,,,0.0008069621889164606,False,False,False,,,,,False,False,False
ENSG00000226212,2408,False,,,,,0.0008064387467431989,False,False,False,,,,,False,False,False
ENSG00000253930,2409,False,,,,,0.0008062079620391721,False,False,False,,,,,False,False,False
ENSG00000261949,2410,False,,,,,0.0008058048053218734,False,False,False,,,,,False,False,False
ENSG00000223416,2411,False,,,,,0.0008057503166603138,False,False,False,,,,,False,False,False
ENSG00000258482,2412,False,,,,,0.0008027913971066142,False,False,False,,,,,False,False,False
ENSG00000139648,2413,False,,,,,0.0008027163179276111,False,False,False,,,,,False,False,False
ENSG00000239039,2414,False,,,,,0.000802042220800895,False,False,False,,,,,False,False,False
ENSG00000230097,2415,False,,,,,0.0008009088100821169,False,False,False,,,,,False,False,False
ENSG00000229054,2416,False,,,,,0.0007992748888176108,False,False,False,,,,,False,False,False
ENSG00000200731,2417,False,,,,,0.0007988852414743167,False,False,False,,,,,False,False,False
ENSG00000249840,2418,False,,,,,0.0007973141631728863,False,False,False,,,,,False,False,False
ENSG00000092009,2419,False,,,,,0.000795969825534059,False,False,False,,,,,False,False,False
ENSG00000225192,2420,False,,,,,0.0007954995828084205,False,False,False,,,,,False,False,False
ENSG00000228218,2421,False,,,,,0.0007925665633694487,False,False,False,,,,,False,False,False
ENSG00000233893,2422,False,,,,,0.000790465174627208,False,False,False,,,,,False,False,False
ENSG00000282164,2423,False,,,,,0.0007898285922255517,False,False,False,,,,,False,False,False
ENSG00000230301,2424,False,,,,,0.0007897206939909121,False,False,False,,,,,False,False,False
ENSG00000204791,2425,False,,,,,0.0007896771481725968,False,False,False,,,,,False,False,False
ENSG00000274588,2426,False,,,,,0.0007888860480261852,False,False,False,,,,,False,False,False
ENSG00000275132,2427,False,,,,,0.0007862703777339124,False,False,False,,,,,False,False,False
ENSG00000228146,2428,False,,,,,0.0007818844086946576,False,False,False,,,,,False,False,False
ENSG00000172967,2429,False,,,,,0.0007797864389834843,False,False,False,,,,,False,False,False
ENSG00000183604,2430,False,,,,,0.0007797466298784748,False,False,False,,,,,False,False,False
ENSG00000227805,2431,False,,,,,0.0007796844286178654,False,False,False,,,,,False,False,False
ENSG00000230777,2432,False,,,,,0.0007794462578379723,False,False,False,,,,,False,False,False
ENSG00000239884,2433,False,,,,,0.0007782147921275048,False,False,False,,,,,False,False,False
ENSG00000241959,2434,False,,,,,0.0007762716439151883,False,False,False,,,,,False,False,False
ENSG00000205231,2435,False,,,,,0.0007760060876321985,False,False,False,,,,,False,False,False
ENSG00000235802,2436,False,,,,,0.0007751088495766447,False,False,False,,,,,False,False,False
ENSG00000253802,2437,False,,,,,0.0007717300606115192,False,False,False,,,,,False,False,False
ENSG00000233354,2438,False,,,,,0.0007706480045858085,False,False,False,,,,,False,False,False
ENSG00000227264,2439,False,,,,,0.0007704825397102919,False,False,False,,,,,False,False,False
ENSG00000135902,2440,False,,,,,0.0007703760289394909,False,False,False,,,,,False,False,False
ENSG00000228219,2441,False,,,,,0.0007693022671428573,False,False,False,,,,,False,False,False
ENSG00000244232,2442,False,,,,,0.0007686657801860016,False,False,False,,,,,False,False,False
ENSG00000235221,2443,False,,,,,0.0007669427523860381,False,False,False,,,,,False,False,False
ENSG00000244582,2444,False,,,,,0.0007665689129738282,False,False,False,,,,,False,False,False
ENSG00000220377,2445,False,,,,,0.0007647165431870758,False,False,False,,,,,False,False,False
ENSG00000239794,2446,False,,,,,0.0007631447649107022,False,False,False,,,,,False,False,False
ENSG00000242229,2447,False,,,,,0.0007628996894110981,False,False,False,,,,,False,False,False
ENSG00000235656,2448,False,,,,,0.0007628676572153261,False,False,False,,,,,False,False,False
ENSG00000198406,2449,False,,,,,0.0007567264971654735,False,False,False,,,,,False,False,False
ENSG00000233730,2450,False,,,,,0.000749215349242601,False,False,False,,,,,False,False,False
ENSG00000174715,2451,False,,,,,0.0007483014550698757,False,False,False,,,,,False,False,False
ENSG00000279058,2452,False,,,,,0.0007470382354483551,False,False,False,,,,,False,False,False
ENSG00000250331,2453,False,,,,,0.000745856567357524,False,False,False,,,,,False,False,False
ENSG00000233578,2454,False,,,,,0.000745218183015155,False,False,False,,,,,False,False,False
ENSG00000101349,2455,False,,,,,0.0007422323105451569,False,False,False,,,,,False,False,False
ENSG00000243650,2456,False,,,,,0.0007416707268537232,False,False,False,,,,,False,False,False
ENSG00000274963,2457,False,,,,,0.0007416344989780707,False,False,False,,,,,False,False,False
ENSG00000211678,2458,False,,,,,0.0007412392827185422,False,False,False,,,,,False,False,False
ENSG00000240392,2459,False,,,,,0.0007365899796792453,False,False,False,,,,,False,False,False
ENSG00000250827,2460,False,,,,,0.0007339955767450828,False,False,False,,,,,False,False,False
ENSG00000183246,2461,False,,,,,0.0007332969391692437,False,False,False,,,,,False,False,False
ENSG00000250902,2462,False,,,,,0.0007332796769282603,False,False,False,,,,,False,False,False
ENSG00000161180,2463,False,,,,,0.0007302559806237688,False,False,False,,,,,False,False,False
ENSG00000223543,2464,False,,,,,0.0007286974358929148,False,False,False,,,,,False,False,False
ENSG00000263627,2465,False,,,,,0.0007275754583883334,False,False,False,,,,,False,False,False
ENSG00000283083,2466,False,,,,,0.00072612998426608,False,False,False,,,,,False,False,False
ENSG00000242889,2467,False,,,,,0.0007256577365038888,False,False,False,,,,,False,False,False
ENSG00000126549,2468,False,,,,,0.0007254965048516692,False,False,False,,,,,False,False,False
ENSG00000259246,2469,False,,,,,0.0007253887192262839,False,False,False,,,,,False,False,False
ENSG00000260452,2470,False,,,,,0.000722922605856013,False,False,False,,,,,False,False,False
ENSG00000234523,2471,False,,,,,0.0007224391412982009,False,False,False,,,,,False,False,False
ENSG00000237757,2472,False,,,,,0.0007191676410793917,False,False,False,,,,,False,False,False
ENSG00000272281,2473,False,,,,,0.0007188089617731494,False,False,False,,,,,False,False,False
ENSG00000232912,2474,False,,,,,0.0007177091386346703,False,False,False,,,,,False,False,False
ENSG00000202347,2475,False,,,,,0.000716448548330024,False,False,False,,,,,False,False,False
ENSG00000241420,2476,False,,,,,0.0007154360584773138,False,False,False,,,,,False,False,False
ENSG00000213935,2477,False,,,,,0.0007145973924742022,False,False,False,,,,,False,False,False
ENSG00000278416,2478,False,,,,,0.000714220480813215,False,False,False,,,,,False,False,False
ENSG00000233426,2479,False,,,,,0.0007141853638821846,False,False,False,,,,,False,False,False
ENSG00000145839,2480,False,,,,,0.0007109601295690145,False,False,False,,,,,False,False,False
ENSG00000222268,2481,False,,,,,0.0007108785805149609,False,False,False,,,,,False,False,False
ENSG00000235214,2482,False,,,,,0.0007096149184727982,False,False,False,,,,,False,False,False
ENSG00000228847,2483,False,,,,,0.000708644226145302,False,False,False,,,,,False,False,False
ENSG00000239742,2484,False,,,,,0.0007077753216748862,False,False,False,,,,,False,False,False
ENSG00000187733,2485,False,,,,,0.0007067099719922269,False,False,False,,,,,False,False,False
ENSG00000210164,2486,False,,,,,0.0007058660057919581,False,False,False,,,,,False,False,False
ENSG00000235472,2487,False,,,,,0.0007054315638049421,False,False,False,,,,,False,False,False
ENSG00000188451,2488,False,,,,,0.0007039120778743578,False,False,False,,,,,False,False,False
ENSG00000236523,2489,False,,,,,0.0007035938410036868,False,False,False,,,,,False,False,False
ENSG00000264031,2490,False,,,,,0.0007032334279564879,False,False,False,,,,,False,False,False
ENSG00000225940,2491,False,,,,,0.0007014914375381558,False,False,False,,,,,False,False,False
ENSG00000154646,2492,False,,,,,0.0006978735900364809,False,False,False,,,,,False,False,False
ENSG00000227802,2493,False,,,,,0.000697499517034122,False,False,False,,,,,False,False,False
ENSG00000168703,2494,False,,,,,0.0006970226403532056,False,False,False,,,,,False,False,False
ENSG00000223540,2495,False,,,,,0.0006970199217894578,False,False,False,,,,,False,False,False
ENSG00000205871,2496,False,,,,,0.000696939984948855,False,False,False,,,,,False,False,False
ENSG00000228168,2497,False,,,,,0.0006966821217936069,False,False,False,,,,,False,False,False
ENSG00000210107,2498,False,,,,,0.0006960775207716645,False,False,False,,,,,False,False,False
ENSG00000042813,2499,False,,,,,0.0006934409077472991,False,False,False,,,,,False,False,False
ENSG00000224707,2500,False,,,,,0.0006924861369791952,False,False,False,,,,,False,False,False
ENSG00000231341,2501,False,,,,,0.0006922533121456699,False,False,False,,,,,False,False,False
ENSG00000241129,2502,False,,,,,0.0006917735898461805,False,False,False,,,,,False,False,False
ENSG00000235316,2503,False,,,,,0.0006891406613573206,False,False,False,,,,,False,False,False
ENSG00000243297,2504,False,,,,,0.000688246650109278,False,False,False,,,,,False,False,False
ENSG00000105205,2505,False,,,,,0.0006878138541402648,False,False,False,,,,,False,False,False
ENSG00000225171,2506,False,,,,,0.0006855627060755853,False,False,False,,,,,False,False,False
ENSG00000282308,2507,False,,,,,0.0006842722589283395,False,False,False,,,,,False,False,False
ENSG00000234664,2508,False,,,,,0.0006842037161898507,False,False,False,,,,,False,False,False
ENSG00000119973,2509,False,,,,,0.0006841844967199846,False,False,False,,,,,False,False,False
ENSG00000241942,2510,False,,,,,0.0006840536964872008,False,False,False,,,,,False,False,False
ENSG00000219355,2511,False,,,,,0.0006836310029991572,False,False,False,,,,,False,False,False
ENSG00000225924,2512,False,,,,,0.000681764584190665,False,False,False,,,,,False,False,False
ENSG00000266282,2513,False,,,,,0.000677602361126393,False,False,False,,,,,False,False,False
ENSG00000231560,2514,False,,,,,0.0006766482787293934,False,False,False,,,,,False,False,False
ENSG00000250254,2515,False,,,,,0.0006758369440816875,False,False,False,,,,,False,False,False
ENSG00000237575,2516,False,,,,,0.0006750293602521708,False,False,False,,,,,False,False,False
ENSG00000188403,2517,False,,,,,0.0006712557028734203,False,False,False,,,,,False,False,False
ENSG00000256134,2518,False,,,,,0.0006708637051144955,False,False,False,,,,,False,False,False
ENSG00000120211,2519,False,,,,,0.0006698589455488779,False,False,False,,,,,False,False,False
ENSG00000240828,2520,False,,,,,0.0006698031334406361,False,False,False,,,,,False,False,False
ENSG00000235330,2521,False,,,,,0.0006696366146629083,False,False,False,,,,,False,False,False
ENSG00000232606,2522,False,,,,,0.0006694225623960353,False,False,False,,,,,False,False,False
ENSG00000226632,2523,False,,,,,0.000669107296023772,False,False,False,,,,,False,False,False
ENSG00000231171,2524,False,,,,,0.0006683312963770218,False,False,False,,,,,False,False,False
ENSG00000237136,2525,False,,,,,0.0006674587129718687,False,False,False,,,,,False,False,False
ENSG00000231169,2526,False,,,,,0.0006652867873533097,False,False,False,,,,,False,False,False
ENSG00000270356,2527,False,,,,,0.0006641758618386042,False,False,False,,,,,False,False,False
ENSG00000244229,2528,False,,,,,0.0006629437723790457,False,False,False,,,,,False,False,False
ENSG00000169393,2529,False,,,,,0.0006625147871104894,False,False,False,,,,,False,False,False
ENSG00000230020,2530,False,,,,,0.0006621654044399142,False,False,False,,,,,False,False,False
ENSG00000284239,2531,False,,,,,0.0006612962600447656,False,False,False,,,,,False,False,False
ENSG00000253590,2532,False,,,,,0.0006598970956472999,False,False,False,,,,,False,False,False
ENSG00000243519,2533,False,,,,,0.0006584866432715581,False,False,False,,,,,False,False,False
ENSG00000254876,2534,False,,,,,0.0006576600243683213,False,False,False,,,,,False,False,False
ENSG00000253770,2535,False,,,,,0.0006572704925195109,False,False,False,,,,,False,False,False
ENSG00000270864,2536,False,,,,,0.0006571835368714401,False,False,False,,,,,False,False,False
ENSG00000126545,2537,False,,,,,0.0006555630956951291,False,False,False,,,,,False,False,False
ENSG00000239223,2538,False,,,,,0.0006555492614024065,False,False,False,,,,,False,False,False
ENSG00000214760,2539,False,,,,,0.0006539459633196573,False,False,False,,,,,False,False,False
ENSG00000231625,2540,False,,,,,0.0006526239258237325,False,False,False,,,,,False,False,False
ENSG00000234186,2541,False,,,,,0.0006498658863863822,False,False,False,,,,,False,False,False
ENSG00000253463,2542,False,,,,,0.0006473095702957132,False,False,False,,,,,False,False,False
ENSG00000258640,2543,False,,,,,0.0006471328743156295,False,False,False,,,,,False,False,False
ENSG00000236809,2544,False,,,,,0.0006471088494262341,False,False,False,,,,,False,False,False
ENSG00000242931,2545,False,,,,,0.0006468414284739192,False,False,False,,,,,False,False,False
ENSG00000181778,2546,False,,,,,0.0006453324010578156,False,False,False,,,,,False,False,False
ENSG00000255469,2547,False,,,,,0.0006442378651972629,False,False,False,,,,,False,False,False
ENSG00000233560,2548,False,,,,,0.0006440993999008166,False,False,False,,,,,False,False,False
ENSG00000230126,2549,False,,,,,0.0006433592337015874,False,False,False,,,,,False,False,False
ENSG00000178734,2550,False,,,,,0.0006432882308091445,False,False,False,,,,,False,False,False
ENSG00000271278,2551,False,,,,,0.0006432188036971124,False,False,False,,,,,False,False,False
ENSG00000239263,2552,False,,,,,0.0006414550736151859,False,False,False,,,,,False,False,False
ENSG00000184100,2553,False,,,,,0.0006405468203437518,False,False,False,,,,,False,False,False
ENSG00000231304,2554,False,,,,,0.000638629724834852,False,False,False,,,,,False,False,False
ENSG00000176988,2555,False,,,,,0.0006372272950274473,False,False,False,,,,,False,False,False
ENSG00000258886,2556,False,,,,,0.0006353567138464573,False,False,False,,,,,False,False,False
ENSG00000207248,2557,False,,,,,0.0006347272085163873,False,False,False,,,,,False,False,False
ENSG00000268785,2558,False,,,,,0.0006312420310189849,False,False,False,,,,,False,False,False
ENSG00000173908,2559,False,,,,,0.0006306940530823061,False,False,False,,,,,False,False,False
ENSG00000267676,2560,False,,,,,0.0006299061936047389,False,False,False,,,,,False,False,False
ENSG00000227939,2561,False,,,,,0.0006290820815746489,False,False,False,,,,,False,False,False
ENSG00000213950,2562,False,,,,,0.0006277579567705867,False,False,False,,,,,False,False,False
ENSG00000177476,2563,False,,,,,0.0006275001506582178,False,False,False,,,,,False,False,False
ENSG00000236148,2564,False,,,,,0.0006266838597265235,False,False,False,,,,,False,False,False
ENSG00000227177,2565,False,,,,,0.0006253853321750624,False,False,False,,,,,False,False,False
ENSG00000232333,2566,False,,,,,0.0006251150359436803,False,False,False,,,,,False,False,False
ENSG00000239198,2567,False,,,,,0.0006245461526430181,False,False,False,,,,,False,False,False
ENSG00000172478,2568,False,,,,,0.0006239866851905098,False,False,False,,,,,False,False,False
ENSG00000241278,2569,False,,,,,0.0006220052422701547,False,False,False,,,,,False,False,False
ENSG00000267402,2570,False,,,,,0.0006208633447343686,False,False,False,,,,,False,False,False
ENSG00000233158,2571,False,,,,,0.0006181122473761076,False,False,False,,,,,False,False,False
ENSG00000172362,2572,False,,,,,0.0006171284637532587,False,False,False,,,,,False,False,False
ENSG00000232044,2573,False,,,,,0.0006167779014254134,False,False,False,,,,,False,False,False
ENSG00000267185,2574,False,,,,,0.0006159278015809875,False,False,False,,,,,False,False,False
ENSG00000257488,2575,False,,,,,0.0006156289022633309,False,False,False,,,,,False,False,False
ENSG00000160349,2576,False,,,,,0.0006142840617426519,False,False,False,,,,,False,False,False
ENSG00000225770,2577,False,,,,,0.0006142836568894308,False,False,False,,,,,False,False,False
ENSG00000244321,2578,False,,,,,0.0006142087033325849,False,False,False,,,,,False,False,False
ENSG00000270441,2579,False,,,,,0.00061224120105666,False,False,False,,,,,False,False,False
ENSG00000282320,2580,False,,,,,0.0006095474853850591,False,False,False,,,,,False,False,False
ENSG00000237522,2581,False,,,,,0.000608894570420642,False,False,False,,,,,False,False,False
ENSG00000228382,2582,False,,,,,0.0006086215541909846,False,False,False,,,,,False,False,False
ENSG00000270670,2583,False,,,,,0.0006078960936926947,False,False,False,,,,,False,False,False
ENSG00000177822,2584,False,,,,,0.000606497649307568,False,False,False,,,,,False,False,False
ENSG00000142025,2585,False,,,,,0.00060559804849282,False,False,False,,,,,False,False,False
ENSG00000254656,2586,False,,,,,0.000604502666674293,False,False,False,,,,,False,False,False
ENSG00000254843,2587,False,,,,,0.0006037547556667084,False,False,False,,,,,False,False,False
ENSG00000259303,2588,False,,,,,0.000603178927456763,False,False,False,,,,,False,False,False
ENSG00000213309,2589,False,,,,,0.0006030473588313081,False,False,False,,,,,False,False,False
ENSG00000248476,2590,False,,,,,0.0006025035505174126,False,False,False,,,,,False,False,False
ENSG00000225093,2591,False,,,,,0.0006002693867864532,False,False,False,,,,,False,False,False
ENSG00000234911,2592,False,,,,,0.0005977474051369748,False,False,False,,,,,False,False,False
ENSG00000254271,2593,False,,,,,0.0005972488367762452,False,False,False,,,,,False,False,False
ENSG00000199325,2594,False,,,,,0.0005958934384014152,False,False,False,,,,,False,False,False
ENSG00000253431,2595,False,,,,,0.0005958559163634475,False,False,False,,,,,False,False,False
ENSG00000233072,2596,False,,,,,0.0005925863955080381,False,False,False,,,,,False,False,False
ENSG00000277452,2597,False,,,,,0.0005919498571374145,False,False,False,,,,,False,False,False
ENSG00000225535,2598,False,,,,,0.0005914861227213263,False,False,False,,,,,False,False,False
ENSG00000244588,2599,False,,,,,0.000590944637817376,False,False,False,,,,,False,False,False
ENSG00000230508,2600,False,,,,,0.0005899388685181964,False,False,False,,,,,False,False,False
ENSG00000242241,2601,False,,,,,0.0005874598211574781,False,False,False,,,,,False,False,False
ENSG00000207392,2602,False,,,,,0.0005872863265570779,False,False,False,,,,,False,False,False
ENSG00000233254,2603,False,,,,,0.0005820371739357075,False,False,False,,,,,False,False,False
ENSG00000239269,2604,False,,,,,0.0005800587080259207,False,False,False,,,,,False,False,False
ENSG00000225900,2605,False,,,,,0.0005792780142364479,False,False,False,,,,,False,False,False
ENSG00000264322,2606,False,,,,,0.0005791731455488666,False,False,False,,,,,False,False,False
ENSG00000285122,2607,False,,,,,0.0005788671026338047,False,False,False,,,,,False,False,False
ENSG00000125571,2608,False,,,,,0.0005786542111457501,False,False,False,,,,,False,False,False
ENSG00000242060,2609,False,,,,,0.0005777117460423808,False,False,False,,,,,False,False,False
ENSG00000204776,2610,False,,,,,0.0005762052912037353,False,False,False,,,,,False,False,False
ENSG00000239830,2611,False,,,,,0.0005756262391683027,False,False,False,,,,,False,False,False
ENSG00000278746,2612,False,,,,,0.0005752606887993486,False,False,False,,,,,False,False,False
ENSG00000212370,2613,False,,,,,0.0005714182643765475,False,False,False,,,,,False,False,False
ENSG00000210151,2614,False,,,,,0.0005704580997911376,False,False,False,,,,,False,False,False
ENSG00000206605,2615,False,,,,,0.0005698539385075127,False,False,False,,,,,False,False,False
ENSG00000232684,2616,False,,,,,0.0005694320932941072,False,False,False,,,,,False,False,False
ENSG00000228828,2617,False,,,,,0.0005691093844306584,False,False,False,,,,,False,False,False
ENSG00000204025,2618,False,,,,,0.0005678956548873465,False,False,False,,,,,False,False,False
ENSG00000213492,2619,False,,,,,0.0005662741922833248,False,False,False,,,,,False,False,False
ENSG00000251003,2620,False,,,,,0.0005652221325089433,False,False,False,,,,,False,False,False
ENSG00000211764,2621,False,,,,,0.000563149247409095,False,False,False,,,,,False,False,False
ENSG00000226562,2622,False,,,,,0.0005630905406746563,False,False,False,,,,,False,False,False
ENSG00000242320,2623,False,,,,,0.0005621580055601435,False,False,False,,,,,False,False,False
ENSG00000258016,2624,False,,,,,0.000559785134596497,False,False,False,,,,,False,False,False
ENSG00000228938,2625,False,,,,,0.0005594933456837491,False,False,False,,,,,False,False,False
ENSG00000244661,2626,False,,,,,0.0005588872252028888,False,False,False,,,,,False,False,False
ENSG00000235812,2627,False,,,,,0.000558657387096256,False,False,False,,,,,False,False,False
ENSG00000261097,2628,False,,,,,0.000557725487474678,False,False,False,,,,,False,False,False
ENSG00000165204,2629,False,,,,,0.0005574164218091262,False,False,False,,,,,False,False,False
ENSG00000264041,2630,False,,,,,0.0005573203948182934,False,False,False,,,,,False,False,False
ENSG00000250170,2631,False,,,,,0.0005568421870900584,False,False,False,,,,,False,False,False
ENSG00000179796,2632,False,,,,,0.000556783957240918,False,False,False,,,,,False,False,False
ENSG00000262117,2633,False,,,,,0.0005556649334692658,False,False,False,,,,,False,False,False
ENSG00000226604,2634,False,,,,,0.0005552333239366344,False,False,False,,,,,False,False,False
ENSG00000253421,2635,False,,,,,0.0005540495109421724,False,False,False,,,,,False,False,False
ENSG00000162947,2636,False,,,,,0.0005533476924091676,False,False,False,,,,,False,False,False
ENSG00000234264,2637,False,,,,,0.0005531709022753697,False,False,False,,,,,False,False,False
ENSG00000236581,2638,False,,,,,0.0005527439453732742,False,False,False,,,,,False,False,False
ENSG00000146857,2639,False,,,,,0.0005522799376475142,False,False,False,,,,,False,False,False
ENSG00000148136,2640,False,,,,,0.0005505646808352698,False,False,False,,,,,False,False,False
ENSG00000250474,2641,False,,,,,0.0005504093213536604,False,False,False,,,,,False,False,False
ENSG00000239910,2642,False,,,,,0.0005503663876887879,False,False,False,,,,,False,False,False
ENSG00000213713,2643,False,,,,,0.0005487964522568399,False,False,False,,,,,False,False,False
ENSG00000236296,2644,False,,,,,0.0005485248730450484,False,False,False,,,,,False,False,False
ENSG00000267023,2645,False,,,,,0.0005477561444513679,False,False,False,,,,,False,False,False
ENSG00000127589,2646,False,,,,,0.0005456429468456543,False,False,False,,,,,False,False,False
ENSG00000183733,2647,False,,,,,0.000545214826719842,False,False,False,,,,,False,False,False
ENSG00000232685,2648,False,,,,,0.00054453642505958,False,False,False,,,,,False,False,False
ENSG00000254114,2649,False,,,,,0.0005444753044800872,False,False,False,,,,,False,False,False
ENSG00000219163,2650,False,,,,,0.0005440455839130347,False,False,False,,,,,False,False,False
ENSG00000240270,2651,False,,,,,0.0005430047894652183,False,False,False,,,,,False,False,False
ENSG00000234772,2652,False,,,,,0.0005426562648291435,False,False,False,,,,,False,False,False
ENSG00000242142,2653,False,,,,,0.0005425720181966101,False,False,False,,,,,False,False,False
ENSG00000196205,2654,False,,,,,0.0005425165657825039,False,False,False,,,,,False,False,False
ENSG00000238263,2655,False,,,,,0.0005414662081978889,False,False,False,,,,,False,False,False
ENSG00000226478,2656,False,,,,,0.0005412973167703657,False,False,False,,,,,False,False,False
ENSG00000255582,2657,False,,,,,0.0005407564814170999,False,False,False,,,,,False,False,False
ENSG00000275014,2658,False,,,,,0.0005404037889469584,False,False,False,,,,,False,False,False
ENSG00000260286,2659,False,,,,,0.0005398602438665073,False,False,False,,,,,False,False,False
ENSG00000229557,2660,False,,,,,0.0005398445755859345,False,False,False,,,,,False,False,False
ENSG00000271710,2661,False,,,,,0.0005394573194073102,False,False,False,,,,,False,False,False
ENSG00000231035,2662,False,,,,,0.0005391370231059178,False,False,False,,,,,False,False,False
ENSG00000239201,2663,False,,,,,0.0005387391917351323,False,False,False,,,,,False,False,False
ENSG00000198881,2664,False,,,,,0.0005382736922764708,False,False,False,,,,,False,False,False
ENSG00000182000,2665,False,,,,,0.0005378935016909346,False,False,False,,,,,False,False,False
ENSG00000229948,2666,False,,,,,0.0005342132906761963,False,False,False,,,,,False,False,False
ENSG00000237670,2667,False,,,,,0.0005340859258788047,False,False,False,,,,,False,False,False
ENSG00000211693,2668,False,,,,,0.0005311563057716839,False,False,False,,,,,False,False,False
ENSG00000241429,2669,False,,,,,0.0005306806437208587,False,False,False,,,,,False,False,False
ENSG00000227071,2670,False,,,,,0.0005301345218417003,False,False,False,,,,,False,False,False
ENSG00000283361,2671,False,,,,,0.0005285951397505081,False,False,False,,,,,False,False,False
ENSG00000228415,2672,False,,,,,0.0005280612306947462,False,False,False,,,,,False,False,False
ENSG00000258872,2673,False,,,,,0.0005276208931694605,False,False,False,,,,,False,False,False
ENSG00000286733,2674,False,,,,,0.0005256972705854585,False,False,False,,,,,False,False,False
ENSG00000248449,2675,False,,,,,0.0005253354928487042,False,False,False,,,,,False,False,False
ENSG00000259125,2676,False,,,,,0.0005243242235772403,False,False,False,,,,,False,False,False
ENSG00000186766,2677,False,,,,,0.0005241553337937515,False,False,False,,,,,False,False,False
ENSG00000225215,2678,False,,,,,0.0005235150051486101,False,False,False,,,,,False,False,False
ENSG00000233750,2679,False,,,,,0.0005224247560588422,False,False,False,,,,,False,False,False
ENSG00000214629,2680,False,,,,,0.0005198264649655911,False,False,False,,,,,False,False,False
ENSG00000251056,2681,False,,,,,0.000519676069095478,False,False,False,,,,,False,False,False
ENSG00000262759,2682,False,,,,,0.0005193879102365823,False,False,False,,,,,False,False,False
ENSG00000250290,2683,False,,,,,0.0005172122508549742,False,False,False,,,,,False,False,False
ENSG00000257818,2684,False,,,,,0.0005167075015938114,False,False,False,,,,,False,False,False
ENSG00000259781,2685,False,,,,,0.0005154936601914626,False,False,False,,,,,False,False,False
ENSG00000230601,2686,False,,,,,0.0005154658855593039,False,False,False,,,,,False,False,False
ENSG00000231167,2687,False,,,,,0.0005152109206506657,False,False,False,,,,,False,False,False
ENSG00000206633,2688,False,,,,,0.0005143182581646389,False,False,False,,,,,False,False,False
ENSG00000183199,2689,False,,,,,0.0005136569215841307,False,False,False,,,,,False,False,False
ENSG00000188992,2690,False,,,,,0.0005128557934213606,False,False,False,,,,,False,False,False
ENSG00000176294,2691,False,,,,,0.0005113540763315235,False,False,False,,,,,False,False,False
ENSG00000205482,2692,False,,,,,0.0005103811202676828,False,False,False,,,,,False,False,False
ENSG00000256826,2693,False,,,,,0.0005102811454733232,False,False,False,,,,,False,False,False
ENSG00000255725,2694,False,,,,,0.0005090973697105127,False,False,False,,,,,False,False,False
ENSG00000239122,2695,False,,,,,0.0005086957208638599,False,False,False,,,,,False,False,False
ENSG00000243370,2696,False,,,,,0.0005067168455107692,False,False,False,,,,,False,False,False
ENSG00000089116,2697,False,,,,,0.0005062921264663067,False,False,False,,,,,False,False,False
ENSG00000224476,2698,False,,,,,0.000505695139048861,False,False,False,,,,,False,False,False
ENSG00000092345,2699,False,,,,,0.0005050251729928455,False,False,False,,,,,False,False,False
ENSG00000225025,2700,False,,,,,0.0005048413073977062,False,False,False,,,,,False,False,False
ENSG00000228492,2701,False,,,,,0.0005045620066351064,False,False,False,,,,,False,False,False
ENSG00000226948,2702,False,,,,,0.0005041853159046474,False,False,False,,,,,False,False,False
ENSG00000229992,2703,False,,,,,0.0005039037702748257,False,False,False,,,,,False,False,False
ENSG00000164438,2704,False,,,,,0.0005031248940827424,False,False,False,,,,,False,False,False
ENSG00000222112,2705,False,,,,,0.0005029245020185136,False,False,False,,,,,False,False,False
ENSG00000235777,2706,False,,,,,0.000501964966725127,False,False,False,,,,,False,False,False
ENSG00000242876,2707,False,,,,,0.0005013717595125388,False,False,False,,,,,False,False,False
ENSG00000137634,2708,False,,,,,0.0005008625069449943,False,False,False,,,,,False,False,False
ENSG00000239221,2709,False,,,,,0.0005008232821616117,False,False,False,,,,,False,False,False
ENSG00000135824,2710,False,,,,,0.0005006787749884218,False,False,False,,,,,False,False,False
ENSG00000186038,2711,False,,,,,0.0004999354716002655,False,False,False,,,,,False,False,False
ENSG00000260576,2712,False,,,,,0.0004986513415519871,False,False,False,,,,,False,False,False
ENSG00000267057,2713,False,,,,,0.0004977657546612554,False,False,False,,,,,False,False,False
ENSG00000230204,2714,False,,,,,0.0004972890165928672,False,False,False,,,,,False,False,False
ENSG00000201492,2715,False,,,,,0.0004971622216589484,False,False,False,,,,,False,False,False
ENSG00000199377,2716,False,,,,,0.0004958896423419393,False,False,False,,,,,False,False,False
ENSG00000244485,2717,False,,,,,0.0004953558991806201,False,False,False,,,,,False,False,False
ENSG00000207205,2718,False,,,,,0.0004949749564099656,False,False,False,,,,,False,False,False
ENSG00000224680,2719,False,,,,,0.0004949092435624065,False,False,False,,,,,False,False,False
ENSG00000259512,2720,False,,,,,0.0004942398864676389,False,False,False,,,,,False,False,False
ENSG00000200183,2721,False,,,,,0.0004937145669069886,False,False,False,,,,,False,False,False
ENSG00000243404,2722,False,,,,,0.0004911265603981729,False,False,False,,,,,False,False,False
ENSG00000213916,2723,False,,,,,0.0004906745209576028,False,False,False,,,,,False,False,False
ENSG00000252361,2724,False,,,,,0.0004904481254917022,False,False,False,,,,,False,False,False
ENSG00000144820,2725,False,,,,,0.0004904199708501049,False,False,False,,,,,False,False,False
ENSG00000281392,2726,False,,,,,0.0004897756706653803,False,False,False,,,,,False,False,False
ENSG00000264448,2727,False,,,,,0.0004895208659080537,False,False,False,,,,,False,False,False
ENSG00000213130,2728,False,,,,,0.0004893328623421679,False,False,False,,,,,False,False,False
ENSG00000270479,2729,False,,,,,0.0004889304105696342,False,False,False,,,,,False,False,False
ENSG00000259535,2730,False,,,,,0.00048823747737124874,False,False,False,,,,,False,False,False
ENSG00000228723,2731,False,,,,,0.0004853820650495684,False,False,False,,,,,False,False,False
ENSG00000200403,2732,False,,,,,0.0004851312760944715,False,False,False,,,,,False,False,False
ENSG00000221102,2733,False,,,,,0.00048481592723806984,False,False,False,,,,,False,False,False
ENSG00000225231,2734,False,,,,,0.00048398913539370085,False,False,False,,,,,False,False,False
ENSG00000225712,2735,False,,,,,0.0004834888072156948,False,False,False,,,,,False,False,False
ENSG00000144410,2736,False,,,,,0.00048011559588944877,False,False,False,,,,,False,False,False
ENSG00000259660,2737,False,,,,,0.00047936702144940765,False,False,False,,,,,False,False,False
ENSG00000232373,2738,False,,,,,0.00047936525228905276,False,False,False,,,,,False,False,False
ENSG00000259374,2739,False,,,,,0.00047817264966405575,False,False,False,,,,,False,False,False
ENSG00000270264,2740,False,,,,,0.0004771813425073378,False,False,False,,,,,False,False,False
ENSG00000105988,2741,False,,,,,0.00047313328350739517,False,False,False,,,,,False,False,False
ENSG00000234527,2742,False,,,,,0.00047299591115081065,False,False,False,,,,,False,False,False
ENSG00000149435,2743,False,,,,,0.00047268555903111207,False,False,False,,,,,False,False,False
ENSG00000203908,2744,False,,,,,0.00047238086893993097,False,False,False,,,,,False,False,False
ENSG00000179571,2745,False,,,,,0.0004723561726739887,False,False,False,,,,,False,False,False
ENSG00000263955,2746,False,,,,,0.00047085591160291274,False,False,False,,,,,False,False,False
ENSG00000128438,2747,False,,,,,0.0004704873171954164,False,False,False,,,,,False,False,False
ENSG00000183535,2748,False,,,,,0.00046693293211436403,False,False,False,,,,,False,False,False
ENSG00000179055,2749,False,,,,,0.00046644458942049483,False,False,False,,,,,False,False,False
ENSG00000233690,2750,False,,,,,0.0004664437482140077,False,False,False,,,,,False,False,False
ENSG00000234176,2751,False,,,,,0.0004632196285613426,False,False,False,,,,,False,False,False
ENSG00000250432,2752,False,,,,,0.00046313986264204677,False,False,False,,,,,False,False,False
ENSG00000109851,2753,False,,,,,0.0004628836695661964,False,False,False,,,,,False,False,False
ENSG00000221971,2754,False,,,,,0.00046238253359608453,False,False,False,,,,,False,False,False
ENSG00000228499,2755,False,,,,,0.00046046176550325915,False,False,False,,,,,False,False,False
ENSG00000150783,2756,False,,,,,0.00046024353457991017,False,False,False,,,,,False,False,False
ENSG00000226677,2757,False,,,,,0.0004601468600976808,False,False,False,,,,,False,False,False
ENSG00000217026,2758,False,,,,,0.0004601264100953739,False,False,False,,,,,False,False,False
ENSG00000207208,2759,False,,,,,0.00045890672959940484,False,False,False,,,,,False,False,False
ENSG00000226516,2760,False,,,,,0.0004586571815219408,False,False,False,,,,,False,False,False
ENSG00000241735,2761,False,,,,,0.0004565065190147631,False,False,False,,,,,False,False,False
ENSG00000254791,2762,False,,,,,0.000454422732723951,False,False,False,,,,,False,False,False
ENSG00000211771,2763,False,,,,,0.00045406189084449373,False,False,False,,,,,False,False,False
ENSG00000248568,2764,False,,,,,0.0004536035878372705,False,False,False,,,,,False,False,False
ENSG00000236493,2765,False,,,,,0.0004531977563832976,False,False,False,,,,,False,False,False
ENSG00000177590,2766,False,,,,,0.0004531709902108599,False,False,False,,,,,False,False,False
ENSG00000225014,2767,False,,,,,0.00045177061388550503,False,False,False,,,,,False,False,False
ENSG00000226701,2768,False,,,,,0.0004479880116992502,False,False,False,,,,,False,False,False
ENSG00000165682,2769,False,,,,,0.0004477599755253135,False,False,False,,,,,False,False,False
ENSG00000225110,2770,False,,,,,0.0004476384280481995,False,False,False,,,,,False,False,False
ENSG00000234925,2771,False,,,,,0.0004475879639807926,False,False,False,,,,,False,False,False
ENSG00000200683,2772,False,,,,,0.00044703812316549253,False,False,False,,,,,False,False,False
ENSG00000181616,2773,False,,,,,0.0004466503973192349,False,False,False,,,,,False,False,False
ENSG00000236539,2774,False,,,,,0.0004465768502987911,False,False,False,,,,,False,False,False
ENSG00000224177,2775,False,,,,,0.0004450224415376792,False,False,False,,,,,False,False,False
ENSG00000258876,2776,False,,,,,0.00044439751255945334,False,False,False,,,,,False,False,False
ENSG00000230399,2777,False,,,,,0.0004416260887751275,False,False,False,,,,,False,False,False
ENSG00000240718,2778,False,,,,,0.000441086019378486,False,False,False,,,,,False,False,False
ENSG00000214465,2779,False,,,,,0.0004399331599403015,False,False,False,,,,,False,False,False
ENSG00000249616,2780,False,,,,,0.0004391266437389031,False,False,False,,,,,False,False,False
ENSG00000184385,2781,False,,,,,0.0004386194082639907,False,False,False,,,,,False,False,False
ENSG00000006659,2782,False,,,,,0.0004380516951669711,False,False,False,,,,,False,False,False
ENSG00000201367,2783,False,,,,,0.0004380473067655168,False,False,False,,,,,False,False,False
ENSG00000183560,2784,False,,,,,0.00043773731212889196,False,False,False,,,,,False,False,False
ENSG00000260220,2785,False,,,,,0.00043531849920602273,False,False,False,,,,,False,False,False
ENSG00000272533,2786,False,,,,,0.0004353013033356334,False,False,False,,,,,False,False,False
ENSG00000244585,2787,False,,,,,0.0004346462363826968,False,False,False,,,,,False,False,False
ENSG00000233080,2788,False,,,,,0.0004328603682106647,False,False,False,,,,,False,False,False
ENSG00000234882,2789,False,,,,,0.00043127570999715136,False,False,False,,,,,False,False,False
ENSG00000240489,2790,False,,,,,0.00043011919849219514,False,False,False,,,,,False,False,False
ENSG00000242285,2791,False,,,,,0.0004297155670946295,False,False,False,,,,,False,False,False
ENSG00000212163,2792,False,,,,,0.00042942087954482,False,False,False,,,,,False,False,False
ENSG00000242085,2793,False,,,,,0.00042718144448293234,False,False,False,,,,,False,False,False
ENSG00000199874,2794,False,,,,,0.0004271112419079669,False,False,False,,,,,False,False,False
ENSG00000248698,2795,False,,,,,0.0004270922847476873,False,False,False,,,,,False,False,False
ENSG00000236646,2796,False,,,,,0.0004270430350468758,False,False,False,,,,,False,False,False
ENSG00000255303,2797,False,,,,,0.00042669982488016266,False,False,False,,,,,False,False,False
ENSG00000166569,2798,False,,,,,0.00042537540611915884,False,False,False,,,,,False,False,False
ENSG00000229419,2799,False,,,,,0.00042408265106959396,False,False,False,,,,,False,False,False
ENSG00000222607,2800,False,,,,,0.00042338280564826157,False,False,False,,,,,False,False,False
ENSG00000230663,2801,False,,,,,0.00042122592284814025,False,False,False,,,,,False,False,False
ENSG00000225137,2802,False,,,,,0.0004206914631158325,False,False,False,,,,,False,False,False
ENSG00000214761,2803,False,,,,,0.00042000720357786503,False,False,False,,,,,False,False,False
ENSG00000233380,2804,False,,,,,0.00041970220941093644,False,False,False,,,,,False,False,False
ENSG00000228807,2805,False,,,,,0.000419388968264078,False,False,False,,,,,False,False,False
ENSG00000174970,2806,False,,,,,0.00041770421228134845,False,False,False,,,,,False,False,False
ENSG00000228502,2807,False,,,,,0.00041687723480667623,False,False,False,,,,,False,False,False
ENSG00000242067,2808,False,,,,,0.0004164356381325545,False,False,False,,,,,False,False,False
ENSG00000204173,2809,False,,,,,0.00041586088294406903,False,False,False,,,,,False,False,False
ENSG00000169575,2810,False,,,,,0.0004150953561772968,False,False,False,,,,,False,False,False
ENSG00000261340,2811,False,,,,,0.0004147031119141533,False,False,False,,,,,False,False,False
ENSG00000244301,2812,False,,,,,0.0004131052748571636,False,False,False,,,,,False,False,False
ENSG00000232422,2813,False,,,,,0.000412859433093348,False,False,False,,,,,False,False,False
ENSG00000240138,2814,False,,,,,0.0004128254776875024,False,False,False,,,,,False,False,False
ENSG00000255763,2815,False,,,,,0.0004126227210060356,False,False,False,,,,,False,False,False
ENSG00000227887,2816,False,,,,,0.00041160622812485035,False,False,False,,,,,False,False,False
ENSG00000232837,2817,False,,,,,0.0004114002747244016,False,False,False,,,,,False,False,False
ENSG00000266952,2818,False,,,,,0.00040887277828674783,False,False,False,,,,,False,False,False
ENSG00000261645,2819,False,,,,,0.000406675778264624,False,False,False,,,,,False,False,False
ENSG00000232724,2820,False,,,,,0.0004046347138003641,False,False,False,,,,,False,False,False
ENSG00000216854,2821,False,,,,,0.00040432619779779165,False,False,False,,,,,False,False,False
ENSG00000239440,2822,False,,,,,0.00040159303412082195,False,False,False,,,,,False,False,False
ENSG00000186306,2823,False,,,,,0.00040131670483078714,False,False,False,,,,,False,False,False
ENSG00000237827,2824,False,,,,,0.0004006231784888182,False,False,False,,,,,False,False,False
ENSG00000162399,2825,False,,,,,0.00039922680928384266,False,False,False,,,,,False,False,False
ENSG00000182814,2826,False,,,,,0.0003990147683602642,False,False,False,,,,,False,False,False
ENSG00000224358,2827,False,,,,,0.0003974317505585601,False,False,False,,,,,False,False,False
ENSG00000258583,2828,False,,,,,0.00039679299778963496,False,False,False,,,,,False,False,False
ENSG00000254884,2829,False,,,,,0.0003967167571620315,False,False,False,,,,,False,False,False
ENSG00000279636,2830,False,,,,,0.0003930281810713156,False,False,False,,,,,False,False,False
ENSG00000214326,2831,False,,,,,0.00039171054111976816,False,False,False,,,,,False,False,False
ENSG00000202415,2832,False,,,,,0.00039023243403623297,False,False,False,,,,,False,False,False
ENSG00000204010,2833,False,,,,,0.0003896535374822744,False,False,False,,,,,False,False,False
ENSG00000236312,2834,False,,,,,0.00038943790781346017,False,False,False,,,,,False,False,False
ENSG00000238228,2835,False,,,,,0.0003887419038372318,False,False,False,,,,,False,False,False
ENSG00000219986,2836,False,,,,,0.00038680603384690245,False,False,False,,,,,False,False,False
ENSG00000230564,2837,False,,,,,0.0003848630065844595,False,False,False,,,,,False,False,False
ENSG00000253315,2838,False,,,,,0.0003840279708825959,False,False,False,,,,,False,False,False
ENSG00000242640,2839,False,,,,,0.0003836079837622419,False,False,False,,,,,False,False,False
ENSG00000250539,2840,False,,,,,0.00038333524998344465,False,False,False,,,,,False,False,False
ENSG00000235084,2841,False,,,,,0.0003831576146155712,False,False,False,,,,,False,False,False
ENSG00000258469,2842,False,,,,,0.0003827112250000748,False,False,False,,,,,False,False,False
ENSG00000236307,2843,False,,,,,0.0003825786002651927,False,False,False,,,,,False,False,False
ENSG00000280953,2844,False,,,,,0.0003805357391286921,False,False,False,,,,,False,False,False
ENSG00000229456,2845,False,,,,,0.00038036918331751154,False,False,False,,,,,False,False,False
ENSG00000217027,2846,False,,,,,0.0003802026143925478,False,False,False,,,,,False,False,False
ENSG00000229753,2847,False,,,,,0.000379704907039434,False,False,False,,,,,False,False,False
ENSG00000164900,2848,False,,,,,0.0003794515984579883,False,False,False,,,,,False,False,False
ENSG00000232393,2849,False,,,,,0.00037922856753708976,False,False,False,,,,,False,False,False
ENSG00000263360,2850,False,,,,,0.00037791036009200983,False,False,False,,,,,False,False,False
ENSG00000265345,2851,False,,,,,0.00037688755988498994,False,False,False,,,,,False,False,False
ENSG00000282625,2852,False,,,,,0.0003763844793046313,False,False,False,,,,,False,False,False
ENSG00000264438,2853,False,,,,,0.00037527213090264854,False,False,False,,,,,False,False,False
ENSG00000225246,2854,False,,,,,0.0003731984160935127,False,False,False,,,,,False,False,False
ENSG00000276088,2855,False,,,,,0.0003727753685166878,False,False,False,,,,,False,False,False
ENSG00000182346,2856,False,,,,,0.00037159367673795824,False,False,False,,,,,False,False,False
ENSG00000201028,2857,False,,,,,0.00037030712965543076,False,False,False,,,,,False,False,False
ENSG00000226937,2858,False,,,,,0.0003690618918494372,False,False,False,,,,,False,False,False
ENSG00000258608,2859,False,,,,,0.0003680483211481855,False,False,False,,,,,False,False,False
ENSG00000243702,2860,False,,,,,0.0003680041885497072,False,False,False,,,,,False,False,False
ENSG00000255323,2861,False,,,,,0.00036522020532943453,False,False,False,,,,,False,False,False
ENSG00000239797,2862,False,,,,,0.00036469045883930724,False,False,False,,,,,False,False,False
ENSG00000283948,2863,False,,,,,0.00036412985500119954,False,False,False,,,,,False,False,False
ENSG00000259997,2864,False,,,,,0.00036294985470723175,False,False,False,,,,,False,False,False
ENSG00000248180,2865,False,,,,,0.0003628664150092947,False,False,False,,,,,False,False,False
ENSG00000253240,2866,False,,,,,0.0003627118279886393,False,False,False,,,,,False,False,False
ENSG00000236281,2867,False,,,,,0.0003625954043309269,False,False,False,,,,,False,False,False
ENSG00000270813,2868,False,,,,,0.00036160901964929856,False,False,False,,,,,False,False,False
ENSG00000243911,2869,False,,,,,0.0003597134242524169,False,False,False,,,,,False,False,False
ENSG00000215853,2870,False,,,,,0.0003596295185877956,False,False,False,,,,,False,False,False
ENSG00000265942,2871,False,,,,,0.00035878775225558617,False,False,False,,,,,False,False,False
ENSG00000177462,2872,False,,,,,0.00035818884974125095,False,False,False,,,,,False,False,False
ENSG00000181273,2873,False,,,,,0.0003578130759928143,False,False,False,,,,,False,False,False
ENSG00000243313,2874,False,,,,,0.00035715614276160714,False,False,False,,,,,False,False,False
ENSG00000238103,2875,False,,,,,0.00035660793879684554,False,False,False,,,,,False,False,False
ENSG00000259218,2876,False,,,,,0.0003559849919873453,False,False,False,,,,,False,False,False
ENSG00000250182,2877,False,,,,,0.0003558397942034454,False,False,False,,,,,False,False,False
ENSG00000188985,2878,False,,,,,0.0003553100495852915,False,False,False,,,,,False,False,False
ENSG00000225569,2879,False,,,,,0.00035233794216737123,False,False,False,,,,,False,False,False
ENSG00000254449,2880,False,,,,,0.0003507601026328793,False,False,False,,,,,False,False,False
ENSG00000242979,2881,False,,,,,0.00034891999200761077,False,False,False,,,,,False,False,False
ENSG00000203489,2882,False,,,,,0.0003487870745558299,False,False,False,,,,,False,False,False
ENSG00000283709,2883,False,,,,,0.00034751222492970953,False,False,False,,,,,False,False,False
ENSG00000163098,2884,False,,,,,0.0003467008031693619,False,False,False,,,,,False,False,False
ENSG00000211641,2885,False,,,,,0.00034661333459308366,False,False,False,,,,,False,False,False
ENSG00000255014,2886,False,,,,,0.00034565183550396743,False,False,False,,,,,False,False,False
ENSG00000214832,2887,False,,,,,0.00034473855221778135,False,False,False,,,,,False,False,False
ENSG00000172746,2888,False,,,,,0.0003435073793058759,False,False,False,,,,,False,False,False
ENSG00000260229,2889,False,,,,,0.00034279031306143354,False,False,False,,,,,False,False,False
ENSG00000224854,2890,False,,,,,0.0003424350334969828,False,False,False,,,,,False,False,False
ENSG00000268949,2891,False,,,,,0.00034233274804775903,False,False,False,,,,,False,False,False
ENSG00000266563,2892,False,,,,,0.0003416405037295194,False,False,False,,,,,False,False,False
ENSG00000262628,2893,False,,,,,0.0003413142963009967,False,False,False,,,,,False,False,False
ENSG00000138892,2894,False,,,,,0.00033971407454801763,False,False,False,,,,,False,False,False
ENSG00000234036,2895,False,,,,,0.0003386148698196287,False,False,False,,,,,False,False,False
ENSG00000253338,2896,False,,,,,0.0003384618978899534,False,False,False,,,,,False,False,False
ENSG00000199883,2897,False,,,,,0.0003381844864300461,False,False,False,,,,,False,False,False
ENSG00000230216,2898,False,,,,,0.00033795007081716144,False,False,False,,,,,False,False,False
ENSG00000242515,2899,False,,,,,0.00033691121380319863,False,False,False,,,,,False,False,False
ENSG00000173714,2900,False,,,,,0.00033402206934091035,False,False,False,,,,,False,False,False
ENSG00000264862,2901,False,,,,,0.0003336963047240852,False,False,False,,,,,False,False,False
ENSG00000266075,2902,False,,,,,0.00033128350373295393,False,False,False,,,,,False,False,False
ENSG00000262402,2903,False,,,,,0.0003310992025393924,False,False,False,,,,,False,False,False
ENSG00000277374,2904,False,,,,,0.0003278368307901235,False,False,False,,,,,False,False,False
ENSG00000120094,2905,False,,,,,0.00032691863647478785,False,False,False,,,,,False,False,False
ENSG00000224034,2906,False,,,,,0.000326106430015657,False,False,False,,,,,False,False,False
ENSG00000264663,2907,False,,,,,0.00032499517992271867,False,False,False,,,,,False,False,False
ENSG00000163914,2908,False,,,,,0.00032498626772353495,False,False,False,,,,,False,False,False
ENSG00000236345,2909,False,,,,,0.0003217101007141737,False,False,False,,,,,False,False,False
ENSG00000231849,2910,False,,,,,0.00031927824895103203,False,False,False,,,,,False,False,False
ENSG00000203799,2911,False,,,,,0.000316801688506201,False,False,False,,,,,False,False,False
ENSG00000232024,2912,False,,,,,0.0003158497928569367,False,False,False,,,,,False,False,False
ENSG00000227510,2913,False,,,,,0.000315508002102227,False,False,False,,,,,False,False,False
ENSG00000169006,2914,False,,,,,0.00031497289745808447,False,False,False,,,,,False,False,False
ENSG00000272837,2915,False,,,,,0.0003144030085583574,False,False,False,,,,,False,False,False
ENSG00000124097,2916,False,,,,,0.00031439146580971444,False,False,False,,,,,False,False,False
ENSG00000238172,2917,False,,,,,0.00031410865294457017,False,False,False,,,,,False,False,False
ENSG00000254215,2918,False,,,,,0.00031380035568706746,False,False,False,,,,,False,False,False
ENSG00000226251,2919,False,,,,,0.00031264702371098125,False,False,False,,,,,False,False,False
ENSG00000224451,2920,False,,,,,0.0003124475522866448,False,False,False,,,,,False,False,False
ENSG00000269855,2921,False,,,,,0.0003120808782974721,False,False,False,,,,,False,False,False
ENSG00000243711,2922,False,,,,,0.0003091056531575332,False,False,False,,,,,False,False,False
ENSG00000255262,2923,False,,,,,0.000307796039422135,False,False,False,,,,,False,False,False
ENSG00000249264,2924,False,,,,,0.00030534728302624407,False,False,False,,,,,False,False,False
ENSG00000242436,2925,False,,,,,0.00030531036299616025,False,False,False,,,,,False,False,False
ENSG00000213343,2926,False,,,,,0.0003026802495657583,False,False,False,,,,,False,False,False
ENSG00000234145,2927,False,,,,,0.0003025875387834123,False,False,False,,,,,False,False,False
ENSG00000178130,2928,False,,,,,0.0003011661437947669,False,False,False,,,,,False,False,False
ENSG00000225328,2929,False,,,,,0.00030035844237797824,False,False,False,,,,,False,False,False
ENSG00000282933,2930,False,,,,,0.00029904842027850514,False,False,False,,,,,False,False,False
ENSG00000226258,2931,False,,,,,0.00029114635217607047,False,False,False,,,,,False,False,False
ENSG00000171855,2932,False,,,,,0.0002907677913816192,False,False,False,,,,,False,False,False
ENSG00000233876,2933,False,,,,,0.0002895401783793587,False,False,False,,,,,False,False,False
ENSG00000234614,2934,False,,,,,0.00028854750381670466,False,False,False,,,,,False,False,False
ENSG00000231884,2935,False,,,,,0.00028832007500064405,False,False,False,,,,,False,False,False
ENSG00000230311,2936,False,,,,,0.0002882944230210974,False,False,False,,,,,False,False,False
ENSG00000222222,2937,False,,,,,0.00028612966355557527,False,False,False,,,,,False,False,False
ENSG00000214203,2938,False,,,,,0.000285928178621806,False,False,False,,,,,False,False,False
ENSG00000203416,2939,False,,,,,0.0002847075697679872,False,False,False,,,,,False,False,False
ENSG00000225552,2940,False,,,,,0.00028404253799064154,False,False,False,,,,,False,False,False
ENSG00000229184,2941,False,,,,,0.00028192274629399203,False,False,False,,,,,False,False,False
ENSG00000235917,2942,False,,,,,0.0002799839986189103,False,False,False,,,,,False,False,False
ENSG00000228501,2943,False,,,,,0.0002767974099003275,False,False,False,,,,,False,False,False
ENSG00000177558,2944,False,,,,,0.0002756024907953076,False,False,False,,,,,False,False,False
ENSG00000267717,2945,False,,,,,0.0002751868370727607,False,False,False,,,,,False,False,False
ENSG00000249987,2946,False,,,,,0.00027514125153700933,False,False,False,,,,,False,False,False
ENSG00000214062,2947,False,,,,,0.00027434774649958077,False,False,False,,,,,False,False,False
ENSG00000230793,2948,False,,,,,0.0002705920910850109,False,False,False,,,,,False,False,False
ENSG00000241136,2949,False,,,,,0.00026953341922661764,False,False,False,,,,,False,False,False
ENSG00000226318,2950,False,,,,,0.00026914590932768426,False,False,False,,,,,False,False,False
ENSG00000205578,2951,False,,,,,0.00026906788049473404,False,False,False,,,,,False,False,False
ENSG00000242445,2952,False,,,,,0.0002663236338774928,False,False,False,,,,,False,False,False
ENSG00000211595,2953,False,,,,,0.0002644161865314854,False,False,False,,,,,False,False,False
ENSG00000258292,2954,False,,,,,0.00026347979259229665,False,False,False,,,,,False,False,False
ENSG00000253325,2955,False,,,,,0.00026196266087946294,False,False,False,,,,,False,False,False
ENSG00000217094,2956,False,,,,,0.00026012636174871135,False,False,False,,,,,False,False,False
ENSG00000223692,2957,False,,,,,0.00025995291683373825,False,False,False,,,,,False,False,False
ENSG00000212176,2958,False,,,,,0.00025953069287543785,False,False,False,,,,,False,False,False
ENSG00000214273,2959,False,,,,,0.00025877492496038327,False,False,False,,,,,False,False,False
ENSG00000233971,2960,False,,,,,0.0002573916835452212,False,False,False,,,,,False,False,False
ENSG00000237007,2961,False,,,,,0.0002567946434326336,False,False,False,,,,,False,False,False
ENSG00000241590,2962,False,,,,,0.0002532972085193945,False,False,False,,,,,False,False,False
ENSG00000256424,2963,False,,,,,0.0002526259561449374,False,False,False,,,,,False,False,False
ENSG00000251667,2964,False,,,,,0.0002515351508831992,False,False,False,,,,,False,False,False
ENSG00000240905,2965,False,,,,,0.0002499375814530472,False,False,False,,,,,False,False,False
ENSG00000249454,2966,False,,,,,0.00024911653543110567,False,False,False,,,,,False,False,False
ENSG00000265093,2967,False,,,,,0.0002482609751863096,False,False,False,,,,,False,False,False
ENSG00000225355,2968,False,,,,,0.00024810775514181005,False,False,False,,,,,False,False,False
ENSG00000184032,2969,False,,,,,0.0002471996781578689,False,False,False,,,,,False,False,False
ENSG00000243988,2970,False,,,,,0.0002469633850492271,False,False,False,,,,,False,False,False
ENSG00000180720,2971,False,,,,,0.0002419561161122009,False,False,False,,,,,False,False,False
ENSG00000250562,2972,False,,,,,0.00024134507336905724,False,False,False,,,,,False,False,False
ENSG00000202058,2973,False,,,,,0.00023822436107975208,False,False,False,,,,,False,False,False
ENSG00000214264,2974,False,,,,,0.00023762243651585596,False,False,False,,,,,False,False,False
ENSG00000211768,2975,False,,,,,0.00023220748520294342,False,False,False,,,,,False,False,False
ENSG00000256151,2976,False,,,,,0.00022946060632718737,False,False,False,,,,,False,False,False
ENSG00000243167,2977,False,,,,,0.0002272827354450303,False,False,False,,,,,False,False,False
ENSG00000227401,2978,False,,,,,0.00022456011791593895,False,False,False,,,,,False,False,False
ENSG00000203321,2979,False,,,,,0.00022203393388549696,False,False,False,,,,,False,False,False
ENSG00000165588,2980,False,,,,,0.00022185743236695417,False,False,False,,,,,False,False,False
ENSG00000206147,2981,False,,,,,0.000216540299535493,False,False,False,,,,,False,False,False
ENSG00000259717,2982,False,,,,,0.00021438020990305334,False,False,False,,,,,False,False,False
ENSG00000242207,2983,False,,,,,0.00021401652708135486,False,False,False,,,,,False,False,False
ENSG00000257576,2984,False,,,,,0.00021172119043746007,False,False,False,,,,,False,False,False
ENSG00000245479,2985,False,,,,,0.00020844523865671893,False,False,False,,,,,False,False,False
ENSG00000261205,2986,False,,,,,0.00020826141944611844,False,False,False,,,,,False,False,False
ENSG00000226428,2987,False,,,,,0.00020723319545506476,False,False,False,,,,,False,False,False
ENSG00000280466,2988,False,,,,,0.00020096017656997186,False,False,False,,,,,False,False,False
ENSG00000197938,2989,False,,,,,0.00018947235512064425,False,False,False,,,,,False,False,False
ENSG00000236764,2990,False,,,,,0.00018900647188509645,False,False,False,,,,,False,False,False
ENSG00000258245,2991,False,,,,,0.0001869234964986714,False,False,False,,,,,False,False,False
ENSG00000128276,2992,False,,,,,0.00018530864807544275,False,False,False,,,,,False,False,False
ENSG00000259852,2993,False,,,,,0.00018308728587832808,False,False,False,,,,,False,False,False
ENSG00000282420,2994,False,,,,,0.00017681748963986754,False,False,False,,,,,False,False,False
ENSG00000224858,2995,False,,,,,0.00017608885618465285,False,False,False,,,,,False,False,False
ENSG00000280683,2996,False,,,,,0.00016355228748740305,False,False,False,,,,,False,False,False
ENSG00000265102,2997,False,,,,,0.000161077386271116,False,False,False,,,,,False,False,False
ENSG00000253365,2998,False,,,,,0.0001524189457449122,False,False,False,,,,,False,False,False
ENSG00000253451,2999,False,,,,,0.0001456094468657514,False,False,False,,,,,False,False,False
ENSG00000169330,3000,False,,,,,0.00012957018067382862,False,False,False,,,,,False,False,False
