gene,rank_in_group,scores,log2fc,n_groups,agg_rank,symbol
ENSG00000237541,71.33333333333333,15.8214655,22.70632,6,69.75118680795033,HLA-DQA2
ENSG00000196628,114.5,27.915438,10.346059,6,111.70845627784728,ENSG00000196628
ENSG00000168461,115.66666666666669,19.41507,27.677961,6,113.725159684817,ENSG00000168461
ENSG00000081189,128.66666666666666,18.059029,17.747162,6,126.86076382795969,ENSG00000081189
ENSG00000197329,192.66666666666663,7.425434,10.307431,6,191.9241232673327,ENSG00000197329
ENSG00000101017,289.5,14.8023405,7.5489516,6,288.0197659730911,ENSG00000101017
ENSG00000111817,342.5,13.79935,7.420664,6,341.1200649738312,ENSG00000111817
ENSG00000074416,392.1666666666667,11.148726,17.047464,6,391.0517939726512,ENSG00000074416
ENSG00000183087,598.8333333333334,13.84715,5.78142,6,597.4486183722814,ENSG00000183087
ENSG00000188677,611.0,6.2841454,2.1875508,6,610.3715854883194,ENSG00000188677
ENSG00000011600,15.6,29.620052,288.6551,5,12.637994861602785,TYROBP
ENSG00000064989,87.6,17.915161,9.335941,5,85.80848393440246,CALCRL
ENSG00000165168,96.4,17.9003,34.348167,5,94.6099701166153,CYBB
ENSG00000106537,132.8,14.915915,4.930642,5,131.30840854644777,ENSG00000106537
ENSG00000090339,146.0,10.201197,29.796432,5,144.97988033294678,ENSG00000090339
ENSG00000167604,157.2,11.609068,15.690738,5,156.03909320831298,ENSG00000167604
ENSG00000198053,162.8,11.183574,8.040198,5,161.68164258003236,ENSG00000198053
ENSG00000133789,178.6,12.511748,13.108498,5,177.34882519245147,ENSG00000133789
ENSG00000163694,180.6,10.03081,11.63426,5,179.59691891670226,ENSG00000163694
ENSG00000112149,184.2,20.800308,69.00627,5,182.11996908187865,CD83
ENSG00000134531,193.0,19.500296,4.042205,5,191.04997038841248,ENSG00000134531
ENSG00000106565,207.6,20.29723,48.910427,5,205.57027707099917,TMEM176B
ENSG00000178695,207.8,14.332143,8.80819,5,206.36678569316865,ENSG00000178695
ENSG00000254087,231.6,12.703329,9.855894,5,230.32966706752777,ENSG00000254087
ENSG00000119508,246.0,8.783948,10.969358,5,245.1216052174568,ENSG00000119508
ENSG00000118257,274.0,8.595906,6.3437743,5,273.1404093503952,ENSG00000118257
ENSG00000080371,280.2,6.189466,2.0226967,5,279.58105338811873,ENSG00000080371
ENSG00000164330,293.6,13.809939,2.721171,5,292.2190060377121,ENSG00000164330
ENSG00000075618,294.4,15.399114,12.833349,5,292.8600886106491,ENSG00000075618
ENSG00000003436,297.6,14.476957,3.0424714,5,296.1523042678833,ENSG00000003436
ENSG00000196562,301.6,13.813864,2.549555,5,300.2186136007309,ENSG00000196562
ENSG00000135604,337.6,10.543204,12.64155,5,336.5456795454025,ENSG00000135604
ENSG00000125733,359.0,10.743567,3.1255913,5,357.9256432056427,ENSG00000125733
ENSG00000155962,359.6,11.63119,12.086672,5,358.4368809223175,ENSG00000155962
ENSG00000178381,387.6,7.2854614,14.952479,5,386.8714538574219,ENSG00000178381
ENSG00000118292,392.4,11.738775,16.280329,5,391.2261225223541,ENSG00000118292
ENSG00000131370,398.8,9.798459,6.332289,5,397.8201541185379,ENSG00000131370
ENSG00000170017,417.2,7.76318,9.43411,5,416.4236820459366,ENSG00000170017
ENSG00000070190,445.8,12.838507,10.054146,5,444.5161493301392,ENSG00000070190
ENSG00000109320,451.4,10.83107,5.2908506,5,450.3168930053711,ENSG00000109320
ENSG00000156052,463.8,7.313034,4.6900477,5,463.0686966061592,ENSG00000156052
ENSG00000132510,481.8,7.3492556,6.7586555,5,481.0650744318962,ENSG00000132510
ENSG00000176788,495.4,16.719341,5.844007,5,493.7280658721924,ENSG00000176788
ENSG00000103642,547.8,8.4407835,5.685058,5,546.9559216380119,ENSG00000103642
ENSG00000173327,601.8,7.75429,3.0377045,5,601.0245709896087,ENSG00000173327
ENSG00000256235,678.8,12.630903,6.247319,5,677.5369096279144,ENSG00000256235
ENSG00000090382,23.75,28.184471,218.9274,4,20.93155288696289,LYZ
ENSG00000242574,31.25,23.785538,191.3464,4,28.871446132659912,HLA-DMB
ENSG00000111275,41.75,17.692234,50.11287,4,39.98077654838562,ENSG00000111275
ENSG00000140968,53.0,19.161392,64.96534,4,51.083860754966736,IRF8
ENSG00000161921,57.25,19.39299,71.85756,4,55.31070101261139,ENSG00000161921
ENSG00000112799,59.0,18.600958,51.06453,4,57.139904260635376,ENSG00000112799
ENSG00000114013,66.25,20.228874,38.30473,4,64.22711253166199,ENSG00000114013
ENSG00000115355,66.75,13.590982,23.026276,4,65.39090180397034,ENSG00000115355
ENSG00000157557,67.75,18.007269,17.114183,4,65.94927310943604,ENSG00000157557
ENSG00000169136,70.25,15.627153,5.293769,4,68.68728470802307,ENSG00000169136
ENSG00000102524,80.75,17.759516,57.663437,4,78.97404837608337,ENSG00000102524
ENSG00000165025,85.0,13.801815,18.475784,4,83.61981844902039,ENSG00000165025
ENSG00000166927,92.0,19.57821,149.91042,4,90.04217886924744,MS4A7
ENSG00000169413,96.25,17.326458,51.42116,4,94.51735424995422,ENSG00000169413
ENSG00000137265,101.75,11.154362,2.1536794,4,100.6345638036728,ENSG00000137265
ENSG00000182871,103.25,26.044884,5.076915,4,100.64551162719728,ENSG00000182871
ENSG00000120594,104.0,22.980541,51.18281,4,101.70194578170776,ENSG00000120594
ENSG00000101336,105.75,17.81138,40.405243,4,103.96886193752287,ENSG00000101336
ENSG00000107551,107.5,15.919648,64.68738,4,105.90803515911102,ENSG00000107551
ENSG00000136867,110.0,13.226572,47.3688,4,108.67734277248384,ENSG00000136867
ENSG00000127920,111.75,30.667862,9.931781,4,108.68321371078493,GNG11
ENSG00000115956,117.5,20.615726,25.040579,4,115.4384274482727,PLEK
ENSG00000234883,118.5,12.7308235,6.571756,4,117.22691762447356,MIR155HG
ENSG00000292332,125.75,16.3518,6.312606,4,124.11481988430025,ENSG00000292332
ENSG00000015475,148.75,15.57395,16.751698,4,147.19260501861572,ENSG00000015475
ENSG00000072694,153.25,15.2697525,21.870903,4,151.723024725914,ENSG00000072694
ENSG00000067113,160.0,20.703606,8.311308,4,157.92963933944702,ENSG00000067113
ENSG00000134871,167.75,25.026033,7.134057,4,165.2473967075348,COL4A2
ENSG00000168961,167.5,14.251287,49.22325,4,166.074871301651,ENSG00000168961
ENSG00000106991,172.25,20.596096,19.253378,4,170.19039034843445,ENSG00000106991
ENSG00000113532,172.25,9.071669,12.057867,4,171.34283316135406,ENSG00000113532
ENSG00000162783,173.5,8.689231,3.8329167,4,172.63107693195343,ENSG00000162783
ENSG00000115919,181.5,15.198967,15.39193,4,179.98010325431824,ENSG00000115919
ENSG00000002933,184.25,23.00011,10.695323,4,181.9499888420105,TMEM176A
ENSG00000131711,189.75,17.363043,1.8463638,4,188.0136957168579,ENSG00000131711
ENSG00000161638,195.25,17.949942,3.485544,4,193.45500588417053,ENSG00000161638
ENSG00000126353,201.75,13.901701,17.186327,4,200.35982990264893,CCR7
ENSG00000185215,205.75,13.666285,22.409948,4,204.383371591568,ENSG00000185215
ENSG00000157110,212.25,17.705793,2.7526872,4,210.47942066192627,ENSG00000157110
ENSG00000070214,214.0,13.621611,3.4019225,4,212.6378389596939,ENSG00000070214
ENSG00000151929,215.75,9.201634,6.284318,4,214.82983654737475,ENSG00000151929
ENSG00000120063,224.0,8.218506,11.415139,4,223.1781494021416,ENSG00000120063
ENSG00000204103,228.0,19.612963,17.834282,4,226.03870368003845,ENSG00000204103
ENSG00000137509,233.25,14.32872,23.771757,4,231.8171279430389,ENSG00000137509
ENSG00000054277,235.25,7.2490706,3.9660077,4,234.525092959404,ENSG00000054277
ENSG00000100292,243.75,16.17812,27.093328,4,242.13218808174133,HMOX1
ENSG00000138166,253.0,9.377752,4.305076,4,252.06222474575043,ENSG00000138166
ENSG00000111252,254.75,7.702197,9.788849,4,253.97978031635284,ENSG00000111252
ENSG00000073712,257.5,15.535555,1.9098059,4,255.9464445114136,ENSG00000073712
ENSG00000010327,257.25,10.677146,32.297283,4,256.1822854280472,ENSG00000010327
ENSG00000120896,265.75,17.052937,1.7395971,4,264.0447063446045,ENSG00000120896
ENSG00000134109,265.5,10.097662,5.236393,4,264.49023377895355,ENSG00000134109
ENSG00000197555,266.75,8.019014,7.8499894,4,265.9480985403061,ENSG00000197555
ENSG00000231721,270.0,6.696552,2.499474,4,269.3303447961807,ENSG00000231721
ENSG00000196730,271.5,6.179548,13.869342,4,270.8820452094078,ENSG00000196730
ENSG00000158517,277.25,18.438164,48.018406,4,275.4061836004257,NCF1
ENSG00000031081,277.75,10.259409,2.5486612,4,276.72405910491943,ENSG00000031081
ENSG00000198743,280.25,7.799103,1.915348,4,279.4700897336006,ENSG00000198743
ENSG00000111885,282.25,13.966852,2.295968,4,280.8533147573471,ENSG00000111885
ENSG00000254772,287.25,7.4886193,159.90433,4,286.50113809108734,ENSG00000254772
ENSG00000069399,305.0,7.005912,1.8039742,4,304.2994087934494,ENSG00000069399
ENSG00000128512,311.25,9.29987,14.461971,4,310.32001304626465,ENSG00000128512
ENSG00000075391,319.75,10.599198,2.8608775,4,318.69008016586304,ENSG00000075391
ENSG00000052795,320.25,7.1230354,7.8604937,4,319.53769648075104,ENSG00000052795
ENSG00000109756,322.75,7.6891556,2.45124,4,321.98108446598053,ENSG00000109756
ENSG00000153071,326.25,18.302979,24.843801,4,324.41970217227936,ENSG00000153071
ENSG00000068305,327.0,7.484461,15.46299,4,326.2515538930893,ENSG00000068305
ENSG00000066336,331.75,25.070328,8.0697155,4,329.24296712875366,SPI1
ENSG00000085871,331.5,13.652322,15.4639435,4,330.1347677707672,ENSG00000085871
ENSG00000123358,336.75,8.374979,28.2167,4,335.9125021100044,ENSG00000123358
ENSG00000170873,343.5,7.132563,13.574189,4,342.7867437005043,ENSG00000170873
ENSG00000176915,346.5,6.7316694,5.0911026,4,345.8268330693245,ENSG00000176915
ENSG00000121552,347.75,15.410999,9.886816,4,346.2089000940323,CSTA
ENSG00000143776,348.5,11.335277,0.9172089,4,347.366472363472,ENSG00000143776
ENSG00000173110,350.5,6.7597413,17.234463,4,349.8240258693695,HSPA6
ENSG00000143322,352.5,8.048237,11.219757,4,351.6951763033867,ENSG00000143322
ENSG00000138756,353.75,9.310657,9.541966,4,352.8189343214035,ENSG00000138756
ENSG00000166002,357.5,14.105195,32.20959,4,356.08948051929474,ENSG00000166002
ENSG00000133106,357.75,5.3774586,27.81812,4,357.2122541666031,ENSG00000133106
ENSG00000167680,364.25,9.700632,5.555055,4,363.2799367904663,ENSG00000167680
ENSG00000164463,365.5,4.8033915,1.9313886,4,365.01966086030006,ENSG00000164463
ENSG00000154589,377.25,12.662878,26.26764,4,375.9837121963501,ENSG00000154589
ENSG00000156273,394.25,8.541222,8.141743,4,393.3958778381348,ENSG00000156273
ENSG00000136826,395.75,10.562695,17.72958,4,394.69373059272766,ENSG00000136826
ENSG00000163932,399.5,4.3865066,2.3648376,4,399.0613493323326,ENSG00000163932
ENSG00000140455,403.0,6.0140233,15.956516,4,402.3985976576805,ENSG00000140455
ENSG00000099250,415.5,19.293495,11.377855,4,413.5706504583359,ENSG00000099250
ENSG00000054967,431.75,6.4797997,6.1297517,4,431.1020200252533,ENSG00000054967
ENSG00000140379,443.25,14.558645,38.49898,4,441.7941354513168,BCL2A1
ENSG00000198382,450.0,6.8863482,7.8091583,4,449.3113651871681,ENSG00000198382
ENSG00000107263,461.25,7.3739753,5.8832016,4,460.5126024484634,ENSG00000107263
ENSG00000023902,478.25,9.099963,7.0994534,4,477.34000366926193,ENSG00000023902
ENSG00000186283,484.5,7.2604036,6.117286,4,483.7739596366882,ENSG00000186283
ENSG00000101265,486.25,6.987429,7.040159,4,485.5512570738792,ENSG00000101265
ENSG00000162772,497.75,6.8573575,49.438408,4,497.0642642378807,ENSG00000162772
ENSG00000117009,502.5,7.1836624,9.044312,4,501.7816337347031,ENSG00000117009
ENSG00000139597,508.0,6.7435865,14.532905,4,507.32564133405685,ENSG00000139597
ENSG00000172175,522.0,9.531498,6.925847,4,521.0468502044678,ENSG00000172175
ENSG00000143079,566.5,5.112521,9.2994175,4,565.988747894764,ENSG00000143079
ENSG00000139083,577.0,8.217955,4.0419393,4,576.178204536438,ENSG00000139083
ENSG00000140836,579.0,8.711136,3.5728514,4,578.1288864016533,ENSG00000140836
ENSG00000148154,584.25,6.828258,4.093303,4,583.5671741962433,ENSG00000148154
ENSG00000047634,593.75,4.656706,5.703521,4,593.2843294143677,ENSG00000047634
ENSG00000038382,597.0,8.65496,7.8788514,4,596.1345040202141,ENSG00000038382
ENSG00000145287,617.5,8.952259,14.035064,4,616.6047741174698,PLAC8
ENSG00000163939,618.25,3.9500372,6.100389,4,617.8549962639809,ENSG00000163939
ENSG00000057704,623.0,7.150691,6.2741456,4,622.2849308848381,ENSG00000057704
ENSG00000068366,636.75,5.3283153,7.27269,4,636.2171684503555,ENSG00000068366
ENSG00000159256,650.25,5.795827,5.006383,4,649.6704173088074,ENSG00000159256
ENSG00000073803,653.0,5.698295,9.578196,4,652.4301704764366,ENSG00000073803
ENSG00000186480,715.25,8.484873,20.676558,4,714.4015127420425,ENSG00000186480
ENSG00000213853,727.75,17.642298,1.3151922,4,725.9857702255249,ENSG00000213853
ENSG00000221869,731.0,13.51996,2.5053866,4,729.6480039358139,ENSG00000221869
ENSG00000060558,733.5,9.990099,7.6882515,4,732.5009900927544,ENSG00000060558
ENSG00000173542,740.0,5.3488045,4.634447,4,739.4651195406914,ENSG00000173542
ENSG00000071054,742.5,8.020931,3.364941,4,741.6979068517685,ENSG00000071054
ENSG00000140403,811.25,5.310989,8.163511,4,810.7189010977745,ENSG00000140403
ENSG00000141933,812.75,4.382982,1.7120457,4,812.3117018342018,ENSG00000141933
ENSG00000111269,901.0,3.5459971,6.2916613,4,900.6454002857208,ENSG00000111269
ENSG00000158869,7.0,37.124836,379.33078,3,3.2875163555145264,FCER1G
ENSG00000204472,10.666666666666666,35.94285,137.19109,3,7.072381893793741,AIF1
ENSG00000129226,16.666666666666668,27.122702,320.73163,3,13.95439640680949,CD68
ENSG00000110077,19.0,27.62896,399.60388,3,16.237103939056396,MS4A6A
ENSG00000152583,22.0,46.71176,21.880432,3,17.328824043273926,SPARCL1
ENSG00000175899,24.0,24.81185,149.53044,3,21.51881504058838,A2M
ENSG00000292357,26.666666666666668,14.173779,86.399254,3,25.24928883711497,ENSG00000292357
ENSG00000143110,28.33333333333333,24.663727,75.157585,3,25.866960604985557,C1orf162
ENSG00000143226,28.666666666666668,23.194122,143.84242,3,26.347254435221355,ENSG00000143226
ENSG00000261371,30.666666666666668,25.845293,43.40884,3,28.08213726679484,PECAM1
ENSG00000142798,38.333333333333336,38.909626,10.399576,3,34.44237073262533,ENSG00000142798
ENSG00000129538,37.66666666666666,29.522638,4.7082477,3,34.71440283457438,RNASE1
ENSG00000233276,39.0,26.984007,25.138441,3,36.3015992641449,GPX1
ENSG00000211592,42.0,27.572807,254.06433,3,39.2427191734314,IGKC
ENSG00000166920,44.0,23.642096,24.546618,3,41.63579034805298,C15orf48
ENSG00000100234,47.66666666666666,39.045605,9.337246,3,43.76210610071818,TIMP3
ENSG00000172243,47.66666666666666,21.455626,78.526344,3,45.52110401789347,ENSG00000172243
ENSG00000077585,62.333333333333336,12.013748,6.336378,3,61.13195856412252,ENSG00000077585
ENSG00000182578,68.66666666666667,20.912964,137.31136,3,66.5753702322642,CSF1R
ENSG00000107438,71.0,20.576479,4.1865783,3,68.9423520565033,ENSG00000107438
ENSG00000127951,75.66666666666667,20.337053,54.138798,3,73.63296143213908,ENSG00000127951
ENSG00000120708,76.33333333333333,20.82108,71.66305,3,74.25122531255086,ENSG00000120708
ENSG00000086730,79.0,18.14096,56.831696,3,77.1859039068222,ENSG00000086730
ENSG00000170989,83.66666666666667,18.181677,2.787429,3,81.84849898020427,ENSG00000170989
ENSG00000108622,83.66666666666667,17.49575,3.2810056,3,81.91709164778392,ENSG00000108622
ENSG00000137393,84.0,12.690041,30.066385,3,82.7309958934784,ENSG00000137393
ENSG00000137502,84.66666666666667,11.931745,2.5266209,3,83.47349218527476,ENSG00000137502
ENSG00000187498,88.0,31.019598,10.553752,3,84.89804029464722,COL4A1
ENSG00000170458,88.33333333333333,22.40777,224.90569,3,86.0925563176473,CD14
ENSG00000011422,89.33333333333333,24.37263,198.19453,3,86.89607032140096,ENSG00000011422
ENSG00000131400,90.66666666666669,12.4947405,38.71901,3,89.41719261805217,ENSG00000131400
ENSG00000204482,96.0,28.61204,51.405384,3,93.13879609107973,LST1
ENSG00000164056,99.0,28.168608,7.1031513,3,96.18313932418825,ENSG00000164056
ENSG00000112769,99.33333333333331,30.097223,2.824625,3,96.32361110051473,ENSG00000112769
ENSG00000130775,100.0,13.451409,58.778843,3,98.65485906600952,ENSG00000130775
ENSG00000161281,101.66666666666669,29.479097,5.205751,3,98.71875683466594,ENSG00000161281
ENSG00000110079,101.0,17.793072,137.64601,3,99.2206928730011,MS4A4A
ENSG00000162407,102.0,27.251883,6.612599,3,99.27481174468994,ENSG00000162407
ENSG00000151012,101.66666666666669,12.06442,7.394076,3,100.46022466818492,ENSG00000151012
ENSG00000179583,102.66666666666669,12.981372,50.10973,3,101.36852947870892,ENSG00000179583
ENSG00000173559,102.66666666666669,11.720391,52.768784,3,101.49462751547496,ENSG00000173559
ENSG00000169242,105.33333333333331,13.023717,1.8510586,3,104.03096159299214,ENSG00000169242
ENSG00000166033,112.33333333333331,32.234325,5.2372923,3,109.10990079243976,ENSG00000166033
ENSG00000120833,113.0,13.960407,4.3927183,3,111.60395932197572,ENSG00000120833
ENSG00000130830,116.33333333333331,16.938005,47.510113,3,114.6395327647527,ENSG00000130830
ENSG00000125810,120.0,22.854074,8.759034,3,117.71459245681764,CD93
ENSG00000173482,120.66666666666669,13.277247,1.1826602,3,119.33894197146098,ENSG00000173482
ENSG00000118515,121.0,11.819659,279.95218,3,119.81803405284882,ENSG00000118515
ENSG00000203747,122.66666666666669,21.367685,411.36472,3,120.52989808718364,FCGR3A
ENSG00000173372,124.33333333333331,25.062685,inf,3,121.8270648320516,C1QA
ENSG00000122986,124.33333333333331,15.18343,24.028044,3,122.81499036153156,ENSG00000122986
ENSG00000204291,126.0,28.288513,7.212374,3,123.17114877700806,COL15A1
ENSG00000116016,126.66666666666669,27.896841,6.232492,3,123.87698260943095,ENSG00000116016
ENSG00000112137,125.33333333333331,11.049531,13.452207,3,124.22838028271993,ENSG00000112137
ENSG00000155465,129.66666666666666,16.507038,56.520573,3,128.015962878863,ENSG00000155465
ENSG00000197405,131.0,15.596451,50.347656,3,129.44035494327545,ENSG00000197405
ENSG00000148671,133.66666666666666,24.185791,7.1930065,3,131.24808756510416,ADIRF
ENSG00000119535,133.66666666666666,14.523052,37.810734,3,132.2143614689509,ENSG00000119535
ENSG00000161642,136.0,15.114704,10.67837,3,134.4885295629501,ENSG00000161642
ENSG00000107281,136.66666666666666,20.250435,5.0779037,3,134.64162317911783,ENSG00000107281
ENSG00000150782,137.66666666666666,16.43763,44.63463,3,136.0229037205378,ENSG00000150782
ENSG00000072163,138.0,14.436744,4.6549177,3,136.556325674057,ENSG00000072163
ENSG00000127528,139.66666666666666,12.311066,4.094213,3,138.43556014696756,ENSG00000127528
ENSG00000018280,141.33333333333334,16.945086,37.86987,3,139.63882478078207,SLC11A1
ENSG00000104774,141.66666666666666,8.424045,50.63173,3,140.82426218191782,ENSG00000104774
ENSG00000004799,142.33333333333334,12.6316595,38.22799,3,141.0701673825582,PDK4
ENSG00000173369,145.0,24.945992,inf,3,142.5054008960724,C1QB
ENSG00000059377,145.0,14.976628,78.89255,3,143.50233721733093,ENSG00000059377
ENSG00000165029,146.0,9.175957,20.711163,3,145.08240431547165,ENSG00000165029
ENSG00000173706,148.33333333333334,22.91894,4.776851,3,146.04143937428793,ENSG00000173706
ENSG00000107562,149.66666666666666,30.493425,6.75612,3,146.61732403437296,CXCL12
ENSG00000137831,150.33333333333334,24.453047,1.4565883,3,147.88802870114645,ENSG00000137831
ENSG00000085514,153.33333333333334,18.6063,26.979063,3,151.47270329793295,ENSG00000085514
ENSG00000147862,157.66666666666666,22.677134,4.0670886,3,155.3989533583323,ENSG00000147862
ENSG00000169744,158.33333333333334,24.318556,6.6395493,3,155.901477654775,ENSG00000169744
ENSG00000140678,157.66666666666666,17.586077,20.589182,3,155.90805904070535,ENSG00000140678
ENSG00000138964,159.0,9.132107,39.960457,3,158.08678930997849,ENSG00000138964
ENSG00000150337,161.33333333333334,16.882738,93.33593,3,159.64505954583487,FCGR1A
ENSG00000123130,161.0,11.033851,17.371206,3,159.89661490917206,ENSG00000123130
ENSG00000159189,163.0,23.268486,inf,3,160.6731514930725,C1QC
ENSG00000152484,161.66666666666666,9.180845,3.4877288,3,160.7485821644465,ENSG00000152484
ENSG00000123989,163.33333333333334,19.046133,2.1333635,3,161.42872007687888,ENSG00000123989
ENSG00000178726,164.66666666666666,15.0447645,8.87049,3,163.16219023863474,ENSG00000178726
ENSG00000111679,166.33333333333334,14.453031,45.15443,3,164.88803025086722,ENSG00000111679
ENSG00000125726,166.0,8.632415,3.0849113,3,165.1367585062981,ENSG00000125726
ENSG00000119523,166.66666666666666,11.168195,1.9657902,3,165.5498471657435,ENSG00000119523
ENSG00000168938,170.0,29.537842,3.6234715,3,167.04621577262878,ENSG00000168938
ENSG00000116962,179.33333333333334,27.538218,3.4021838,3,176.57951148351034,ENSG00000116962
ENSG00000115758,178.0,10.498111,2.0533245,3,176.95018887519836,ENSG00000115758
ENSG00000107968,179.33333333333334,10.499376,59.19408,3,178.2833957274755,ENSG00000107968
ENSG00000149212,181.66666666666663,7.3580337,2.5148244,3,180.9308633009593,ENSG00000149212
ENSG00000152661,184.33333333333331,21.001543,3.7460327,3,182.23317893346152,ENSG00000152661
ENSG00000111077,187.0,20.406649,2.7745008,3,184.95933508872983,ENSG00000111077
ENSG00000112531,186.66666666666663,8.094157,12.738815,3,185.8572509686152,ENSG00000112531
ENSG00000129534,186.66666666666663,5.7467093,34.566776,3,186.0919957558314,ENSG00000129534
ENSG00000171860,188.0,14.757377,70.78767,3,186.5242623090744,ENSG00000171860
ENSG00000024422,189.33333333333331,27.606789,3.0490143,3,186.57265456517536,ENSG00000024422
ENSG00000139679,188.66666666666663,14.479877,28.76928,3,187.21867887179056,ENSG00000139679
ENSG00000064042,188.33333333333331,10.317458,4.1756997,3,187.3015875418981,ENSG00000064042
ENSG00000184060,194.33333333333331,16.034594,59.51384,3,192.729873975118,ENSG00000184060
ENSG00000169403,196.66666666666663,13.155356,48.175205,3,195.35113100210825,ENSG00000169403
ENSG00000123338,196.33333333333331,7.2632384,31.360695,3,195.60700949033105,ENSG00000123338
ENSG00000103966,200.0,14.893399,3.0265691,3,198.5106600522995,ENSG00000103966
ENSG00000095951,202.66666666666663,8.943215,2.6457846,3,201.77234510580695,ENSG00000095951
ENSG00000171992,203.66666666666663,11.367912,3.4632728,3,202.5298754374186,ENSG00000171992
ENSG00000173451,204.33333333333331,8.850375,5.029307,3,203.44829579194388,ENSG00000173451
ENSG00000173334,206.66666666666663,8.834613,2.6088707,3,205.78320537010828,ENSG00000173334
ENSG00000108861,206.66666666666663,8.360858,14.102421,3,205.83058087031048,ENSG00000108861
ENSG00000162144,206.66666666666663,8.119361,13.965088,3,205.85473058621088,ENSG00000162144
ENSG00000141540,211.33333333333331,7.3624763,2.0855148,3,210.5970856746038,ENSG00000141540
ENSG00000145016,212.0,10.324414,7.087749,3,210.96755862236023,ENSG00000145016
ENSG00000176014,213.33333333333331,18.624603,3.726554,3,211.4708729585012,ENSG00000176014
ENSG00000071282,215.0,21.224012,1.3898648,3,212.8775987625122,ENSG00000071282
ENSG00000148516,216.33333333333331,18.408638,1.5575987,3,214.49246950944263,ENSG00000148516
ENSG00000004399,217.0,15.166207,20.840624,3,215.4833792448044,ENSG00000004399
ENSG00000232629,217.0,7.4025254,27.210054,3,216.25974744558332,ENSG00000232629
ENSG00000000971,229.0,22.83703,2.9123013,3,226.7162969112396,ENSG00000000971
ENSG00000128641,229.66666666666663,18.258245,1.8426591,3,227.8408421675364,ENSG00000128641
ENSG00000119844,230.0,6.9852414,2.7032864,3,229.3014758825302,ENSG00000119844
ENSG00000180304,232.66666666666663,8.326283,25.304276,3,231.8340382973353,ENSG00000180304
ENSG00000099331,233.66666666666663,9.69663,14.547494,3,232.69700370232263,ENSG00000099331
ENSG00000152689,236.33333333333331,7.5370145,10.318953,3,235.5796318848928,ENSG00000152689
ENSG00000229124,236.66666666666663,6.6176734,3.0215313,3,236.0048993031184,ENSG00000229124
ENSG00000131016,240.66666666666663,14.74141,1.2822082,3,239.1925256649653,ENSG00000131016
ENSG00000144724,242.33333333333331,16.959705,2.7445116,3,240.63736279805505,ENSG00000144724
ENSG00000139687,245.33333333333331,7.356039,26.789335,3,244.59772940476736,ENSG00000139687
ENSG00000116717,245.33333333333331,5.5142245,1.9742244,3,244.78191085656485,ENSG00000116717
ENSG00000155849,245.66666666666663,6.5428047,34.92838,3,245.012386182944,ENSG00000155849
ENSG00000135905,247.66666666666663,7.569914,15.879601,3,246.90967528025308,ENSG00000135905
ENSG00000136052,248.0,7.3641725,3.1735623,3,247.2635827660561,ENSG00000136052
ENSG00000113615,248.33333333333331,9.133483,2.0254734,3,247.41998501618704,ENSG00000113615
ENSG00000181467,253.0,7.775122,11.62899,3,252.22248780727384,ENSG00000181467
ENSG00000163563,255.0,19.118675,31.287703,3,253.0881325006485,MNDA
ENSG00000117036,256.3333333333333,10.765607,15.095292,3,255.2567725976308,ENSG00000117036
ENSG00000176170,259.0,18.257177,3.7129028,3,257.1742823123932,ENSG00000176170
ENSG00000131378,258.3333333333333,7.9491544,2.9549615,3,257.5384178956349,ENSG00000131378
ENSG00000130508,261.6666666666667,20.78462,2.4579074,3,259.58820454279584,ENSG00000130508
ENSG00000197629,261.0,10.009431,12.660026,3,259.9990569353104,ENSG00000197629
ENSG00000129667,262.3333333333333,6.5530467,31.014246,3,261.67802866299945,ENSG00000129667
ENSG00000166147,265.6666666666667,28.708029,4.901687,3,262.7958637873332,FBN1
ENSG00000138448,265.6666666666667,16.97139,2.8246138,3,263.9695276419322,ENSG00000138448
ENSG00000101384,267.0,16.088316,4.1467133,3,265.3911683559418,ENSG00000101384
ENSG00000158615,266.3333333333333,8.108436,11.219184,3,265.5224897464116,ENSG00000158615
ENSG00000071242,269.6666666666667,10.404242,3.4353654,3,268.62624255816144,ENSG00000071242
ENSG00000123384,273.3333333333333,27.601852,18.82871,3,270.5731480916341,ENSG00000123384
ENSG00000082397,272.3333333333333,8.62422,15.094109,3,271.4709113438924,ENSG00000082397
ENSG00000128283,274.0,17.979136,2.2946703,3,272.20208644866943,ENSG00000128283
ENSG00000107036,273.6666666666667,4.929174,2.4232137,3,273.1737492779891,ENSG00000107036
ENSG00000143819,278.0,20.35301,2.5159576,3,275.9646990299225,ENSG00000143819
ENSG00000102393,278.3333333333333,11.136475,71.097145,3,277.2196858723958,ENSG00000102393
ENSG00000116701,279.3333333333333,17.839943,32.41091,3,277.54933901627857,ENSG00000116701
ENSG00000127666,278.3333333333333,5.939848,2.4509735,3,277.73934855063754,ENSG00000127666
ENSG00000149131,283.0,33.114414,52.232403,3,279.6885585784912,SERPING1
ENSG00000213949,282.0,15.277402,2.1021612,3,280.4722597599029,ENSG00000213949
ENSG00000187474,284.0,17.026041,22.415956,3,282.29739594459534,ENSG00000187474
ENSG00000139832,286.6666666666667,11.872981,38.815777,3,285.4793686072032,ENSG00000139832
ENSG00000126217,287.6666666666667,9.098749,1.8476229,3,286.75679175059,ENSG00000126217
ENSG00000173905,288.6666666666667,13.918429,10.827882,3,287.27482370535535,ENSG00000173905
ENSG00000183963,290.6666666666667,14.831523,1.7180943,3,289.1835143963496,ENSG00000183963
ENSG00000005020,293.0,6.845184,41.487816,3,292.3154816031456,ENSG00000005020
ENSG00000170525,294.3333333333333,9.850461,20.575775,3,293.3482872446378,ENSG00000170525
ENSG00000137507,297.3333333333333,15.731209,3.9508379,3,295.7602125008901,ENSG00000137507
ENSG00000155090,298.3333333333333,7.0387807,34.728203,3,297.6294552882512,ENSG00000155090
ENSG00000128487,298.3333333333333,5.7783356,13.887443,3,297.75549980004627,ENSG00000128487
ENSG00000122122,299.3333333333333,10.829231,19.873108,3,298.2504101594289,ENSG00000122122
ENSG00000182463,300.6666666666667,17.636213,2.0487459,3,298.90304533640546,ENSG00000182463
ENSG00000185551,300.6666666666667,15.440319,2.6193616,3,299.1226348082225,ENSG00000185551
ENSG00000120278,301.0,9.297362,1.8161961,3,300.0702637434006,ENSG00000120278
ENSG00000135596,304.3333333333333,8.837851,7.403049,3,303.4495482643445,ENSG00000135596
ENSG00000172081,306.6666666666667,8.703654,10.808181,3,305.7963012258212,ENSG00000172081
ENSG00000142765,307.6666666666667,13.545264,3.7370174,3,306.3121402661006,ENSG00000142765
ENSG00000118985,309.0,10.769696,25.963213,3,307.9230303764343,ENSG00000118985
ENSG00000205364,309.6666666666667,13.388096,3.5992634,3,308.32785705725354,ENSG00000205364
ENSG00000153815,310.3333333333333,11.129317,3.4249287,3,309.2204016049703,ENSG00000153815
ENSG00000011105,312.0,14.240666,2.80911,3,310.5759333372116,ENSG00000011105
ENSG00000156675,313.6666666666667,9.001897,1.9879904,3,312.7664769689242,ENSG00000156675
ENSG00000020633,317.0,10.878758,1.8234087,3,315.9121241569519,ENSG00000020633
ENSG00000095585,318.3333333333333,19.799944,14.408932,3,316.35333891709644,ENSG00000095585
ENSG00000119865,319.3333333333333,16.356028,1.1924303,3,317.6977306207021,ENSG00000119865
ENSG00000171700,318.6666666666667,9.458939,29.499651,3,317.72077278296155,ENSG00000171700
ENSG00000100365,319.6666666666667,10.527448,24.383669,3,318.6139219204585,ENSG00000100365
ENSG00000186352,319.3333333333333,5.858189,1.7942895,3,318.7475144465764,ENSG00000186352
ENSG00000135678,320.0,6.374542,128.01384,3,319.3625457882881,ENSG00000135678
ENSG00000156171,321.0,7.779283,87.58313,3,320.2220717072487,ENSG00000156171
ENSG00000174099,322.6666666666667,19.333849,1.9645729,3,320.733281771342,ENSG00000174099
ENSG00000185339,322.0,10.317225,31.26037,3,320.9682774543762,ENSG00000185339
ENSG00000114450,326.3333333333333,5.668198,26.406107,3,325.76651354630786,ENSG00000114450
ENSG00000147027,332.0,14.224832,4.501425,3,330.5775167942047,ENSG00000147027
ENSG00000121316,335.0,11.275829,44.93926,3,333.8724170923233,ENSG00000121316
ENSG00000149269,338.0,7.6155963,28.146255,3,337.23844039440155,ENSG00000149269
ENSG00000115594,343.0,16.692484,3.315009,3,341.330751657486,ENSG00000115594
ENSG00000188157,342.3333333333333,7.501291,2.2130651,3,341.5832042296728,ENSG00000188157
ENSG00000116954,344.6666666666667,5.502999,2.9638293,3,344.1163667837779,ENSG00000116954
ENSG00000146376,347.0,12.625463,10.415825,3,345.73745369911194,ENSG00000146376
ENSG00000157227,353.6666666666667,23.672503,4.4312387,3,351.2994164625804,ENSG00000157227
ENSG00000163870,352.6666666666667,5.597689,2.6904619,3,352.1068977514903,ENSG00000163870
ENSG00000167470,354.0,8.59249,4.366138,3,353.14075100421906,ENSG00000167470
ENSG00000197063,354.0,5.5716805,2.4703283,3,353.4428319334984,ENSG00000197063
ENSG00000107798,355.6666666666667,12.812607,107.591,3,354.3854059378306,ENSG00000107798
ENSG00000156860,355.6666666666667,4.8789253,1.0664468,3,355.1787741283576,ENSG00000156860
ENSG00000128274,359.3333333333333,14.783626,2.7544744,3,357.8549707730611,ENSG00000128274
ENSG00000130208,360.6666666666667,19.479465,274.9504,3,358.7187201182048,APOC1
ENSG00000112343,359.6666666666667,6.8541527,9.254954,3,358.98125139872235,ENSG00000112343
ENSG00000175183,363.0,15.146457,2.189573,3,361.48535430431366,ENSG00000175183
ENSG00000119138,364.3333333333333,14.002221,1.8492559,3,362.9331112702688,ENSG00000119138
ENSG00000168282,366.0,7.3567486,1.7288132,3,365.26432514190674,ENSG00000168282
ENSG00000158470,367.0,5.0327196,1.9966024,3,366.4967280626297,ENSG00000158470
ENSG00000196498,371.6666666666667,13.549382,5.835877,3,370.3117283980052,ENSG00000196498
ENSG00000169682,373.0,7.4012027,7.9068985,3,372.2598797082901,ENSG00000169682
ENSG00000118495,374.0,13.604505,19.211714,3,372.6395494937897,ENSG00000118495
ENSG00000103496,373.3333333333333,6.321848,17.652252,3,372.7011485298474,ENSG00000103496
ENSG00000157107,375.3333333333333,7.435861,12.928304,3,374.58974721034366,ENSG00000157107
ENSG00000130779,377.0,4.966723,2.9841225,3,376.5033276975155,ENSG00000130779
ENSG00000144401,378.0,8.361845,13.509198,3,377.1638154983521,ENSG00000144401
ENSG00000146674,380.0,13.769127,2.6848252,3,378.6230872869492,IGFBP3
ENSG00000120899,394.0,6.117268,26.838297,3,393.3882731795311,ENSG00000120899
ENSG00000258102,399.6666666666667,6.2151475,9.950169,3,399.04515192906064,ENSG00000258102
ENSG00000151474,400.6666666666667,7.202437,7.609011,3,399.9464229742686,ENSG00000151474
ENSG00000159023,403.6666666666667,11.333768,5.5339437,3,402.53328982989,ENSG00000159023
ENSG00000196850,409.6666666666667,4.90393,2.959123,3,409.1762736539046,ENSG00000196850
ENSG00000159202,413.3333333333333,4.6651425,1.2583442,3,412.8668190737565,ENSG00000159202
ENSG00000059728,418.6666666666667,10.948043,20.40405,3,417.5718623797099,ENSG00000059728
ENSG00000023892,418.6666666666667,8.716931,12.077928,3,417.7949735323588,ENSG00000023892
ENSG00000150961,421.6666666666667,13.381713,1.3882116,3,420.3284954229991,ENSG00000150961
ENSG00000100997,421.6666666666667,5.09754,20.901106,3,421.1569126645724,ENSG00000100997
ENSG00000171055,425.3333333333333,9.00936,2.6312363,3,424.4323973258336,ENSG00000171055
ENSG00000132334,428.6666666666667,11.888465,11.846378,3,427.4778201977412,ENSG00000132334
ENSG00000156136,430.0,8.436912,18.044123,3,429.1563088297844,ENSG00000156136
ENSG00000196743,430.6666666666667,6.422445,19.146341,3,430.02442220846814,ENSG00000196743
ENSG00000089351,431.3333333333333,5.219389,2.8285723,3,430.81139441331226,ENSG00000089351
ENSG00000183049,437.0,4.8239417,6.7026315,3,436.5176058411598,ENSG00000183049
ENSG00000171522,451.3333333333333,9.112814,24.73139,3,450.4220519264539,ENSG00000171522
ENSG00000197982,452.0,10.146534,1.4599828,3,450.9853465557098,ENSG00000197982
ENSG00000105953,456.6666666666667,7.891748,6.564195,3,455.87749187151593,ENSG00000105953
ENSG00000184014,458.3333333333333,8.2257185,13.303482,3,457.51076145966846,ENSG00000184014
ENSG00000168386,461.0,19.337503,9.967348,3,459.06624960899353,ENSG00000168386
ENSG00000229989,461.0,5.966488,20.020311,3,460.403351187706,ENSG00000229989
ENSG00000062485,466.0,6.0686703,16.636358,3,465.3931329846382,ENSG00000062485
ENSG00000113070,470.0,7.294576,21.616472,3,469.270542383194,ENSG00000113070
ENSG00000113742,474.0,6.11405,9.591676,3,473.3885949850082,ENSG00000113742
ENSG00000165233,492.3333333333333,5.807012,14.000294,3,491.7526321013768,ENSG00000165233
ENSG00000101457,496.6666666666667,3.840315,1.8412398,3,496.28263516227406,ENSG00000101457
ENSG00000139370,501.6666666666667,6.6853395,6.7572765,3,500.9981327454249,ENSG00000139370
ENSG00000153317,505.3333333333333,7.0921636,7.1861176,3,504.6241169770559,ENSG00000153317
ENSG00000082701,518.0,5.487484,2.1385498,3,517.4512516260147,ENSG00000082701
ENSG00000137710,524.6666666666666,6.853552,22.219574,3,523.9813114802042,ENSG00000137710
ENSG00000114573,525.6666666666666,7.24367,13.141309,3,524.9422996441523,ENSG00000114573
ENSG00000101000,527.6666666666666,8.138721,6.1810226,3,526.8527945081393,ENSG00000101000
ENSG00000081087,529.0,5.5256457,15.348027,3,528.447435438633,ENSG00000081087
ENSG00000102882,533.3333333333334,8.455361,5.8162436,3,532.487797220548,ENSG00000102882
ENSG00000145088,534.0,9.575504,19.592918,3,533.042449593544,ENSG00000145088
ENSG00000183484,534.0,7.559828,11.871166,3,533.2440172433853,ENSG00000183484
ENSG00000109787,534.6666666666666,4.4071646,6.348371,3,534.2259502212206,ENSG00000109787
ENSG00000010671,544.6666666666666,12.214493,21.49714,3,543.4452174107233,ENSG00000010671
ENSG00000104312,546.6666666666666,8.74717,18.03924,3,545.7919496099154,ENSG00000104312
ENSG00000170340,547.0,4.3893456,1.6555103,3,546.5610654354095,ENSG00000170340
ENSG00000187164,548.3333333333334,5.939495,14.593421,3,547.7393838365873,ENSG00000187164
ENSG00000171115,555.0,9.629458,9.647513,3,554.0370541810989,ENSG00000171115
ENSG00000223482,573.3333333333334,5.2566924,9.970341,3,572.8076641162237,ENSG00000223482
ENSG00000155629,574.3333333333334,9.508152,8.808209,3,573.3825181325277,ENSG00000155629
ENSG00000017260,574.6666666666666,5.6895223,19.558699,3,574.0977144638697,ENSG00000017260
ENSG00000170802,578.3333333333334,4.883616,9.402202,3,577.8449717362722,ENSG00000170802
ENSG00000103855,601.0,14.471398,9.783217,3,599.5528601408005,ENSG00000103855
ENSG00000145703,600.6666666666666,8.0104265,9.562175,3,599.8656239906946,ENSG00000145703
ENSG00000131724,607.6666666666666,7.9938774,13.79613,3,606.8672789136568,ENSG00000131724
ENSG00000116584,612.0,8.808217,6.6546903,3,611.1191782951355,ENSG00000116584
ENSG00000182481,612.3333333333334,7.318484,18.135677,3,611.6014849742254,ENSG00000182481
ENSG00000175857,617.6666666666666,9.777652,27.315865,3,616.6889014641444,ENSG00000175857
ENSG00000184602,625.6666666666666,7.374129,8.343606,3,624.9292537967364,ENSG00000184602
ENSG00000000938,626.6666666666666,16.090841,16.30852,3,625.0575825373331,ENSG00000000938
ENSG00000163297,630.6666666666666,9.490588,10.50042,3,629.7176078359286,ENSG00000163297
ENSG00000090674,632.6666666666666,4.968022,14.113904,3,632.1698644856612,ENSG00000090674
ENSG00000124151,633.6666666666666,8.435964,6.854922,3,632.8230703274409,ENSG00000124151
ENSG00000107731,639.3333333333334,12.192704,5.4705615,3,638.1140628655752,ENSG00000107731
ENSG00000196428,640.3333333333334,4.6681676,9.472426,3,639.8665165801843,ENSG00000196428
ENSG00000112419,643.3333333333334,10.019714,3.6665947,3,642.3313618501028,ENSG00000112419
ENSG00000185022,643.3333333333334,5.2836018,19.196995,3,642.804973145326,ENSG00000185022
ENSG00000213988,644.0,5.7446094,4.651016,3,643.4255390763283,ENSG00000213988
ENSG00000107863,654.3333333333334,10.210679,3.7051098,3,653.3122654755911,ENSG00000107863
ENSG00000181090,657.0,5.4359336,6.7968388,3,656.4564066529274,ENSG00000181090
ENSG00000164713,658.0,11.581097,5.9723115,3,656.841890335083,ENSG00000164713
ENSG00000196914,660.0,8.946126,5.3608003,3,659.1053873896599,ENSG00000196914
ENSG00000126804,662.6666666666666,7.145828,11.720822,3,661.9520838658015,ENSG00000126804
ENSG00000147454,663.3333333333334,8.175229,5.1239505,3,662.5158104499181,ENSG00000147454
ENSG00000121895,663.6666666666666,9.418422,8.873454,3,662.7248244682947,ENSG00000121895
ENSG00000156515,665.3333333333334,4.5683117,10.833988,3,664.8765021761259,ENSG00000156515
ENSG00000185947,666.6666666666666,9.779893,11.787311,3,665.68867735068,ENSG00000185947
ENSG00000197943,667.6666666666666,10.101971,7.3762054,3,666.6564696232477,ENSG00000197943
ENSG00000160991,672.6666666666666,9.692073,8.12602,3,671.6974593798319,ENSG00000160991
ENSG00000186517,673.6666666666666,6.0646205,8.078443,3,673.0602046052614,ENSG00000186517
ENSG00000028277,675.3333333333334,15.019023,10.816227,3,673.8314309914907,ENSG00000028277
ENSG00000114796,681.6666666666666,5.2329917,7.602604,3,681.1433675090472,ENSG00000114796
ENSG00000123104,683.0,4.79178,10.830766,3,682.5208219885826,ENSG00000123104
ENSG00000071537,683.6666666666666,7.68949,5.2446194,3,682.8977176944414,ENSG00000071537
ENSG00000127507,684.6666666666666,6.589222,9.806792,3,684.0077444712321,ENSG00000127507
ENSG00000166233,690.6666666666666,4.931019,8.513554,3,690.1735647718111,ENSG00000166233
ENSG00000100266,697.6666666666666,5.342987,8.651988,3,697.132367948691,ENSG00000100266
ENSG00000060982,699.3333333333334,9.050511,10.562527,3,698.4282822211584,ENSG00000060982
ENSG00000106617,700.6666666666666,4.931217,11.074245,3,700.1735449532667,ENSG00000106617
ENSG00000148803,717.6666666666666,10.689194,15.429509,3,716.5977472464243,ENSG00000148803
ENSG00000151702,728.0,9.644468,8.809615,3,727.0355531573296,ENSG00000151702
ENSG00000141580,729.0,4.61026,24.899126,3,728.5389739871025,ENSG00000141580
ENSG00000102531,732.6666666666666,8.84242,7.768671,3,731.7824247280756,ENSG00000102531
ENSG00000100368,736.0,7.933953,7.493933,3,735.206604719162,ENSG00000100368
ENSG00000063322,740.6666666666666,4.448967,8.97049,3,740.2217699686686,ENSG00000063322
ENSG00000055130,748.6666666666666,7.3437576,7.4469414,3,747.9322908918062,ENSG00000055130
ENSG00000163719,757.3333333333334,4.0031986,15.784347,3,756.9330134590467,ENSG00000163719
ENSG00000047249,759.6666666666666,6.5772667,17.411818,3,759.008940021197,ENSG00000047249
ENSG00000141526,760.6666666666666,15.336236,9.39963,3,759.1330430905024,ENSG00000141526
ENSG00000166501,765.3333333333334,6.500834,8.488883,3,764.6832499106725,ENSG00000166501
ENSG00000109321,766.6666666666666,8.1487055,99.53357,3,765.8517961303393,AREG
ENSG00000176533,776.3333333333334,13.274701,4.882319,3,775.0058632691702,ENSG00000176533
ENSG00000269404,790.6666666666666,9.962913,7.1155324,3,789.6703753868738,ENSG00000269404
ENSG00000136048,793.3333333333334,7.3075104,12.188123,3,792.6025822957357,ENSG00000136048
ENSG00000137478,794.6666666666666,11.947567,7.989385,3,793.4719099203745,ENSG00000137478
ENSG00000175471,803.0,14.998914,24.13415,3,801.5001085996628,ENSG00000175471
ENSG00000196470,806.0,4.416716,8.581557,3,805.5583283901215,ENSG00000196470
ENSG00000131389,807.6666666666666,7.9751472,6.4821734,3,806.8691519300143,ENSG00000131389
ENSG00000269335,813.6666666666666,3.8726184,5.4171867,3,813.2794048289458,ENSG00000269335
ENSG00000113719,819.6666666666666,6.633159,5.680149,3,819.0033507744471,ENSG00000113719
ENSG00000258315,821.0,7.1633916,13.065766,3,820.2836608290672,ENSG00000258315
ENSG00000100221,824.0,6.3801804,6.3719897,3,823.3619819879532,ENSG00000100221
ENSG00000100034,838.6666666666666,8.40607,3.5993278,3,837.8260596791903,ENSG00000100034
ENSG00000173933,851.0,6.471807,13.4782,3,850.3528193235397,ENSG00000173933
ENSG00000163374,866.0,6.378429,9.470162,3,865.3621571063995,ENSG00000163374
ENSG00000160570,879.6666666666666,6.4123654,8.438663,3,879.0254301230112,ENSG00000160570
ENSG00000091409,891.0,15.5527525,6.7192655,3,889.4447247982025,ENSG00000091409
ENSG00000148572,894.3333333333334,4.377214,9.535602,3,893.8956119318804,ENSG00000148572
ENSG00000066056,896.3333333333334,16.769457,5.6566453,3,894.656387646993,ENSG00000066056
ENSG00000142867,902.0,5.676239,12.921856,3,901.432376086712,ENSG00000142867
ENSG00000055208,907.0,6.663877,4.889501,3,906.3336123228072,ENSG00000055208
ENSG00000064393,918.6666666666666,4.209217,3.5147321,3,918.2457449535528,ENSG00000064393
ENSG00000182853,924.0,7.1496177,17.822363,3,923.2850382328032,ENSG00000182853
ENSG00000138119,925.6666666666666,16.810854,5.8452106,3,923.9855813185374,ENSG00000138119
ENSG00000140992,926.6666666666666,4.2363987,8.989125,3,926.2430268029372,ENSG00000140992
ENSG00000135549,928.0,6.1691055,10.0536585,3,927.3830894231796,ENSG00000135549
ENSG00000117228,941.0,4.461518,28.209631,3,940.5538482069968,ENSG00000117228
ENSG00000196189,945.3333333333334,5.6957088,11.706384,3,944.7637624343236,ENSG00000196189
ENSG00000109111,950.0,5.417208,3.6398976,3,949.4582791924475,ENSG00000109111
ENSG00000143507,955.3333333333334,4.7166686,6.058787,3,954.861666460832,ENSG00000143507
ENSG00000151176,972.6666666666666,8.421266,2.7773206,3,971.8245401183764,ENSG00000151176
ENSG00000136021,975.0,4.279577,6.6530356,3,974.5720423161983,ENSG00000136021
ENSG00000183864,1005.6666666666666,3.5749075,4.625753,3,1005.3091759184996,ENSG00000183864
ENSG00000065526,1012.3333333333334,4.610199,1.7783557,3,1011.872313429912,ENSG00000065526
ENSG00000168397,1018.6666666666666,5.116378,10.4655905,3,1018.1550288597742,ENSG00000168397
ENSG00000080845,1024.0,3.6486788,5.5902524,3,1023.6351321339608,ENSG00000080845
ENSG00000196961,1031.6666666666667,9.761872,2.2049131,3,1030.6904794375102,ENSG00000196961
ENSG00000211445,1034.6666666666667,9.621223,21.246786,3,1033.704544345538,GPX3
ENSG00000132823,1035.0,6.29444,14.66824,3,1034.3705559968948,ENSG00000132823
ENSG00000085449,1036.6666666666667,4.4321265,7.6113534,3,1036.2234540085,ENSG00000085449
ENSG00000186432,1040.0,4.4317346,2.9844084,3,1039.556826531887,ENSG00000186432
ENSG00000158352,1043.6666666666667,8.904639,3.7344162,3,1042.776202718417,ENSG00000158352
ENSG00000110446,1059.3333333333333,5.160826,11.605335,3,1058.817250688871,ENSG00000110446
ENSG00000167193,1089.6666666666667,5.3309536,4.2392526,3,1089.1335713068645,ENSG00000167193
ENSG00000175029,1091.0,3.4098547,5.36155,3,1090.659014523029,ENSG00000175029
ENSG00000106605,1104.0,4.354687,17.624685,3,1103.5645312666893,ENSG00000106605
ENSG00000126561,1120.6666666666667,4.371629,6.964026,3,1120.229503730933,ENSG00000126561
ENSG00000164070,1131.3333333333333,2.8778286,3.2787914,3,1131.045550485452,ENSG00000164070
ENSG00000131477,1.0,37.667282,20.255331,2,-2.766728162765503,RAMP2
ENSG00000172889,3.0,36.522896,13.055128,2,-0.652289628982544,EGFL7
ENSG00000163453,7.5,71.840225,60.65158,2,0.3159775733947754,IGFBP7
ENSG00000105369,7.5,45.945606,23.295364,2,2.9054393768310547,CD79A
ENSG00000130300,6.5,35.22722,23.601528,2,2.977278232574463,PLVAP
ENSG00000164035,14.0,31.26654,11.001839,2,10.873345851898192,EMCN
ENSG00000162618,15.0,32.75782,12.345083,2,11.724217891693115,ADGRL4
ENSG00000149564,15.0,31.774488,11.714478,2,11.822551250457764,ESAM
ENSG00000176435,15.0,31.258076,13.336021,2,11.874192476272585,CLEC14A
ENSG00000216490,14.0,18.238655,879.6375,2,12.17613446712494,ENSG00000216490
ENSG00000169908,15.5,30.45508,16.682035,2,12.454492092132568,TM4SF1
ENSG00000174059,18.0,31.310455,11.519739,2,14.868954420089722,CD34
ENSG00000177575,17.5,21.590494,284.89093,2,15.34095048904419,CD163
ENSG00000132465,19.5,29.997898,51.935104,2,16.500210285186768,JCHAIN
ENSG00000125968,19.5,28.017662,13.480528,2,16.69823384284973,ID1
ENSG00000110799,20.5,33.374138,17.723896,2,17.162586212158203,VWF
ENSG00000240583,21.5,32.503323,15.26174,2,18.24966764450073,AQP1
ENSG00000122679,21.5,28.641754,11.856403,2,18.63582468032837,RAMP3
ENSG00000184113,24.0,29.49852,17.79713,2,21.050148010253903,CLDN5
ENSG00000105974,27.5,29.894018,4.7189445,2,24.510598182678223,CAV1
ENSG00000177469,33.5,56.855667,8.525734,2,27.814433097839355,CAVIN1
ENSG00000106624,33.0,45.89485,15.183296,2,28.41051483154297,AEBP1
ENSG00000170476,32.0,27.168274,26.982615,2,29.283172607421875,MZB1
ENSG00000091490,32.0,22.25074,9.233721,2,29.77492594718933,ENSG00000091490
ENSG00000179776,33.0,28.478678,11.092413,2,30.152132272720337,CDH5
ENSG00000068001,33.5,25.413486,8.146119,2,30.958651304244995,ENSG00000068001
ENSG00000155659,33.0,18.571766,614.2414,2,31.142823457717896,VSIG4
ENSG00000162444,34.0,26.27504,17.809988,2,31.372496128082275,RBP7
ENSG00000213402,37.0,28.809986,10.52136,2,34.119001388549805,ENSG00000213402
ENSG00000173391,35.5,13.413046,227.34323,2,34.158695459365845,OLR1
ENSG00000163220,37.0,28.402569,63.104393,2,34.15974307060242,S100A9
ENSG00000137962,37.0,25.978083,6.96684,2,34.40219163894653,ENSG00000137962
ENSG00000187244,37.5,27.324646,6.838183,2,34.76753544807434,ENSG00000187244
ENSG00000102755,39.0,24.803635,10.207386,2,36.51963663101196,ENSG00000102755
ENSG00000146192,40.0,13.989897,63.64786,2,38.6010103225708,ENSG00000146192
ENSG00000099958,42.0,25.102707,15.759033,2,39.48972940444946,DERL3
ENSG00000127329,43.0,24.53006,9.067933,2,40.54699397087097,ENSG00000127329
ENSG00000166265,43.5,25.830194,8.724716,2,40.91698050498962,ENSG00000166265
ENSG00000128567,44.5,23.86907,9.968701,2,42.11309289932251,ENSG00000128567
ENSG00000099260,45.5,26.116653,7.0978775,2,42.88833475112915,ENSG00000099260
ENSG00000126759,46.0,16.377422,12.562296,2,44.36225771903992,CFP
ENSG00000038945,48.5,20.956596,61.525436,2,46.4043402671814,MSR1
ENSG00000173269,52.5,24.568924,8.95744,2,50.04310750961304,ENSG00000173269
ENSG00000069122,53.5,22.9287,8.810258,2,51.20712995529175,ADGRF5
ENSG00000188643,53.5,21.87639,2.9116406,2,51.312361001968384,ENSG00000188643
ENSG00000082438,54.0,16.292484,3.804551,2,52.37075161933899,ENSG00000082438
ENSG00000166128,54.5,15.856771,6.1395807,2,52.91432285308838,ENSG00000166128
ENSG00000154133,55.5,23.023159,9.711602,2,53.19768404960632,ROBO4
ENSG00000056558,58.0,15.260471,6.695017,2,56.47395288944245,ENSG00000056558
ENSG00000143297,59.5,16.537926,8.2663555,2,57.8462073802948,FCRL5
ENSG00000166741,63.0,50.529408,5.1049476,2,57.9470591545105,NNMT
ENSG00000162894,63.0,23.952946,2.8314786,2,60.60470533370972,ENSG00000162894
ENSG00000109452,63.5,18.059391,3.9971976,2,61.694060921669006,ENSG00000109452
ENSG00000142910,64.0,20.998892,6.4567113,2,61.900110721588135,ENSG00000142910
ENSG00000128052,65.0,20.920187,9.541733,2,62.90798139572144,KDR
ENSG00000124772,65.5,18.369802,5.0859213,2,63.6630197763443,ENSG00000124772
ENSG00000131634,66.5,20.053682,3.6440551,2,64.49463176727295,ENSG00000131634
ENSG00000110777,67.0,22.301422,6.954071,2,64.76985788345337,POU2AF1
ENSG00000139793,67.0,12.06472,1.8496149,2,65.79352796077728,ENSG00000139793
ENSG00000188820,70.5,21.24272,198.37686,2,68.37572813034058,CALHM6
ENSG00000095970,72.0,20.394833,222.35927,2,69.96051669120789,TREM2
ENSG00000157554,72.5,20.62261,7.2425604,2,70.43773889541626,ENSG00000157554
ENSG00000161405,73.0,20.787785,6.804042,2,70.92122149467468,ENSG00000161405
ENSG00000035862,75.5,39.157246,5.5101156,2,71.58427548408508,ENSG00000035862
ENSG00000163687,73.5,11.438246,11.039602,2,72.35617542266846,DNASE1L3
ENSG00000111145,75.0,20.521086,3.5759213,2,72.94789147377014,ENSG00000111145
ENSG00000267107,76.0,19.097927,10.090322,2,74.09020733833313,ENSG00000267107
ENSG00000211677,76.0,14.616016,67.28082,2,74.53839838504791,IGLC2
ENSG00000120279,77.5,20.610214,8.165247,2,75.43897867202759,ENSG00000120279
ENSG00000106066,77.5,15.195317,165.34262,2,75.98046827316284,ENSG00000106066
ENSG00000150687,80.5,44.164787,5.414676,2,76.08352136611938,PRSS23
ENSG00000196684,78.5,15.890001,3.2088714,2,76.91099989414215,ENSG00000196684
ENSG00000136286,80.0,13.831652,4.467356,2,78.61683487892151,ENSG00000136286
ENSG00000052126,79.5,8.271219,4.404684,2,78.67287808656693,ENSG00000052126
ENSG00000163762,81.0,20.490715,7.434063,2,78.95092844963074,ENSG00000163762
ENSG00000137491,84.0,18.63418,112.52342,2,82.13658201694489,ENSG00000137491
ENSG00000143546,85.5,20.508842,22.04597,2,83.44911575317383,S100A8
ENSG00000132185,85.0,15.469017,10.957779,2,83.45309829711914,ENSG00000132185
ENSG00000093072,85.5,19.304754,59.730495,2,83.56952452659607,ENSG00000093072
ENSG00000088387,86.5,18.90221,4.107445,2,84.60977900028229,ENSG00000088387
ENSG00000170955,89.0,43.36298,3.9053211,2,84.6637020111084,ENSG00000170955
ENSG00000143537,87.5,22.979847,3.7063358,2,85.20201539993286,ENSG00000143537
ENSG00000173267,87.5,18.591648,5.2610383,2,85.64083516597748,SNCG
ENSG00000118946,88.0,17.64597,9.480071,2,86.23540306091309,ENSG00000118946
ENSG00000119866,88.0,13.884125,7.938704,2,86.61158752441406,ENSG00000119866
ENSG00000135077,88.5,12.258092,79.84205,2,87.27419078350067,ENSG00000135077
ENSG00000171791,89.0,8.866614,2.573906,2,88.11333858966827,ENSG00000171791
ENSG00000272398,90.5,18.991356,4.7459164,2,88.60086441040039,CD24
ENSG00000180758,92.5,14.253675,10.7841015,2,91.07463240623474,ENSG00000180758
ENSG00000073921,95.0,12.021079,33.081932,2,93.79789209365843,ENSG00000073921
ENSG00000183615,96.0,17.138695,3.5224571,2,94.2861305475235,ENSG00000183615
ENSG00000105971,96.5,18.97324,0.9028163,2,94.6026760339737,ENSG00000105971
ENSG00000144063,97.0,18.650066,5.587504,2,95.13499331474304,ENSG00000144063
ENSG00000174640,97.0,17.983557,9.043236,2,95.20164430141448,ENSG00000174640
ENSG00000162298,96.5,11.641719,2.1843035,2,95.3358280658722,ENSG00000162298
ENSG00000163568,97.0,13.857543,6.701224,2,95.61424565315248,ENSG00000163568
ENSG00000107738,98.5,17.907064,78.42096,2,96.7092936038971,ENSG00000107738
ENSG00000169429,98.5,17.10725,59.856407,2,96.78927493095398,CXCL8
ENSG00000154721,99.0,19.614716,5.9923315,2,97.0385284423828,ENSG00000154721
ENSG00000198624,99.0,10.663984,1.9345922,2,97.93360161781312,ENSG00000198624
ENSG00000116191,100.0,18.014008,3.4787874,2,98.1985992193222,ENSG00000116191
ENSG00000091136,102.5,37.797832,2.5529184,2,98.72021675109865,ENSG00000091136
ENSG00000161929,100.0,12.030486,30.721453,2,98.7969514131546,ENSG00000161929
ENSG00000198771,100.5,16.166733,33.569603,2,98.88332676887512,ENSG00000198771
ENSG00000050393,100.0,7.904534,2.0933452,2,99.20954662561417,ENSG00000050393
ENSG00000154096,104.0,43.422203,9.241354,2,99.65777969360352,THY1
ENSG00000166428,102.5,12.034217,68.574234,2,101.29657828807832,PLD4
ENSG00000129422,104.0,17.911118,2.8250086,2,102.20888829231262,ENSG00000129422
ENSG00000142634,105.0,19.627102,4.906332,2,103.03728985786438,ENSG00000142634
ENSG00000170323,106.0,20.868649,33.266605,2,103.9131350517273,FABP4
ENSG00000134285,106.0,10.639733,6.108039,2,104.93602669239044,ENSG00000134285
ENSG00000134817,107.0,17.995823,8.283815,2,105.2004177570343,APLNR
ENSG00000167874,108.0,16.336811,8.133834,2,106.36631894111632,ENSG00000167874
ENSG00000122694,110.5,12.176504,7.3040705,2,109.28234958648682,ENSG00000122694
ENSG00000169032,111.0,12.3382435,4.570059,2,109.76617562770844,ENSG00000169032
ENSG00000174804,112.0,19.752703,5.6387177,2,110.02472972869872,ENSG00000174804
ENSG00000143162,112.5,19.70768,11.850046,2,110.52923202514648,ENSG00000143162
ENSG00000018408,112.5,16.326801,1.0881331,2,110.8673198223114,ENSG00000018408
ENSG00000101335,117.0,46.79391,12.726339,2,112.3206090927124,MYL9
ENSG00000179403,115.0,17.53525,6.1624045,2,113.24647498130798,ENSG00000179403
ENSG00000104951,117.0,12.116934,13.865815,2,115.78830659389496,ENSG00000104951
ENSG00000189129,120.0,37.69761,8.350289,2,116.23023915290833,PLAC9
ENSG00000164691,118.5,17.165781,7.695823,2,116.78342187404633,ENSG00000164691
ENSG00000125730,119.0,22.005898,187.26772,2,116.79941034317017,C3
ENSG00000203883,119.5,19.113008,9.103929,2,117.58869910240172,SOX18
ENSG00000073849,119.5,17.5593,32.870148,2,117.7440700531006,ENSG00000073849
ENSG00000198959,119.5,16.254866,2.8097653,2,117.87451338768004,ENSG00000198959
ENSG00000151651,120.0,12.093294,5.9558134,2,118.79067063331604,ENSG00000151651
ENSG00000140682,123.0,31.243256,3.1581793,2,119.87567448616028,ENSG00000140682
ENSG00000171604,121.0,9.268439,2.815226,2,120.0731560587883,ENSG00000171604
ENSG00000078589,121.0,8.454857,3.2976007,2,120.15451431274414,ENSG00000078589
ENSG00000174080,122.5,22.120403,2.0548499,2,120.28795957565308,ENSG00000174080
ENSG00000198417,124.0,12.867598,1.6574233,2,122.71324026584624,ENSG00000198417
ENSG00000102218,125.0,11.837847,4.83752,2,123.81621527671814,ENSG00000102218
ENSG00000055163,127.5,13.841652,3.7366233,2,126.11583483219148,ENSG00000055163
ENSG00000168734,127.5,10.751077,3.3763916,2,126.42489230632782,ENSG00000168734
ENSG00000277443,130.0,29.9141,1.6946793,2,127.00858998298644,ENSG00000277443
ENSG00000198844,130.0,17.66349,7.763447,2,128.23365092277527,ENSG00000198844
ENSG00000150938,130.0,15.738093,3.8378372,2,128.42619061470032,ENSG00000150938
ENSG00000172292,130.5,8.150906,3.2919884,2,129.68490946292877,ENSG00000172292
ENSG00000118508,134.0,10.455268,5.8701763,2,132.95447325706482,ENSG00000118508
ENSG00000139567,136.5,17.291101,5.972967,2,134.770889878273,ENSG00000139567
ENSG00000141506,136.5,11.066395,19.831383,2,135.39336049556732,ENSG00000141506
ENSG00000135862,139.0,34.294754,1.7583667,2,135.5705246925354,ENSG00000135862
ENSG00000164736,137.5,15.952303,10.1943445,2,135.90476965904236,SOX17
ENSG00000151726,138.0,10.086732,50.096256,2,136.99132680892944,ENSG00000151726
ENSG00000183722,141.0,39.32003,3.9778988,2,137.06799697875977,ENSG00000183722
ENSG00000171105,139.0,15.634079,8.430429,2,137.43659210205078,ENSG00000171105
ENSG00000117461,139.0,15.329896,3.6952124,2,137.4670103788376,ENSG00000117461
ENSG00000166963,140.0,24.87814,5.465096,2,137.51218605041504,ENSG00000166963
ENSG00000162998,140.0,20.708609,11.096367,2,137.92913913726807,FRZB
ENSG00000081041,139.5,14.8257885,24.420282,2,138.01742112636566,CXCL2
ENSG00000178878,140.0,15.115096,5.9948425,2,138.48849034309387,ENSG00000178878
ENSG00000091972,140.0,15.024268,5.0165195,2,138.49757313728333,ENSG00000091972
ENSG00000204217,142.5,15.399659,3.0104117,2,140.96003413200378,ENSG00000204217
ENSG00000162599,149.0,14.3629055,1.9573915,2,147.56370949745178,ENSG00000162599
ENSG00000154553,150.0,19.208317,11.9305,2,148.07916831970215,ENSG00000154553
ENSG00000128917,150.5,14.62572,7.1979437,2,149.03742802143097,ENSG00000128917
ENSG00000145365,150.0,7.3553405,1.3990533,2,149.2644659280777,ENSG00000145365
ENSG00000172071,152.0,9.092023,3.1821837,2,151.09079772233963,ENSG00000172071
ENSG00000132205,152.5,11.146408,4.898207,2,151.38535916805267,ENSG00000132205
ENSG00000026751,154.5,15.861526,3.111017,2,152.91384744644165,ENSG00000026751
ENSG00000125266,156.5,13.781701,8.025477,2,155.12182986736298,ENSG00000125266
ENSG00000156298,157.0,15.653988,2.0385807,2,155.434601187706,ENSG00000156298
ENSG00000074590,157.0,14.137867,5.6709023,2,155.58621335029602,ENSG00000074590
ENSG00000129521,159.0,6.235347,3.1998906,2,158.37646532058716,ENSG00000129521
ENSG00000159674,162.0,29.35477,4.491103,2,159.06452298164368,ENSG00000159674
ENSG00000137101,160.5,11.478365,53.527927,2,159.35216355323792,ENSG00000137101
ENSG00000100600,161.0,14.602234,28.343132,2,159.5397765636444,ENSG00000100600
ENSG00000270629,161.0,10.812106,24.3962,2,159.91878938674927,ENSG00000270629
ENSG00000161940,163.5,14.578091,8.865019,2,162.04219090938568,ENSG00000161940
ENSG00000148848,165.5,27.745766,5.876369,2,162.72542333602905,ENSG00000148848
ENSG00000038427,168.0,41.563915,32.36342,2,163.843608379364,VCAN
ENSG00000142347,165.0,9.415781,61.819683,2,164.0584219098091,ENSG00000142347
ENSG00000135218,168.0,16.174507,6.693302,2,166.38254928588867,CD36
ENSG00000197265,168.5,7.404297,2.1379929,2,167.75957030057907,ENSG00000197265
ENSG00000100979,169.0,11.616543,83.39881,2,167.8383457660675,ENSG00000100979
ENSG00000163638,171.5,14.235432,7.0910273,2,170.07645678520203,ENSG00000163638
ENSG00000214022,173.0,7.5117292,2.3338764,2,172.2488270998001,ENSG00000214022
ENSG00000079337,174.0,17.096193,4.944791,2,172.29038071632385,ENSG00000079337
ENSG00000106070,175.0,12.924033,5.0810814,2,173.70759665966034,ENSG00000106070
ENSG00000162616,176.5,6.699832,2.559524,2,175.83001679182053,ENSG00000162616
ENSG00000147894,178.0,9.410189,68.97476,2,177.0589811205864,ENSG00000147894
ENSG00000126878,178.5,5.783085,1.2808434,2,177.92169153690338,ENSG00000126878
ENSG00000165810,181.0,14.001324,7.4455457,2,179.59986758232117,BTNL9
ENSG00000109323,181.0,10.422566,41.472008,2,179.95774340629578,ENSG00000109323
ENSG00000151276,183.5,13.95672,4.7092485,2,182.104327917099,ENSG00000151276
ENSG00000173200,183.5,13.086983,11.318096,2,182.19130170345304,ENSG00000173200
ENSG00000118407,183.5,12.616039,7.3461084,2,182.23839604854584,ENSG00000118407
ENSG00000010610,184.5,9.454905,72.37039,2,183.5545095205307,ENSG00000010610
ENSG00000135636,185.5,13.750034,6.4450316,2,184.1249965429306,ENSG00000135636
ENSG00000130158,185.5,13.509011,3.4707704,2,184.14909887313843,ENSG00000130158
ENSG00000086200,186.0,13.01475,1.4662352,2,184.6985250711441,ENSG00000086200
ENSG00000186642,186.5,14.796007,6.602721,2,185.0203993320465,ENSG00000186642
ENSG00000078081,186.5,12.892305,15.554987,2,185.21076941490173,ENSG00000078081
ENSG00000061273,190.0,14.682752,1.5108005,2,188.53172481060028,ENSG00000061273
ENSG00000153898,189.5,9.508574,2.6528726,2,188.54914265871048,ENSG00000153898
ENSG00000110880,190.0,10.500115,41.013145,2,188.94998848438263,ENSG00000110880
ENSG00000131203,190.5,11.591206,21.67212,2,189.3408794403076,IDO1
ENSG00000125089,190.5,7.8800592,45.406334,2,189.7119940519333,ENSG00000125089
ENSG00000186994,191.5,14.192016,6.4409437,2,190.08079838752747,ENSG00000186994
ENSG00000154734,193.0,12.7938385,4.5228558,2,191.72061610221863,ENSG00000154734
ENSG00000167600,195.0,9.426148,8.830463,2,194.0573851466179,ENSG00000167600
ENSG00000116731,195.0,7.360695,2.1587877,2,194.26393049955368,ENSG00000116731
ENSG00000105472,199.0,32.66376,4.191636,2,195.73362398147583,ENSG00000105472
ENSG00000135677,197.5,9.316913,38.38295,2,196.56830871105197,ENSG00000135677
ENSG00000120156,199.0,15.215798,8.843928,2,197.47842013835907,ENSG00000120156
ENSG00000196411,199.0,13.090294,3.5533304,2,197.690970659256,ENSG00000196411
ENSG00000011405,199.0,12.967211,2.151995,2,197.7032788991928,ENSG00000011405
ENSG00000069020,199.5,12.099165,4.310657,2,198.290083527565,ENSG00000069020
ENSG00000170684,199.0,6.9047747,3.5488472,2,198.3095225095749,ENSG00000170684
ENSG00000198715,200.0,6.1887207,19.949162,2,199.38112795352936,ENSG00000198715
ENSG00000138670,200.5,9.622202,58.05085,2,199.53777980804443,ENSG00000138670
ENSG00000006327,201.5,17.044708,2.4215844,2,199.79552912712097,ENSG00000006327
ENSG00000115183,202.0,10.134935,2.5079381,2,200.9865064620972,ENSG00000115183
ENSG00000136237,204.0,13.055585,5.029561,2,202.6944415569305,ENSG00000136237
ENSG00000157570,204.5,12.773804,5.3255906,2,203.2226196527481,ENSG00000157570
ENSG00000138411,204.5,12.038882,6.879731,2,203.2961118221283,ENSG00000138411
ENSG00000156110,206.0,8.158389,2.600288,2,205.18416106700897,ENSG00000156110
ENSG00000113657,209.0,32.044266,4.182796,2,205.79557347297668,ENSG00000113657
ENSG00000105197,207.0,9.549741,12.554962,2,206.04502594470975,ENSG00000105197
ENSG00000085276,208.0,12.931751,4.4070444,2,206.7068248987198,ENSG00000085276
ENSG00000135899,209.0,6.7171345,17.6931,2,208.3282865285873,ENSG00000135899
ENSG00000107796,212.0,34.559807,12.605658,2,208.54401922225952,ACTA2
ENSG00000157510,210.5,12.702604,3.5672917,2,209.22973954677585,ENSG00000157510
ENSG00000100079,210.5,10.945261,7.98203,2,209.40547394752505,LGALS2
ENSG00000113555,211.5,12.286957,7.158393,2,210.2713043689728,ENSG00000113555
ENSG00000117298,212.5,16.64123,1.5433371,2,210.8358770608902,ENSG00000117298
ENSG00000167641,213.0,6.093148,5.7830873,2,212.3906852006912,PPP1R14A
ENSG00000065989,214.0,9.775482,3.0513139,2,213.0224517583847,ENSG00000065989
ENSG00000117280,216.0,7.625172,12.546541,2,215.2374827861786,ENSG00000117280
ENSG00000104267,217.5,9.044926,5.0417247,2,216.5955074429512,ENSG00000104267
ENSG00000143369,219.5,24.062592,1.0962014,2,217.093740940094,ENSG00000143369
ENSG00000154783,218.5,13.070654,5.5643206,2,217.19293463230133,ENSG00000154783
ENSG00000132622,218.5,12.785206,5.2490435,2,217.22147941589355,ENSG00000132622
ENSG00000277494,219.0,12.5046835,9.696114,2,217.74953162670133,GPIHBP1
ENSG00000196923,221.0,27.707775,3.8891554,2,218.22922253608704,ENSG00000196923
ENSG00000123080,219.0,5.687187,2.847653,2,218.43128126859665,ENSG00000123080
ENSG00000132688,220.0,12.776553,2.9499297,2,218.72234463691711,ENSG00000132688
ENSG00000149591,223.0,40.416725,18.38483,2,218.958327293396,TAGLN
ENSG00000008256,221.0,14.935872,2.5501328,2,219.5064127445221,ENSG00000008256
ENSG00000111961,221.0,12.750689,1.8153851,2,219.7249311208725,ENSG00000111961
ENSG00000138032,220.5,5.2432113,1.9214666,2,219.9756788611412,ENSG00000138032
ENSG00000141542,221.0,5.8076487,3.136681,2,220.4192351102829,ENSG00000141542
ENSG00000168309,223.0,12.467151,7.1140556,2,221.7532849311829,ENSG00000168309
ENSG00000042980,225.5,20.321083,84.16819,2,223.46789169311523,ENSG00000042980
ENSG00000136859,227.0,32.723083,5.457474,2,223.72769165039065,ENSG00000136859
ENSG00000169291,225.0,12.0406065,4.989462,2,223.79593932628632,ENSG00000169291
ENSG00000169418,226.0,13.001003,7.0165024,2,224.6998996734619,ENSG00000169418
ENSG00000135363,226.0,11.836794,5.3317614,2,224.8163206577301,ENSG00000135363
ENSG00000005108,227.5,13.522484,7.4896984,2,226.14775156974792,ENSG00000005108
ENSG00000119900,227.5,8.719618,3.5224054,2,226.6280382275581,ENSG00000119900
ENSG00000114541,227.5,6.3871746,19.59087,2,226.86128252744675,ENSG00000114541
ENSG00000127947,228.0,8.65266,3.2180045,2,227.1347339749336,ENSG00000127947
ENSG00000145990,229.0,11.856403,1.6410617,2,227.814359664917,ENSG00000145990
ENSG00000136960,229.5,11.479618,1.5868552,2,228.3520381450653,ENSG00000136960
ENSG00000079819,230.5,20.16536,45.834522,2,228.48346400260925,ENSG00000079819
ENSG00000137726,230.5,16.599773,3.929548,2,228.8400226831436,ENSG00000137726
ENSG00000115232,230.0,8.439452,2.9928246,2,229.1560547947884,ENSG00000115232
ENSG00000137033,231.5,16.063675,5.572566,2,229.89363253116608,ENSG00000137033
ENSG00000187446,231.0,7.945721,18.689804,2,230.20542788505557,ENSG00000187446
ENSG00000174749,232.0,11.21854,6.7021976,2,230.87814593315125,ENSG00000174749
ENSG00000188641,232.0,7.8002014,27.926025,2,231.2199798822403,ENSG00000188641
ENSG00000204131,233.0,10.945652,5.238408,2,231.90543484687805,ENSG00000204131
ENSG00000025772,233.0,9.572123,1.6793785,2,232.04278773069385,ENSG00000025772
ENSG00000076604,233.5,10.131271,3.1298182,2,232.48687291145325,ENSG00000076604
ENSG00000068831,233.5,9.680408,2.595882,2,232.53195923566815,ENSG00000068831
ENSG00000184916,234.0,13.34265,5.550391,2,232.6657350063324,ENSG00000184916
ENSG00000164849,234.0,13.257408,3.6681447,2,232.67425918579104,ENSG00000164849
ENSG00000177303,235.0,11.359991,4.672968,2,233.86400091648105,ENSG00000177303
ENSG00000143797,236.0,5.2313538,2.5902297,2,235.4768646359444,ENSG00000143797
ENSG00000177464,238.0,12.276308,6.9140854,2,236.77236914634705,ENSG00000177464
ENSG00000123342,239.0,20.682484,8.55964,2,236.93175172805783,ENSG00000123342
ENSG00000165140,238.5,14.091814,7.901581,2,237.09081864356995,ENSG00000165140
ENSG00000213047,238.0,8.870559,2.3692358,2,237.11294412612915,ENSG00000213047
ENSG00000243646,239.0,8.243181,55.062454,2,238.1756818890572,ENSG00000243646
ENSG00000132481,239.5,10.196129,2.353305,2,238.48038709163663,ENSG00000132481
ENSG00000105538,240.0,14.305825,4.8782077,2,238.56941747665405,ENSG00000105538
ENSG00000105426,241.5,7.946121,2.2887096,2,240.7053878903389,ENSG00000105426
ENSG00000079102,243.0,20.500013,5.356157,2,240.94999861717224,ENSG00000079102
ENSG00000070423,243.0,9.066179,1.3997487,2,242.0933820605278,ENSG00000070423
ENSG00000140945,243.5,11.071314,5.127409,2,242.39286863803864,ENSG00000140945
ENSG00000188290,244.5,13.06661,4.387575,2,243.1933389902115,ENSG00000188290
ENSG00000075426,244.5,10.8097725,2.582036,2,243.4190227985382,ENSG00000075426
ENSG00000066697,244.0,4.343982,1.9784259,2,243.56560176610947,ENSG00000066697
ENSG00000166825,250.0,19.375599,7.418096,2,248.06244015693665,ENSG00000166825
ENSG00000071205,251.5,14.743564,4.2665434,2,250.02564358711243,ENSG00000071205
ENSG00000130558,251.0,9.709915,3.859665,2,250.02900850772855,ENSG00000130558
ENSG00000137801,254.5,26.20414,10.244522,2,251.87958598136905,ENSG00000137801
ENSG00000110328,254.5,12.954456,3.6536531,2,253.2045543193817,ENSG00000110328
ENSG00000173918,255.0,17.101143,5.1003036,2,253.28988575935364,ENSG00000173918
ENSG00000115884,255.5,16.8658,2.6569731,2,253.81341993808743,ENSG00000115884
ENSG00000170542,255.5,14.416775,8.68743,2,254.05832254886627,ENSG00000170542
ENSG00000039560,257.5,23.563877,1.3829579,2,255.1436123847961,ENSG00000039560
ENSG00000161955,258.5,7.5045605,171.36954,2,257.7495439648628,ENSG00000161955
ENSG00000109472,264.0,31.823072,5.9818573,2,260.81769275665283,ENSG00000109472
ENSG00000099282,262.5,11.448821,1.7212758,2,261.35511791706085,ENSG00000099282
ENSG00000076356,263.0,10.943044,4.0781546,2,261.9056956768036,ENSG00000076356
ENSG00000122641,264.5,23.169064,6.2644644,2,262.18309354782104,INHBA
ENSG00000069702,263.5,11.282246,1.6455693,2,262.37177538871765,ENSG00000069702
ENSG00000173457,263.5,7.60327,2.621624,2,262.7396730184555,ENSG00000173457
ENSG00000185305,265.0,10.06418,2.2603378,2,263.9935820102692,ENSG00000185305
ENSG00000153443,265.0,4.8574142,2.1558337,2,264.5142585635185,ENSG00000153443
ENSG00000137462,265.5,9.155711,52.94032,2,264.58442890644073,ENSG00000137462
ENSG00000167244,267.5,23.897009,1.5261884,2,265.1102991104126,IGF2
ENSG00000130202,268.0,23.515265,2.3990123,2,265.64847350120544,ENSG00000130202
ENSG00000149781,267.0,10.303717,56.70907,2,265.9696283340454,ENSG00000149781
ENSG00000172939,267.0,8.764626,3.0903587,2,266.1235374212265,ENSG00000172939
ENSG00000008083,267.5,7.822129,1.4989738,2,266.7177871465683,ENSG00000008083
ENSG00000120318,269.5,12.608128,5.177241,2,268.2391872406006,ENSG00000120318
ENSG00000248905,272.5,6.4307275,11.754999,2,271.85692727565765,ENSG00000248905
ENSG00000185585,273.5,10.52158,2.7702837,2,272.447842001915,ENSG00000185585
ENSG00000197321,275.0,24.750977,2.0006902,2,272.52490234375,ENSG00000197321
ENSG00000141503,274.5,7.5370746,2.1420715,2,273.7462925314903,ENSG00000141503
ENSG00000126785,275.0,12.467174,1.3774121,2,273.7532826662064,ENSG00000126785
ENSG00000065534,276.0,20.32144,2.4720902,2,273.9678559303284,ENSG00000065534
ENSG00000175040,274.5,5.041382,3.0520298,2,273.9958618283272,ENSG00000175040
ENSG00000103066,275.5,5.141752,38.476856,2,274.9858248233795,ENSG00000103066
ENSG00000205403,276.5,12.265292,1.8103971,2,275.2734707593918,ENSG00000205403
ENSG00000037280,277.0,11.135968,4.5641055,2,275.88640320301056,ENSG00000037280
ENSG00000107317,280.0,14.486782,13.76277,2,278.5513217449188,PTGDS
ENSG00000089820,280.0,6.790756,3.289719,2,279.32092440128326,ENSG00000089820
ENSG00000090776,280.5,10.084961,3.574006,2,279.4915039539337,ENSG00000090776
ENSG00000141682,281.0,7.748479,1.4129422,2,280.2251521348953,ENSG00000141682
ENSG00000100106,282.0,11.499341,0.93127406,2,280.850065946579,ENSG00000100106
ENSG00000171051,282.0,10.224853,50.042683,2,280.97751474380493,ENSG00000171051
ENSG00000077782,284.0,23.29958,1.800343,2,281.67004203796387,ENSG00000077782
ENSG00000204138,282.5,7.5530005,6.995287,2,281.7446999549866,ENSG00000204138
ENSG00000204634,283.5,8.079069,5.305,2,282.69209307432175,ENSG00000204634
ENSG00000100311,284.5,10.616231,4.7938447,2,283.43837690353394,ENSG00000100311
ENSG00000134013,286.0,24.641035,2.6101274,2,283.5358965396881,ENSG00000134013
ENSG00000173848,286.5,14.783965,2.4647908,2,285.02160346508026,ENSG00000173848
ENSG00000185728,286.5,7.923752,23.229979,2,285.7076247930527,ENSG00000185728
ENSG00000120549,289.0,24.165535,2.7257395,2,286.58344650268555,ENSG00000120549
ENSG00000169902,289.5,17.671417,1.183375,2,287.73285830020905,ENSG00000169902
ENSG00000151692,289.5,13.579101,1.7125331,2,288.1420899629593,ENSG00000151692
ENSG00000113594,291.0,12.773823,4.571286,2,289.7226177453995,ENSG00000113594
ENSG00000152804,291.5,10.132279,3.3980901,2,290.4867720603943,ENSG00000152804
ENSG00000134516,292.0,7.3335743,33.801754,2,291.2666425704956,ENSG00000134516
ENSG00000250722,295.0,27.852644,259.82428,2,292.2147355079651,SELENOP
ENSG00000107957,294.5,19.798628,1.7298,2,292.5201371908188,ENSG00000107957
ENSG00000163697,295.0,21.549107,2.0240107,2,292.8450894355774,ENSG00000163697
ENSG00000154556,294.0,9.764685,1.3290361,2,293.02353155612946,ENSG00000154556
ENSG00000148400,294.5,11.811641,0.9802802,2,293.3188359737396,ENSG00000148400
ENSG00000158825,296.0,9.985355,5.31077,2,295.00146448612213,ENSG00000158825
ENSG00000136026,297.0,19.13656,2.1472273,2,295.08634400367737,ENSG00000136026
ENSG00000149798,296.5,12.568069,4.2288923,2,295.24319303035736,ENSG00000149798
ENSG00000140848,300.0,9.902578,2.5448017,2,299.00974214077,ENSG00000140848
ENSG00000057252,301.0,7.5565124,47.162296,2,300.2443487644196,ENSG00000057252
ENSG00000144810,304.0,22.8613,5.1573334,2,301.7138700485229,ENSG00000144810
ENSG00000146232,304.0,7.4208326,2.6200118,2,303.2579167485237,ENSG00000146232
ENSG00000106069,304.0,4.977275,23.48712,2,303.50227251648903,ENSG00000106069
ENSG00000001617,305.0,10.099472,5.546647,2,303.990052819252,ENSG00000001617
ENSG00000126860,306.5,7.277055,69.70757,2,305.7722945213318,ENSG00000126860
ENSG00000213015,307.5,10.291512,1.8826821,2,306.47084879875183,ENSG00000213015
ENSG00000137752,307.5,9.018726,43.42112,2,306.5981273651123,ENSG00000137752
ENSG00000106025,310.0,10.83208,4.731752,2,308.91679203510284,ENSG00000106025
ENSG00000130307,310.0,9.684493,5.7881594,2,309.0315507054329,ENSG00000130307
ENSG00000159110,311.5,11.139076,3.9699576,2,310.3860924243927,ENSG00000159110
ENSG00000124225,313.5,20.333838,2.9624887,2,311.46661615371704,ENSG00000124225
ENSG00000182621,313.0,10.349449,3.1950717,2,311.9650551080704,ENSG00000182621
ENSG00000136802,313.0,9.9512615,2.0102334,2,312.0048738718033,ENSG00000136802
ENSG00000104093,314.0,8.461557,37.47207,2,313.1538442373276,ENSG00000104093
ENSG00000172403,315.0,14.354032,4.0964036,2,313.5645968914032,ENSG00000172403
ENSG00000198951,317.5,7.2372546,38.41262,2,316.776274561882,ENSG00000198951
ENSG00000162430,319.0,17.996778,2.6815736,2,317.2003221511841,ENSG00000162430
ENSG00000147119,319.0,7.363783,3.6654081,2,318.2636216878891,ENSG00000147119
ENSG00000088826,320.0,6.9927692,3.2004867,2,319.3007230758667,ENSG00000088826
ENSG00000179348,320.0,4.514222,7.3498297,2,319.54857778549194,ENSG00000179348
ENSG00000108691,322.0,14.072559,1.4943424,2,320.5927441120148,CCL2
ENSG00000166016,323.5,3.7996607,2.6217659,2,323.12003391981125,ENSG00000166016
ENSG00000109906,324.0,7.031145,22.580353,2,323.2968854904175,ENSG00000109906
ENSG00000169439,326.5,26.067972,4.092657,2,323.89320278167725,ENSG00000169439
ENSG00000136250,326.0,6.825466,49.96265,2,325.3174533843994,ENSG00000136250
ENSG00000114698,327.5,21.505432,2.6542492,2,325.3494567871094,ENSG00000114698
ENSG00000133961,326.5,10.976498,25.95124,2,325.40235018730164,ENSG00000133961
ENSG00000128791,327.5,16.805386,1.7518282,2,325.8194614648819,ENSG00000128791
ENSG00000176658,327.5,16.215952,1.1103514,2,325.8784048557281,ENSG00000176658
ENSG00000149930,327.0,11.048003,2.2421737,2,325.8951996564865,ENSG00000149930
ENSG00000135052,327.5,15.326723,1.8890404,2,325.9673277139664,ENSG00000135052
ENSG00000107341,327.0,6.759424,1.237742,2,326.3240575790405,ENSG00000107341
ENSG00000174485,327.0,6.13646,15.75091,2,326.3863540291786,ENSG00000174485
ENSG00000162889,328.0,8.352894,2.875527,2,327.1647106409073,ENSG00000162889
ENSG00000241399,329.0,6.6951313,34.660976,2,328.33048689365387,ENSG00000241399
ENSG00000119986,329.5,6.633552,1.6619754,2,328.8366447687149,ENSG00000119986
ENSG00000173889,330.0,8.748834,22.163141,2,329.1251166462898,ENSG00000173889
ENSG00000073910,330.5,10.116274,3.4823065,2,329.4883725643158,ENSG00000073910
ENSG00000116774,334.5,32.143013,39.051964,2,331.28569865226746,ENSG00000116774
ENSG00000081923,332.5,8.472428,2.2788792,2,331.65275716781616,ENSG00000081923
ENSG00000064012,333.5,11.81547,15.910786,2,332.3184530735016,ENSG00000064012
ENSG00000125249,333.0,4.5087276,2.4581623,2,332.5491272509098,ENSG00000125249
ENSG00000156453,334.5,10.716871,3.8112166,2,333.4283128976822,ENSG00000156453
ENSG00000165886,334.5,7.5370646,3.1679654,2,333.7462935447693,ENSG00000165886
ENSG00000170545,335.5,9.526569,1.5119646,2,334.5473430752754,ENSG00000170545
ENSG00000127946,336.5,9.571576,1.0439706,2,335.5428423881531,ENSG00000127946
ENSG00000111676,338.5,19.34441,1.5381525,2,336.5655590295792,ENSG00000111676
ENSG00000033100,338.0,8.747696,0.8783251,2,337.1252304315567,ENSG00000033100
ENSG00000101974,338.0,7.999873,1.4542651,2,337.2000126838684,ENSG00000101974
ENSG00000166979,338.5,9.714321,2.9542027,2,337.5285679101944,ENSG00000166979
ENSG00000160209,342.0,7.7665377,1.7823546,2,341.2233462333679,ENSG00000160209
ENSG00000135318,343.0,17.17805,2.634808,2,341.2821950912476,ENSG00000135318
ENSG00000106367,342.0,4.715309,2.0518572,2,341.52846908569336,ENSG00000106367
ENSG00000149573,344.0,9.028815,3.3264985,2,343.09711849689484,ENSG00000149573
ENSG00000186635,344.0,6.4900713,44.182755,2,343.3509928584099,ENSG00000186635
ENSG00000146535,346.0,6.420838,2.2690887,2,345.35791623592377,ENSG00000146535
ENSG00000102780,348.5,7.854704,1.9231355,2,347.71452963352203,ENSG00000102780
ENSG00000127616,349.5,9.696576,9.146139,2,348.530342400074,ENSG00000127616
ENSG00000184232,351.0,19.41219,3.2991729,2,349.0587810277939,ENSG00000184232
ENSG00000167601,350.0,6.4054265,79.15959,2,349.3594573736191,ENSG00000167601
ENSG00000117385,352.0,16.828484,8.510756,2,350.3171516656876,ENSG00000117385
ENSG00000185112,352.0,8.9903345,3.8026185,2,351.10096657276154,ENSG00000185112
ENSG00000205189,352.5,4.024233,2.1414165,2,352.09757670760155,ENSG00000205189
ENSG00000177119,354.0,17.764446,2.0340352,2,352.2235553264618,ENSG00000177119
ENSG00000100647,353.5,6.3660955,23.4889,2,352.86339044570923,ENSG00000100647
ENSG00000116514,354.5,6.2733965,3.2570949,2,353.87266033887863,ENSG00000116514
ENSG00000115020,355.0,9.30765,6.4765787,2,354.0692350268364,ENSG00000115020
ENSG00000166770,354.5,3.86083,1.3612669,2,354.1139169931412,ENSG00000166770
ENSG00000100154,355.0,8.755465,1.1844661,2,354.1244535446167,ENSG00000100154
ENSG00000185340,355.5,8.326591,3.1557822,2,354.6673409342766,ENSG00000185340
ENSG00000165997,356.0,6.8929186,3.1168528,2,355.3107081651688,ENSG00000165997
ENSG00000134086,356.5,4.7844,3.698931,2,356.0215600132942,ENSG00000134086
ENSG00000148926,357.5,6.466967,7.585713,2,356.8533033132553,ENSG00000148926
ENSG00000100599,358.5,8.514393,17.859634,2,357.64856070280075,ENSG00000100599
ENSG00000211455,358.5,6.9565406,26.888248,2,357.80434596538544,ENSG00000211455
ENSG00000117114,359.0,9.266615,5.1676464,2,358.073338508606,ENSG00000117114
ENSG00000108819,359.5,6.1493206,2.3295527,2,358.8850679397583,ENSG00000108819
ENSG00000140859,361.0,9.236426,0.8583506,2,360.07635736465454,ENSG00000140859
ENSG00000165655,362.0,12.323508,3.6115227,2,360.7676491737366,ENSG00000165655
ENSG00000178860,361.5,3.6230447,1.8410285,2,361.13769552111626,ENSG00000178860
ENSG00000112031,362.5,3.7709846,0.65004045,2,362.1229015290737,ENSG00000112031
ENSG00000198752,364.0,9.742339,2.0969534,2,363.02576607465744,ENSG00000198752
ENSG00000122515,365.5,6.1980963,2.7853642,2,364.88019037246704,ENSG00000122515
ENSG00000189227,365.5,4.502919,1.2132477,2,365.0497080683708,ENSG00000189227
ENSG00000121931,366.0,7.128767,1.1311002,2,365.2871233224869,ENSG00000121931
ENSG00000185950,366.0,5.643236,8.32039,2,365.4356763958931,ENSG00000185950
ENSG00000050820,369.0,9.305306,1.6946352,2,368.069469332695,ENSG00000050820
ENSG00000100280,369.0,6.248254,40.026764,2,368.3751746416092,ENSG00000100280
ENSG00000148737,370.5,15.9259205,2.018946,2,368.9074079990387,ENSG00000148737
ENSG00000183386,370.5,12.657879,0.8269698,2,369.2342121601105,ENSG00000183386
ENSG00000096968,371.5,5.0593443,14.262738,2,370.9940655827522,ENSG00000096968
ENSG00000183023,372.0,7.5700502,11.93708,2,371.2429949641228,ENSG00000183023
ENSG00000009413,372.5,6.7501907,8.870499,2,371.8249809145928,ENSG00000009413
ENSG00000149182,373.0,7.565158,22.279207,2,372.2434841990471,ENSG00000149182
ENSG00000065613,373.5,7.7650337,1.0000063,2,372.7234966158867,ENSG00000065613
ENSG00000112208,377.0,12.149132,2.550302,2,375.7850868701935,ENSG00000112208
ENSG00000164949,378.5,24.459702,3.509076,2,376.0540299415589,ENSG00000164949
ENSG00000133056,377.0,8.69194,0.6426033,2,376.1308059692383,ENSG00000133056
ENSG00000149115,378.0,17.209053,1.0351367,2,376.2790946960449,ENSG00000149115
ENSG00000120885,378.5,17.764965,2.7011957,2,376.7235034704208,CLU
ENSG00000162231,379.5,6.8181486,48.717888,2,378.8181851506233,ENSG00000162231
ENSG00000145819,380.0,6.1518927,18.36613,2,379.3848107457161,ENSG00000145819
ENSG00000154237,380.0,4.8394837,8.382154,2,379.516051620245,ENSG00000154237
ENSG00000197905,380.5,8.21127,2.0017126,2,379.6788729429245,ENSG00000197905
ENSG00000186716,381.5,8.6042385,0.9885894,2,380.6395761370659,ENSG00000186716
ENSG00000074219,383.0,15.921303,1.9432788,2,381.4078696966171,ENSG00000074219
ENSG00000115271,385.0,7.767403,39.596962,2,384.2232596874237,ENSG00000115271
ENSG00000272325,385.5,5.113042,5.959977,2,384.9886958003044,ENSG00000272325
ENSG00000185630,387.0,14.838597,0.56687963,2,385.51614022254944,ENSG00000185630
ENSG00000204673,386.5,8.488442,1.4206643,2,385.651155769825,ENSG00000204673
ENSG00000128805,386.5,4.6537848,8.31084,2,386.0346215367317,ENSG00000128805
ENSG00000114316,387.0,6.038268,33.06166,2,386.3961731791496,ENSG00000114316
ENSG00000165507,390.5,16.562246,3.9600039,2,388.8437753915787,DEPP1
ENSG00000166900,390.0,5.6020145,2.296246,2,389.4397985339165,ENSG00000166900
ENSG00000138639,391.5,16.450212,24.251076,2,389.85497879982,ENSG00000138639
ENSG00000080815,391.0,7.071989,11.679494,2,390.2928010821343,ENSG00000080815
ENSG00000006210,391.5,8.115304,3.45238,2,390.68846958875656,ENSG00000006210
ENSG00000158828,392.0,7.1436768,1.5640198,2,391.2856323122978,ENSG00000158828
ENSG00000213923,392.0,5.0453796,4.937123,2,391.4954620599746,ENSG00000213923
ENSG00000139722,393.0,11.367612,12.66876,2,391.8632388114929,ENSG00000139722
ENSG00000134318,394.0,8.465777,1.3276901,2,393.15342223644257,ENSG00000134318
ENSG00000078124,396.0,6.985692,28.532318,2,395.3014308214188,ENSG00000078124
ENSG00000128604,396.5,10.611298,26.247467,2,395.4388701915741,ENSG00000128604
ENSG00000271383,396.5,9.947563,13.924393,2,395.5052436590194,ENSG00000271383
ENSG00000151748,397.5,9.605562,2.0116732,2,396.5394437909126,ENSG00000151748
ENSG00000092964,397.5,6.1272316,29.38668,2,396.887276828289,ENSG00000092964
ENSG00000158270,399.0,18.845661,5.6468496,2,397.1154339313507,ENSG00000158270
ENSG00000150540,399.0,6.9066086,40.1168,2,398.3093391656876,ENSG00000150540
ENSG00000067048,400.5,8.676665,55.36384,2,399.63233345746994,ENSG00000067048
ENSG00000160593,400.5,7.6468973,60.18371,2,399.7353102564812,ENSG00000160593
ENSG00000070501,403.5,8.62728,18.415226,2,402.6372720003128,ENSG00000070501
ENSG00000197343,403.5,8.230365,2.8882651,2,402.6769635081291,ENSG00000197343
ENSG00000122861,407.5,19.961855,29.789394,2,405.5038144588471,ENSG00000122861
ENSG00000077254,406.5,7.602075,13.659033,2,405.7397924661637,ENSG00000077254
ENSG00000150760,407.5,15.4966755,1.4424758,2,405.950332403183,ENSG00000150760
ENSG00000176463,407.5,3.3284664,2.0248568,2,407.1671533584595,ENSG00000176463
ENSG00000155097,409.0,8.320489,29.928345,2,408.1679511070252,ENSG00000155097
ENSG00000198795,409.5,7.8447676,2.2317152,2,408.7155232429504,ENSG00000198795
ENSG00000128815,409.5,7.036249,10.299559,2,408.7963750958442,ENSG00000128815
ENSG00000137642,413.5,5.808652,48.259033,2,412.91913479566574,ENSG00000137642
ENSG00000100055,414.5,6.022888,24.222204,2,413.8977111577988,ENSG00000100055
ENSG00000172795,415.5,6.301833,2.7607536,2,414.869816660881,ENSG00000172795
ENSG00000198892,417.0,13.623649,1.509331,2,415.6376351118088,ENSG00000198892
ENSG00000107186,416.5,7.606177,1.5105366,2,415.7393823266029,ENSG00000107186
ENSG00000136141,416.5,7.5256176,1.0507295,2,415.7474382519722,ENSG00000136141
ENSG00000079257,417.5,14.1724205,1.2212067,2,416.0827579498291,ENSG00000079257
ENSG00000023909,417.0,4.816184,2.1295238,2,416.5183815956116,ENSG00000023909
ENSG00000138744,418.0,6.569842,26.161543,2,417.34301578998566,ENSG00000138744
ENSG00000160741,419.0,5.475462,2.9784966,2,418.4524537920952,ENSG00000160741
ENSG00000105967,419.5,9.602382,24.685148,2,418.5397618412972,ENSG00000105967
ENSG00000145685,421.5,6.0887966,35.911568,2,420.8911203145981,ENSG00000145685
ENSG00000129968,421.5,5.7372828,1.9491686,2,420.92627173662186,ENSG00000129968
ENSG00000157933,422.5,13.741399,1.2850559,2,421.1258600950241,ENSG00000157933
ENSG00000284194,422.5,4.895814,3.7645428,2,422.0104185938835,ENSG00000284194
ENSG00000186834,427.5,5.843502,2.4802814,2,426.9156497716904,ENSG00000186834
ENSG00000143333,431.0,10.918118,1.2338777,2,429.9081882238388,ENSG00000143333
ENSG00000073060,431.0,4.672883,18.49726,2,430.5327116847038,ENSG00000073060
ENSG00000105246,433.5,9.786329,22.386658,2,432.5213670730591,ENSG00000105246
ENSG00000292343,433.5,5.6848116,3.020198,2,432.9315188527107,ENSG00000292343
ENSG00000179833,434.0,5.080098,2.2229147,2,433.4919902086258,ENSG00000179833
ENSG00000180773,434.0,5.0253153,2.5358458,2,433.4974684715271,ENSG00000180773
ENSG00000116260,434.5,6.3065133,13.964735,2,433.8693486452103,ENSG00000116260
ENSG00000125772,438.5,7.2157063,29.05514,2,437.778429389,ENSG00000125772
ENSG00000153989,440.0,6.3241253,3.0295038,2,439.3675874471664,ENSG00000153989
ENSG00000187479,440.5,3.3951528,3.6865594,2,440.16048473119736,ENSG00000187479
ENSG00000109917,441.0,7.9803953,16.231918,2,440.2019604444504,ENSG00000109917
ENSG00000138185,441.5,5.818792,41.14658,2,440.9181208014488,ENSG00000138185
ENSG00000123179,444.0,6.518693,6.054358,2,443.3481307029724,ENSG00000123179
ENSG00000154710,444.5,6.2594004,8.23385,2,443.8740599751473,ENSG00000154710
ENSG00000169896,446.0,7.053133,27.71893,2,445.2946866750717,ENSG00000169896
ENSG00000113368,446.0,5.451256,2.7336686,2,445.45487439632416,ENSG00000113368
ENSG00000031003,447.5,3.5162787,4.778783,2,447.1483721137047,ENSG00000031003
ENSG00000213614,449.0,5.5004888,148.14772,2,448.4499511122704,ENSG00000213614
ENSG00000111321,449.0,5.4428277,41.776443,2,448.4557172060013,ENSG00000111321
ENSG00000171612,449.5,4.8175254,1.9372689,2,449.0182474553585,ENSG00000171612
ENSG00000142694,450.5,10.937265,1.666991,2,449.4062734842301,ENSG00000142694
ENSG00000205730,451.0,11.441757,0.8990407,2,449.85582423210144,ENSG00000205730
ENSG00000142687,451.0,10.847095,9.929506,2,449.91529059410095,ENSG00000142687
ENSG00000087253,454.5,6.054228,25.335974,2,453.8945772051811,ENSG00000087253
ENSG00000233429,456.5,5.3292,2.4592493,2,455.9670799970627,ENSG00000233429
ENSG00000156535,457.0,10.002859,2.3054912,2,455.99971413612366,ENSG00000156535
ENSG00000039319,457.0,9.162838,7.8553724,2,456.0837162137032,ENSG00000039319
ENSG00000164327,458.5,6.9512277,5.026663,2,457.8048772215843,ENSG00000164327
ENSG00000110911,459.0,5.616344,38.5629,2,458.4383655786514,ENSG00000110911
ENSG00000150457,461.5,10.537216,2.9199736,2,460.446278333664,ENSG00000150457
ENSG00000173917,466.0,9.319051,1.0458775,2,465.06809490919113,ENSG00000173917
ENSG00000143319,467.5,8.890057,7.0309095,2,466.61099433898926,ENSG00000143319
ENSG00000092439,467.5,4.2993417,5.3578854,2,467.0700658261776,ENSG00000092439
ENSG00000108179,469.0,15.961851,42.273384,2,467.4038149118424,ENSG00000108179
ENSG00000053254,468.5,6.041362,36.21209,2,467.8958638310432,ENSG00000053254
ENSG00000213203,469.0,6.5328217,10.705335,2,468.3467178344727,ENSG00000213203
ENSG00000071967,472.5,29.285778,17.36798,2,469.5714221000672,ENSG00000071967
ENSG00000169499,470.5,4.478621,9.537985,2,470.0521379113197,ENSG00000169499
ENSG00000077463,471.0,4.606042,1.6933872,2,470.5393958091736,ENSG00000077463
ENSG00000123636,473.5,5.5475225,41.510384,2,472.9452477693558,ENSG00000123636
ENSG00000123395,474.5,4.3331943,1.160506,2,474.0666805803776,ENSG00000123395
ENSG00000158714,476.0,15.134917,26.393532,2,474.4865082502365,ENSG00000158714
ENSG00000172594,475.0,4.275487,31.298048,2,474.5724512934685,ENSG00000172594
ENSG00000102189,475.5,4.401721,3.1979523,2,475.0598278939724,ENSG00000102189
ENSG00000163219,480.0,9.732075,21.647923,2,479.0267925262451,ENSG00000163219
ENSG00000134250,480.0,9.059921,11.351446,2,479.0940078496933,ENSG00000134250
ENSG00000149177,481.0,5.412166,9.7251625,2,480.4587833881378,ENSG00000149177
ENSG00000271425,487.0,6.4086895,4.8366146,2,486.3591310381889,ENSG00000271425
ENSG00000100083,490.0,5.375786,28.736742,2,489.4624214172363,ENSG00000100083
ENSG00000198879,491.0,6.093362,6.460843,2,490.39066380262375,ENSG00000198879
ENSG00000123983,492.0,5.93281,3.4774017,2,491.40671902894974,ENSG00000123983
ENSG00000172493,492.0,5.893491,9.551331,2,491.410650908947,ENSG00000172493
ENSG00000198814,493.5,15.048123,28.738037,2,491.9951876401901,ENSG00000198814
ENSG00000139496,493.0,4.641085,0.8458065,2,492.5358914732933,ENSG00000139496
ENSG00000103657,494.5,6.1417184,15.765101,2,493.88582813739777,ENSG00000103657
ENSG00000197535,495.5,6.102042,16.343897,2,494.8897957801819,ENSG00000197535
ENSG00000004468,496.5,12.5222645,30.190113,2,495.2477735280991,ENSG00000004468
ENSG00000118518,496.5,4.800843,18.397842,2,496.0199157297611,ENSG00000118518
ENSG00000142875,499.5,8.113519,25.13674,2,498.68864810466766,ENSG00000142875
ENSG00000071246,500.0,4.3912196,12.135985,2,499.5608780384064,ENSG00000071246
ENSG00000135124,505.0,5.302113,31.964588,2,504.4697886705399,ENSG00000135124
ENSG00000101773,505.0,4.1099834,1.2030827,2,504.5890016555786,ENSG00000101773
ENSG00000130640,505.5,5.095997,20.351643,2,504.9904003143311,ENSG00000130640
ENSG00000162664,506.0,4.07172,1.2080584,2,505.59282797575,ENSG00000162664
ENSG00000119321,509.5,5.4800673,15.957888,2,508.9519932866097,ENSG00000119321
ENSG00000169692,509.5,3.9724863,1.413711,2,509.1027513742447,ENSG00000169692
ENSG00000129255,510.0,5.04548,31.379639,2,509.4954520463944,ENSG00000129255
ENSG00000121644,510.0,3.985268,1.6194116,2,509.6014731824398,ENSG00000121644
ENSG00000151914,511.0,6.5445004,12.73895,2,510.3455499410629,ENSG00000151914
ENSG00000153879,513.0,4.9538465,4.796511,2,512.5046153664589,ENSG00000153879
ENSG00000183741,513.5,4.3030314,1.1674695,2,513.0696968436241,ENSG00000183741
ENSG00000151414,513.5,3.9542565,1.7731522,2,513.1045743525028,ENSG00000151414
ENSG00000166136,514.0,5.1264896,70.11248,2,513.4873510599136,ENSG00000166136
ENSG00000160211,514.0,4.0711555,1.9629014,2,513.5928844511509,ENSG00000160211
ENSG00000217128,518.0,7.8768406,11.768582,2,517.2123159170151,ENSG00000217128
ENSG00000197965,519.0,6.6351,30.727606,2,518.3364900350571,ENSG00000197965
ENSG00000136169,521.0,4.8326054,6.0758166,2,520.5167394578457,ENSG00000136169
ENSG00000169905,521.5,5.1061616,6.4898634,2,520.989383816719,ENSG00000169905
ENSG00000176903,523.5,4.490429,0.79104924,2,523.0509571135044,ENSG00000176903
ENSG00000173846,525.0,6.714696,64.36972,2,524.3285304307938,ENSG00000173846
ENSG00000104907,525.5,4.0551076,1.4281611,2,525.0944892466068,ENSG00000104907
ENSG00000039523,526.5,10.63681,16.729492,2,525.4363189935684,ENSG00000039523
ENSG00000178573,526.0,4.099888,7.033272,2,525.5900112092495,ENSG00000178573
ENSG00000106636,526.0,3.7690597,2.0939686,2,525.623094022274,ENSG00000106636
ENSG00000054611,526.5,4.979222,25.336384,2,526.0020778179169,ENSG00000054611
ENSG00000159873,528.5,4.0418015,1.8902048,2,528.0958198606968,ENSG00000159873
ENSG00000121691,529.0,6.2560916,40.92378,2,528.3743908405304,ENSG00000121691
ENSG00000257923,534.0,8.112236,12.080099,2,533.1887763738632,ENSG00000257923
ENSG00000172845,534.0,5.086389,1.6128006,2,533.4913610816002,ENSG00000172845
ENSG00000168591,540.0,4.9006095,20.87542,2,539.509939044714,ENSG00000168591
ENSG00000055483,544.0,11.253686,21.16981,2,542.8746314048767,ENSG00000055483
ENSG00000156639,544.0,4.073224,1.6907831,2,543.5926775932312,ENSG00000156639
ENSG00000095303,546.0,6.5279884,23.083248,2,545.3472011685371,ENSG00000095303
ENSG00000221823,547.0,3.8254335,1.6958604,2,546.6174566447735,ENSG00000221823
ENSG00000176390,548.0,4.808067,14.225503,2,547.5191933214664,ENSG00000176390
ENSG00000135241,550.5,9.375339,23.702494,2,549.5624661445618,ENSG00000135241
ENSG00000162654,551.5,4.048126,21.81078,2,551.0951873660088,ENSG00000162654
ENSG00000156232,551.5,3.758101,1.5703568,2,551.1241899132729,ENSG00000156232
ENSG00000161980,554.5,9.854801,5.1323433,2,553.5145198702812,ENSG00000161980
ENSG00000132912,554.5,4.819601,32.629383,2,554.0180398821831,ENSG00000132912
ENSG00000105383,558.0,6.305093,24.869736,2,557.3694907426834,ENSG00000105383
ENSG00000013583,558.0,4.879097,18.35221,2,557.5120902955532,ENSG00000013583
ENSG00000076685,558.5,5.3850965,24.466946,2,557.9614903330803,ENSG00000076685
ENSG00000162819,559.5,4.6890373,19.712446,2,559.0310962796211,ENSG00000162819
ENSG00000116670,562.0,5.119178,3.19809,2,561.4880822300911,ENSG00000116670
ENSG00000172530,562.5,8.186881,13.9309635,2,561.6813119053841,ENSG00000172530
ENSG00000197256,566.0,22.153913,4.0082903,2,563.7846086025238,ENSG00000197256
ENSG00000137364,567.5,5.5374584,9.757075,2,566.9462541341782,ENSG00000137364
ENSG00000133657,570.0,14.508732,14.101282,2,568.5491268634796,ENSG00000133657
ENSG00000100325,570.0,4.694976,24.783588,2,569.5305024087429,ENSG00000100325
ENSG00000178585,570.5,6.1485515,2.3785477,2,569.8851448297501,ENSG00000178585
ENSG00000172936,572.0,9.110211,22.811277,2,571.0889788866043,ENSG00000172936
ENSG00000168255,576.5,5.404051,6.5646424,2,575.9595949053764,ENSG00000168255
ENSG00000089060,577.5,5.569684,17.306293,2,576.9430316090584,ENSG00000089060
ENSG00000136868,577.5,5.2019005,12.708756,2,576.9798099398613,ENSG00000136868
ENSG00000108582,578.0,4.0226345,2.3757505,2,577.5977365374565,ENSG00000108582
ENSG00000132716,579.0,6.2391443,21.239891,2,578.3760855793953,ENSG00000132716
ENSG00000204435,584.0,5.4152155,36.819225,2,583.4584784507751,ENSG00000204435
ENSG00000155508,585.5,5.2013693,2.7172227,2,584.9798630475998,ENSG00000155508
ENSG00000165030,586.5,4.798565,16.820024,2,586.0201435089111,ENSG00000165030
ENSG00000124243,591.0,9.921831,3.1216688,2,590.0078169107437,ENSG00000124243
ENSG00000143321,591.5,5.873716,4.5276384,2,590.9126284122467,ENSG00000143321
ENSG00000136295,594.0,5.814473,8.995501,2,593.4185526967049,ENSG00000136295
ENSG00000178950,596.0,4.9006615,23.783396,2,595.5099338591099,ENSG00000178950
ENSG00000134324,600.5,5.550906,6.611076,2,599.9449093937874,ENSG00000134324
ENSG00000100284,603.0,7.7551107,12.952455,2,602.2244889140129,ENSG00000100284
ENSG00000143153,603.0,5.94798,10.955453,2,602.4052020311356,ENSG00000143153
ENSG00000160551,603.0,5.4800363,6.779695,2,602.4519963860512,ENSG00000160551
ENSG00000213024,603.5,6.1974754,13.439328,2,602.8802524805069,ENSG00000213024
ENSG00000146859,605.5,4.9758415,12.178034,2,605.0024158358574,ENSG00000146859
ENSG00000086300,606.0,6.901322,45.817177,2,605.3098677992821,ENSG00000086300
ENSG00000129450,606.5,6.5339985,31.677845,2,605.8466001749039,ENSG00000129450
ENSG00000166224,607.5,6.286375,11.126081,2,606.8713625073433,ENSG00000166224
ENSG00000160712,612.5,9.280528,10.553569,2,611.5719472169876,ENSG00000160712
ENSG00000179134,614.0,4.6651287,9.05397,2,613.5334871411324,ENSG00000179134
ENSG00000158545,625.5,2.938899,1.6323442,2,625.2061100900173,ENSG00000158545
ENSG00000198563,627.5,4.5108614,21.987305,2,627.0489138662815,ENSG00000198563
ENSG00000134697,629.0,4.315881,44.208054,2,628.5684119164944,ENSG00000134697
ENSG00000132842,635.0,5.0526476,6.9592834,2,634.4947352409363,ENSG00000132842
ENSG00000105499,635.0,4.0292797,14.2164545,2,634.5970720350742,ENSG00000105499
ENSG00000158669,637.0,5.5167027,21.432375,2,636.4483297467232,ENSG00000158669
ENSG00000076944,638.5,8.608729,19.4559,2,637.6391270756721,ENSG00000076944
ENSG00000128050,645.5,10.110569,6.6993294,2,644.4889430999756,ENSG00000128050
ENSG00000008128,650.5,4.598405,16.926733,2,650.0401595234871,ENSG00000008128
ENSG00000110422,656.5,4.6454906,9.649422,2,656.0354509353638,ENSG00000110422
ENSG00000166275,657.0,4.7407055,13.250243,2,656.5259294509888,ENSG00000166275
ENSG00000121281,660.0,5.5273256,10.520018,2,659.4472674131393,ENSG00000121281
ENSG00000147459,660.0,3.9983916,9.759622,2,659.6001608371735,ENSG00000147459
ENSG00000151893,663.0,4.7006373,27.295078,2,662.5299362540245,ENSG00000151893
ENSG00000108587,667.5,6.090059,11.120249,2,666.8909941315651,ENSG00000108587
ENSG00000147421,667.5,4.897402,14.393409,2,667.0102598071098,ENSG00000147421
ENSG00000125538,675.0,15.512257,163.12976,2,673.4487743377686,IL1B
ENSG00000143164,674.5,6.7464294,10.116068,2,673.8253570795059,ENSG00000143164
ENSG00000119408,677.5,4.729981,38.839622,2,677.0270019173622,ENSG00000119408
ENSG00000110075,686.0,6.63789,17.686716,2,685.3362110257149,ENSG00000110075
ENSG00000005339,687.5,5.5851593,8.693227,2,686.9414840936661,ENSG00000005339
ENSG00000057657,688.0,4.587797,9.398562,2,687.5412202775478,ENSG00000057657
ENSG00000117151,688.0,4.174834,26.120216,2,687.5825166106224,ENSG00000117151
ENSG00000179335,689.0,4.922825,22.268679,2,688.5077175199986,ENSG00000179335
ENSG00000138413,692.5,4.7725344,55.191246,2,692.0227465629578,ENSG00000138413
ENSG00000102158,693.0,5.211697,10.929875,2,692.4788302779198,ENSG00000102158
ENSG00000079805,698.5,4.5769806,12.522844,2,698.0423019528389,ENSG00000079805
ENSG00000168769,700.5,10.762902,10.217509,2,699.4237097501755,ENSG00000168769
ENSG00000082212,713.0,5.0932817,17.44175,2,712.490671813488,ENSG00000082212
ENSG00000171552,713.5,4.5553226,4.432271,2,713.0444677472115,ENSG00000171552
ENSG00000179593,715.0,3.7767777,20.783548,2,714.6223222315311,ENSG00000179593
ENSG00000148634,716.5,4.102857,12.201526,2,716.0897142887115,ENSG00000148634
ENSG00000120889,718.0,6.0444326,16.785225,2,717.3955567479134,ENSG00000120889
ENSG00000122644,724.5,6.8295164,41.426178,2,723.8170483708382,ENSG00000122644
ENSG00000100376,730.5,4.7929363,22.597168,2,730.0207063555717,ENSG00000100376
ENSG00000012124,733.0,13.352545,11.156115,2,731.6647455692291,ENSG00000012124
ENSG00000126246,743.0,6.1867123,34.268208,2,742.3813287615776,ENSG00000126246
ENSG00000109099,743.5,6.945,50.783,2,742.8054999709129,ENSG00000109099
ENSG00000186063,746.5,4.3946714,10.946618,2,746.0605328679085,ENSG00000186063
ENSG00000167995,748.5,6.2910576,9.788981,2,747.8708942532539,ENSG00000167995
ENSG00000168092,748.5,5.692036,10.996521,2,747.9307963848114,ENSG00000168092
ENSG00000054523,749.5,5.1345162,11.46277,2,748.9865483641624,ENSG00000054523
ENSG00000100418,753.5,4.691699,8.082555,2,753.0308300852776,ENSG00000100418
ENSG00000125454,754.5,6.606168,39.18637,2,753.8393832445145,ENSG00000125454
ENSG00000126945,754.5,5.155928,18.913559,2,753.9844071865082,ENSG00000126945
ENSG00000167123,759.0,28.745686,9.538133,2,756.1254315376282,ENSG00000167123
ENSG00000141696,758.0,14.202745,6.458975,2,756.5797255039215,ENSG00000141696
ENSG00000111300,757.5,7.3470516,9.8709345,2,756.7652948498726,ENSG00000111300
ENSG00000147679,758.5,8.398765,5.0428185,2,757.66012352705,ENSG00000147679
ENSG00000182247,765.0,5.675564,38.453693,2,764.4324436187744,ENSG00000182247
ENSG00000167291,767.5,4.211072,6.2014647,2,767.0788927972317,ENSG00000167291
ENSG00000023697,768.0,4.9507284,10.111173,2,767.5049271583557,ENSG00000023697
ENSG00000100299,769.5,8.206588,15.125007,2,768.6793411970139,ENSG00000100299
ENSG00000185344,774.5,4.5270505,2.6489959,2,774.0472949445248,ENSG00000185344
ENSG00000102409,779.5,3.9588218,29.056446,2,779.1041178107262,ENSG00000102409
ENSG00000143622,780.0,7.8618684,19.988363,2,779.2138131856918,ENSG00000143622
ENSG00000101307,780.0,4.2908382,16.169836,2,779.5709161758423,ENSG00000101307
ENSG00000121797,780.5,7.9303026,36.063538,2,779.7069697380066,ENSG00000121797
ENSG00000108798,786.5,4.518916,25.67746,2,786.0481083989143,ENSG00000108798
ENSG00000086102,789.5,4.3775334,4.5435886,2,789.0622466504574,ENSG00000086102
ENSG00000128829,790.0,8.151568,8.560216,2,789.1848431825638,ENSG00000128829
ENSG00000075539,793.5,6.2552147,14.20835,2,792.8744785189629,ENSG00000075539
ENSG00000065615,795.0,8.679843,13.552311,2,794.1320157051086,ENSG00000065615
ENSG00000197930,796.5,4.623047,15.598144,2,796.0376953184605,ENSG00000197930
ENSG00000151532,798.0,4.5049596,11.129857,2,797.5495040416718,ENSG00000151532
ENSG00000260314,801.5,6.920012,24.717852,2,800.8079987764359,ENSG00000260314
ENSG00000184182,802.0,7.242218,18.30221,2,801.2757781744003,ENSG00000184182
ENSG00000122884,802.0,6.8505383,30.642515,2,801.3149461746216,ENSG00000122884
ENSG00000198561,811.5,3.8896418,17.218946,2,811.111035823822,ENSG00000198561
ENSG00000123728,812.5,5.5987644,12.428236,2,811.9401235580444,ENSG00000123728
ENSG00000134369,813.0,4.869118,2.401613,2,812.5130881667137,ENSG00000134369
ENSG00000179115,813.5,6.393792,13.724331,2,812.8606207966805,ENSG00000179115
ENSG00000183696,815.5,11.329103,25.543484,2,814.3670896291733,ENSG00000183696
ENSG00000187098,818.0,6.3697314,7.567792,2,817.3630268573761,ENSG00000187098
ENSG00000165102,819.0,4.882857,10.3279705,2,818.511714309454,ENSG00000165102
ENSG00000118785,827.0,19.77292,inf,2,825.022707939148,SPP1
ENSG00000017427,829.0,20.544693,22.179121,2,826.9455306529999,IGF1
ENSG00000043093,828.5,4.3173857,6.729779,2,828.0682614445686,ENSG00000043093
ENSG00000093000,830.0,6.875011,27.612255,2,829.3124989271164,ENSG00000093000
ENSG00000090924,834.5,6.027784,15.060152,2,833.8972216248512,ENSG00000090924
ENSG00000114315,835.0,6.750006,10.5440235,2,834.3249993920326,ENSG00000114315
ENSG00000213983,836.0,4.0408096,14.034578,2,835.5959190428257,ENSG00000213983
ENSG00000241839,842.0,5.598078,15.844935,2,841.4401922225952,ENSG00000241839
ENSG00000151092,843.0,7.3238363,15.066864,2,842.267616391182,ENSG00000151092
ENSG00000119689,845.0,4.033312,7.257424,2,844.5966688096523,ENSG00000119689
ENSG00000247982,851.0,18.082449,8.856656,2,849.1917550563812,LINC00926
ENSG00000114738,851.0,4.9862294,19.686422,2,850.5013770461082,ENSG00000114738
ENSG00000152049,852.0,11.170284,4.6383004,2,850.8829715251923,ENSG00000152049
ENSG00000118689,858.0,5.5892878,8.199005,2,857.4410712122917,ENSG00000118689
ENSG00000166747,860.5,4.2922583,13.674586,2,860.0707741677761,ENSG00000166747
ENSG00000101310,861.5,3.9275122,20.411577,2,861.1072487831116,ENSG00000101310
ENSG00000087266,864.0,7.2771854,8.977407,2,863.2722814679146,ENSG00000087266
ENSG00000111729,865.0,9.708572,21.992771,2,864.0291427373886,ENSG00000111729
ENSG00000134460,869.0,4.2835164,23.391138,2,868.5716483592987,ENSG00000134460
ENSG00000153094,871.5,4.512686,22.181187,2,871.0487314164639,ENSG00000153094
ENSG00000129219,879.5,3.7410493,13.8016615,2,879.1258950829506,ENSG00000129219
ENSG00000057019,886.5,3.8800614,7.285497,2,886.1119938492775,ENSG00000057019
ENSG00000099337,891.0,4.5935116,7.9638414,2,890.5406488478184,ENSG00000099337
ENSG00000119729,896.0,5.5240946,12.415003,2,895.4475905299187,ENSG00000119729
ENSG00000110442,898.0,3.9314995,44.526787,2,897.6068500578403,ENSG00000110442
ENSG00000183486,900.5,4.6028404,7.5683656,2,900.0397159457207,ENSG00000183486
ENSG00000143390,908.5,5.671812,14.971702,2,907.9328187704086,ENSG00000143390
ENSG00000163961,912.5,4.2412767,3.2500255,2,912.0758723318576,ENSG00000163961
ENSG00000125734,915.0,4.5496426,42.23033,2,914.5450357496738,ENSG00000125734
ENSG00000067208,917.5,3.9597266,9.605691,2,917.1040273308754,ENSG00000067208
ENSG00000140030,921.5,4.643708,13.184889,2,921.035629183054,ENSG00000140030
ENSG00000091436,928.0,15.432583,4.7669725,2,926.4567416906356,ENSG00000091436
ENSG00000151491,927.0,4.400752,11.197096,2,926.5599247813224,ENSG00000151491
ENSG00000092068,929.5,4.8000646,10.713259,2,929.0199935436248,ENSG00000092068
ENSG00000134970,930.5,4.134147,16.353966,2,930.0865852832794,ENSG00000134970
ENSG00000129116,938.0,34.71527,15.681433,2,934.5284729003906,ENSG00000129116
ENSG00000102032,935.5,4.660518,17.354538,2,935.0339481830596,ENSG00000102032
ENSG00000162711,939.5,7.9344864,15.513163,2,938.7065513730048,ENSG00000162711
ENSG00000161542,943.5,6.4601436,8.273157,2,942.8539856672288,ENSG00000161542
ENSG00000118263,945.5,4.0094414,8.446886,2,945.0990558564664,ENSG00000118263
ENSG00000124788,949.0,3.2337966,10.552149,2,948.6766203343868,ENSG00000124788
ENSG00000108960,951.0,6.8393936,10.147311,2,950.3160606622696,ENSG00000108960
ENSG00000261064,956.0,13.377996,10.707121,2,954.662200331688,ENSG00000261064
ENSG00000204161,957.5,9.520414,27.660501,2,956.5479585528374,ENSG00000204161
ENSG00000166579,958.0,6.780798,15.261201,2,957.3219202160836,ENSG00000166579
ENSG00000172602,960.5,5.0327845,5.8279943,2,959.9967215657234,ENSG00000172602
ENSG00000165006,966.0,5.988138,13.312172,2,965.4011861681938,ENSG00000165006
ENSG00000110395,966.0,5.581191,5.0552797,2,965.4418808817863,ENSG00000110395
ENSG00000183207,970.5,6.7949967,10.524838,2,969.8205003142356,ENSG00000183207
ENSG00000124813,973.5,14.209389,9.352072,2,972.0790611505508,ENSG00000124813
ENSG00000108175,977.5,7.6732025,7.790887,2,976.7326797246932,ENSG00000108175
ENSG00000198860,987.5,7.757721,11.676804,2,986.7242279052734,ENSG00000198860
ENSG00000158062,989.0,4.303012,17.626717,2,988.5696988105774,ENSG00000158062
ENSG00000084072,989.5,5.6291437,7.822924,2,988.9370856285096,ENSG00000084072
ENSG00000107819,995.5,3.858403,10.091959,2,995.1141597032548,ENSG00000107819
ENSG00000121766,1002.5,6.199894,14.555923,2,1001.8800106048584,ENSG00000121766
ENSG00000151422,1011.0,4.1099896,7.8975563,2,1010.5890010297298,ENSG00000151422
ENSG00000099875,1012.5,4.0669737,7.4473133,2,1012.0933026373386,ENSG00000099875
ENSG00000109016,1020.5,3.9223795,6.0148087,2,1020.1077620387076,ENSG00000109016
ENSG00000115825,1022.5,5.3339458,8.908186,2,1021.966605424881,ENSG00000115825
ENSG00000124588,1030.5,7.3529186,18.837257,2,1029.764708161354,ENSG00000124588
ENSG00000108950,1031.5,14.005175,7.9484177,2,1030.099482536316,ENSG00000108950
ENSG00000178691,1035.0,4.1218877,2.6041498,2,1034.5878112316132,ENSG00000178691
ENSG00000011275,1038.0,5.778582,6.2418494,2,1037.42214179039,ENSG00000011275
ENSG00000117000,1040.5,4.1323023,7.384589,2,1040.086769759655,ENSG00000117000
ENSG00000177663,1044.0,4.421272,8.827052,2,1043.5578728318214,ENSG00000177663
ENSG00000116663,1049.5,4.0549326,12.487444,2,1049.09450674057,ENSG00000116663
ENSG00000168256,1052.0,4.5670185,14.1082325,2,1051.5432981550694,ENSG00000168256
ENSG00000103381,1055.5,5.6284156,9.768333,2,1054.9371584653854,ENSG00000103381
ENSG00000166619,1056.0,4.0219226,13.66381,2,1055.5978077352047,ENSG00000166619
ENSG00000028116,1058.5,5.496192,13.946429,2,1057.9503808021543,ENSG00000028116
ENSG00000244115,1059.5,3.4952292,13.450056,2,1059.1504770815372,ENSG00000244115
ENSG00000135148,1065.0,7.1517825,14.8542,2,1064.2848217487335,ENSG00000135148
ENSG00000076555,1068.0,7.724159,5.650014,2,1067.2275841236117,ENSG00000076555
ENSG00000065243,1068.0,3.9890761,6.0446696,2,1067.6010923981669,ENSG00000065243
ENSG00000111670,1069.0,4.6339245,4.292856,2,1068.5366075634956,ENSG00000111670
ENSG00000134759,1071.5,7.1322384,19.851582,2,1070.7867761850357,ENSG00000134759
ENSG00000112715,1078.5,9.220166,7.764969,2,1077.577983379364,ENSG00000112715
ENSG00000144136,1078.5,3.1419163,11.602635,2,1078.1858083605766,ENSG00000144136
ENSG00000089159,1081.5,12.4502735,3.973636,2,1080.2549726963043,ENSG00000089159
ENSG00000135698,1081.0,5.1413674,17.058681,2,1080.4858632683754,ENSG00000135698
ENSG00000145293,1085.0,6.341023,21.515564,2,1084.3658977150917,ENSG00000145293
ENSG00000101194,1085.5,5.597275,8.230549,2,1084.9402725100515,ENSG00000101194
ENSG00000175197,1088.5,4.0604486,38.229572,2,1088.093955129385,ENSG00000175197
ENSG00000126775,1097.0,3.2020264,5.6619043,2,1096.6797973513603,ENSG00000126775
ENSG00000145349,1097.5,3.6207676,11.949582,2,1097.1379232406616,ENSG00000145349
ENSG00000185477,1098.5,10.32799,4.680053,2,1097.4672009944916,ENSG00000185477
ENSG00000152133,1100.0,4.3374043,3.713521,2,1099.5662595629692,ENSG00000152133
ENSG00000109133,1100.5,3.382735,9.047457,2,1100.1617265045645,ENSG00000109133
ENSG00000170634,1102.5,3.2788084,8.241397,2,1102.172119170427,ENSG00000170634
ENSG00000099968,1112.5,3.7067523,14.020245,2,1112.1293247640133,ENSG00000099968
ENSG00000175104,1116.5,3.2453232,14.881541,2,1116.1754676699638,ENSG00000175104
ENSG00000116266,1117.0,3.6666694,19.51826,2,1116.6333330571651,ENSG00000116266
ENSG00000196576,1118.5,3.5324912,17.056248,2,1118.1467508673668,ENSG00000196576
ENSG00000139318,1120.0,4.780783,34.554726,2,1119.5219216942787,ENSG00000139318
ENSG00000169490,1129.5,3.5982046,26.766932,2,1129.1401795446873,ENSG00000169490
ENSG00000166523,1132.0,6.391632,36.520523,2,1131.3608368039131,ENSG00000166523
ENSG00000164169,1134.0,3.7145455,14.925326,2,1133.6285454630852,ENSG00000164169
ENSG00000089916,1137.5,3.6580653,12.259104,2,1137.1341934800148,ENSG00000089916
ENSG00000162745,1147.5,25.232264,14.719853,2,1144.976773738861,ENSG00000162745
ENSG00000079999,1146.0,4.5973296,20.258518,2,1145.5402670502665,ENSG00000079999
ENSG00000127948,1146.5,3.5027142,25.819069,2,1146.1497285962105,ENSG00000127948
ENSG00000158411,1149.0,5.335626,16.727407,2,1148.4664373993874,ENSG00000158411
ENSG00000104671,1152.0,3.2322693,15.798377,2,1151.676773071289,ENSG00000104671
ENSG00000140632,1154.5,3.7397313,5.8128786,2,1154.1260268688202,ENSG00000140632
ENSG00000072858,1155.5,6.559478,12.250683,2,1154.844052195549,ENSG00000072858
ENSG00000124299,1157.5,3.9843187,28.101406,2,1157.101568132639,ENSG00000124299
ENSG00000132792,1165.0,4.6937695,14.608758,2,1164.530623048544,ENSG00000132792
ENSG00000131979,1166.0,5.390978,11.314717,2,1165.4609022140503,ENSG00000131979
ENSG00000105808,1169.0,10.740084,17.257883,2,1167.925991654396,ENSG00000105808
ENSG00000119397,1169.0,4.395144,7.2128444,2,1168.5604856014252,ENSG00000119397
ENSG00000104447,1176.5,4.276284,6.3949113,2,1176.072371572256,ENSG00000104447
ENSG00000116977,1181.0,5.8119,15.783478,2,1180.4188100099564,ENSG00000116977
ENSG00000106266,1182.0,5.9769654,13.864466,2,1181.40230345726,ENSG00000106266
ENSG00000077238,1185.0,4.695462,9.4461355,2,1184.5304537713528,ENSG00000077238
ENSG00000005302,1185.0,3.3958325,15.949574,2,1184.6604167521,ENSG00000005302
ENSG00000121390,1193.5,3.3731604,13.542812,2,1193.1626839637756,ENSG00000121390
ENSG00000172578,1195.0,8.009504,9.129684,2,1194.199049592018,ENSG00000172578
ENSG00000137959,1197.0,3.988065,21.949331,2,1196.6011934876442,ENSG00000137959
ENSG00000173442,1200.0,4.6263785,10.885357,2,1199.5373621582985,ENSG00000173442
ENSG00000170502,1200.0,3.693934,11.257826,2,1199.6306065917015,ENSG00000170502
ENSG00000116337,1200.5,4.707243,25.485182,2,1200.029275715351,ENSG00000116337
ENSG00000090376,1206.5,6.1396384,10.210976,2,1205.886036157608,ENSG00000090376
ENSG00000124731,1209.5,10.157409,25.173439,2,1208.4842591285706,ENSG00000124731
ENSG00000171729,1213.5,3.403946,13.748253,2,1213.1596054136753,ENSG00000171729
ENSG00000134910,1219.5,3.2230368,14.45912,2,1219.1776963174343,ENSG00000134910
ENSG00000165996,1223.0,4.373919,3.1903796,2,1222.5626080930233,ENSG00000165996
ENSG00000141655,1223.5,4.7977486,9.640417,2,1223.0202251374722,ENSG00000141655
ENSG00000142552,1230.5,31.046246,13.297087,2,1227.3953754901886,ENSG00000142552
ENSG00000141971,1236.5,3.1283133,9.619628,2,1236.1871686577797,ENSG00000141971
ENSG00000138814,1238.5,3.3279243,5.8747087,2,1238.167207568884,ENSG00000138814
ENSG00000023330,1240.5,5.2205753,18.601553,2,1239.9779424667358,ENSG00000023330
ENSG00000100364,1241.5,14.174127,4.0897746,2,1240.0825873613358,ENSG00000100364
ENSG00000165650,1243.5,3.181718,4.2068167,2,1243.181828200817,ENSG00000165650
ENSG00000174123,1244.5,9.871791,11.543852,2,1243.5128208994863,ENSG00000174123
ENSG00000073756,1254.0,9.145268,15.088705,2,1253.0854731798172,ENSG00000073756
ENSG00000068650,1256.5,3.8096204,4.977498,2,1256.1190379559994,ENSG00000068650
ENSG00000107643,1265.5,4.1031876,3.3898337,2,1265.089681237936,ENSG00000107643
ENSG00000158201,1267.0,3.3577342,18.490124,2,1266.664226591587,ENSG00000158201
ENSG00000115641,1268.5,18.232431,1.6774962,2,1266.6767568588257,ENSG00000115641
ENSG00000272886,1268.0,3.8463788,19.761124,2,1267.6153621077538,ENSG00000272886
ENSG00000113916,1273.0,4.7126646,6.0890107,2,1272.5287335515022,ENSG00000113916
ENSG00000134049,1275.0,3.4649026,5.7169065,2,1274.653509736061,ENSG00000134049
ENSG00000126883,1280.5,3.3524735,17.430714,2,1280.164752662182,ENSG00000126883
ENSG00000134470,1285.0,3.0014102,17.066256,2,1284.6998589634895,ENSG00000134470
ENSG00000183735,1286.5,5.011314,8.967178,2,1285.9988685846329,ENSG00000183735
ENSG00000115902,1287.0,3.759583,2.217758,2,1286.6240417063236,ENSG00000115902
ENSG00000167208,1288.0,4.266588,12.904904,2,1287.573341190815,ENSG00000167208
ENSG00000146416,1296.0,3.0564008,12.521134,2,1295.6943599283695,ENSG00000146416
ENSG00000175866,1302.0,4.237767,22.985632,2,1301.576223284006,ENSG00000175866
ENSG00000110721,1303.0,3.0370595,20.789818,2,1302.6962940394878,ENSG00000110721
ENSG00000142002,1306.0,3.3789654,7.6087017,2,1305.6621034741402,ENSG00000142002
ENSG00000035681,1316.0,4.5302544,17.579159,2,1315.546974569559,ENSG00000035681
ENSG00000213977,1319.0,5.926736,9.543368,2,1318.40732640028,ENSG00000213977
ENSG00000104885,1321.0,4.946163,9.064809,2,1320.50538367033,ENSG00000104885
ENSG00000134243,1321.0,3.4265542,5.1100683,2,1320.6573445796969,ENSG00000134243
ENSG00000122674,1322.0,3.4283605,6.2020392,2,1321.657163947821,ENSG00000122674
ENSG00000108510,1338.0,7.3388877,4.918009,2,1337.266111254692,ENSG00000108510
ENSG00000119778,1339.0,4.5693483,7.0003304,2,1338.543065160513,ENSG00000119778
ENSG00000151694,1340.0,4.6723404,9.557006,2,1339.532765954733,ENSG00000151694
ENSG00000133858,1344.0,6.743249,8.917914,2,1343.3256751298904,ENSG00000133858
ENSG00000134152,1349.5,3.255361,20.301825,2,1349.1744638979435,ENSG00000134152
ENSG00000076924,1350.0,8.034215,5.50877,2,1349.196578502655,ENSG00000076924
ENSG00000100297,1351.5,4.8963623,15.178471,2,1351.0103637576103,ENSG00000100297
ENSG00000132170,1353.5,9.291684,8.550849,2,1352.5708315968511,ENSG00000132170
ENSG00000168792,1354.0,4.680011,8.595223,2,1353.5319989323616,ENSG00000168792
ENSG00000170836,1358.5,3.88798,10.640937,2,1358.1112020015717,ENSG00000170836
ENSG00000130449,1361.0,4.886215,5.2398562,2,1360.511378467083,ENSG00000130449
ENSG00000173545,1366.5,3.5993404,13.945978,2,1366.1400659680369,ENSG00000173545
ENSG00000165312,1372.0,6.5716653,8.354853,2,1371.3428334593773,ENSG00000165312
ENSG00000166822,1372.5,3.677255,13.05493,2,1372.1322745084765,ENSG00000166822
ENSG00000112773,1376.5,14.375208,7.9624586,2,1375.0624792575836,ENSG00000112773
ENSG00000007237,1376.0,3.7950253,1.7686739,2,1375.6204974651337,ENSG00000007237
ENSG00000140332,1376.5,2.9754558,5.5381956,2,1376.202454417944,ENSG00000140332
ENSG00000103274,1378.0,3.5491576,23.404202,2,1377.645084232092,ENSG00000103274
ENSG00000165795,1401.0,3.9542067,5.398951,2,1400.604579329491,ENSG00000165795
ENSG00000163659,1402.5,4.0924554,9.802982,2,1402.0907544493675,ENSG00000163659
ENSG00000102390,1414.0,4.44696,18.108707,2,1413.555303990841,ENSG00000102390
ENSG00000123066,1415.0,3.8992844,4.8284187,2,1414.6100715696812,ENSG00000123066
ENSG00000116406,1421.5,3.684518,6.0014987,2,1421.1315481960771,ENSG00000116406
ENSG00000029725,1422.0,5.351679,12.221929,2,1421.4648321270945,ENSG00000029725
ENSG00000171174,1427.5,4.3481817,10.276525,2,1427.0651818215847,ENSG00000171174
ENSG00000131473,1430.0,5.7141733,7.4512024,2,1429.4285826683044,ENSG00000131473
ENSG00000148841,1441.0,4.2943125,10.04463,2,1440.570568740368,ENSG00000148841
ENSG00000184743,1447.5,3.1249123,4.7002964,2,1447.1875087618828,ENSG00000184743
ENSG00000103507,1451.0,4.490122,19.623272,2,1450.5509878098965,ENSG00000103507
ENSG00000168917,1451.0,3.331205,4.485924,2,1450.666879504919,ENSG00000168917
ENSG00000166068,1496.5,2.81661,3.4147248,2,1496.218338996172,ENSG00000166068
ENSG00000112237,1497.0,3.3969164,15.1290245,2,1496.6603083610537,ENSG00000112237
ENSG00000104324,1508.5,2.9668803,14.525002,2,1508.203311979771,ENSG00000104324
ENSG00000239697,1509.5,3.1250007,8.594739,2,1509.1874999403954,ENSG00000239697
ENSG00000062582,1515.0,4.27627,7.6963286,2,1514.5723730027676,ENSG00000062582
ENSG00000154122,1516.5,9.431514,2.2946634,2,1515.5568486452105,ENSG00000154122
ENSG00000056586,1545.0,2.8029819,7.9254847,2,1544.7197018265724,ENSG00000056586
ENSG00000184216,1552.0,3.732793,18.160374,2,1551.6267206966877,ENSG00000184216
ENSG00000134900,1560.5,2.9632235,7.9580555,2,1560.2036776542664,ENSG00000134900
ENSG00000177189,1563.5,3.6152568,7.7997627,2,1563.138474315405,ENSG00000177189
ENSG00000148719,1604.5,2.950523,9.986301,2,1604.2049477100372,ENSG00000148719
ENSG00000181852,1620.0,2.7506127,5.3939657,2,1619.7249387204647,ENSG00000181852
ENSG00000149084,1631.0,3.275973,9.561369,2,1630.6724026799202,ENSG00000149084
ENSG00000165476,1642.5,3.237424,5.4069214,2,1642.176257610321,ENSG00000165476
ENSG00000114030,1646.0,3.2854304,5.0837317,2,1645.671456962824,ENSG00000114030
ENSG00000068400,1655.0,2.942532,7.7716885,2,1654.7057467997074,ENSG00000068400
ENSG00000164692,1.0,104.97748,188.8729,1,-9.497747421264648,COL1A2
ENSG00000108821,2.0,102.90324,307.7031,1,-8.290323257446289,COL1A1
ENSG00000198851,1.0,80.88738,8.213538,1,-7.088738441467285,CD3E
ENSG00000113140,3.0,99.55983,95.59693,1,-6.9559831619262695,SPARC
ENSG00000142173,4.0,95.91016,38.519665,1,-5.591015815734863,COL6A2
ENSG00000116824,2.0,64.81295,15.502583,1,-4.481295108795166,CD2
ENSG00000011465,5.0,94.204865,76.407486,1,-4.4204864501953125,DCN
ENSG00000156738,2.0,62.760937,87.36263,1,-4.276093482971191,MS4A1
ENSG00000167286,3.0,64.6052,17.039946,1,-3.4605202674865723,CD3D
ENSG00000142156,6.0,92.37588,32.771378,1,-3.2375879287719727,COL6A1
ENSG00000182492,7.0,91.710304,25.69623,1,-2.171030044555664,BGN
ENSG00000173762,4.0,61.276592,6.522219,1,-2.127659320831299,CD7
ENSG00000153064,3.0,46.531956,38.95283,1,-1.6531953811645508,BANK1
ENSG00000122786,8.0,91.535645,21.428541,1,-1.153564453125,CALD1
ENSG00000107742,5.0,56.169186,6.4266834,1,-0.6169185638427734,SPOCK2
ENSG00000157404,1.0,11.214259,6.86056,1,-0.1214258670806884,ENSG00000157404
ENSG00000139329,9.0,89.09521,58.55419,1,0.0904788970947265,LUM
ENSG00000210082,6.0,55.896126,16.369242,1,0.4103875160217285,MT-RNR2
ENSG00000211751,6.0,54.516174,19.38393,1,0.5483827590942383,TRBC1
ENSG00000182240,2.0,10.820939,8.651745,1,0.9179060459136964,ENSG00000182240
ENSG00000182866,7.0,54.05429,11.919992,1,1.5945711135864258,LCK
ENSG00000007312,6.0,41.44441,30.178055,1,1.8555593490600584,ENSG00000007312
ENSG00000115828,3.0,10.398135,5.1901703,1,1.96018648147583,ENSG00000115828
ENSG00000120875,8.0,53.738808,7.784543,1,2.6261191368103027,ENSG00000120875
ENSG00000177455,7.0,40.066483,36.202522,1,2.993351936340332,CD19
ENSG00000213658,9.0,53.1459,8.279391,1,3.685410022735596,ENSG00000213658
ENSG00000102962,6.0,16.208643,107.069,1,4.379135727882385,ENSG00000102962
ENSG00000106333,13.0,84.758835,12.619781,1,4.524116516113281,PCOLCE
ENSG00000160654,10.0,51.667587,9.435369,1,4.83324146270752,ENSG00000160654
ENSG00000107165,6.0,9.942574,30.490667,1,5.00574266910553,TYRP1
ENSG00000168685,11.0,49.26767,12.298674,1,6.073233127593994,IL7R
ENSG00000163359,15.0,84.178375,30.662775,1,6.582162857055664,COL6A3
ENSG00000136840,9.0,22.570538,3.6213813,1,6.742946147918701,ENSG00000136840
ENSG00000120215,8.0,9.672862,4.1842723,1,7.032713770866394,MLANA
ENSG00000077984,12.0,49.158318,14.9143505,1,7.084168434143066,CST7
ENSG00000198467,16.0,83.8888,13.133014,1,7.611120223999023,TPM2
ENSG00000110080,9.0,9.617024,5.6530404,1,8.038297533988953,ENSG00000110080
ENSG00000211459,13.0,48.43449,9.910915,1,8.156550884246826,MT-RNR1
ENSG00000027869,13.0,47.46306,6.233585,1,8.2536940574646,ENSG00000027869
ENSG00000182326,17.0,83.37476,16.248549,1,8.66252326965332,C1S
ENSG00000109846,10.0,9.526355,56.88665,1,9.04736453294754,CRYAB
ENSG00000107485,14.0,46.585068,7.9407053,1,9.341493129730225,ENSG00000107485
ENSG00000106538,18.0,83.16412,18.282381,1,9.683588027954102,RARRES2
ENSG00000092529,11.0,9.322377,9.65623,1,10.06776225566864,ENSG00000092529
ENSG00000130203,15.0,46.58778,65.98585,1,10.341221809387209,APOE
ENSG00000010810,15.0,46.291046,10.191931,1,10.370895385742188,ENSG00000010810
ENSG00000089094,12.0,15.0072,8.342216,1,10.499279975891112,ENSG00000089094
ENSG00000204262,19.0,82.20452,20.224976,1,10.779547691345217,COL5A2
ENSG00000111371,16.0,46.067986,4.1906867,1,11.393201351165771,ENSG00000111371
ENSG00000091986,20.0,82.1927,24.752851,1,11.780729293823242,CCDC80
ENSG00000145335,13.0,9.167699,1.7603424,1,12.083230137825012,ENSG00000145335
ENSG00000013725,17.0,44.722153,5.0273767,1,12.527784824371338,ENSG00000013725
ENSG00000141753,21.0,81.24494,23.728075,1,12.875505447387695,IGFBP4
ENSG00000153283,18.0,44.651573,8.709572,1,13.534842491149902,ENSG00000153283
ENSG00000115414,22.0,81.2155,51.2498,1,13.878450393676758,FN1
ENSG00000100385,19.0,43.307846,8.900707,1,14.669215202331545,ENSG00000100385
ENSG00000145423,23.0,81.07009,58.532295,1,14.892991065979004,SFRP2
ENSG00000168824,16.0,8.9026575,7.063193,1,15.10973423719406,ENSG00000168824
ENSG00000145247,20.0,43.12773,4.4253526,1,15.68722677230835,ENSG00000145247
ENSG00000178607,18.0,18.488304,2.9175491,1,16.151169538497925,ENSG00000178607
ENSG00000198821,21.0,43.115837,6.8245425,1,16.688416481018066,ENSG00000198821
ENSG00000143387,25.0,79.10394,8.761925,1,17.089605808258057,CTSK
ENSG00000137285,18.0,8.706735,7.943001,1,17.12932652235031,ENSG00000137285
ENSG00000069493,22.0,41.577663,7.184205,1,17.842233657836914,ENSG00000069493
ENSG00000162576,26.0,77.90476,11.272107,1,18.209523677825928,MXRA8
ENSG00000113263,23.0,39.12888,7.2108884,1,19.08711194992065,ENSG00000113263
ENSG00000123892,20.0,8.640515,3.8273954,1,19.135948479175568,ENSG00000123892
ENSG00000163430,27.0,77.136345,10.412378,1,19.286365509033203,FSTL1
ENSG00000197540,24.0,39.019722,7.0291915,1,20.09802770614624,ENSG00000197540
ENSG00000137198,21.0,8.555314,3.650687,1,20.14446860551834,ENSG00000137198
ENSG00000105851,22.0,17.954416,3.2125313,1,20.20455837249756,ENSG00000105851
ENSG00000181847,25.0,38.936325,11.031227,1,21.106367588043213,TIGIT
ENSG00000113721,29.0,76.02206,9.424458,1,21.397794246673584,ENSG00000113721
ENSG00000054654,26.0,38.690346,6.3828726,1,22.1309654712677,ENSG00000054654
ENSG00000145555,23.0,8.442521,1.0583136,1,22.15574789047241,ENSG00000145555
ENSG00000087245,30.0,75.28146,19.815817,1,22.471853733062744,MMP2
ENSG00000127824,27.0,38.104237,8.217011,1,23.1895763874054,ENSG00000127824
ENSG00000100453,25.0,17.498896,24.87954,1,23.250110387802124,GZMB
ENSG00000240505,26.0,26.3135,10.776336,1,23.36864995956421,TNFRSF13B
ENSG00000116132,31.0,73.46857,9.469263,1,23.653143405914307,ENSG00000116132
ENSG00000135903,25.0,8.3006935,3.927318,1,24.169930636882786,ENSG00000135903
ENSG00000110448,28.0,37.96237,4.6752114,1,24.203762769699097,ENSG00000110448
ENSG00000119950,26.0,8.276824,4.1132402,1,25.172317624092106,ENSG00000119950
ENSG00000027075,29.0,37.581657,7.6627755,1,25.24183416366577,ENSG00000027075
ENSG00000122224,28.0,26.188778,10.79138,1,25.38112211227417,LY9
ENSG00000163389,27.0,13.551659,8.647429,1,25.64483416080475,ENSG00000163389
ENSG00000137203,27.0,8.206432,6.1725373,1,26.17935675382614,ENSG00000137203
ENSG00000277734,30.0,37.15513,17.489075,1,26.28448724746704,TRAC
ENSG00000188404,29.0,25.854807,41.49947,1,26.41451930999756,SELL
ENSG00000164292,28.0,8.03687,1.7042373,1,27.1963130235672,ENSG00000164292
ENSG00000141293,31.0,36.211067,5.13401,1,27.37889337539673,ENSG00000141293
ENSG00000135900,29.0,7.9981,2.9838915,1,28.20019000768661,ENSG00000135900
ENSG00000130635,36.0,72.359085,17.85342,1,28.76409149169922,COL5A1
ENSG00000153563,33.0,35.66891,21.100677,1,29.433108806610107,CD8A
ENSG00000183674,31.0,7.982671,7.6335235,1,30.20173293352127,ENSG00000183674
ENSG00000152495,34.0,34.470726,4.561356,1,30.552927494049072,ENSG00000152495
ENSG00000077942,38.0,70.66982,12.155083,1,30.93301773071289,FBLN1
ENSG00000254709,33.0,16.13461,10.717649,1,31.386539101600647,IGLL5
ENSG00000186469,35.0,34.40637,5.8876657,1,31.55936312675476,ENSG00000186469
ENSG00000075223,33.0,7.687382,4.7596536,1,32.23126178979874,ENSG00000075223
ENSG00000172543,36.0,34.349045,9.670092,1,32.5650954246521,CTSW
ENSG00000168234,37.0,34.041996,3.692637,1,33.59580039978027,ENSG00000168234
ENSG00000136111,35.0,12.575793,7.9193916,1,33.74242067337036,ENSG00000136111
ENSG00000171631,36.0,15.875522,8.7190485,1,34.412447810173035,ENSG00000171631
ENSG00000170421,38.0,33.547623,7.549728,1,34.64523768424988,KRT8
ENSG00000111799,42.0,68.4872,16.348246,1,35.15128040313721,COL12A1
ENSG00000097021,36.0,7.617168,4.139647,1,35.23828321695328,ENSG00000097021
ENSG00000163346,39.0,33.477394,4.848381,1,35.652260541915894,ENSG00000163346
ENSG00000128218,38.0,22.888405,15.30891,1,35.711159467697144,VPREB3
ENSG00000172638,43.0,68.40659,6.5307083,1,36.15934085845947,ENSG00000172638
ENSG00000211598,38.0,15.798618,900.4821,1,36.420138120651245,IGKV4-1
ENSG00000183918,40.0,33.068966,7.625006,1,36.693103313446045,ENSG00000183918
ENSG00000159958,39.0,22.724438,6.878006,1,36.727556228637695,TNFRSF13C
ENSG00000137267,38.0,7.606271,1.3069565,1,37.23937290906906,ENSG00000137267
ENSG00000145649,41.0,33.042854,13.901507,1,37.695714473724365,GZMA
ENSG00000083544,39.0,7.584,5.5426617,1,38.24159997701645,ENSG00000083544
ENSG00000168421,42.0,32.862137,4.547872,1,38.713786363601685,ENSG00000168421
ENSG00000136689,41.0,22.398504,21.877785,1,38.76014947891235,IL1RN
ENSG00000102970,40.0,12.284345,44.669857,1,38.77156555652618,CCL17
ENSG00000166377,40.0,7.9019547,53.347267,1,39.20980453491211,ENSG00000166377
ENSG00000123374,40.0,7.4887595,0.83690464,1,39.25112402439117,ENSG00000123374
ENSG00000186340,46.0,66.69059,12.582614,1,39.33094120025635,THBS2
ENSG00000171345,43.0,32.703156,11.495189,1,39.72968435287476,KRT19
ENSG00000156968,41.0,7.896222,18.625443,1,40.21037781238556,ENSG00000156968
ENSG00000149257,47.0,66.31156,5.7511296,1,40.3688440322876,ENSG00000149257
ENSG00000110848,44.0,32.680885,8.998839,1,40.731911420822144,CD69
ENSG00000079263,43.0,21.743332,8.869003,1,40.82566690444946,ENSG00000079263
ENSG00000069869,42.0,7.8863754,94.819145,1,41.21136248111725,ENSG00000069869
ENSG00000152270,45.0,32.591934,3.5801122,1,41.74080657958984,ENSG00000152270
ENSG00000175061,45.0,32.08707,4.8625555,1,41.791292905807495,SNHG29
ENSG00000133131,43.0,7.885341,76.62154,1,42.211465895175934,ENSG00000133131
ENSG00000105374,46.0,32.425632,27.622921,1,42.757436752319336,NKG7
ENSG00000123689,45.0,22.214529,29.863813,1,42.778547048568726,G0S2
ENSG00000164136,44.0,11.993453,9.65396,1,42.8006546497345,ENSG00000164136
ENSG00000248360,44.0,7.8834724,67.09696,1,43.211652755737305,ENSG00000248360
ENSG00000163520,50.0,65.19112,10.362678,1,43.48088836669922,FBLN2
ENSG00000163519,47.0,32.40162,7.10095,1,43.75983810424805,TRAT1
ENSG00000062038,45.0,7.3141365,1.3533018,1,44.268586337566376,ENSG00000062038
ENSG00000211673,46.0,14.963705,263.82092,1,44.50362944602966,IGLV3-1
ENSG00000111057,48.0,32.13709,9.509497,1,44.78629112243652,KRT18
ENSG00000249614,46.0,7.867206,62.01186,1,45.213279366493225,ENSG00000249614
ENSG00000164932,52.0,64.57028,21.65087,1,45.54297161102295,CTHRC1
ENSG00000164674,49.0,31.555876,6.2084265,1,45.84441232681274,ENSG00000164674
ENSG00000232164,47.0,7.866305,33.786877,1,46.213369488716125,ENSG00000232164
ENSG00000136738,47.0,7.2160363,2.5692427,1,46.27839636802673,ENSG00000136738
ENSG00000101825,53.0,64.377716,13.77162,1,46.562228202819824,MXRA5
ENSG00000156127,50.0,31.438356,6.140633,1,46.85616445541382,ENSG00000156127
ENSG00000159166,48.0,11.340491,9.333837,1,46.8659508228302,ENSG00000159166
ENSG00000124882,49.0,21.239187,20.36273,1,46.87608122825623,EREG
ENSG00000235823,48.0,7.8609786,44.634983,1,47.21390211582184,ENSG00000235823
ENSG00000012983,48.0,7.1969976,2.7390924,1,47.28030025959015,ENSG00000012983
ENSG00000147535,49.0,14.614118,2.4404361,1,47.53858828544617,ENSG00000147535
ENSG00000166482,54.0,63.778057,10.808404,1,47.62219429016113,MFAP4
ENSG00000103257,51.0,31.40581,5.4178205,1,47.859419107437134,ENSG00000103257
ENSG00000163864,49.0,7.857758,33.179733,1,48.214224219322205,ENSG00000163864
ENSG00000186810,52.0,30.325226,6.7361283,1,48.96747732162476,CXCR3
ENSG00000109572,50.0,6.9896097,1.9694663,1,49.301039040088654,ENSG00000109572
ENSG00000141232,53.0,30.140898,8.769559,1,49.98591017723084,ENSG00000141232
ENSG00000133138,51.0,7.838086,17.513792,1,50.21619141101837,ENSG00000133138
ENSG00000101160,54.0,30.359587,6.267876,1,50.96404123306274,ENSG00000101160
ENSG00000101082,54.0,30.017733,5.7148747,1,50.99822664260864,ENSG00000101082
ENSG00000104921,53.0,19.707024,21.089922,1,51.02929759025574,FCER2
ENSG00000124574,52.0,7.8352275,30.70151,1,51.21647727489472,ENSG00000124574
ENSG00000198130,52.0,6.943279,0.78514665,1,51.305672109127045,ENSG00000198130
ENSG00000168081,53.0,14.302006,7.622885,1,51.56979942321777,PNOC
ENSG00000140937,58.0,62.37514,10.965905,1,51.76248598098755,ENSG00000140937
ENSG00000163734,54.0,20.37346,44.447327,1,51.96265387535095,CXCL3
ENSG00000197563,53.0,7.825595,34.723846,1,52.217440485954285,ENSG00000197563
ENSG00000114423,56.0,29.126736,6.479593,1,53.087326526641846,ENSG00000114423
ENSG00000140718,54.0,7.7515764,29.291542,1,53.22484236955643,ENSG00000140718
ENSG00000172116,57.0,29.097685,10.67039,1,54.09023141860962,CD8B
ENSG00000181458,55.0,7.7480826,28.665445,1,54.225191712379456,ENSG00000181458
ENSG00000055732,55.0,6.795814,4.5569654,1,54.3204185962677,ENSG00000055732
ENSG00000169604,61.0,61.725044,8.281795,1,54.82749557495117,ENSG00000169604
ENSG00000172724,56.0,10.976428,21.590801,1,54.90235722064972,CCL19
ENSG00000180644,58.0,29.041737,17.505196,1,55.0958263874054,PRF1
ENSG00000072041,56.0,6.7915854,1.7057767,1,55.32084143161774,ENSG00000072041
ENSG00000162777,59.0,27.702593,6.616113,1,56.229740619659424,ENSG00000162777
ENSG00000124098,57.0,6.7220907,7.282572,1,56.327790915966034,ENSG00000124098
ENSG00000117122,63.0,61.052074,8.794458,1,56.894792556762695,ENSG00000117122
ENSG00000113088,60.0,27.531942,10.082618,1,57.2468056678772,GZMK
ENSG00000071991,58.0,6.5626893,1.3495399,1,57.34373104572296,ENSG00000071991
ENSG00000133110,64.0,60.62765,23.613062,1,57.93723487854004,POSTN
ENSG00000085265,60.0,19.737026,65.304886,1,58.02629733085632,FCN1
ENSG00000134954,61.0,27.425356,3.251131,1,58.25746440887451,ENSG00000134954
ENSG00000113269,62.0,29.159073,2.3639095,1,59.08409261703491,ENSG00000113269
ENSG00000171130,62.0,27.136932,7.039586,1,59.28630685806274,ENSG00000171130
ENSG00000168497,63.0,31.984278,13.344086,1,59.80157232284546,CAVIN2
ENSG00000132329,61.0,10.802896,8.93993,1,59.91971039772034,ENSG00000132329
ENSG00000151338,61.0,7.722856,8.968878,1,60.22771441936493,ENSG00000151338
ENSG00000123329,63.0,27.11621,5.2074637,1,60.28837895393372,ENSG00000123329
ENSG00000061656,62.0,12.8710985,4.3945804,1,60.71289014816284,ENSG00000061656
ENSG00000137571,62.0,10.749182,11.752871,1,60.925081849098206,ENSG00000137571
ENSG00000035720,63.0,17.96465,13.60339,1,61.203535079956055,STAP1
ENSG00000079215,62.0,7.721452,223.47519,1,61.227854788303375,ENSG00000079215
ENSG00000138378,64.0,27.056067,7.093505,1,61.29439330101013,ENSG00000138378
ENSG00000226674,62.0,6.4431458,0.6542049,1,61.35568541288376,ENSG00000226674
ENSG00000103196,68.0,59.559555,8.189936,1,62.044044494628906,ENSG00000103196
ENSG00000112378,65.0,26.982334,5.2558894,1,62.30176663398743,ENSG00000112378
ENSG00000165813,64.0,12.73162,2.195383,1,62.72683799266815,ENSG00000165813
ENSG00000160683,65.0,17.689507,13.037369,1,63.23104929924011,CXCR5
ENSG00000182173,66.0,26.943148,4.874021,1,63.30568528175354,ENSG00000182173
ENSG00000048462,65.0,12.697308,5.746402,1,63.73026919364929,TNFRSF17
ENSG00000076554,66.0,17.636375,3.4953659,1,64.23636245727539,ENSG00000076554
ENSG00000100146,65.0,6.416048,3.1546307,1,64.35839521884918,ENSG00000100146
ENSG00000174807,71.0,58.18769,9.429114,1,65.1812310218811,ENSG00000174807
ENSG00000175463,68.0,26.497898,4.1571484,1,65.35021018981934,ENSG00000175463
ENSG00000136040,66.0,6.3968015,3.6104152,1,65.36031985282898,ENSG00000136040
ENSG00000138678,68.0,18.802126,12.129615,1,66.1197874546051,ENSG00000138678
ENSG00000187955,72.0,58.017757,12.856496,1,66.19822406768799,COL14A1
ENSG00000152207,67.0,6.3901634,8.591173,1,66.36098366975784,ENSG00000152207
ENSG00000164466,69.0,26.148169,5.2806873,1,66.385183095932,ENSG00000164466
ENSG00000163631,68.0,10.397887,3.6636436,1,66.96021127700806,ALB
ENSG00000106948,70.0,26.035429,3.2926311,1,67.39645719528198,ENSG00000106948
ENSG00000169583,70.0,12.499976,5.679104,1,68.75000238418579,ENSG00000169583
ENSG00000110492,75.0,56.487595,4.3385296,1,69.35124063491821,MDK
ENSG00000205336,70.0,6.3217998,2.2604556,1,69.36782002449036,ENSG00000205336
ENSG00000143889,72.0,25.661177,4.187391,1,69.43388223648071,ENSG00000143889
ENSG00000158874,71.0,10.108559,3.765785,1,69.98914408683777,APOA2
ENSG00000126947,71.0,6.2990522,2.6239767,1,70.37009477615356,ENSG00000126947
ENSG00000141756,76.0,56.124207,3.6292336,1,70.38757944107056,ENSG00000141756
ENSG00000179144,73.0,25.477436,4.916046,1,70.45225644111633,GIMAP7
ENSG00000270800,72.0,7.6472273,41.351234,1,71.23527729511261,ENSG00000270800
ENSG00000138080,78.0,55.599876,7.812411,1,72.44001245498657,ENSG00000138080
ENSG00000151883,75.0,24.953127,6.1134987,1,72.50468730926514,ENSG00000151883
ENSG00000066827,74.0,12.426971,3.1844666,1,72.75730288028717,ENSG00000066827
ENSG00000181788,74.0,10.136732,4.4867935,1,72.98632681369781,ENSG00000181788
ENSG00000249348,74.0,7.637949,4.9466643,1,73.23620510101318,ENSG00000249348
ENSG00000011028,79.0,55.285664,7.375704,1,73.47143363952637,ENSG00000011028
ENSG00000186891,76.0,24.797699,4.046287,1,73.52023005485535,TNFRSF18
ENSG00000159445,77.0,24.584265,5.4369893,1,74.5415735244751,ENSG00000159445
ENSG00000092621,76.0,6.193872,1.5463023,1,75.38061279058456,ENSG00000092621
ENSG00000247774,78.0,25.505062,1.4329966,1,75.44949388504028,PCED1B-AS1
ENSG00000170571,78.0,24.505602,4.9204617,1,75.54943990707397,ENSG00000170571
ENSG00000167779,82.0,54.430244,11.493663,1,76.55697536468506,IGFBP6
ENSG00000079462,79.0,24.360342,7.092327,1,76.56396579742432,ENSG00000079462
ENSG00000054219,78.0,9.789771,4.3164296,1,77.02102291584015,ENSG00000054219
ENSG00000160856,79.0,15.798987,10.356952,1,77.42010128498077,FCRL3
ENSG00000174348,83.0,54.240917,11.73517,1,77.57590818405151,ENSG00000174348
ENSG00000134242,80.0,24.113567,3.811434,1,77.58864331245422,ENSG00000134242
ENSG00000069667,81.0,23.751245,3.999593,1,78.62487554550171,ENSG00000069667
ENSG00000171611,80.0,11.827741,7.760704,1,78.81722593307495,ENSG00000171611
ENSG00000110876,82.0,23.46458,6.958613,1,79.65354204177856,ENSG00000110876
ENSG00000141837,81.0,7.5928807,16.27652,1,80.24071192741394,ENSG00000141837
ENSG00000140545,81.0,6.135998,1.820069,1,80.38640022277832,ENSG00000140545
ENSG00000104213,86.0,53.613132,10.387462,1,80.6386866569519,ENSG00000104213
ENSG00000117602,83.0,23.448858,4.1107173,1,80.65511417388916,ENSG00000117602
ENSG00000198794,82.0,11.775396,5.4255953,1,80.82246041297913,ENSG00000198794
ENSG00000095015,82.0,9.740208,3.2319257,1,81.02597922086716,ENSG00000095015
ENSG00000232803,82.0,6.0976996,5.148799,1,81.39023005962372,ENSG00000232803
ENSG00000109610,87.0,53.137535,8.5057125,1,81.68624639511108,SOD3
ENSG00000153944,84.0,23.066053,4.3385386,1,81.6933946609497,ENSG00000153944
ENSG00000103056,83.0,11.6190815,5.6838336,1,81.83809185028076,ENSG00000103056
ENSG00000153823,84.0,17.284302,12.566157,1,82.27156984806061,ENSG00000153823
ENSG00000106819,88.0,53.122116,15.212222,1,82.68778848648071,ASPN
ENSG00000101096,85.0,22.86768,2.7873585,1,82.71323204040527,ENSG00000101096
ENSG00000223949,84.0,7.584807,10.543385,1,83.24151933193207,ENSG00000223949
ENSG00000112486,85.0,15.08866,13.247023,1,83.49113392829895,ENSG00000112486
ENSG00000139193,86.0,22.854012,5.385239,1,83.71459889411926,CD27
ENSG00000184347,89.0,52.785564,8.993914,1,83.72144365310669,ENSG00000184347
ENSG00000153066,85.0,11.447917,2.3545024,1,83.85520827770233,ENSG00000153066
ENSG00000164236,85.0,9.579596,8.187749,1,84.04204046726227,ENSG00000164236
ENSG00000158022,85.0,6.0084906,4.740367,1,84.39915096759796,ENSG00000158022
ENSG00000112562,90.0,52.64005,8.30506,1,84.73599529266357,ENSG00000112562
ENSG00000167476,86.0,11.366558,8.965939,1,84.86334419250488,JSRP1
ENSG00000110245,86.0,9.59027,6.7710094,1,85.04097300767899,APOC3
ENSG00000149557,86.0,5.9855957,3.169903,1,85.40144044160843,ENSG00000149557
ENSG00000175895,87.0,14.751063,4.3846965,1,85.52489364147186,ENSG00000175895
ENSG00000139725,88.0,22.771465,3.3759537,1,85.72285342216492,ENSG00000139725
ENSG00000198087,87.0,11.282189,2.3999183,1,85.87178111076355,ENSG00000198087
ENSG00000160179,87.0,7.5598607,50.271553,1,86.24401390552521,ENSG00000160179
ENSG00000074370,88.0,14.713687,5.7948756,1,86.52863132953644,ENSG00000074370
ENSG00000087087,89.0,22.714878,4.923787,1,86.72851228713989,ENSG00000087087
ENSG00000214548,92.0,52.42594,8.959643,1,86.75740575790405,ENSG00000214548
ENSG00000066294,88.0,7.552326,58.73508,1,87.24476736783981,ENSG00000066294
ENSG00000266094,90.0,22.665583,4.2426553,1,87.7334418296814,ENSG00000266094
ENSG00000123096,93.0,52.01523,5.3983364,1,87.79847717285156,ENSG00000123096
ENSG00000211662,89.0,11.2177305,612.10126,1,87.87822699546814,IGLV3-21
ENSG00000213088,91.0,27.987947,25.71746,1,88.20120525360107,ACKR1
ENSG00000115363,89.0,5.952376,3.2878675,1,88.4047623872757,ENSG00000115363
ENSG00000115539,91.0,22.32543,3.7343707,1,88.76745700836182,ENSG00000115539
ENSG00000078098,94.0,51.505077,7.005206,1,88.84949207305908,ENSG00000078098
ENSG00000151135,90.0,5.9521246,1.1862767,1,89.40478754043579,ENSG00000151135
ENSG00000023572,91.0,5.950829,2.1313121,1,90.40491712093352,ENSG00000023572
ENSG00000186265,92.0,14.488238,7.7909374,1,90.55117619037628,ENSG00000186265
ENSG00000138767,93.0,22.124872,2.8785467,1,90.78751277923584,ENSG00000138767
ENSG00000166676,92.0,9.4429865,9.765255,1,91.05570137500764,ENSG00000166676
ENSG00000121064,92.0,7.520111,266.26785,1,91.24798887968063,ENSG00000121064
ENSG00000069974,94.0,21.775385,6.813228,1,91.82246160507202,ENSG00000069974
ENSG00000143196,97.0,50.859463,14.538711,1,91.91405391693117,DPT
ENSG00000292363,93.0,9.388138,10.877642,1,92.06118619441986,ENSG00000292363
ENSG00000188596,93.0,7.508698,14.899028,1,92.2491301894188,ENSG00000188596
ENSG00000170624,93.0,5.929728,1.6941426,1,92.40702718496324,ENSG00000170624
ENSG00000009790,95.0,21.731966,4.392323,1,92.82680344581604,ENSG00000009790
ENSG00000115461,98.0,50.24044,9.807173,1,92.97595596313477,IGFBP5
ENSG00000120820,99.0,50.219997,7.988479,1,93.97800016403198,ENSG00000120820
ENSG00000183597,95.0,7.498526,73.80634,1,94.25014740228652,ENSG00000183597
ENSG00000135931,95.0,5.885325,1.8975466,1,94.4114674925804,ENSG00000135931
ENSG00000166405,96.0,14.167029,3.6179976,1,94.58329701423644,ENSG00000166405
ENSG00000086619,96.0,10.908641,1.8596276,1,94.90913593769072,ENSG00000086619
ENSG00000084636,100.0,50.19445,2.9471219,1,94.98055505752563,ENSG00000084636
ENSG00000250802,96.0,7.473839,13.26892,1,95.25261610746384,ENSG00000250802
ENSG00000253522,96.0,5.8660135,4.0875473,1,95.41339862346648,ENSG00000253522
ENSG00000168675,98.0,20.347383,2.87207,1,95.96526169776917,ENSG00000168675
ENSG00000120217,97.0,9.258095,6.5963497,1,96.07419049739838,ENSG00000120217
ENSG00000119280,97.0,5.855372,0.9144424,1,96.41446280479433,ENSG00000119280
ENSG00000174373,99.0,20.24125,2.249713,1,96.97587513923644,ENSG00000174373
ENSG00000219626,98.0,7.440124,10.578514,1,97.25598758459093,ENSG00000219626
ENSG00000124785,100.0,27.145592,2.5543401,1,97.28544092178343,ENSG00000124785
ENSG00000131943,98.0,5.8053966,2.5724843,1,97.4194603562355,ENSG00000131943
ENSG00000170006,99.0,13.88941,8.647231,1,97.6110589504242,ENSG00000170006
ENSG00000167173,99.0,10.715419,1.7414851,1,97.92845809459686,ENSG00000167173
ENSG00000100242,100.0,19.831396,3.3539999,1,98.0168603658676,ENSG00000100242
ENSG00000091651,99.0,7.4352117,33.148163,1,98.25647884607316,ENSG00000091651
ENSG00000093183,99.0,5.8014493,0.9330501,1,98.4198550581932,ENSG00000093183
ENSG00000112561,100.0,13.784975,4.356528,1,98.62150251865388,ENSG00000112561
ENSG00000125869,100.0,10.705842,6.6935787,1,98.92941582202911,ENSG00000125869
ENSG00000143851,101.0,19.831083,4.4918537,1,99.01689171791077,ENSG00000143851
ENSG00000150477,100.0,7.4221516,24.053246,1,99.25778484344482,ENSG00000150477
ENSG00000198168,102.0,19.671724,2.6243157,1,100.03282761573792,ENSG00000198168
ENSG00000101955,105.0,48.728527,1.3077539,1,100.1271471977234,ENSG00000101955
ENSG00000115239,101.0,7.41995,22.747019,1,100.25800502300262,ENSG00000115239
ENSG00000134070,102.0,16.32537,6.519027,1,100.36746287345886,ENSG00000134070
ENSG00000198910,101.0,5.7780604,5.8226,1,100.4221939444542,ENSG00000198910
ENSG00000253755,102.0,10.616808,6.0672684,1,100.9383192062378,IGHGP
ENSG00000089692,103.0,19.66196,3.071983,1,101.03380393981934,LAG3
ENSG00000102786,102.0,8.957751,3.3256524,1,101.10422486066818,ENSG00000102786
ENSG00000072110,106.0,48.314102,1.4190987,1,101.16858959197998,ENSG00000072110
ENSG00000155957,102.0,7.3833694,175.83617,1,101.26166307926178,ENSG00000155957
ENSG00000180318,102.0,5.7751274,3.9669628,1,101.42248725891112,ENSG00000180318
ENSG00000101158,104.0,19.26289,7.7807903,1,102.0737110376358,ENSG00000101158
ENSG00000134574,103.0,7.3596497,32.539356,1,102.26403504610062,ENSG00000134574
ENSG00000113448,105.0,19.213898,3.6857762,1,103.07861018180849,ENSG00000113448
ENSG00000134590,108.0,48.176983,2.0401227,1,103.18230152130128,ENSG00000134590
ENSG00000135929,104.0,5.7621417,0.58825576,1,103.4237858057022,ENSG00000135929
ENSG00000124659,106.0,19.010517,4.933326,1,104.09894824028017,ENSG00000124659
ENSG00000136235,105.0,7.3506227,637.0434,1,104.26493775844574,ENSG00000136235
ENSG00000112182,106.0,13.153128,5.6129026,1,104.68468725681304,ENSG00000112182
ENSG00000174004,106.0,10.43387,3.6881528,1,104.95661294460297,ENSG00000174004
ENSG00000124507,107.0,10.414761,7.3848057,1,105.95852398872375,ENSG00000124507
ENSG00000198586,108.0,18.916904,2.9722228,1,106.10830950737,ENSG00000198586
ENSG00000099992,107.0,8.696317,2.3142464,1,106.13036835193634,ENSG00000099992
ENSG00000186329,107.0,7.344876,8.318714,1,106.26551240682602,ENSG00000186329
ENSG00000046889,109.0,26.517004,9.098153,1,106.34829950332642,ENSG00000046889
ENSG00000137449,107.0,5.6791415,5.4119964,1,106.43208587169649,ENSG00000137449
ENSG00000145220,109.0,18.89425,4.124943,1,107.11057496070862,ENSG00000145220
ENSG00000130348,109.0,12.564542,5.983329,1,107.74354577064514,ENSG00000130348
ENSG00000101057,109.0,10.326759,4.892456,1,107.9673240184784,ENSG00000101057
ENSG00000100100,110.0,18.782873,3.9423199,1,108.12171268463136,ENSG00000100100
ENSG00000143376,109.0,7.3431177,27.92627,1,108.2656882405281,ENSG00000143376
ENSG00000144218,110.0,12.435401,8.096098,1,108.75645995140076,ENSG00000144218
ENSG00000198178,110.0,10.230662,9.225552,1,108.97693371772766,ENSG00000198178
ENSG00000198589,111.0,18.653912,3.178404,1,109.13460886478424,ENSG00000198589
ENSG00000135378,110.0,8.58396,6.1529007,1,109.14160406589508,ENSG00000135378
ENSG00000140280,111.0,12.138861,1.4442377,1,109.78611397743224,ENSG00000140280
ENSG00000159167,111.0,8.654276,7.1222873,1,110.13457238674164,ENSG00000159167
ENSG00000043462,112.0,18.565514,2.4106855,1,110.1434485912323,ENSG00000043462
ENSG00000198369,111.0,8.521457,2.8729627,1,110.14785432815552,ENSG00000198369
ENSG00000134986,115.0,46.8047,2.3361642,1,110.3195300102234,ENSG00000134986
ENSG00000155926,113.0,18.456417,8.250614,1,111.15435826778412,ENSG00000155926
ENSG00000118217,112.0,7.3324656,18.724916,1,111.26675343513487,ENSG00000118217
ENSG00000087116,116.0,46.77804,6.4502573,1,111.3221960067749,ENSG00000087116
ENSG00000163874,113.0,15.759688,4.31099,1,111.4240311384201,ENSG00000163874
ENSG00000141447,112.0,5.661693,1.0734648,1,111.43383067846298,ENSG00000141447
ENSG00000173540,113.0,10.105213,0.94799554,1,111.98947870731354,ENSG00000173540
ENSG00000116478,114.0,18.382948,5.9218607,1,112.16170525550842,ENSG00000116478
ENSG00000050130,113.0,7.3297544,47.151276,1,112.26702457666396,ENSG00000050130
ENSG00000145730,117.0,46.77027,0.9616102,1,112.32297277450562,ENSG00000145730
ENSG00000170365,115.0,25.694374,4.8780346,1,112.4305624961853,ENSG00000170365
ENSG00000004866,113.0,5.618876,2.747751,1,112.43811237812042,ENSG00000004866
ENSG00000146072,114.0,10.071408,1.6571319,1,112.99285912513731,ENSG00000146072
ENSG00000002919,114.0,8.364351,3.5875735,1,113.16356486082076,ENSG00000002919
ENSG00000068796,115.0,18.363173,3.748013,1,113.16368269920348,ENSG00000068796
ENSG00000092421,114.0,5.6175456,1.6637579,1,113.43824541568756,ENSG00000092421
ENSG00000122557,116.0,18.35611,1.7982836,1,114.16438901424408,ENSG00000122557
ENSG00000197646,115.0,8.326251,6.8780575,1,114.1673749089241,ENSG00000197646
ENSG00000158747,119.0,46.606304,4.7828565,1,114.33936977386476,ENSG00000158747
ENSG00000185565,115.0,5.60972,3.1347954,1,114.43902796506882,ENSG00000185565
ENSG00000134291,117.0,18.328663,6.4652433,1,115.1671336889267,ENSG00000134291
ENSG00000167895,117.0,11.210289,5.2875023,1,115.87897109985352,ENSG00000167895
ENSG00000169508,118.0,11.059602,7.2237473,1,116.89403986930849,GPR183
ENSG00000134853,122.0,46.131557,8.174305,1,117.3868441581726,ENSG00000134853
ENSG00000153814,118.0,5.5540347,3.204885,1,117.44459652900696,ENSG00000153814
ENSG00000082781,123.0,45.951492,3.834872,1,118.40485095977785,ENSG00000082781
ENSG00000196636,119.0,5.533341,1.8348191,1,118.44666588306428,ENSG00000196636
ENSG00000186081,120.0,9.599145,8.312625,1,119.04008549451828,KRT5
ENSG00000174799,120.0,8.248171,3.307407,1,119.17518293857574,ENSG00000174799
ENSG00000239713,121.0,17.719347,6.7303863,1,119.22806525230408,ENSG00000239713
ENSG00000079482,120.0,7.2934766,12.738079,1,119.27065235376358,ENSG00000079482
ENSG00000198825,121.0,10.969557,0.6631787,1,119.90304434299468,ENSG00000198825
ENSG00000105122,122.0,17.716047,0.7881755,1,120.22839522361755,ENSG00000105122
ENSG00000088882,125.0,45.802795,4.504707,1,120.41972064971924,ENSG00000088882
ENSG00000156875,121.0,5.5123177,0.8401507,1,120.4487682580948,ENSG00000156875
ENSG00000118242,122.0,8.114408,2.6523478,1,121.1885592341423,ENSG00000118242
ENSG00000137573,126.0,45.67988,9.001073,1,121.43201208114624,ENSG00000137573
ENSG00000087085,123.0,8.110063,9.083947,1,122.18899375200272,ENSG00000087085
ENSG00000184205,124.0,17.600903,4.637567,1,122.23990976810455,ENSG00000184205
ENSG00000162496,123.0,7.273458,161.27739,1,122.27265417575836,ENSG00000162496
ENSG00000113083,128.0,45.330452,6.111389,1,123.46695470809937,ENSG00000113083
ENSG00000103479,126.0,17.278044,3.0794072,1,124.27219557762146,ENSG00000103479
ENSG00000165806,126.0,8.097158,2.6686344,1,125.19028413295746,ENSG00000165806
ENSG00000168101,127.0,17.219477,3.3055804,1,125.27805233001708,ENSG00000168101
ENSG00000049540,130.0,44.904137,10.648155,1,125.50958633422852,ELN
ENSG00000144283,128.0,23.846733,3.0280995,1,125.61532664299013,ENSG00000144283
ENSG00000069966,127.0,9.5236025,2.2346385,1,126.04763972759248,ENSG00000069966
ENSG00000051596,128.0,17.207106,4.575565,1,126.27928948402403,ENSG00000051596
ENSG00000133059,127.0,5.431068,2.3215458,1,126.4568932056427,ENSG00000133059
ENSG00000129038,131.0,44.762516,7.9841485,1,126.52374839782716,ENSG00000129038
ENSG00000185811,129.0,17.136415,3.2021546,1,127.28635847568512,ENSG00000185811
ENSG00000022267,133.0,44.152065,3.3087711,1,128.58479356765747,ENSG00000022267
ENSG00000121594,130.0,8.022762,7.820699,1,129.19772374629974,ENSG00000121594
ENSG00000181555,131.0,16.835941,1.7177253,1,129.31640589237213,ENSG00000181555
ENSG00000161813,131.0,8.022135,1.0544308,1,130.1977865099907,ENSG00000161813
ENSG00000112996,132.0,16.638157,4.8309426,1,130.33618426322937,ENSG00000112996
ENSG00000162733,135.0,43.955544,2.3609095,1,130.6044454574585,ENSG00000162733
ENSG00000136068,133.0,23.454542,1.5747516,1,130.65454578399658,ENSG00000136068
ENSG00000242258,132.0,9.11793,6.795312,1,131.08820694684982,LINC00996
ENSG00000112972,132.0,8.02026,3.433002,1,131.19797402620316,ENSG00000112972
ENSG00000224982,132.0,7.918245,4.998095,1,131.2081755399704,ENSG00000224982
ENSG00000154451,133.0,16.59541,4.707026,1,131.34045910835266,ENSG00000154451
ENSG00000079277,133.0,7.229335,70.24793,1,132.27706652879715,ENSG00000079277
ENSG00000141424,134.0,16.328802,5.8734703,1,132.36711978912354,ENSG00000141424
ENSG00000076706,135.0,23.422451,2.00518,1,132.6577548980713,ENSG00000076706
ENSG00000114446,134.0,8.473442,4.8693657,1,133.1526557803154,ENSG00000114446
ENSG00000180448,134.0,7.2246737,75.59618,1,133.2775326371193,ENSG00000180448
ENSG00000158850,135.0,16.091755,4.6375413,1,133.3908245563507,ENSG00000158850
ENSG00000110841,134.0,5.3472056,3.6953282,1,133.4652794599533,ENSG00000110841
ENSG00000122176,138.0,43.414314,4.045756,1,133.65856838226318,ENSG00000122176
ENSG00000165757,136.0,23.387053,7.495951,1,133.6612946987152,ENSG00000165757
ENSG00000138835,135.0,7.791882,0.8651355,1,134.22081178426745,ENSG00000138835
ENSG00000264522,135.0,5.331538,3.563735,1,134.46684616804123,ENSG00000264522
ENSG00000167670,137.0,9.016534,3.1847355,1,136.0983465909958,ENSG00000167670
ENSG00000106733,137.0,7.774156,1.7515206,1,136.2225843667984,ENSG00000106733
ENSG00000100336,137.0,7.2045517,39.460533,1,136.2795448303223,ENSG00000100336
ENSG00000166750,138.0,15.807765,3.6902173,1,136.4192235469818,ENSG00000166750
ENSG00000099998,141.0,42.8896,6.3909154,1,136.711040019989,ENSG00000099998
ENSG00000107021,138.0,8.946443,2.2812514,1,137.1053557395935,ENSG00000107021
ENSG00000232233,138.0,7.2019806,23.599096,1,137.27980196475983,ENSG00000232233
ENSG00000099204,139.0,15.740421,2.2911339,1,137.42595791816711,ENSG00000099204
ENSG00000096063,140.0,15.658929,4.6468315,1,138.4341070652008,ENSG00000096063
ENSG00000262655,143.0,42.693665,5.5486097,1,138.73063373565674,ENSG00000262655
ENSG00000169641,140.0,7.6291,1.724863,1,139.23708999156952,ENSG00000169641
ENSG00000168010,140.0,7.1967506,59.646248,1,139.2803249359131,ENSG00000168010
ENSG00000138363,141.0,15.562299,6.3698716,1,139.4437701702118,ENSG00000138363
ENSG00000229140,141.0,7.196625,33.210873,1,140.2803374528885,ENSG00000229140
ENSG00000035403,145.0,42.51067,2.3353953,1,140.74893283843994,ENSG00000035403
ENSG00000124256,142.0,8.794519,1.0486822,1,141.12054806947708,ENSG00000124256
ENSG00000187513,142.0,7.607199,11.009416,1,141.23928010463715,GJA4
ENSG00000033627,142.0,7.193331,60.09225,1,141.2806669473648,ENSG00000033627
ENSG00000065361,142.0,5.2204695,0.51330125,1,141.4779530763626,ENSG00000065361
ENSG00000067064,143.0,15.100115,4.923313,1,141.48998856544495,ENSG00000067064
ENSG00000151789,144.0,22.820036,9.045925,1,141.71799635887146,ENSG00000151789
ENSG00000027847,143.0,8.780329,0.92000616,1,142.1219671368599,ENSG00000027847
ENSG00000147905,143.0,7.8041162,3.1168623,1,142.2195883989334,ENSG00000147905
ENSG00000161791,143.0,7.1812305,21.396748,1,142.28187692165375,ENSG00000161791
ENSG00000172667,143.0,5.2083807,2.2650127,1,142.4791619181633,ENSG00000172667
ENSG00000074696,144.0,15.0632715,6.1665416,1,142.4936728477478,ENSG00000074696
ENSG00000116017,144.0,8.706186,3.32594,1,143.1293813586235,ENSG00000116017
ENSG00000132182,144.0,7.7278404,4.8741865,1,143.22721594572067,ENSG00000132182
ENSG00000130150,144.0,7.1730976,53.792397,1,143.2826902270317,ENSG00000130150
ENSG00000171681,145.0,15.012253,3.8586073,1,143.498774766922,ENSG00000171681
ENSG00000130702,146.0,22.680063,3.1296222,1,143.73199367523193,ENSG00000130702
ENSG00000108405,145.0,8.683055,4.2019105,1,144.13169449567795,ENSG00000108405
ENSG00000186197,145.0,7.36973,3.8890557,1,144.26302701234818,ENSG00000186197
ENSG00000196369,145.0,7.1688204,23.675203,1,144.28311794996262,ENSG00000196369
ENSG00000170677,145.0,5.187427,2.3721554,1,144.48125731945038,ENSG00000170677
ENSG00000075884,146.0,14.988571,3.4503138,1,144.50114285945892,ENSG00000075884
ENSG00000141524,147.0,14.777515,4.4619803,1,145.52224850654602,ENSG00000141524
ENSG00000112394,147.0,14.3425665,8.839246,1,145.5657433271408,ENSG00000112394
ENSG00000099953,150.0,41.653934,30.909742,1,145.83460664749146,MMP11
ENSG00000164938,147.0,8.619786,0.92180586,1,146.13802134990692,ENSG00000164938
ENSG00000140092,151.0,41.5136,5.121597,1,146.84863996505737,ENSG00000140092
ENSG00000129071,148.0,7.505413,5.974897,1,147.24945867061615,ENSG00000129071
ENSG00000164294,152.0,41.31615,2.2814317,1,147.86838483810425,ENSG00000164294
ENSG00000100629,149.0,8.57129,2.0014336,1,148.14287102222443,ENSG00000100629
ENSG00000110713,150.0,14.666605,4.951461,1,148.53333950042725,ENSG00000110713
ENSG00000082512,150.0,7.427174,6.0346904,1,149.25728261470795,ENSG00000082512
ENSG00000188505,150.0,7.1761894,12.1514,1,149.28238105773926,NCCRP1
ENSG00000173597,150.0,7.151217,9.661353,1,149.2848783135414,ENSG00000173597
ENSG00000131504,151.0,14.567198,2.0366867,1,149.5432802438736,ENSG00000131504
ENSG00000157613,154.0,40.96246,7.717865,1,149.90375423431396,ENSG00000157613
ENSG00000072786,152.0,14.5567,2.817421,1,150.54433000087738,ENSG00000072786
ENSG00000115380,155.0,40.911423,7.349493,1,150.9088578224182,ENSG00000115380
ENSG00000205758,152.0,7.134493,58.182,1,151.28655070066452,ENSG00000205758
ENSG00000147443,153.0,14.40902,3.9178524,1,151.5590980052948,ENSG00000147443
ENSG00000095370,154.0,21.968954,1.2436335,1,151.80310463905334,ENSG00000095370
ENSG00000161381,156.0,40.80965,4.269552,1,151.91903495788574,ENSG00000161381
ENSG00000122025,153.0,7.0466776,8.432779,1,152.29533225297928,ENSG00000122025
ENSG00000076641,154.0,14.396607,3.7703907,1,152.5603392124176,ENSG00000076641
ENSG00000106483,157.0,40.781002,22.71422,1,152.92189979553223,SFRP4
ENSG00000187699,154.0,8.485561,1.2917768,1,153.15144383907318,ENSG00000187699
ENSG00000122203,155.0,14.13904,4.143726,1,153.5860960483551,ENSG00000122203
ENSG00000087303,158.0,40.727016,6.9702134,1,153.9272985458374,ENSG00000087303
ENSG00000040933,155.0,8.468769,1.8694834,1,154.15312308073044,ENSG00000040933
ENSG00000169246,155.0,7.1271205,26.86814,1,154.28728795051575,ENSG00000169246
ENSG00000163001,155.0,5.0935297,0.85530555,1,154.49064701795578,ENSG00000163001
ENSG00000197712,159.0,40.709263,1.8624593,1,154.9290738105774,ENSG00000197712
ENSG00000156011,156.0,7.001162,5.2244034,1,155.29988378286362,ENSG00000156011
ENSG00000117600,156.0,5.0913634,6.231287,1,155.49086368083954,ENSG00000117600
ENSG00000011009,157.0,13.856347,4.678445,1,155.61436533927915,ENSG00000011009
ENSG00000140285,160.0,40.67366,7.17802,1,155.93263387680054,ENSG00000140285
ENSG00000266028,157.0,7.122718,40.753883,1,156.28772819042206,ENSG00000266028
ENSG00000160678,157.0,5.081606,16.73866,1,156.4918394088745,S100A1
ENSG00000162613,158.0,13.782167,4.9474874,1,156.62178325653076,ENSG00000162613
ENSG00000138061,161.0,40.39673,7.058895,1,156.9603271484375,ENSG00000138061
ENSG00000100721,158.0,8.396834,4.2249103,1,157.16031658649445,TCL1A
ENSG00000052749,158.0,7.1124277,31.87074,1,157.28875720500946,ENSG00000052749
ENSG00000186407,159.0,14.1273155,14.405208,1,157.58726847171783,ENSG00000186407
ENSG00000185658,159.0,13.697573,2.6343436,1,157.63024270534515,ENSG00000185658
ENSG00000211640,159.0,8.3932,8.3639,1,158.16067999601364,IGLV6-57
ENSG00000181350,159.0,7.1040506,15.961359,1,158.28959494829178,ENSG00000181350
ENSG00000077232,159.0,5.984402,3.4915652,1,158.40155977010727,ENSG00000077232
ENSG00000170919,159.0,5.032289,4.092147,1,158.49677109718323,ENSG00000170919
ENSG00000198937,160.0,13.619315,4.047839,1,158.6380684375763,ENSG00000198937
ENSG00000050165,163.0,40.289925,3.6388485,1,158.97100734710693,ENSG00000050165
ENSG00000122643,161.0,13.603323,5.5274854,1,159.6396677494049,ENSG00000122643
ENSG00000184709,161.0,8.27547,3.3247507,1,160.17245304584503,ENSG00000184709
ENSG00000140262,161.0,7.099441,93.99631,1,160.29005587100983,ENSG00000140262
ENSG00000103569,162.0,13.982078,14.231711,1,160.60179221630096,ENSG00000103569
ENSG00000164934,162.0,13.534122,8.032816,1,160.64658772945404,ENSG00000164934
ENSG00000183160,165.0,40.09897,8.320056,1,160.9901032447815,ENSG00000183160
ENSG00000017483,162.0,8.219812,0.9720635,1,161.17801874876022,ENSG00000017483
ENSG00000167363,162.0,5.004715,3.744535,1,161.49952852725983,ENSG00000167363
ENSG00000124228,163.0,13.498444,3.4602394,1,161.6501556634903,ENSG00000124228
ENSG00000117139,164.0,13.451119,4.064152,1,162.65488803386688,ENSG00000117139
ENSG00000172469,164.0,8.183761,2.505365,1,163.18162393569946,ENSG00000172469
ENSG00000168014,164.0,7.0846157,22.887747,1,163.29153841733932,ENSG00000168014
ENSG00000161091,164.0,4.986976,2.1590137,1,163.50130239129066,ENSG00000161091
ENSG00000135870,165.0,13.399174,2.758514,1,163.66008257865906,ENSG00000135870
ENSG00000143603,165.0,7.195061,5.780896,1,164.28049385547638,ENSG00000143603
ENSG00000173198,165.0,7.07629,20.037024,1,164.29237097501755,ENSG00000173198
ENSG00000104064,165.0,6.7490087,0.8078205,1,164.32509911060333,ENSG00000104064
ENSG00000189058,169.0,39.49239,5.4779234,1,165.05076098442078,APOD
ENSG00000058668,167.0,13.378019,3.3621497,1,165.66219806671145,ENSG00000058668
ENSG00000197614,170.0,39.431614,9.829316,1,166.05683851242063,MFAP5
ENSG00000213699,167.0,7.0680466,35.582745,1,166.29319536685944,ENSG00000213699
ENSG00000185338,168.0,13.274569,0.8887951,1,166.67254316806793,ENSG00000185338
ENSG00000050405,171.0,39.19858,0.7505711,1,167.08014178276062,ENSG00000050405
ENSG00000173530,168.0,7.1059575,6.322026,1,167.28940427303314,ENSG00000173530
ENSG00000275052,169.0,13.06175,2.949323,1,167.693825006485,ENSG00000275052
ENSG00000180447,172.0,39.17613,8.483605,1,168.0823872089386,ENSG00000180447
ENSG00000153046,169.0,8.002941,1.0617415,1,168.19970589876175,ENSG00000153046
ENSG00000108963,169.0,7.062033,41.35369,1,168.29379665851593,ENSG00000108963
ENSG00000141404,169.0,4.914951,4.613854,1,168.50850492715836,ENSG00000141404
ENSG00000080200,171.0,21.060137,3.2961159,1,168.89398622512817,ENSG00000080200
ENSG00000168487,173.0,38.986195,3.7854934,1,169.10138058662417,ENSG00000168487
ENSG00000105639,170.0,4.99759,3.1655016,1,169.50024098157883,ENSG00000105639
ENSG00000206560,170.0,4.894509,0.95235866,1,169.51054912805557,ENSG00000206560
ENSG00000106628,171.0,12.907348,5.9922147,1,169.70926523208618,ENSG00000106628
ENSG00000163815,172.0,21.028162,6.5110297,1,169.89718389511108,ENSG00000163815
ENSG00000176971,174.0,38.757454,10.198755,1,170.12425470352173,ENSG00000176971
ENSG00000211679,171.0,7.840917,32.578506,1,170.2159082889557,IGLC3
ENSG00000168056,175.0,38.255966,1.9040216,1,171.17440342903137,ENSG00000168056
ENSG00000162302,172.0,7.8283467,3.3459163,1,171.217165350914,ENSG00000162302
ENSG00000108439,172.0,7.0305424,37.06788,1,171.29694575071335,ENSG00000108439
ENSG00000096092,173.0,12.882069,4.537772,1,171.7117931842804,ENSG00000096092
ENSG00000162493,176.0,38.186234,7.634107,1,172.1813766956329,ENSG00000162493
ENSG00000118194,173.0,6.6873927,8.201166,1,172.331260740757,ENSG00000118194
ENSG00000176171,174.0,12.876484,4.4553933,1,172.71235156059265,ENSG00000176171
ENSG00000266964,177.0,38.180325,5.5097156,1,173.18196749687195,ENSG00000266964
ENSG00000165506,174.0,7.707531,1.222158,1,173.22924691438675,ENSG00000165506
ENSG00000100503,174.0,4.9133935,1.4433442,1,173.50866064429283,ENSG00000100503
ENSG00000111605,175.0,12.8556,4.03626,1,173.7144399881363,ENSG00000111605
ENSG00000145824,178.0,38.170708,21.792265,1,174.18292927742004,CXCL14
ENSG00000188976,176.0,12.798501,4.962937,1,174.7201498746872,ENSG00000188976
ENSG00000186230,176.0,4.7916164,2.834804,1,175.5208383500576,ENSG00000186230
ENSG00000081019,177.0,12.747443,2.5581887,1,175.72525572776794,ENSG00000081019
ENSG00000143248,177.0,7.022087,25.707611,1,176.29779130220413,RGS5
ENSG00000155034,177.0,6.9784193,8.01819,1,176.30215805768967,ENSG00000155034
ENSG00000160050,177.0,6.550066,3.6276891,1,176.34499341249466,ENSG00000160050
ENSG00000122873,177.0,4.782613,1.6602168,1,176.52173870801926,ENSG00000122873
ENSG00000187118,178.0,12.742926,5.503484,1,176.72570741176605,ENSG00000187118
ENSG00000181722,181.0,37.871574,1.0463811,1,177.21284246444702,ENSG00000181722
ENSG00000253352,178.0,7.008976,1.2823442,1,177.29910242557526,ENSG00000253352
ENSG00000127955,178.0,4.7748003,1.7784805,1,177.52251997590065,ENSG00000127955
ENSG00000171659,179.0,6.970109,428.42227,1,178.30298912525177,ENSG00000171659
ENSG00000138095,180.0,12.67989,4.932762,1,178.7320110797882,ENSG00000138095
ENSG00000166341,181.0,20.423498,4.1352067,1,178.95765018463135,ENSG00000166341
ENSG00000174705,183.0,37.801907,4.353123,1,179.21980929374695,ENSG00000174705
ENSG00000124491,180.0,6.944845,127.63791,1,179.30551546812055,F13A1
ENSG00000083457,181.0,12.651974,4.398136,1,179.73480260372162,ENSG00000083457
ENSG00000196569,184.0,37.770267,7.9239883,1,180.2229733467102,ENSG00000196569
ENSG00000136869,181.0,6.943863,43.069954,1,180.3056136965752,ENSG00000136869
ENSG00000144233,181.0,4.7442365,2.0408764,1,180.52557635307312,ENSG00000144233
ENSG00000008513,182.0,12.612336,3.843071,1,180.73876643180847,ENSG00000008513
ENSG00000198198,182.0,6.940332,7.890604,1,181.3059667944908,ENSG00000198198
ENSG00000183828,182.0,4.733266,0.7539398,1,181.52667340636253,ENSG00000183828
ENSG00000066654,183.0,12.559019,3.2831554,1,181.74409806728363,ENSG00000066654
ENSG00000172061,186.0,37.709396,12.349891,1,182.22906041145325,ENSG00000172061
ENSG00000095739,183.0,4.73207,4.278616,1,182.52679300308228,ENSG00000095739
ENSG00000167775,184.0,12.550922,4.648596,1,182.74490773677823,ENSG00000167775
ENSG00000120738,187.0,37.680767,1.4336745,1,183.2319233417511,ENSG00000120738
ENSG00000267165,184.0,6.9330554,272.23044,1,183.30669444799423,ENSG00000267165
ENSG00000160013,184.0,6.358384,6.053198,1,183.36416161060333,ENSG00000160013
ENSG00000196781,184.0,4.7316236,2.6331186,1,183.5268376469612,ENSG00000196781
ENSG00000138821,185.0,13.151153,7.811038,1,183.68488478660583,ENSG00000138821
ENSG00000061794,185.0,12.545775,4.6555386,1,183.7454224824905,ENSG00000061794
ENSG00000112655,188.0,37.59249,2.3965127,1,184.24075078964236,ENSG00000112655
ENSG00000104472,186.0,12.543136,3.588675,1,184.7456864118576,ENSG00000104472
ENSG00000131471,187.0,20.177946,5.9094424,1,184.98220539093015,ENSG00000131471
ENSG00000004776,189.0,37.466637,7.2805586,1,185.25333642959595,HSPB6
ENSG00000197969,186.0,4.726524,0.8729453,1,185.5273476243019,ENSG00000197969
ENSG00000167635,187.0,12.52852,3.9513376,1,185.7471480369568,ENSG00000167635
ENSG00000123500,190.0,37.4344,12.030774,1,186.256560087204,COL10A1
ENSG00000118137,187.0,6.888858,5.419967,1,186.31111419200897,APOA1
ENSG00000002726,187.0,6.2779913,12.904213,1,186.3722008466721,AOC1
ENSG00000125875,187.0,4.725198,1.8821415,1,186.5274802148342,ENSG00000125875
ENSG00000159111,188.0,12.487119,4.8147893,1,186.75128817558289,ENSG00000159111
ENSG00000086475,188.0,7.0376563,0.99626195,1,187.29623436927795,ENSG00000086475
ENSG00000110844,188.0,6.9030495,51.286755,1,187.30969506502151,ENSG00000110844
ENSG00000070495,189.0,12.442746,4.8091187,1,187.75572538375852,ENSG00000070495
ENSG00000175274,189.0,6.813237,0.5853511,1,188.31867629289627,ENSG00000175274
ENSG00000036549,189.0,4.712572,2.0605695,1,188.52874279022217,ENSG00000036549
ENSG00000176597,190.0,13.008777,7.381013,1,188.69912230968475,ENSG00000176597
ENSG00000074181,193.0,37.21166,7.1192975,1,189.278834104538,ENSG00000074181
ENSG00000091656,194.0,37.167763,6.7420454,1,190.2832236289978,ENSG00000091656
ENSG00000172005,191.0,4.684716,1.6444554,1,190.53152838349345,ENSG00000172005
ENSG00000116580,192.0,12.356029,4.728707,1,190.76439714431763,ENSG00000116580
ENSG00000188559,193.0,19.83232,3.323323,1,191.0167680978775,ENSG00000188559
ENSG00000142512,192.0,6.8924785,114.58684,1,191.3107521533966,ENSG00000142512
ENSG00000145919,192.0,4.6771684,2.1450262,1,191.5322831571102,ENSG00000145919
ENSG00000163171,193.0,12.285776,3.7195132,1,191.77142238616943,ENSG00000163171
ENSG00000109079,194.0,19.811203,1.0378076,1,192.0188796520233,ENSG00000109079
ENSG00000145362,193.0,4.6756864,2.9755032,1,192.53243136405945,ENSG00000145362
ENSG00000168438,194.0,2.8942099,1.7480279,1,193.710579007864,ENSG00000168438
ENSG00000139926,198.0,36.928104,2.189563,1,194.3071894645691,ENSG00000139926
ENSG00000006534,195.0,6.870295,27.368736,1,194.31297051906583,ENSG00000006534
ENSG00000166165,195.0,4.653714,2.6051226,1,194.5346285700798,ENSG00000166165
ENSG00000130305,195.0,2.796764,1.3901273,1,194.72032362222672,ENSG00000130305
ENSG00000163644,196.0,12.145262,2.676129,1,194.78547382354736,ENSG00000163644
ENSG00000128709,197.0,19.697123,7.6012573,1,195.03028774261475,ENSG00000128709
ENSG00000025039,196.0,4.6501184,3.352583,1,195.53498816490173,ENSG00000025039
ENSG00000198064,197.0,6.8673553,37.19932,1,196.3132644891739,ENSG00000198064
ENSG00000110987,197.0,6.6210723,2.0482652,1,196.3378927707672,ENSG00000110987
ENSG00000078246,197.0,4.6350527,1.6449115,1,196.53649473190308,ENSG00000078246
ENSG00000141298,198.0,12.061745,1.7243116,1,196.793825507164,ENSG00000141298
ENSG00000164535,198.0,6.8605666,81.42597,1,197.31394332647324,ENSG00000164535
ENSG00000060718,201.0,36.766903,9.281819,1,197.32330965995789,COL11A1
ENSG00000125430,198.0,6.6132236,1.2783744,1,197.3386776447296,ENSG00000125430
ENSG00000102978,199.0,12.051687,2.6247847,1,197.79483127593997,ENSG00000102978
ENSG00000164694,202.0,36.721615,11.027479,1,198.32783842086792,ENSG00000164694
ENSG00000109436,199.0,6.0363293,2.4063613,1,198.39636707305908,ENSG00000109436
ENSG00000239779,200.0,12.011728,3.3309126,1,198.79882717132568,ENSG00000239779
ENSG00000008441,203.0,36.678684,3.8461788,1,199.3321316242218,ENSG00000008441
ENSG00000197081,200.0,6.456389,0.5232604,1,199.3543611168861,ENSG00000197081
ENSG00000156858,200.0,6.033226,2.2201722,1,199.39667737483975,ENSG00000156858
ENSG00000105221,201.0,11.992815,2.673508,1,199.8007185459137,ENSG00000105221
ENSG00000101460,204.0,36.648956,1.8555418,1,200.33510446548465,ENSG00000101460
ENSG00000135272,201.0,6.37897,1.2049807,1,200.36210298538208,ENSG00000135272
ENSG00000184500,201.0,4.6114864,1.010273,1,200.53885135054588,ENSG00000184500
ENSG00000169826,202.0,12.447823,9.855613,1,200.75521779060364,ENSG00000169826
ENSG00000164062,202.0,11.982673,6.8294835,1,200.8017327785492,ENSG00000164062
ENSG00000151366,202.0,6.836241,93.0831,1,201.3163759112358,ENSG00000151366
ENSG00000146592,202.0,4.6052513,2.2426639,1,201.53947487473488,ENSG00000146592
ENSG00000132153,203.0,11.955297,4.027956,1,201.80447030067444,ENSG00000132153
ENSG00000176907,204.0,19.517637,5.2190084,1,202.04823625087735,ENSG00000176907
ENSG00000174456,203.0,6.832695,24.973389,1,202.3167304992676,ENSG00000174456
ENSG00000132470,205.0,19.474861,3.0463521,1,203.05251383781436,ENSG00000132470
ENSG00000170801,207.0,36.435337,10.524653,1,203.35646629333496,ENSG00000170801
ENSG00000168952,204.0,4.574765,4.0069323,1,203.5425234735012,ENSG00000168952
ENSG00000211460,205.0,11.831008,5.471558,1,203.8168991804123,ENSG00000211460
ENSG00000188783,208.0,36.06423,4.276934,1,204.39357686042783,ENSG00000188783
ENSG00000160445,205.0,6.047121,1.3045881,1,204.3952878713608,ENSG00000160445
ENSG00000083168,206.0,11.803861,2.980462,1,204.81961393356323,ENSG00000083168
ENSG00000070614,207.0,19.190956,1.0641422,1,205.08090436458588,ENSG00000070614
ENSG00000142748,206.0,6.3997383,10.598899,1,205.36002618074417,FCN3
ENSG00000047365,206.0,5.891394,1.4299567,1,205.4108605980873,ENSG00000047365
ENSG00000145216,207.0,11.803023,4.3005385,1,205.8196976184845,ENSG00000145216
ENSG00000130707,208.0,19.187542,1.8882632,1,206.08124577999115,ENSG00000130707
ENSG00000262246,207.0,6.809884,65.25558,1,206.31901156902316,ENSG00000262246
ENSG00000143320,210.0,35.970337,2.4602108,1,206.40296626091003,CRABP2
ENSG00000101888,207.0,5.8742256,1.7553709,1,206.41257745027545,ENSG00000101888
ENSG00000164221,207.0,5.746971,0.7061256,1,206.42530286312103,ENSG00000164221
ENSG00000277147,207.0,4.538742,6.5233183,1,206.5461257994175,ENSG00000277147
ENSG00000197142,208.0,12.248375,2.6200583,1,206.7751624584198,ENSG00000197142
ENSG00000139697,208.0,11.793337,3.213536,1,206.8206663131714,ENSG00000139697
ENSG00000167977,208.0,5.7453895,0.5629891,1,207.42546105384827,ENSG00000167977
ENSG00000166477,208.0,4.535332,1.707942,1,207.54646676778796,ENSG00000166477
ENSG00000143401,209.0,11.727713,6.218074,1,207.8272287845612,ENSG00000143401
ENSG00000138615,212.0,35.935104,12.693229,1,208.406489610672,CILP
ENSG00000106299,209.0,4.5347905,0.79590684,1,208.54652094841003,ENSG00000106299
ENSG00000163221,210.0,12.178669,16.701988,1,208.782133102417,S100A12
ENSG00000189091,210.0,11.727618,6.7722697,1,208.82723820209503,ENSG00000189091
ENSG00000133884,211.0,11.705606,2.977599,1,209.8294394016266,ENSG00000133884
ENSG00000138207,211.0,6.3274097,3.7426348,1,210.36725902557373,RBP4
ENSG00000163545,211.0,5.813654,2.5408554,1,210.4186345934868,ENSG00000163545
ENSG00000059145,211.0,5.4472,0.5701549,1,210.45528000593183,ENSG00000059145
ENSG00000130254,212.0,11.698948,3.4420996,1,210.83010518550876,ENSG00000130254
ENSG00000130309,212.0,6.780417,49.658424,1,211.32195830345157,ENSG00000130309
ENSG00000163788,212.0,6.3033843,0.6156383,1,211.3696615695953,ENSG00000163788
ENSG00000158457,212.0,5.773484,4.8535886,1,211.4226515889168,ENSG00000158457
ENSG00000019144,215.0,35.408226,1.2182409,1,211.45917749404907,ENSG00000019144
ENSG00000007255,213.0,11.674679,3.8639157,1,211.8325321674347,ENSG00000007255
ENSG00000151617,216.0,35.384758,6.2805624,1,212.4615242481232,ENSG00000151617
ENSG00000170242,214.0,11.640683,3.4329114,1,212.8359316587448,ENSG00000170242
ENSG00000204842,214.0,6.759534,40.974724,1,213.3240466117859,ENSG00000204842
ENSG00000105829,214.0,5.742882,1.75427,1,213.42571181058884,ENSG00000105829
ENSG00000198542,217.0,35.381165,8.847211,1,213.46188354492188,ITGBL1
ENSG00000102225,215.0,11.629638,3.5879805,1,213.8370362520218,ENSG00000102225
ENSG00000124216,215.0,6.238314,5.5520706,1,214.37616860866547,ENSG00000124216
ENSG00000134371,216.0,11.602432,3.1461074,1,214.83975672721863,ENSG00000134371
ENSG00000115947,216.0,6.751135,3.4920073,1,215.32488650083545,ENSG00000115947
ENSG00000162627,216.0,4.4304986,2.9788268,1,215.55695015192032,ENSG00000162627
ENSG00000099917,217.0,11.584285,4.562153,1,215.84157156944275,ENSG00000099917
ENSG00000070761,217.0,6.195039,0.7805406,1,216.38049614429477,ENSG00000070761
ENSG00000240857,217.0,4.435806,0.5338892,1,216.55641943216324,ENSG00000240857
ENSG00000132514,218.0,12.061265,16.605993,1,216.7938735485077,CLEC10A
ENSG00000173473,218.0,11.50515,3.3269877,1,216.849485039711,ENSG00000173473
ENSG00000183018,219.0,18.740313,6.5168285,1,217.1259686946869,ENSG00000183018
ENSG00000221887,218.0,5.6884866,8.58949,1,217.43115133047104,ENSG00000221887
ENSG00000144642,221.0,35.282284,0.93203485,1,217.47177171707156,ENSG00000144642
ENSG00000125779,218.0,4.405797,1.4848975,1,217.5594202876091,ENSG00000125779
ENSG00000162607,219.0,11.451557,2.9167717,1,217.85484433174133,ENSG00000162607
ENSG00000007944,219.0,6.1764493,2.2189152,1,218.382355093956,ENSG00000007944
ENSG00000020181,222.0,35.21404,6.5872545,1,218.4785962104797,ENSG00000020181
ENSG00000006712,220.0,11.448574,3.4436035,1,218.8551425933838,ENSG00000006712
ENSG00000162458,220.0,6.7120647,7.6593404,1,219.3287935256958,ENSG00000162458
ENSG00000123685,220.0,5.6524982,5.4782557,1,219.43475019931796,ENSG00000123685
ENSG00000105894,223.0,35.194843,3.8339696,1,219.48051571846008,ENSG00000105894
ENSG00000046651,221.0,11.44547,2.346074,1,219.85545301437375,ENSG00000046651
ENSG00000138246,221.0,4.3582354,1.800055,1,220.56417647004128,ENSG00000138246
ENSG00000205629,222.0,11.416297,4.8574324,1,220.85837030410767,ENSG00000205629
ENSG00000184110,222.0,6.7035847,123.71284,1,221.32964152097705,ENSG00000184110
ENSG00000198796,223.0,5.5965815,6.2508726,1,222.4403418302536,ENSG00000198796
ENSG00000144366,223.0,4.342633,0.7315098,1,222.56573671102524,ENSG00000144366
ENSG00000111707,224.0,11.393128,2.060797,1,222.86068713665009,ENSG00000111707
ENSG00000171943,224.0,6.699256,10.930791,1,223.330074429512,ENSG00000171943
ENSG00000237298,224.0,5.590365,2.222435,1,223.4409635066986,ENSG00000237298
ENSG00000151388,227.0,34.893894,8.449512,1,223.51061058044436,ENSG00000151388
ENSG00000119326,224.0,4.337719,1.6973647,1,223.5662280917168,ENSG00000119326
ENSG00000005102,226.0,18.424147,6.7163415,1,224.15758538246155,MEOX1
ENSG00000144580,225.0,6.699064,20.190203,1,224.33009362220764,ENSG00000144580
ENSG00000178053,225.0,4.3357954,1.2165356,1,224.56642046570775,ENSG00000178053
ENSG00000063978,226.0,11.307114,4.451142,1,224.8692886829376,ENSG00000063978
ENSG00000164283,226.0,6.1038766,8.915922,1,225.38961231708527,ESM1
ENSG00000166250,229.0,34.860756,6.858035,1,225.51392436027527,ENSG00000166250
ENSG00000065413,227.0,11.295516,3.3989878,1,225.8704483509064,ENSG00000065413
ENSG00000158859,227.0,6.0982456,5.84578,1,226.3901754617691,ENSG00000158859
ENSG00000162614,230.0,34.84779,5.501862,1,226.515221118927,ENSG00000162614
ENSG00000130304,228.0,6.6739035,32.047062,1,227.3326096534729,ENSG00000130304
ENSG00000123610,231.0,34.762,7.3669953,1,227.52379989624023,ENSG00000123610
ENSG00000110047,229.0,11.807454,2.3861039,1,227.81925463676453,ENSG00000110047
ENSG00000112079,229.0,11.271099,3.1974368,1,227.87289011478424,ENSG00000112079
ENSG00000102241,230.0,11.255805,3.4549427,1,228.8744194507599,ENSG00000102241
ENSG00000108100,230.0,6.0374117,2.784251,1,229.39625883102417,ENSG00000108100
ENSG00000119681,233.0,34.50687,7.626597,1,229.5493130683899,ENSG00000119681
ENSG00000198730,231.0,11.220091,3.8775315,1,229.87799096107483,ENSG00000198730
ENSG00000133027,231.0,4.2970247,0.8470089,1,230.57029753923416,ENSG00000133027
ENSG00000120802,232.0,11.210714,3.5872598,1,230.87892854213715,ENSG00000120802
ENSG00000166197,233.0,11.209018,4.5017567,1,231.87909817695615,ENSG00000166197
ENSG00000133466,236.0,34.42724,2.7345517,1,232.55727624893188,ENSG00000133466
ENSG00000003249,233.0,4.2796545,6.0804543,1,232.5720345377922,ENSG00000003249
ENSG00000109519,234.0,11.093874,4.136097,1,232.8906126022339,ENSG00000109519
ENSG00000148358,234.0,5.4963045,1.1849347,1,233.45036953687668,ENSG00000148358
ENSG00000198089,235.0,6.644451,31.972265,1,234.3355548977852,ENSG00000198089
ENSG00000091879,235.0,5.982939,3.3454068,1,234.4017060995102,ENSG00000091879
ENSG00000250786,238.0,34.377354,4.529008,1,234.56226468086243,ENSG00000250786
ENSG00000117395,236.0,11.057344,5.359174,1,234.8942655324936,ENSG00000117395
ENSG00000137266,236.0,5.4517264,4.673157,1,235.45482736825943,ENSG00000137266
ENSG00000257704,239.0,34.346657,4.9643774,1,235.5653343200684,ENSG00000257704
ENSG00000130816,237.0,11.033723,4.5852003,1,235.89662766456604,ENSG00000130816
ENSG00000106809,240.0,34.30634,9.530846,1,236.56936597824097,OGN
ENSG00000156804,237.0,4.2341857,1.735289,1,236.57658141851425,ENSG00000156804
ENSG00000154813,238.0,11.524495,1.0967057,1,236.84755051136017,ENSG00000154813
ENSG00000173207,238.0,11.002518,6.3342924,1,236.8997482061386,ENSG00000173207
ENSG00000137504,239.0,10.975148,2.0097723,1,237.9024851322174,ENSG00000137504
ENSG00000164867,240.0,17.362917,3.8922532,1,238.2637083530426,ENSG00000164867
ENSG00000165685,239.0,6.6246023,84.17814,1,238.33753979206085,ENSG00000165685
ENSG00000162402,239.0,5.4009757,0.87382036,1,238.45990240573883,ENSG00000162402
ENSG00000075420,242.0,34.091705,1.2845658,1,238.590829372406,ENSG00000075420
ENSG00000163328,240.0,6.6237082,41.28615,1,239.337629199028,ENSG00000163328
ENSG00000122870,243.0,33.92922,6.0540466,1,239.6070780754089,ENSG00000122870
ENSG00000139163,241.0,10.957982,3.7266753,1,239.9042017459869,ENSG00000139163
ENSG00000048471,241.0,6.6190915,33.24516,1,240.3380908370018,ENSG00000048471
ENSG00000107669,241.0,4.2074127,0.7061799,1,240.57925873994827,ENSG00000107669
ENSG00000067704,242.0,10.867866,4.4588957,1,240.91321349143985,ENSG00000067704
ENSG00000168887,242.0,6.6092076,17.948128,1,241.3390792608261,ENSG00000168887
ENSG00000131375,242.0,4.20165,0.77031845,1,241.579834997654,ENSG00000131375
ENSG00000166974,243.0,10.849754,3.9560413,1,241.91502451896667,ENSG00000166974
ENSG00000154655,243.0,5.3477187,5.28952,1,242.46522814035416,ENSG00000154655
ENSG00000284922,244.0,6.575877,7.4654922,1,243.3424122929573,ENSG00000284922
ENSG00000083857,247.0,33.613266,2.975003,1,243.63867330551147,ENSG00000083857
ENSG00000152465,245.0,6.5662003,8.44083,1,244.34337997436523,ENSG00000152465
ENSG00000239900,246.0,10.815183,8.410403,1,244.9184817075729,ENSG00000239900
ENSG00000154065,247.0,17.111967,6.125652,1,245.2888033390045,ENSG00000154065
ENSG00000131148,246.0,5.3005614,0.5087221,1,245.46994388103485,ENSG00000131148
ENSG00000003147,248.0,17.084976,0.6296724,1,246.29150235652924,ENSG00000003147
ENSG00000168566,247.0,4.1789546,1.3888708,1,246.58210453391075,ENSG00000168566
ENSG00000271605,248.0,6.5407224,80.67527,1,247.34592777490616,ENSG00000271605
ENSG00000001561,248.0,5.166628,4.0303273,1,247.48333722352984,ENSG00000001561
ENSG00000169018,248.0,4.1687984,0.72885525,1,247.5831201672554,ENSG00000169018
ENSG00000164176,251.0,33.111374,7.1911874,1,247.6888625621796,ENSG00000164176
ENSG00000163159,249.0,10.7734165,4.5839353,1,247.92265832424164,ENSG00000163159
ENSG00000055211,252.0,33.031635,1.4517155,1,248.6968364715576,ENSG00000055211
ENSG00000130396,251.0,16.775467,3.4054189,1,249.32245326042172,ENSG00000130396
ENSG00000197093,250.0,6.532427,76.07813,1,249.3467572927475,ENSG00000197093
ENSG00000115993,250.0,4.1581526,0.6700662,1,249.5841847360134,ENSG00000115993
ENSG00000165424,253.0,32.971302,2.7626102,1,249.7028698921204,ENSG00000165424
ENSG00000167113,251.0,10.665211,3.4543896,1,249.93347895145416,ENSG00000167113
ENSG00000156113,251.0,6.51585,44.248524,1,250.348415017128,ENSG00000156113
ENSG00000094975,251.0,5.109657,0.5430163,1,250.4890342950821,ENSG00000094975
ENSG00000102910,252.0,10.657672,4.5378146,1,250.93423283100128,ENSG00000102910
ENSG00000105339,252.0,6.5119057,47.330887,1,251.34880942106247,ENSG00000105339
ENSG00000175505,252.0,5.1091666,4.0213733,1,251.48908334970477,ENSG00000175505
ENSG00000134508,252.0,4.1547728,1.2560122,1,251.5845227241516,ENSG00000134508
ENSG00000134247,255.0,32.351646,1.3657613,1,251.764835357666,ENSG00000134247
ENSG00000172349,253.0,10.648985,1.2964379,1,251.93510150909424,ENSG00000172349
ENSG00000150048,254.0,16.736385,4.339015,1,252.3263614177704,ENSG00000150048
ENSG00000015568,253.0,6.508847,182.83174,1,252.3491152524948,ENSG00000015568
ENSG00000104635,253.0,4.150977,2.4375184,1,252.58490228652957,ENSG00000104635
ENSG00000131435,256.0,32.34469,0.7624603,1,252.76553106307983,ENSG00000131435
ENSG00000111615,254.0,10.5956545,4.194168,1,252.94043457508087,ENSG00000111615
ENSG00000165092,254.0,6.507163,249.3847,1,253.34928369522092,ENSG00000165092
ENSG00000108349,255.0,10.505451,2.9295995,1,253.9494549036026,ENSG00000108349
ENSG00000230724,255.0,6.5013423,25.376873,1,254.34986579418185,ENSG00000230724
ENSG00000154175,258.0,31.904951,7.438476,1,254.80950498580933,ENSG00000154175
ENSG00000136261,256.0,10.427526,6.5651937,1,254.957247376442,ENSG00000136261
ENSG00000227471,256.0,6.5007586,9.051556,1,255.34992414712903,ENSG00000227471
ENSG00000164683,256.0,5.72418,1.9081599,1,255.4275819659233,ENSG00000164683
ENSG00000173960,256.0,4.1413755,0.95919025,1,255.58586245775223,ENSG00000173960
ENSG00000137809,259.0,31.831802,9.153717,1,255.81681966781616,ENSG00000137809
ENSG00000214357,258.0,16.619333,5.8640146,1,256.33806669712067,ENSG00000214357
ENSG00000189184,260.0,31.828875,6.880738,1,256.8171124458313,ENSG00000189184
ENSG00000178896,258.0,10.388756,6.2034154,1,256.961124420166,ENSG00000178896
ENSG00000151689,259.0,16.568232,0.76879424,1,257.34317684173584,ENSG00000151689
ENSG00000125107,259.0,10.384967,3.6286952,1,257.9615032672882,ENSG00000125107
ENSG00000137841,259.0,6.4641485,35.552574,1,258.3535851240158,ENSG00000137841
ENSG00000179454,259.0,4.9758573,0.70440155,1,258.5024142861366,ENSG00000179454
ENSG00000168993,261.0,16.46317,6.2939196,1,259.3536831140518,ENSG00000168993
ENSG00000116157,263.0,31.488974,1.4678469,1,259.8511025905609,ENSG00000116157
ENSG00000047315,261.0,10.325214,4.10084,1,259.96747851371765,ENSG00000047315
ENSG00000170962,261.0,5.6788907,4.447165,1,260.4321109056473,ENSG00000170962
ENSG00000104549,261.0,4.9541273,0.5318552,1,260.5045872628689,ENSG00000104549
ENSG00000119640,261.0,4.0999794,1.4287437,1,260.5900020599365,ENSG00000119640
ENSG00000110811,264.0,31.472115,5.6172986,1,260.85278844833374,ENSG00000110811
ENSG00000139433,262.0,10.3092165,2.3078766,1,260.9690783023834,ENSG00000139433
ENSG00000163738,262.0,4.0634794,1.6610196,1,261.59365206956863,ENSG00000163738
ENSG00000126456,263.0,10.304744,2.6936474,1,261.9695255756378,ENSG00000126456
ENSG00000079150,266.0,31.354872,0.74830526,1,262.86451292037964,ENSG00000079150
ENSG00000121060,264.0,10.877704,4.777816,1,262.9122296571732,ENSG00000121060
ENSG00000134748,264.0,10.292498,3.7165532,1,262.9707502126694,ENSG00000134748
ENSG00000101445,264.0,4.898184,1.3367214,1,263.5101816058159,ENSG00000101445
ENSG00000172315,264.0,4.0550566,0.7754084,1,263.594494342804,ENSG00000172315
ENSG00000257621,265.0,10.233163,5.496998,1,263.9766837358475,ENSG00000257621
ENSG00000167637,265.0,6.433374,12.174821,1,264.35666263103485,ENSG00000167637
ENSG00000255833,265.0,4.8827977,10.142267,1,264.5117202401161,ENSG00000255833
ENSG00000132323,266.0,10.206227,3.8339024,1,264.9793772697449,ENSG00000132323
ENSG00000253506,266.0,5.6511545,6.252127,1,265.43488454818726,ENSG00000253506
ENSG00000188554,267.0,10.173364,3.705553,1,265.9826636314392,ENSG00000188554
ENSG00000188738,267.0,6.424199,11.251794,1,266.35758006572723,ENSG00000188738
ENSG00000166886,267.0,4.006641,2.8202696,1,266.59933590888977,ENSG00000166886
ENSG00000119559,268.0,10.141987,1.6961771,1,266.9858013391495,ENSG00000119559
ENSG00000070882,268.0,6.4137316,28.673523,1,267.3586268424988,ENSG00000070882
ENSG00000197106,268.0,3.9894354,5.6420126,1,267.60105645656586,ENSG00000197106
ENSG00000119699,271.0,31.034658,5.0730944,1,267.89653420448303,ENSG00000119699
ENSG00000103194,269.0,10.134052,4.1558557,1,267.9865947961807,ENSG00000103194
ENSG00000224420,270.0,16.171213,8.933364,1,268.3828786611557,ENSG00000224420
ENSG00000143127,269.0,5.632735,2.8341887,1,268.43672651052475,ENSG00000143127
ENSG00000164038,269.0,4.818759,2.3542473,1,268.51812410354614,ENSG00000164038
ENSG00000104290,269.0,3.9808822,1.2020832,1,268.6019117832184,ENSG00000104290
ENSG00000139174,272.0,30.956541,3.6757653,1,268.9043459892273,ENSG00000139174
ENSG00000167699,270.0,10.132724,4.418505,1,268.9867275953293,ENSG00000167699
ENSG00000008086,270.0,6.3888817,12.801098,1,269.3611118197441,ENSG00000008086
ENSG00000166889,270.0,3.9699593,1.5294001,1,269.6030040681362,ENSG00000166889
ENSG00000055917,271.0,10.126525,2.009481,1,269.9873474836349,ENSG00000055917
ENSG00000105642,271.0,4.7684216,9.618731,1,270.5231578350067,KCNN1
ENSG00000008196,271.0,3.965375,4.302475,1,270.6034625172615,ENSG00000008196
ENSG00000183801,274.0,30.711327,6.075523,1,270.9288673400879,ENSG00000183801
ENSG00000106785,272.0,6.361476,41.242516,1,271.36385238170624,ENSG00000106785
ENSG00000118271,272.0,5.6052732,2.8636377,1,271.4394726753235,TTR
ENSG00000150551,272.0,3.9642527,8.217839,1,271.6035747230053,ENSG00000150551
ENSG00000155254,275.0,30.660465,3.0636108,1,271.93395352363586,ENSG00000155254
ENSG00000130844,273.0,10.006914,5.2845874,1,271.9993085861206,ENSG00000130844
ENSG00000061676,273.0,5.602073,1.7435071,1,272.4397926926613,ENSG00000061676
ENSG00000186827,273.0,4.752905,0.80352134,1,272.5247095227241,TNFRSF4
ENSG00000100592,273.0,3.9556,1.5820531,1,272.6044400036335,ENSG00000100592
ENSG00000140983,274.0,9.941814,4.4825587,1,273.0058185458184,ENSG00000140983
ENSG00000078401,275.0,15.954162,6.1783795,1,273.40458381175995,EDN1
ENSG00000121879,274.0,4.700242,2.570466,1,273.5299758017063,ENSG00000121879
ENSG00000072682,274.0,3.9485376,1.085611,1,273.6051462292671,ENSG00000072682
ENSG00000149313,275.0,9.939298,3.5205798,1,274.0060702562332,ENSG00000149313
ENSG00000072274,275.0,6.349915,327.0058,1,274.3650084733963,ENSG00000072274
ENSG00000258839,275.0,3.9478269,1.8992909,1,274.605217307806,ENSG00000258839
ENSG00000080573,278.0,30.219257,8.482195,1,274.9780743122101,ENSG00000080573
ENSG00000152229,276.0,6.347965,44.285267,1,275.365203499794,ENSG00000152229
ENSG00000130940,276.0,4.6328597,2.535357,1,275.5367140173912,ENSG00000130940
ENSG00000143815,277.0,9.901068,3.3213036,1,276.00989323854446,ENSG00000143815
ENSG00000143951,277.0,6.3458595,11.880485,1,276.3654140233993,ENSG00000143951
ENSG00000100985,278.0,10.453291,4.410428,1,276.9546709060669,MMP9
ENSG00000136451,278.0,9.892665,2.9726815,1,277.01073348522186,ENSG00000136451
ENSG00000135116,278.0,3.921834,4.8748345,1,277.60781660676,ENSG00000135116
ENSG00000049323,281.0,29.877674,4.957525,1,278.012232542038,ENSG00000049323
ENSG00000128973,279.0,3.918827,1.0386943,1,278.6081172823906,ENSG00000128973
ENSG00000169155,280.0,10.434244,1.9314035,1,278.95657563209534,ENSG00000169155
ENSG00000198265,280.0,9.769536,3.57358,1,279.023046374321,ENSG00000198265
ENSG00000180979,280.0,6.3332944,6.3876696,1,279.36667054891586,ENSG00000180979
ENSG00000100614,280.0,4.529843,0.67803043,1,279.5470157265663,ENSG00000100614
ENSG00000071073,281.0,9.730689,1.1261132,1,280.0269311070442,ENSG00000071073
ENSG00000103544,281.0,6.331263,30.704424,1,280.36687368154526,ENSG00000103544
ENSG00000119139,281.0,4.5181937,3.3370712,1,280.5481806397438,ENSG00000119139
ENSG00000134532,281.0,3.8901956,2.123129,1,280.610980451107,ENSG00000134532
ENSG00000197070,282.0,9.715683,2.5785828,1,281.0284317135811,ENSG00000197070
ENSG00000182534,284.0,29.657572,1.1884453,1,281.03424286842346,ENSG00000182534
ENSG00000132561,283.0,15.631224,1.545684,1,281.43687760829926,ENSG00000132561
ENSG00000196586,282.0,5.3475037,1.1192453,1,281.4652496576309,ENSG00000196586
ENSG00000112365,282.0,4.507976,1.6318465,1,281.54920238256454,ENSG00000112365
ENSG00000166086,282.0,3.8884277,1.4391637,1,281.61115723848343,ENSG00000166086
ENSG00000115233,283.0,9.710969,5.3739753,1,282.0289031267166,ENSG00000115233
ENSG00000215386,285.0,29.581764,4.6802015,1,282.0418236255646,ENSG00000215386
ENSG00000138468,283.0,6.328877,31.833725,1,282.3671122789383,ENSG00000138468
ENSG00000151229,283.0,3.8776865,3.313375,1,282.6122313439846,ENSG00000151229
ENSG00000106460,284.0,9.669277,3.9360886,1,283.0330722928047,ENSG00000106460
ENSG00000180481,284.0,6.3178926,7.8492517,1,283.36821073293686,ENSG00000180481
ENSG00000270757,284.0,3.8736918,2.1380315,1,283.6126308143139,ENSG00000270757
ENSG00000169967,285.0,10.380026,3.9175966,1,283.9619973897934,ENSG00000169967
ENSG00000006652,285.0,9.655762,7.0577407,1,284.034423828125,ENSG00000006652
ENSG00000132964,285.0,3.8518758,3.2093828,1,284.61481243371964,ENSG00000132964
ENSG00000048405,286.0,9.631012,2.1326416,1,285.03689879179,ENSG00000048405
ENSG00000189409,288.0,29.020346,9.095901,1,285.0979654788971,ENSG00000189409
ENSG00000188676,286.0,4.4349546,8.999349,1,285.556504547596,ENSG00000188676
ENSG00000119487,286.0,3.8501904,0.95130605,1,285.61498096585274,ENSG00000119487
ENSG00000122482,287.0,9.551235,3.53411,1,286.0448764562607,ENSG00000122482
ENSG00000179094,287.0,6.3069963,48.131985,1,286.369300365448,ENSG00000179094
ENSG00000148541,288.0,15.486763,6.448846,1,286.4513237476349,ENSG00000148541
ENSG00000125851,287.0,3.8260605,4.793019,1,286.6173939406872,ENSG00000125851
ENSG00000134802,288.0,10.186172,10.991731,1,286.9813828468323,ENSG00000134802
ENSG00000143337,288.0,9.531715,3.6355326,1,287.04682844877243,ENSG00000143337
ENSG00000134138,290.0,28.953926,2.0233426,1,287.1046073436737,ENSG00000134138
ENSG00000213886,288.0,4.4038115,1.197131,1,287.5596188604832,UBD
ENSG00000154447,288.0,3.8229063,1.8109183,1,287.61770936846733,ENSG00000154447
ENSG00000110934,289.0,6.2997866,72.00437,1,288.3700213432312,ENSG00000110934
ENSG00000111181,289.0,4.3976116,6.8749247,1,288.5602388381958,ENSG00000111181
ENSG00000177917,291.0,9.449733,3.173199,1,290.0550267100334,ENSG00000177917
ENSG00000169071,293.0,28.721283,5.21959,1,290.1278717517853,ENSG00000169071
ENSG00000126091,291.0,6.2899547,13.632224,1,290.3710045218468,ENSG00000126091
ENSG00000035141,292.0,9.428197,3.817867,1,291.0571802854538,ENSG00000035141
ENSG00000168140,294.0,28.668852,5.0432935,1,291.1331148147583,ENSG00000168140
ENSG00000141098,292.0,5.157271,0.8934718,1,291.4842728972435,ENSG00000141098
ENSG00000113810,293.0,9.422629,5.3243017,1,292.05773705244064,ENSG00000113810
ENSG00000135679,293.0,6.283949,46.055202,1,292.3716050982475,ENSG00000135679
ENSG00000158467,293.0,4.3246098,0.5642362,1,292.567539036274,ENSG00000158467
ENSG00000114021,294.0,9.3758,4.542325,1,293.0624200105667,ENSG00000114021
ENSG00000185532,296.0,28.588623,3.8736107,1,293.14113759994507,ENSG00000185532
ENSG00000049239,294.0,4.2733984,0.9331863,1,293.57266014814377,ENSG00000049239
ENSG00000132122,294.0,3.7813933,1.7833356,1,293.6218606829643,ENSG00000132122
ENSG00000258227,295.0,10.026392,13.173948,1,293.99736082553864,ENSG00000258227
ENSG00000167272,295.0,9.3698,5.1052423,1,294.06302005052567,ENSG00000167272
ENSG00000172273,295.0,6.2710805,14.947956,1,294.37289196252823,ENSG00000172273
ENSG00000204160,295.0,4.2726107,1.6449895,1,294.57273894548416,ENSG00000204160
ENSG00000138175,295.0,3.7802536,0.75266606,1,294.62197464704514,ENSG00000138175
ENSG00000148229,296.0,9.353238,4.1489835,1,295.06467616558075,ENSG00000148229
ENSG00000164116,298.0,28.444834,5.9812546,1,295.1555166244507,ENSG00000164116
ENSG00000070814,296.0,6.2577915,67.921684,1,295.3742208480835,ENSG00000070814
ENSG00000227028,297.0,6.2565503,66.04468,1,296.3743449449539,ENSG00000227028
ENSG00000157224,297.0,3.7659898,1.2814217,1,296.62340101599693,ENSG00000157224
ENSG00000129460,298.0,9.331561,3.9975574,1,297.06684386730194,ENSG00000129460
ENSG00000076864,298.0,3.761813,1.527955,1,297.6238186955452,ENSG00000076864
ENSG00000100982,299.0,9.257843,3.1904113,1,298.0742157101631,ENSG00000100982
ENSG00000164610,299.0,3.7580738,0.75563616,1,298.6241926252842,ENSG00000164610
ENSG00000083099,300.0,9.228783,2.2444696,1,299.07712173461914,ENSG00000083099
ENSG00000122707,302.0,28.28494,2.092983,1,299.17150592803955,ENSG00000122707
ENSG00000244687,300.0,6.2494884,49.008915,1,299.3750511407852,ENSG00000244687
ENSG00000145545,300.0,4.1306524,1.2911892,1,299.58693474531174,ENSG00000145545
ENSG00000140367,300.0,3.7492695,1.181679,1,299.6250730454922,ENSG00000140367
ENSG00000132305,301.0,9.205394,5.7549562,1,300.0794606208801,ENSG00000132305
ENSG00000255737,301.0,3.749031,3.4057968,1,300.6250968873501,ENSG00000255737
ENSG00000141380,302.0,9.183713,3.651686,1,301.0816286802292,ENSG00000141380
ENSG00000165124,304.0,28.03062,8.506051,1,301.1969380378723,ENSG00000165124
ENSG00000282608,302.0,6.2424855,124.300224,1,301.3757514357567,ENSG00000282608
ENSG00000173404,302.0,4.1204615,8.61882,1,301.5879538655281,ENSG00000173404
ENSG00000086289,302.0,3.7319207,3.9246585,1,301.6268079280853,ENSG00000086289
ENSG00000116001,303.0,9.127054,4.444471,1,302.08729457855225,ENSG00000116001
ENSG00000102359,305.0,27.9983,4.7097588,1,302.2001700401306,ENSG00000102359
ENSG00000197077,303.0,5.0278835,1.49097,1,302.4972116351128,ENSG00000197077
ENSG00000164323,303.0,3.717475,0.6706191,1,302.6282525062561,ENSG00000164323
ENSG00000244879,304.0,9.116942,2.581441,1,303.08830577135086,ENSG00000244879
ENSG00000152377,306.0,27.99178,4.232191,1,303.20082211494446,ENSG00000152377
ENSG00000180616,304.0,3.7124965,3.0217009,1,303.6287503540516,ENSG00000180616
ENSG00000170632,305.0,9.097095,1.6339355,1,304.09029054641724,ENSG00000170632
ENSG00000165105,305.0,6.2289743,12.2563,1,304.37710255384445,ENSG00000165105
ENSG00000119630,305.0,5.019242,2.0948725,1,304.49807584285736,ENSG00000119630
ENSG00000138772,305.0,4.0817466,2.300273,1,304.5918253362179,ENSG00000138772
ENSG00000181610,306.0,9.076,3.357191,1,305.09239995479584,ENSG00000181610
ENSG00000165457,306.0,6.228568,218.20146,1,305.3771432042122,FOLR2
ENSG00000151240,306.0,3.7001607,1.5620445,1,305.62998393177986,ENSG00000151240
ENSG00000198431,307.0,9.841434,5.6905575,1,306.0158566236496,ENSG00000198431
ENSG00000170004,307.0,9.065747,3.014337,1,306.09342527389526,ENSG00000170004
ENSG00000106404,308.0,14.625025,3.6211815,1,306.5374975204468,ENSG00000106404
ENSG00000131467,308.0,9.054588,5.008225,1,307.09454119205475,ENSG00000131467
ENSG00000141458,308.0,6.225894,67.683205,1,307.37741059064865,ENSG00000141458
ENSG00000121898,309.0,14.619141,4.5518203,1,307.5380859375,ENSG00000121898
ENSG00000248323,309.0,9.780146,8.176156,1,308.021985411644,LUCAT1
ENSG00000101266,309.0,9.052342,4.2817416,1,308.09476578235626,ENSG00000101266
ENSG00000104723,311.0,27.699505,0.9193335,1,308.23004961013794,ENSG00000104723
ENSG00000254415,309.0,6.2251334,19.458603,1,308.3774866461754,ENSG00000254415
ENSG00000087237,309.0,4.971141,6.799811,1,308.5028859078884,ENSG00000087237
ENSG00000120658,309.0,4.042051,4.3211846,1,308.5957949161529,ENSG00000120658
ENSG00000179958,310.0,9.001324,4.5866766,1,309.0998676419258,ENSG00000179958
ENSG00000107719,310.0,6.2129226,29.069777,1,309.3787077665329,ENSG00000107719
ENSG00000175879,311.0,14.554071,3.759207,1,309.54459285736084,ENSG00000175879
ENSG00000111728,310.0,4.034126,0.75422245,1,309.5965874195099,ENSG00000111728
ENSG00000172613,311.0,6.211327,10.439219,1,310.3788672685623,ENSG00000172613
ENSG00000133316,312.0,8.996725,3.1196043,1,311.10032749176025,ENSG00000133316
ENSG00000163630,312.0,3.6752944,12.381434,1,311.6324705481529,ENSG00000163630
ENSG00000173120,313.0,8.9822855,2.9266584,1,312.1017714738846,ENSG00000173120
ENSG00000069431,313.0,6.202263,2.4472327,1,312.37977373600006,ENSG00000069431
ENSG00000101882,314.0,8.957468,2.2830281,1,313.10425317287445,ENSG00000101882
ENSG00000258818,316.0,27.293718,1.197436,1,313.27062821388245,ENSG00000258818
ENSG00000173210,315.0,14.439319,3.9533703,1,313.5560681819916,ENSG00000173210
ENSG00000091428,315.0,4.9312463,4.2806225,1,314.5068753659725,ENSG00000091428
ENSG00000245694,315.0,3.668505,0.6895963,1,314.6331495046616,ENSG00000245694
ENSG00000100991,316.0,8.949609,2.1987436,1,315.10503911972046,ENSG00000100991
ENSG00000155792,316.0,4.908329,2.3996015,1,315.5091671049595,ENSG00000155792
ENSG00000134824,316.0,3.6677814,1.3032619,1,315.6332218647003,ENSG00000134824
ENSG00000106603,317.0,8.9407,4.125444,1,316.1059300303459,ENSG00000106603
ENSG00000116833,318.0,14.407861,3.7919443,1,316.55921387672424,ENSG00000116833
ENSG00000233672,318.0,6.195253,23.930737,1,317.3804746866226,ENSG00000233672
ENSG00000151693,318.0,4.880176,2.90127,1,317.51198238134384,ENSG00000151693
ENSG00000111863,318.0,3.95422,3.7673514,1,317.6045779883861,ENSG00000111863
ENSG00000122970,318.0,3.6433744,0.5994746,1,317.6356625556946,ENSG00000122970
ENSG00000198121,321.0,27.033087,5.160792,1,318.2966914176941,ENSG00000198121
ENSG00000153208,319.0,6.1919875,97.61644,1,318.38080126047134,ENSG00000153208
ENSG00000180953,319.0,3.9228332,1.5741215,1,318.60771667957306,ENSG00000180953
ENSG00000108064,320.0,8.8727865,2.2992947,1,319.112721323967,ENSG00000108064
ENSG00000187730,320.0,4.8499312,5.3968215,1,319.51500687003136,ENSG00000187730
ENSG00000146094,321.0,6.1824064,85.13422,1,320.38175934553146,ENSG00000146094
ENSG00000176105,322.0,14.364729,0.795553,1,320.5635271072388,ENSG00000176105
ENSG00000154889,322.0,6.177058,52.582344,1,321.38229417800903,ENSG00000154889
ENSG00000174175,323.0,14.34186,8.760696,1,321.5658140182495,SELP
ENSG00000155016,322.0,3.606506,3.7548664,1,321.6393494009972,ENSG00000155016
ENSG00000179954,325.0,26.530794,7.057997,1,322.3469204902649,ENSG00000179954
ENSG00000166548,323.0,6.175293,11.868961,1,322.38247072696686,ENSG00000166548
ENSG00000114115,323.0,4.8171754,1.4987901,1,322.5182824730873,ENSG00000114115
ENSG00000073008,323.0,3.8253088,2.5753217,1,322.61746913194656,ENSG00000073008
ENSG00000167258,324.0,8.825781,1.5926502,1,323.1174219250679,ENSG00000167258
ENSG00000142185,324.0,6.174938,35.692207,1,323.3825061917305,ENSG00000142185
ENSG00000159640,324.0,4.8158474,6.657217,1,323.51841527223587,ENSG00000159640
ENSG00000153786,324.0,3.823847,0.9988813,1,323.61761528253555,ENSG00000153786
ENSG00000087077,324.0,3.5842395,1.6927483,1,323.64157605171204,ENSG00000087077
ENSG00000187079,327.0,26.390848,0.6517758,1,324.360915184021,ENSG00000187079
ENSG00000172113,325.0,6.16959,17.270296,1,324.38304102420807,ENSG00000172113
ENSG00000185010,325.0,4.802289,3.2091212,1,324.5197710990906,ENSG00000185010
ENSG00000136114,326.0,14.311901,4.5447855,1,324.5688098669052,ENSG00000136114
ENSG00000172817,325.0,3.7597785,3.5624707,1,324.62402215600014,ENSG00000172817
ENSG00000225470,326.0,8.821362,2.822471,1,325.11786383390427,ENSG00000225470
ENSG00000152952,328.0,26.334322,1.6886307,1,325.3665678501129,ENSG00000152952
ENSG00000103942,326.0,3.7345715,2.5804334,1,325.62654286623,ENSG00000103942
ENSG00000139173,326.0,3.5776017,2.0203958,1,325.6422398388386,ENSG00000139173
ENSG00000175352,327.0,9.418578,3.6497095,1,326.0581421852112,ENSG00000175352
ENSG00000175634,327.0,8.82053,2.4691758,1,326.1179469823837,ENSG00000175634
ENSG00000124126,327.0,6.149335,12.654829,1,326.3850665092468,ENSG00000124126
ENSG00000147601,328.0,8.814387,3.1928132,1,327.1185612678528,ENSG00000147601
ENSG00000172935,330.0,26.254425,8.426873,1,327.3745574951172,ENSG00000172935
ENSG00000101040,328.0,6.147643,19.1371,1,327.3852356672287,ENSG00000101040
ENSG00000064651,328.0,4.7600193,1.1818206,1,327.5239980816841,ENSG00000064651
ENSG00000249242,328.0,3.7281547,4.128135,1,327.62718454003334,ENSG00000249242
ENSG00000225321,329.0,6.1456265,9.57946,1,328.3854373693466,ENSG00000225321
ENSG00000144857,331.0,26.071127,2.8056498,1,328.3928873538971,ENSG00000144857
ENSG00000160145,329.0,4.741647,3.5715923,1,328.52583533525467,ENSG00000160145
ENSG00000185386,330.0,14.15904,5.2021427,1,328.584095954895,ENSG00000185386
ENSG00000148334,329.0,3.7251215,1.3076764,1,328.6274878382683,ENSG00000148334
ENSG00000139354,329.0,3.5637667,0.72605866,1,328.64362332224846,ENSG00000139354
ENSG00000146070,330.0,9.333352,8.782852,1,329.06666481494904,PLA2G7
ENSG00000116906,330.0,8.786933,4.2645154,1,329.1213067173958,ENSG00000116906
ENSG00000104517,331.0,8.775481,2.9170153,1,330.12245190143585,ENSG00000104517
ENSG00000283632,331.0,4.7390103,4.7169285,1,330.5260989665985,ENSG00000283632
ENSG00000102996,332.0,14.103256,5.450736,1,330.58967435359955,ENSG00000102996
ENSG00000145431,331.0,3.6867704,3.2641375,1,330.63132295012474,ENSG00000145431
ENSG00000151882,331.0,3.5550795,1.4107838,1,330.64449205994606,ENSG00000151882
ENSG00000169203,332.0,6.1382985,31.713423,1,331.3861701488495,ENSG00000169203
ENSG00000061918,334.0,25.955309,6.653983,1,331.4044690132141,ENSG00000061918
ENSG00000170891,333.0,14.094136,2.5824316,1,331.5905864238739,ENSG00000170891
ENSG00000105821,333.0,8.703319,4.480638,1,332.1296681165695,ENSG00000105821
ENSG00000106511,334.0,14.044654,6.21869,1,332.5955345630646,ENSG00000106511
ENSG00000131037,333.0,3.5525057,3.6695838,1,332.6447494328022,ENSG00000131037
ENSG00000131165,334.0,8.66996,3.631081,1,333.13300400972366,ENSG00000131165
ENSG00000100209,334.0,6.1354547,11.559635,1,333.3864545226097,ENSG00000100209
ENSG00000267712,334.0,3.6608627,16.671776,1,333.63391372561455,LINC01539
ENSG00000154305,335.0,8.661289,3.149882,1,334.1338710784912,ENSG00000154305
ENSG00000178764,335.0,3.6456697,0.5305258,1,334.63543301820755,ENSG00000178764
ENSG00000136478,335.0,3.5392904,1.9293842,1,334.64607095718384,ENSG00000136478
ENSG00000178623,336.0,9.208158,4.7663093,1,335.0791842341423,ENSG00000178623
ENSG00000204713,336.0,8.655949,4.3237586,1,335.1344051361084,ENSG00000204713
ENSG00000157240,338.0,25.746456,4.895232,1,335.4253544807434,ENSG00000157240
ENSG00000115520,337.0,8.647254,4.505233,1,336.13527458906174,ENSG00000115520
ENSG00000135838,337.0,6.123303,152.07043,1,336.38766968250275,ENSG00000135838
ENSG00000230630,339.0,25.527725,5.2667336,1,336.44722747802734,ENSG00000230630
ENSG00000186854,337.0,3.6090338,2.380579,1,336.63909661769867,ENSG00000186854
ENSG00000174173,338.0,8.641598,2.8097146,1,337.13584023714066,ENSG00000174173
ENSG00000139436,338.0,6.1127615,50.03206,1,337.38872385025024,ENSG00000139436
ENSG00000128606,340.0,25.433722,5.843685,1,337.45662784576416,ENSG00000128606
ENSG00000160447,339.0,13.903064,4.448761,1,337.60969364643097,ENSG00000160447
ENSG00000136630,338.0,3.608967,2.1989005,1,337.6391032934189,ENSG00000136630
ENSG00000172146,339.0,6.1026855,9.323734,1,338.3897314667702,ENSG00000172146
ENSG00000230223,339.0,4.6550317,10.153809,1,338.53449684381485,ATXN8OS
ENSG00000112787,339.0,3.6063843,3.4199617,1,338.6393615603447,ENSG00000112787
ENSG00000024048,340.0,8.635012,1.1555922,1,339.1364988088608,ENSG00000024048
ENSG00000065882,340.0,6.1023164,32.408142,1,339.3897683620453,ENSG00000065882
ENSG00000114378,340.0,4.65169,5.748298,1,339.53483098745346,ENSG00000114378
ENSG00000133315,340.0,3.5124354,2.779254,1,339.6487564444542,ENSG00000133315
ENSG00000143294,341.0,8.539297,2.8292084,1,340.14607030153275,ENSG00000143294
ENSG00000154262,343.0,25.253942,4.679437,1,340.4746057987213,ENSG00000154262
ENSG00000198478,342.0,13.846156,3.579391,1,340.61538434028625,ENSG00000198478
ENSG00000254004,341.0,3.573786,0.83131295,1,340.6426213979721,ENSG00000254004
ENSG00000008405,341.0,3.5109231,0.7892247,1,340.6489076912403,ENSG00000008405
ENSG00000164902,342.0,8.520157,3.9524825,1,341.1479843258858,ENSG00000164902
ENSG00000119711,342.0,6.097049,10.9258375,1,341.3902950882912,ENSG00000119711
ENSG00000145623,344.0,25.248339,1.8145989,1,341.4751660823822,ENSG00000145623
ENSG00000189241,343.0,8.517116,2.9543688,1,342.1482884287834,ENSG00000189241
ENSG00000224424,343.0,6.096547,8.837314,1,342.39034527540207,ENSG00000224424
ENSG00000112902,345.0,25.206978,1.2339414,1,342.47930216789246,ENSG00000112902
ENSG00000161649,344.0,13.771647,6.821883,1,342.62283527851105,CD300LG
ENSG00000064115,343.0,3.5019326,0.68155295,1,342.6498067378998,ENSG00000064115
ENSG00000204899,344.0,8.515625,2.9622374,1,343.1484375,ENSG00000204899
ENSG00000165805,344.0,6.094294,9.08932,1,343.3905705809593,ENSG00000165805
ENSG00000166510,344.0,3.5281038,8.512239,1,343.647189617157,ENSG00000166510
ENSG00000162944,344.0,3.4976213,2.725607,1,343.65023785829544,ENSG00000162944
ENSG00000133083,347.0,25.1577,3.3502696,1,344.4842300415039,ENSG00000133083
ENSG00000180530,345.0,3.523035,1.1697377,1,344.6476964950561,ENSG00000180530
ENSG00000113327,346.0,6.084521,10.680942,1,345.3915479183197,ENSG00000113327
ENSG00000129595,347.0,13.589974,1.910244,1,345.64100253582,ENSG00000129595
ENSG00000170791,347.0,8.385033,4.07577,1,346.161496758461,ENSG00000170791
ENSG00000175489,347.0,6.081603,32.219456,1,346.3918396830559,ENSG00000175489
ENSG00000174307,349.0,24.977352,1.3329167,1,346.5022647380829,ENSG00000174307
ENSG00000081803,348.0,13.467185,3.3357544,1,346.6532814502716,ENSG00000081803
ENSG00000116221,348.0,8.378485,5.200794,1,347.16215151548386,ENSG00000116221
ENSG00000181404,348.0,6.068284,10.870709,1,347.39317160844803,ENSG00000181404
ENSG00000106366,350.0,24.967594,5.940028,1,347.50324058532715,ENSG00000106366
ENSG00000130204,348.0,3.4715245,1.020965,1,347.65284755826,ENSG00000130204
ENSG00000115009,349.0,9.021056,16.62975,1,348.0978943705559,CCL20
ENSG00000116815,349.0,8.375444,4.4305415,1,348.16245555877686,ENSG00000116815
ENSG00000182985,349.0,6.067974,139.87947,1,348.3932026028633,ENSG00000182985
ENSG00000105270,351.0,24.871897,3.7267296,1,348.5128102302551,ENSG00000105270
ENSG00000104866,349.0,3.4691198,2.713364,1,348.6530880331993,ENSG00000104866
ENSG00000198682,350.0,8.991654,4.0287414,1,349.10083454847336,ENSG00000198682
ENSG00000244479,350.0,6.0610595,54.869434,1,349.3938940763473,ENSG00000244479
ENSG00000174744,351.0,8.347125,3.1397429,1,350.1652874946594,ENSG00000174744
ENSG00000197548,351.0,6.0580606,88.250916,1,350.3941939473152,ENSG00000197548
ENSG00000152284,351.0,4.598984,3.8273373,1,350.5401016175747,ENSG00000152284
ENSG00000176695,352.0,6.0570927,33.566296,1,351.3942907452584,ENSG00000176695
ENSG00000171451,354.0,24.716,3.9038496,1,351.5283999443054,ENSG00000171451
ENSG00000133687,352.0,4.593556,4.4960084,1,351.54064440727234,ENSG00000133687
ENSG00000173264,352.0,3.4454668,2.2981696,1,351.65545332431793,ENSG00000173264
ENSG00000143862,352.0,3.3286002,2.035738,1,351.6671399772167,ENSG00000143862
ENSG00000164758,353.0,8.167688,2.4401894,1,352.18323117494583,ENSG00000164758
ENSG00000169398,353.0,6.0519958,18.822454,1,352.3948004245758,ENSG00000169398
ENSG00000211448,355.0,24.711637,7.6437125,1,352.5288362503052,ENSG00000211448
ENSG00000165156,353.0,3.4446695,0.92282397,1,352.6555330455303,ENSG00000165156
ENSG00000174007,354.0,3.2955682,1.2443856,1,353.6704431772232,ENSG00000174007
ENSG00000115457,355.0,13.190111,1.5300059,1,353.680988907814,ENSG00000115457
ENSG00000139842,355.0,8.112557,2.5900502,1,354.1887442469597,ENSG00000139842
ENSG00000215114,355.0,6.046315,37.347076,1,354.3953684568405,ENSG00000215114
ENSG00000163739,355.0,3.4221992,6.4473553,1,354.6577800810337,CXCL1
ENSG00000214087,356.0,8.102021,3.8442507,1,355.1897978782654,ENSG00000214087
ENSG00000204410,356.0,6.045059,12.608341,1,355.3954941034317,ENSG00000204410
ENSG00000183098,358.0,24.52328,4.4673934,1,355.54767203330994,ENSG00000183098
ENSG00000139977,356.0,3.4112587,2.595312,1,355.65887412428856,ENSG00000139977
ENSG00000080345,357.0,8.0952,3.0329144,1,356.19048005342484,ENSG00000080345
ENSG00000115590,358.0,8.785351,12.216268,1,357.121464908123,ENSG00000115590
ENSG00000121741,358.0,8.065203,2.1020496,1,357.1934797167778,ENSG00000121741
ENSG00000106927,358.0,4.5294776,2.5475328,1,357.54705223441124,AMBP
ENSG00000171812,360.0,24.421215,7.4311213,1,357.5578784942627,ENSG00000171812
ENSG00000164930,359.0,13.124904,0.9060738,1,357.68750965595245,ENSG00000164930
ENSG00000158526,359.0,8.041698,3.2093575,1,358.1958301663399,ENSG00000158526
ENSG00000138035,359.0,6.0289927,23.139267,1,358.3971007466316,ENSG00000138035
ENSG00000185963,359.0,3.3953009,1.3127122,1,358.6604699194432,ENSG00000185963
ENSG00000198015,360.0,8.032587,5.0807586,1,359.1967412829399,ENSG00000198015
ENSG00000165269,360.0,4.5233026,7.0183954,1,359.5476697385311,AQP7
ENSG00000182704,362.0,24.372458,1.3505603,1,359.5627541542053,ENSG00000182704
ENSG00000137941,360.0,3.3931777,4.0628605,1,359.6606822311878,ENSG00000137941
ENSG00000102710,361.0,7.9903445,3.6060874,1,360.2009655237198,ENSG00000102710
ENSG00000054598,361.0,4.522125,5.412117,1,360.5477875173092,ENSG00000054598
ENSG00000115129,363.0,24.31243,1.4498825,1,360.56875705718994,ENSG00000115129
ENSG00000148468,362.0,12.974231,3.6644998,1,360.70257687568665,ENSG00000148468
ENSG00000204120,362.0,6.0199656,31.08501,1,361.3980034589768,ENSG00000204120
ENSG00000163431,364.0,24.305792,8.9473505,1,361.56942081451416,ENSG00000163431
ENSG00000135776,362.0,3.2158964,2.7398345,1,361.6784103512764,ENSG00000135776
ENSG00000172336,363.0,7.906365,3.7126586,1,362.2093635201454,ENSG00000172336
ENSG00000147408,363.0,6.0198326,40.289425,1,362.3980167508125,ENSG00000147408
ENSG00000169689,364.0,7.8358574,4.898485,1,363.2164142727852,ENSG00000169689
ENSG00000177374,366.0,24.218159,6.623151,1,363.5781841278076,ENSG00000177374
ENSG00000197253,364.0,3.3833811,47.757618,1,363.66166189312935,TPSB2
ENSG00000161654,365.0,7.82722,3.9125273,1,364.2172780036926,ENSG00000161654
ENSG00000244509,365.0,6.0012174,32.25133,1,364.3998782634735,ENSG00000244509
ENSG00000104967,365.0,4.484308,6.24983,1,364.55156922340393,ENSG00000104967
ENSG00000203805,367.0,24.182972,7.116812,1,364.581702709198,ENSG00000203805
ENSG00000139572,366.0,8.640841,8.435802,1,365.1359159350395,ENSG00000139572
ENSG00000129353,366.0,7.819158,1.8774835,1,365.21808421611786,ENSG00000129353
ENSG00000115602,366.0,3.3776965,6.7924557,1,365.6622303426266,IL1RL1
ENSG00000146281,366.0,3.2080512,0.9034254,1,365.6791948676109,ENSG00000146281
ENSG00000132155,367.0,7.7847466,4.1416574,1,366.22152531147,ENSG00000132155
ENSG00000128581,367.0,6.000619,3.8509295,1,366.39993810653687,ENSG00000128581
ENSG00000137693,369.0,24.10001,1.9453174,1,366.589998960495,ENSG00000137693
ENSG00000128578,367.0,3.1901386,2.3262029,1,366.6809861361981,ENSG00000128578
ENSG00000182568,368.0,8.598056,3.0878081,1,367.1401944160461,ENSG00000182568
ENSG00000100445,368.0,7.7507887,4.425994,1,367.2249211072922,ENSG00000100445
ENSG00000198837,368.0,5.99547,33.71423,1,367.4004529714584,ENSG00000198837
ENSG00000133812,368.0,4.433685,1.8742313,1,367.55663150548935,ENSG00000133812
ENSG00000172986,370.0,24.092918,5.918161,1,367.5907082557678,ENSG00000172986
ENSG00000166181,369.0,7.748546,4.0451107,1,368.22514539957047,ENSG00000166181
ENSG00000064726,369.0,3.1493282,0.63740087,1,368.6850671768189,ENSG00000064726
ENSG00000063854,370.0,7.718207,2.8755078,1,369.2281793355942,ENSG00000063854
ENSG00000103264,371.0,12.142999,2.146393,1,369.7857000827789,ENSG00000103264
ENSG00000166803,371.0,5.9660106,4.3001513,1,370.40339893102646,ENSG00000166803
ENSG00000126458,371.0,4.415507,3.7757587,1,370.5584493279457,ENSG00000126458
ENSG00000115963,373.0,23.920956,0.57914335,1,370.6079044342041,ENSG00000115963
ENSG00000137692,372.0,7.674587,2.8952808,1,371.2325413227081,ENSG00000137692
ENSG00000166130,374.0,23.874529,1.7393184,1,371.61254715919495,ENSG00000166130
ENSG00000081913,372.0,3.3602698,2.7870376,1,371.6639730334282,ENSG00000081913
ENSG00000159216,375.0,23.732222,0.9033515,1,372.6267778873444,ENSG00000159216
ENSG00000064995,374.0,7.6670794,3.2291331,1,373.2332920432091,ENSG00000064995
ENSG00000010319,374.0,4.3896203,9.258528,1,373.5610379576683,SEMA3G
ENSG00000100029,374.0,3.351734,0.6523345,1,373.6648266017437,ENSG00000100029
ENSG00000005243,377.0,23.597424,2.7664473,1,374.6402575969696,ENSG00000005243
ENSG00000198225,375.0,3.35111,3.9314275,1,374.6648890078068,ENSG00000198225
ENSG00000113649,376.0,7.640366,2.7511976,1,375.2359634041786,ENSG00000113649
ENSG00000131459,378.0,23.581537,2.1853774,1,375.64184617996216,ENSG00000131459
ENSG00000135924,376.0,3.343103,2.7639596,1,375.6656897068024,ENSG00000135924
ENSG00000128833,377.0,12.004318,2.6361997,1,375.79956817626953,ENSG00000128833
ENSG00000105855,377.0,8.413944,2.489687,1,376.1586055755615,ENSG00000105855
ENSG00000134779,377.0,7.584815,4.2405257,1,376.24151849746704,ENSG00000134779
ENSG00000110237,379.0,23.501614,2.69003,1,376.6498386859894,ENSG00000110237
ENSG00000141456,377.0,3.0718853,1.0841719,1,376.6928114593029,ENSG00000141456
ENSG00000165434,378.0,4.355609,0.57509106,1,377.5644391179085,ENSG00000165434
ENSG00000116675,378.0,3.3374095,4.633187,1,377.66625905036926,ENSG00000116675
ENSG00000196139,379.0,11.861972,2.0595782,1,377.8138028383255,ENSG00000196139
ENSG00000050426,379.0,7.5490303,3.1026337,1,378.2450969815254,ENSG00000050426
ENSG00000172932,379.0,5.910445,34.455307,1,378.4089554548264,ENSG00000172932
ENSG00000160058,380.0,7.5062847,2.6961129,1,379.2493715286255,ENSG00000160058
ENSG00000189298,380.0,5.9089975,6.505469,1,379.4091002345085,ENSG00000189298
ENSG00000106976,382.0,23.381887,3.6024752,1,379.6618113517761,ENSG00000106976
ENSG00000099840,380.0,3.041763,3.6387331,1,379.6958236992359,ENSG00000099840
ENSG00000166025,381.0,3.320481,1.2150508,1,380.66795188188553,ENSG00000166025
ENSG00000260027,382.0,11.708199,0.5467445,1,380.8291801214218,ENSG00000260027
ENSG00000171960,382.0,7.463414,2.6879792,1,381.25365859270096,ENSG00000171960
ENSG00000167657,382.0,3.3185616,0.67891383,1,381.668143838644,ENSG00000167657
ENSG00000145147,384.0,23.283472,5.9318433,1,381.6716527938843,ENSG00000145147
ENSG00000111907,383.0,11.685035,1.1580055,1,381.8314964771271,ENSG00000111907
ENSG00000136717,383.0,7.455055,2.5305648,1,382.2544944882393,ENSG00000136717
ENSG00000269713,383.0,5.8980646,10.135505,1,382.4101935625076,ENSG00000269713
ENSG00000108018,383.0,3.300056,4.122789,1,382.6699944138527,ENSG00000108018
ENSG00000126603,385.0,23.271599,6.748315,1,382.6728401184082,ENSG00000126603
ENSG00000165516,384.0,7.3786373,4.2495875,1,383.2621362805367,ENSG00000165516
ENSG00000257727,384.0,5.8903303,17.947866,1,383.41096699237823,ENSG00000257727
ENSG00000166833,384.0,3.295498,0.5795963,1,383.6704502105713,ENSG00000166833
ENSG00000177963,385.0,7.236234,4.691015,1,384.2763766050339,ENSG00000177963
ENSG00000105612,385.0,5.8896136,104.545,1,384.41103863716125,ENSG00000105612
ENSG00000074356,385.0,3.288769,1.174583,1,384.67112308740616,ENSG00000074356
ENSG00000065559,385.0,2.9833074,1.2320725,1,384.7016692757607,ENSG00000065559
ENSG00000214212,386.0,8.328452,9.421902,1,385.16715478897095,ENSG00000214212
ENSG00000122692,386.0,7.186044,2.0625381,1,385.28139555454254,ENSG00000122692
ENSG00000112033,386.0,5.8873754,16.212059,1,385.4112624526024,ENSG00000112033
ENSG00000116106,386.0,4.292058,1.9925814,1,385.5707941949368,ENSG00000116106
ENSG00000148053,386.0,3.2818928,2.96583,1,385.6718107163906,ENSG00000148053
ENSG00000184730,387.0,8.281523,5.329469,1,386.1718477010727,ENSG00000184730
ENSG00000114302,387.0,7.1509295,2.018604,1,386.2849070429802,ENSG00000114302
ENSG00000170266,387.0,5.887302,111.44729,1,386.4112697839737,ENSG00000170266
ENSG00000196507,387.0,3.2759306,1.2146437,1,386.6724069416523,ENSG00000196507
ENSG00000065308,389.0,23.078068,0.6751948,1,386.6921932697296,ENSG00000065308
ENSG00000186174,387.0,2.9489605,0.6722433,1,386.7051039338112,ENSG00000186174
ENSG00000101901,388.0,7.14929,3.8579104,1,387.285071015358,ENSG00000101901
ENSG00000206538,390.0,22.993952,5.6397047,1,387.7006049156189,ENSG00000206538
ENSG00000157837,388.0,2.9485767,0.7531709,1,387.7051423192024,ENSG00000157837
ENSG00000197170,389.0,7.129623,4.168283,1,388.287037730217,ENSG00000197170
ENSG00000154529,389.0,4.2706885,1.7503388,1,388.5729311406613,ENSG00000154529
ENSG00000091129,389.0,3.2607007,3.928567,1,388.6739299297333,ENSG00000091129
ENSG00000162337,390.0,11.280763,2.0724971,1,388.87192368507385,ENSG00000162337
ENSG00000113851,390.0,7.1175537,4.555989,1,389.2882446050644,ENSG00000113851
ENSG00000106588,390.0,5.874271,85.30106,1,389.4125729203224,ENSG00000106588
ENSG00000185633,390.0,4.261191,5.8084345,1,389.5738809108734,NDUFA4L2
ENSG00000224597,390.0,3.2595742,6.6429935,1,389.6740425825119,ENSG00000224597
ENSG00000118473,392.0,22.9293,5.9460616,1,389.7070698738098,ENSG00000118473
ENSG00000166503,391.0,11.153728,1.7515764,1,389.8846272230148,ENSG00000166503
ENSG00000188786,391.0,8.247571,1.8923297,1,390.1752429008484,ENSG00000188786
ENSG00000105366,391.0,5.874264,53.993973,1,390.41257363557816,ENSG00000105366
ENSG00000154001,391.0,3.259288,1.1159092,1,390.6740711927414,ENSG00000154001
ENSG00000175745,394.0,22.776001,3.8124928,1,391.72239995002747,ENSG00000175745
ENSG00000137133,393.0,7.101796,3.0539107,1,392.2898203730583,ENSG00000137133
ENSG00000118777,393.0,4.2347603,4.1893954,1,392.5765239596367,ENSG00000118777
ENSG00000088727,393.0,3.245215,0.9817917,1,392.6754785180092,ENSG00000088727
ENSG00000116095,393.0,2.914884,0.80237067,1,392.7085115909576,ENSG00000116095
ENSG00000118849,395.0,22.569197,2.360699,1,392.74308037757874,RARRES1
ENSG00000105556,394.0,11.092447,1.8235935,1,392.8907552957535,ENSG00000105556
ENSG00000132589,394.0,7.0793905,2.1542692,1,393.29206097126007,ENSG00000132589
ENSG00000225484,395.0,7.058808,2.907245,1,394.2941192388535,ENSG00000225484
ENSG00000233610,395.0,3.2278967,8.929086,1,394.67721033096313,ENSG00000233610
ENSG00000133816,397.0,22.434912,2.5404618,1,394.7565088272095,ENSG00000133816
ENSG00000086589,396.0,7.052016,2.4511836,1,395.2947984337807,ENSG00000086589
ENSG00000163132,396.0,4.160851,4.340946,1,395.5839149057865,ENSG00000163132
ENSG00000105664,398.0,22.40857,10.706521,1,395.75914311409,COMP
ENSG00000075131,397.0,5.863353,9.744157,1,396.4136646986008,ENSG00000075131
ENSG00000105722,398.0,10.811201,1.131368,1,396.9188798666,ENSG00000105722
ENSG00000101290,398.0,7.0230517,4.0615954,1,397.2976948022842,ENSG00000101290
ENSG00000130244,398.0,5.8613586,5.896992,1,397.4138641357422,ENSG00000130244
ENSG00000095917,398.0,3.2152317,20.051254,1,397.6784768402576,TPSD1
ENSG00000144867,399.0,7.009072,4.307924,1,398.29909282922745,ENSG00000144867
ENSG00000183853,401.0,22.295507,1.1560067,1,398.7704491615296,ENSG00000183853
ENSG00000147202,400.0,10.594113,1.1752392,1,398.94058871269226,ENSG00000147202
ENSG00000153179,400.0,8.163156,5.087958,1,399.18368446826935,ENSG00000153179
ENSG00000104231,400.0,6.9822016,3.6994703,1,399.30177986621857,ENSG00000104231
ENSG00000164120,400.0,3.210353,2.8162615,1,399.67896470427513,HPGD
ENSG00000183779,402.0,22.265755,1.7037596,1,399.77342462539673,ENSG00000183779
ENSG00000068323,401.0,8.161322,3.1593227,1,400.1838678121567,ENSG00000068323
ENSG00000117713,401.0,6.918939,3.0719538,1,400.3081060647965,ENSG00000117713
ENSG00000170293,402.0,10.246444,2.2282128,1,400.9753556251526,ENSG00000170293
ENSG00000090686,402.0,6.8363886,4.7479124,1,401.3163611292839,ENSG00000090686
ENSG00000140406,403.0,10.005514,2.6250894,1,401.99944853782654,ENSG00000140406
ENSG00000114127,403.0,6.832089,3.1989102,1,402.3167911171913,ENSG00000114127
ENSG00000063660,405.0,21.74291,2.6639054,1,402.8257088661194,ENSG00000063660
ENSG00000168994,404.0,4.086764,2.5148525,1,403.5913236141205,ENSG00000168994
ENSG00000179241,404.0,3.1990745,1.8739061,1,403.6800925433636,ENSG00000179241
ENSG00000165633,406.0,21.724823,1.6121545,1,403.827517747879,ENSG00000165633
ENSG00000006459,405.0,8.144835,2.9045372,1,404.1855164766312,ENSG00000006459
ENSG00000128585,405.0,6.7879605,3.35064,1,404.32120394706726,ENSG00000128585
ENSG00000206418,405.0,5.8272376,5.828757,1,404.417276263237,ENSG00000206418
ENSG00000086991,408.0,21.617224,2.6343684,1,405.8382775783539,ENSG00000086991
ENSG00000171497,407.0,6.785864,3.7304966,1,406.3214136362076,ENSG00000171497
ENSG00000015479,407.0,5.822887,46.762882,1,406.4177113175392,ENSG00000015479
ENSG00000172236,407.0,3.173931,57.07653,1,406.6826069056988,TPSAB1
ENSG00000143569,408.0,6.6662726,6.1916437,1,407.3333727121353,ENSG00000143569
ENSG00000089127,408.0,5.8221555,57.826813,1,407.4177844524384,ENSG00000089127
ENSG00000182263,408.0,3.17306,3.7940662,1,407.6826940178871,ENSG00000182263
ENSG00000121440,410.0,21.561369,0.65685046,1,407.8438630104065,ENSG00000121440
ENSG00000198625,409.0,6.6391954,3.697582,1,408.33608043193817,ENSG00000198625
ENSG00000248092,409.0,5.8201685,13.102336,1,408.417983174324,ENSG00000248092
ENSG00000162642,410.0,6.629214,3.396732,1,409.3370786309242,ENSG00000162642
ENSG00000146648,412.0,21.523708,3.6235127,1,409.847629070282,ENSG00000146648
ENSG00000135723,411.0,8.725806,0.96359026,1,410.1274193525314,ENSG00000135723
ENSG00000181038,411.0,6.5921764,4.499461,1,410.3407823443413,ENSG00000181038
ENSG00000136404,411.0,5.810765,111.668045,1,410.4189234972,ENSG00000136404
ENSG00000173818,411.0,3.978499,0.52972597,1,410.6021501123905,ENSG00000173818
ENSG00000198722,411.0,3.1536012,2.6691139,1,410.68463987112045,ENSG00000198722
ENSG00000182175,413.0,21.276014,2.9837737,1,410.8723986148834,ENSG00000182175
ENSG00000154217,412.0,8.480691,0.7832184,1,411.1519309282303,ENSG00000154217
ENSG00000144597,412.0,8.022316,7.9419503,1,411.1977683901787,ENSG00000144597
ENSG00000242950,412.0,5.8086815,12.684469,1,411.41913187503815,ENSG00000242950
ENSG00000230798,412.0,3.1524355,2.5593019,1,411.6847564578056,ENSG00000230798
ENSG00000203705,413.0,5.8070045,39.989044,1,412.4192995429039,ENSG00000203705
ENSG00000135469,413.0,3.1449788,1.1403826,1,412.6855021119118,ENSG00000135469
ENSG00000157214,415.0,21.229849,3.1437888,1,412.87701511383057,ENSG00000157214
ENSG00000108312,414.0,6.495001,2.0361042,1,413.3504999279976,ENSG00000108312
ENSG00000159348,414.0,5.8023214,69.4561,1,413.4197678565979,ENSG00000159348
ENSG00000131873,414.0,3.9394457,1.0385096,1,413.6060554385185,ENSG00000131873
ENSG00000144824,416.0,21.123678,1.772041,1,413.8876321315765,ENSG00000144824
ENSG00000198301,415.0,6.4568415,4.303172,1,414.3543158769608,ENSG00000198301
ENSG00000170185,415.0,3.1339645,0.8508147,1,414.6866035461426,ENSG00000170185
ENSG00000073417,416.0,3.1331933,1.3697585,1,415.6866806745529,ENSG00000073417
ENSG00000203778,418.0,21.047844,1.1434064,1,415.895215511322,ENSG00000203778
ENSG00000137547,417.0,6.214087,6.1668715,1,416.378591299057,ENSG00000137547
ENSG00000070540,417.0,5.791654,66.10127,1,416.4208346009255,ENSG00000070540
ENSG00000065809,418.0,6.1378627,2.42928,1,417.3862137198448,ENSG00000065809
ENSG00000132300,418.0,5.788751,24.191525,1,417.4211248755455,ENSG00000132300
ENSG00000100483,418.0,3.11701,0.5443695,1,417.6882990002632,ENSG00000100483
ENSG00000185567,420.0,20.860136,1.2811093,1,417.91398644447327,ENSG00000185567
ENSG00000181029,419.0,5.7884483,33.68845,1,418.42115515470505,ENSG00000181029
ENSG00000135766,419.0,3.0997436,1.1299834,1,418.69002562761307,ENSG00000135766
ENSG00000148344,421.0,20.650162,3.118473,1,418.93498373031616,ENSG00000148344
ENSG00000189157,420.0,5.787569,8.700973,1,419.4212430715561,ENSG00000189157
ENSG00000183054,421.0,5.7859735,25.232544,1,420.42140263319016,ENSG00000183054
ENSG00000122507,421.0,3.0918362,0.66268325,1,420.690816372633,ENSG00000122507
ENSG00000197457,423.0,20.580658,1.4658043,1,420.9419341087341,ENSG00000197457
ENSG00000141030,422.0,5.918266,4.592618,1,421.4081734418869,ENSG00000141030
ENSG00000072609,422.0,5.7834473,12.864184,1,421.42165529727936,ENSG00000072609
ENSG00000127863,422.0,3.0722647,0.9095197,1,421.6927735209465,ENSG00000127863
ENSG00000104783,423.0,7.7575374,2.5092504,1,422.224246263504,ENSG00000104783
ENSG00000180228,423.0,5.906721,3.9835591,1,422.4093278646469,ENSG00000180228
ENSG00000006747,423.0,5.781549,127.89463,1,422.4218450784683,ENSG00000006747
ENSG00000041982,425.0,20.474977,2.732959,1,422.9525022506714,ENSG00000041982
ENSG00000213339,424.0,5.8933506,3.6054556,1,423.4106649160385,ENSG00000213339
ENSG00000166173,426.0,20.426352,1.6735398,1,423.95736479759216,ENSG00000166173
ENSG00000130518,425.0,5.7697663,41.529194,1,424.42302334308624,ENSG00000130518
ENSG00000048544,426.0,5.869116,4.3208294,1,425.4130884408951,ENSG00000048544
ENSG00000267221,426.0,5.7693453,9.530438,1,425.4230654835701,ENSG00000267221
ENSG00000145391,428.0,20.225868,1.4863105,1,425.97741317749023,ENSG00000145391
ENSG00000270885,427.0,5.7672625,30.797134,1,426.4232737421989,ENSG00000270885
ENSG00000078018,427.0,3.053746,1.9515847,1,426.69462540745735,ENSG00000078018
ENSG00000132207,429.0,5.7596684,50.830505,1,428.424033164978,ENSG00000132207
ENSG00000070404,431.0,19.99727,1.0094435,1,429.000272989273,ENSG00000070404
ENSG00000124104,432.0,19.9126,1.2777718,1,430.008740067482,ENSG00000124104
ENSG00000163848,431.0,5.644367,2.2110202,1,430.4355632662773,ENSG00000163848
ENSG00000107779,431.0,3.0453706,2.6124568,1,430.6954629421234,ENSG00000107779
ENSG00000185721,432.0,5.643781,5.9356165,1,431.4356218576431,ENSG00000185721
ENSG00000184371,434.0,19.759037,1.0515734,1,432.02409625053406,ENSG00000184371
ENSG00000164896,433.0,5.5938725,3.6110547,1,432.4406127333641,ENSG00000164896
ENSG00000110427,433.0,3.0364103,3.8506722,1,432.6963589787483,ENSG00000110427
ENSG00000122958,434.0,7.59388,4.280689,1,433.2406119704247,ENSG00000122958
ENSG00000057663,434.0,5.590218,3.1873407,1,433.4409781694412,ENSG00000057663
ENSG00000118762,436.0,19.633247,0.5857328,1,434.03667521476746,ENSG00000118762
ENSG00000237484,435.0,5.7263308,19.506159,1,434.42736691236496,ENSG00000237484
ENSG00000230124,435.0,5.5641727,3.5881047,1,434.443582713604,ENSG00000230124
ENSG00000163512,436.0,5.72229,114.06806,1,435.4277709722519,ENSG00000163512
ENSG00000186566,436.0,5.4994645,1.1644377,1,435.4500535726547,ENSG00000186566
ENSG00000250127,437.0,5.7221274,10.685939,1,436.4277872443199,ENSG00000250127
ENSG00000130726,437.0,5.3452115,4.4296064,1,436.4654788374901,ENSG00000130726
ENSG00000139946,437.0,3.0213277,3.1899164,1,436.6978672146797,ENSG00000139946
ENSG00000105520,439.0,19.209166,2.0043619,1,437.079083442688,ENSG00000105520
ENSG00000125384,438.0,7.562809,6.9335375,1,437.24371910095215,ENSG00000125384
ENSG00000173166,438.0,3.0174713,1.4249451,1,437.6982528567314,ENSG00000173166
ENSG00000178498,440.0,19.081488,2.304488,1,438.091851234436,ENSG00000178498
ENSG00000107679,439.0,3.709343,0.7318187,1,438.6290656924248,ENSG00000107679
ENSG00000147164,439.0,3.0071592,1.1784507,1,438.6992840766907,ENSG00000147164
ENSG00000156928,440.0,5.2026086,4.1665382,1,439.4797391295433,ENSG00000156928
ENSG00000020577,440.0,3.0005472,2.4966867,1,439.6999452710152,ENSG00000020577
ENSG00000169231,442.0,18.899967,0.6617993,1,440.11000323295593,ENSG00000169231
ENSG00000130713,441.0,5.7124724,10.629076,1,440.42875277996063,ENSG00000130713
ENSG00000131653,441.0,5.066741,2.3129618,1,440.49332588911057,ENSG00000131653
ENSG00000186001,442.0,5.71115,13.256119,1,441.42888498306274,ENSG00000186001
ENSG00000096401,442.0,5.0523415,1.7188905,1,441.4947658777237,ENSG00000096401
ENSG00000101134,442.0,3.690868,1.1417272,1,441.63091319799423,ENSG00000101134
ENSG00000163751,442.0,2.990781,28.90078,1,441.7009218931198,CPA3
ENSG00000108551,444.0,18.805387,4.4918547,1,442.1194612979889,ENSG00000108551
ENSG00000067798,443.0,5.7103896,17.631498,1,442.4289610385895,ENSG00000067798
ENSG00000204843,443.0,5.010064,4.6851053,1,442.49899357557297,ENSG00000204843
ENSG00000115170,445.0,18.763601,0.91937864,1,443.1236398220062,ENSG00000115170
ENSG00000129824,444.0,4.970825,10.367327,1,443.5029174685478,RPS4Y1
ENSG00000160285,444.0,2.9813526,1.6538922,1,443.7018647491932,ENSG00000160285
ENSG00000072501,445.0,4.943994,1.4606569,1,444.5056006014347,ENSG00000072501
ENSG00000156313,445.0,3.6444256,0.71923774,1,444.6355574429035,ENSG00000156313
ENSG00000197415,445.0,2.9810407,1.2478285,1,444.7018959224224,ENSG00000197415
ENSG00000141429,447.0,18.66568,1.2796367,1,445.1334320306778,ENSG00000141429
ENSG00000136153,448.0,18.407152,1.3171636,1,446.1592848300934,ENSG00000136153
ENSG00000132466,447.0,4.876779,3.1580868,1,446.5123220980168,ENSG00000132466
ENSG00000183077,448.0,5.6957116,16.902977,1,447.4304288625717,ENSG00000183077
ENSG00000196950,448.0,3.5670414,0.53698444,1,447.64329585433006,ENSG00000196950
ENSG00000128285,448.0,2.9714,6.43326,1,447.7028599977493,ENSG00000128285
ENSG00000069956,449.0,7.3874907,2.6930296,1,448.2612509131432,ENSG00000069956
ENSG00000102805,449.0,5.695069,18.766655,1,448.4304931163788,ENSG00000102805
ENSG00000182195,451.0,18.327446,0.9395089,1,449.1672554016113,ENSG00000182195
ENSG00000196839,450.0,7.37692,3.919901,1,449.2623080015183,ENSG00000196839
ENSG00000137857,450.0,5.6900454,9.790549,1,449.43099546432495,ENSG00000137857
ENSG00000138073,450.0,4.856835,2.6359391,1,449.5143164992333,ENSG00000138073
ENSG00000148090,450.0,2.947565,0.678384,1,449.7052434980869,ENSG00000148090
ENSG00000120162,451.0,7.364435,6.801739,1,450.2635564804077,ENSG00000120162
ENSG00000214736,451.0,5.680472,51.703426,1,450.4319528341293,ENSG00000214736
ENSG00000132612,451.0,4.8333125,2.6405125,1,450.51666873693466,ENSG00000132612
ENSG00000134775,451.0,2.94643,4.233954,1,450.7053570151329,ENSG00000134775
ENSG00000167578,452.0,5.679467,34.231,1,451.4320532679558,ENSG00000167578
ENSG00000181991,452.0,4.819276,4.2746263,1,451.5180724263191,ENSG00000181991
ENSG00000121716,453.0,5.6776576,20.82521,1,452.4322342276573,ENSG00000121716
ENSG00000168802,453.0,4.746154,3.5943573,1,452.5253846049309,ENSG00000168802
ENSG00000126351,455.0,18.004036,1.7451558,1,453.1995964050293,ENSG00000126351
ENSG00000167378,454.0,5.6741486,3.6246045,1,453.4325851202011,ENSG00000167378
ENSG00000104613,454.0,4.7196474,4.0434213,1,453.5280352532864,ENSG00000104613
ENSG00000244274,454.0,2.9359486,1.3511655,1,453.70640513300896,ENSG00000244274
ENSG00000214021,455.0,5.6685786,30.258425,1,454.43314212560654,ENSG00000214021
ENSG00000164091,455.0,4.674237,1.9610777,1,454.53257632255554,ENSG00000164091
ENSG00000221821,455.0,2.9197264,0.8655593,1,454.7080273628235,ENSG00000221821
ENSG00000171621,457.0,17.320545,1.707631,1,455.2679455280304,ENSG00000171621
ENSG00000052841,456.0,4.653226,3.2146237,1,455.5346774160862,ENSG00000052841
ENSG00000128872,456.0,3.4007978,1.0411865,1,455.6599202156067,ENSG00000128872
ENSG00000081985,456.0,2.9152548,0.6723974,1,455.7084745168686,ENSG00000081985
ENSG00000103197,458.0,5.6488924,24.040827,1,457.4351107478142,ENSG00000103197
ENSG00000174938,458.0,2.9087512,1.8944446,1,457.7091248631477,ENSG00000174938
ENSG00000047932,460.0,16.77313,0.54941416,1,458.3226869106293,ENSG00000047932
ENSG00000012232,459.0,5.6451397,11.392696,1,458.4354860186577,ENSG00000012232
ENSG00000124380,459.0,4.522475,3.8822129,1,458.5477525293827,ENSG00000124380
ENSG00000196663,459.0,2.9058785,1.2077922,1,458.7094121575356,ENSG00000196663
ENSG00000172819,461.0,16.462307,0.5338209,1,459.35376930236816,ENSG00000172819
ENSG00000100461,460.0,4.519895,3.6916797,1,459.5480104982853,ENSG00000100461
ENSG00000198873,460.0,3.3301888,1.9884715,1,459.6669811308384,ENSG00000198873
ENSG00000100393,461.0,7.2743416,1.1554673,1,460.2725658416748,ENSG00000100393
ENSG00000186815,461.0,5.6359725,22.027515,1,460.43640273809433,ENSG00000186815
ENSG00000168291,461.0,4.4844418,4.8737946,1,460.55155581235886,ENSG00000168291
ENSG00000121413,461.0,3.268349,1.9855385,1,460.6731651127338,ENSG00000121413
ENSG00000114993,461.0,2.8857741,0.9260356,1,460.7114225924015,ENSG00000114993
ENSG00000156671,462.0,7.2424903,3.1145911,1,461.2757509946823,ENSG00000156671
ENSG00000145022,462.0,5.635049,35.32316,1,461.4364951252937,ENSG00000145022
ENSG00000094916,462.0,4.479629,6.0495234,1,461.5520370900631,ENSG00000094916
ENSG00000170234,462.0,2.8837335,1.1776732,1,461.7116266489029,ENSG00000170234
ENSG00000196182,463.0,7.223623,3.732607,1,462.277637720108,ENSG00000196182
ENSG00000099385,464.0,15.963649,1.1957308,1,462.4036351442337,ENSG00000099385
ENSG00000196459,463.0,5.632013,13.626275,1,462.4367986917496,ENSG00000196459
ENSG00000176261,463.0,4.4779763,3.439372,1,462.5522023737431,ENSG00000176261
ENSG00000269556,463.0,2.883157,0.8541084,1,462.7116842865944,ENSG00000269556
ENSG00000080546,464.0,5.6289697,90.6295,1,463.4371030330658,ENSG00000080546
ENSG00000242259,464.0,4.3298697,4.0255575,1,463.5670130252838,ENSG00000242259
ENSG00000114770,465.0,5.625845,38.016376,1,464.4374154806137,ENSG00000114770
ENSG00000108106,465.0,3.1133666,2.6996293,1,464.6886633336544,ENSG00000108106
ENSG00000166166,465.0,2.8579702,0.74576426,1,464.7142029702664,ENSG00000166166
ENSG00000072958,466.0,4.273777,2.9231603,1,465.5726222991944,ENSG00000072958
ENSG00000130818,467.0,5.6203117,7.0939574,1,466.4379688501358,ENSG00000130818
ENSG00000120333,467.0,4.1742663,3.7506034,1,466.5825733542442,ENSG00000120333
ENSG00000039068,467.0,2.855687,0.5216991,1,466.7144313156605,ENSG00000039068
ENSG00000141968,468.0,5.611839,18.954882,1,467.4388161301613,ENSG00000141968
ENSG00000164040,468.0,3.0447826,1.0119992,1,467.6955217421055,ENSG00000164040
ENSG00000100290,468.0,2.8556392,3.0083768,1,467.71443608403206,ENSG00000100290
ENSG00000139372,469.0,4.041031,2.269869,1,468.59589689970016,ENSG00000139372
ENSG00000175155,469.0,2.8335545,1.4886892,1,468.7166445553303,ENSG00000175155
ENSG00000182473,470.0,5.6046734,23.833147,1,469.4395326375961,ENSG00000182473
ENSG00000115756,470.0,4.026297,1.6469605,1,469.5973702967167,ENSG00000115756
ENSG00000119669,471.0,12.739336,1.0518705,1,469.7260663509369,ENSG00000119669
ENSG00000153933,471.0,3.0060487,0.9274011,1,470.6993951201439,ENSG00000153933
ENSG00000088256,472.0,2.974715,1.1076101,1,471.7025285065174,ENSG00000088256
ENSG00000204922,473.0,7.7405267,1.3228382,1,472.2259473204613,ENSG00000204922
ENSG00000136783,473.0,5.5975523,59.32074,1,472.4402447938919,ENSG00000136783
ENSG00000171703,473.0,2.9580092,0.9880969,1,472.70419907569885,ENSG00000171703
ENSG00000092929,474.0,5.5963264,15.373987,1,473.4403673410416,ENSG00000092929
ENSG00000102226,474.0,3.7760744,5.2679605,1,473.622392565012,ENSG00000102226
ENSG00000163527,475.0,3.7756045,1.5734153,1,474.6224395632744,ENSG00000163527
ENSG00000182179,476.0,5.592278,105.489296,1,475.4407721757889,ENSG00000182179
ENSG00000058673,476.0,3.7618783,3.4082377,1,475.6238121688366,ENSG00000058673
ENSG00000115325,477.0,5.5843225,38.93756,1,476.44156777858734,ENSG00000115325
ENSG00000165494,477.0,3.7563243,1.7376845,1,476.6243675649166,ENSG00000165494
ENSG00000178761,477.0,2.7745323,0.5557676,1,476.7225467562676,ENSG00000178761
ENSG00000131475,478.0,3.685039,3.9313757,1,477.6314961016178,ENSG00000131475
ENSG00000179912,479.0,5.5746746,4.1552176,1,478.4425325393677,ENSG00000179912
ENSG00000112078,480.0,3.3441987,2.8454177,1,479.66558012366295,ENSG00000112078
ENSG00000153037,481.0,5.569482,29.889908,1,480.44305181503296,ENSG00000153037
ENSG00000198162,481.0,3.3391566,1.9300629,1,480.6660843491554,ENSG00000198162
ENSG00000109103,482.0,7.0555625,4.2288694,1,481.2944437265396,ENSG00000109103
ENSG00000261740,482.0,5.568004,22.892717,1,481.44319957494736,ENSG00000261740
ENSG00000167565,483.0,7.0375614,1.598241,1,482.2962438464165,ENSG00000167565
ENSG00000170581,483.0,5.5669403,42.992943,1,482.4433059692383,ENSG00000170581
ENSG00000121410,483.0,3.035089,1.7417634,1,482.69649109244347,ENSG00000121410
ENSG00000187231,485.0,7.004335,3.3027358,1,484.2995665073395,ENSG00000187231
ENSG00000106635,485.0,2.8834004,1.3555747,1,484.7116599678993,ENSG00000106635
ENSG00000131503,486.0,5.5618434,24.646845,1,485.44381564855576,ENSG00000131503
ENSG00000138449,487.0,5.560942,173.2011,1,486.44390577077866,ENSG00000138449
ENSG00000068028,488.0,2.4901626,3.7342198,1,487.7509837448597,ENSG00000068028
ENSG00000105053,491.0,5.5474167,21.565893,1,490.4452583193779,ENSG00000105053
ENSG00000125898,492.0,6.954461,2.776186,1,491.3045538663864,ENSG00000125898
ENSG00000114982,492.0,5.547062,28.367512,1,491.4452937841416,ENSG00000114982
ENSG00000011478,493.0,5.543671,7.2610564,1,492.44563287496567,ENSG00000011478
ENSG00000143514,495.0,6.9231358,3.465868,1,494.3076864480972,ENSG00000143514
ENSG00000154945,495.0,5.5365133,12.382296,1,494.4463486671448,ENSG00000154945
ENSG00000169313,496.0,5.528491,81.34777,1,495.4471508860588,ENSG00000169313
ENSG00000214787,497.0,5.5218425,33.63441,1,496.4478157758713,ENSG00000214787
ENSG00000214900,498.0,5.5198703,6.6697426,1,497.4480129480362,ENSG00000214900
ENSG00000186417,499.0,5.5150466,66.341156,1,498.4484953284264,ENSG00000186417
ENSG00000161920,500.0,5.513606,16.829245,1,499.4486393928528,ENSG00000161920
ENSG00000240344,502.0,5.5079327,42.510967,1,501.44920670986176,ENSG00000240344
ENSG00000158769,503.0,5.5057464,23.46454,1,502.4494253396988,ENSG00000158769
ENSG00000163596,504.0,5.5046606,7.746649,1,503.4495339393616,ENSG00000163596
ENSG00000113552,505.0,5.504631,58.334396,1,504.4495369195938,ENSG00000113552
ENSG00000153029,507.0,5.4964905,56.165226,1,506.4503509402275,ENSG00000153029
ENSG00000123908,508.0,6.7109017,1.7789106,1,507.32890981435776,ENSG00000123908
ENSG00000166928,508.0,5.4955006,31.956999,1,507.4504499435425,ENSG00000166928
ENSG00000103091,509.0,5.4922647,18.75578,1,508.45077353715897,ENSG00000103091
ENSG00000111424,510.0,6.6319304,5.2722435,1,509.3368069529533,ENSG00000111424
ENSG00000197471,512.0,5.477513,5.695629,1,511.4522486925125,ENSG00000197471
ENSG00000108883,513.0,5.465679,41.30487,1,512.4534320831299,ENSG00000108883
ENSG00000106723,514.0,5.462547,33.80602,1,513.4537453055382,ENSG00000106723
ENSG00000139180,515.0,5.461542,36.807938,1,514.4538457989693,ENSG00000139180
ENSG00000146676,516.0,6.5327864,1.2615566,1,515.3467213511467,ENSG00000146676
ENSG00000149089,516.0,5.4605007,54.19018,1,515.4539499282837,ENSG00000149089
ENSG00000241837,517.0,5.4572577,96.2318,1,516.4542742371559,ENSG00000241837
ENSG00000260528,520.0,5.441656,28.92616,1,519.4558343887329,ENSG00000260528
ENSG00000033170,521.0,5.43783,24.908844,1,520.4562169909477,ENSG00000033170
ENSG00000188033,522.0,5.4360423,5.5621653,1,521.4563957452774,ENSG00000188033
ENSG00000133612,523.0,6.3964643,2.9798243,1,522.3603535890579,ENSG00000133612
ENSG00000226312,523.0,5.4347124,23.263483,1,522.4565287828445,ENSG00000226312
ENSG00000227500,524.0,5.4167695,9.690285,1,523.4583230614662,ENSG00000227500
ENSG00000138081,525.0,6.3329687,3.2904274,1,524.3667031526566,ENSG00000138081
ENSG00000136371,526.0,6.3269267,6.0824766,1,525.367307305336,ENSG00000136371
ENSG00000119004,527.0,5.40707,38.19591,1,526.4592930078506,ENSG00000119004
ENSG00000162923,528.0,6.308521,4.6267,1,527.3691478967667,ENSG00000162923
ENSG00000174437,531.0,6.2661324,2.7072077,1,530.3733867406845,ENSG00000174437
ENSG00000048052,531.0,5.3974743,31.816097,1,530.4602525830269,ENSG00000048052
ENSG00000170310,532.0,5.3949184,46.58902,1,531.4605081677437,ENSG00000170310
ENSG00000076067,533.0,5.39401,14.7677,1,532.4605990052223,ENSG00000076067
ENSG00000266714,535.0,5.3902054,69.66604,1,534.4609794616699,ENSG00000266714
ENSG00000176155,536.0,5.3901834,25.47372,1,535.4609816670418,ENSG00000176155
ENSG00000144118,537.0,6.1525054,10.381145,1,536.3847494721413,ENSG00000144118
ENSG00000131759,538.0,6.1498675,2.89175,1,537.3850132226944,ENSG00000131759
ENSG00000150867,539.0,5.3822203,17.59578,1,538.461777985096,ENSG00000150867
ENSG00000118620,540.0,5.3807354,14.853425,1,539.4619264602661,ENSG00000118620
ENSG00000051382,542.0,6.11333,5.3357334,1,541.3886669874191,ENSG00000051382
ENSG00000175220,542.0,5.3782754,9.034885,1,541.4621724486351,ENSG00000175220
ENSG00000113838,546.0,5.3578944,9.079153,1,545.4642105698586,ENSG00000113838
ENSG00000112406,547.0,6.0876656,2.431774,1,546.3912334442139,ENSG00000112406
ENSG00000108651,547.0,5.3560185,31.903425,1,546.4643981456757,ENSG00000108651
ENSG00000137496,551.0,6.0586557,6.9850492,1,550.3941344022751,ENSG00000137496
ENSG00000188739,551.0,5.341466,16.417828,1,550.4658533930779,ENSG00000188739
ENSG00000143891,552.0,5.3324904,42.842613,1,551.4667509794235,ENSG00000143891
ENSG00000213593,555.0,5.324956,71.45152,1,554.4675043821335,ENSG00000213593
ENSG00000215790,558.0,5.3226438,11.649352,1,557.4677356481552,ENSG00000215790
ENSG00000204991,559.0,5.3218827,11.732645,1,558.467811703682,ENSG00000204991
ENSG00000204576,560.0,5.3185587,5.588121,1,559.4681441187859,ENSG00000204576
ENSG00000109113,561.0,5.9646983,2.2891476,1,560.4035301804543,ENSG00000109113
ENSG00000148655,562.0,5.313506,54.0055,1,561.4686493873596,ENSG00000148655
ENSG00000157827,564.0,5.311763,41.55382,1,563.4688237309456,ENSG00000157827
ENSG00000186812,565.0,5.310086,6.6482096,1,564.4689913988113,ENSG00000186812
ENSG00000134955,566.0,5.3036294,49.965824,1,565.4696370363235,ENSG00000134955
ENSG00000173786,567.0,5.302957,23.203941,1,566.4697042703629,ENSG00000173786
ENSG00000186088,568.0,5.301982,49.68912,1,567.4698017835617,ENSG00000186088
ENSG00000009830,572.0,5.293849,10.887671,1,571.4706150889397,ENSG00000009830
ENSG00000178974,573.0,5.79891,2.5007846,1,572.42010897398,ENSG00000178974
ENSG00000109339,573.0,5.2845488,10.864805,1,572.4715451002121,ENSG00000109339
ENSG00000089041,574.0,5.2779818,38.786995,1,573.4722018241882,ENSG00000089041
ENSG00000133030,575.0,5.276231,17.834173,1,574.4723769426346,ENSG00000133030
ENSG00000180776,576.0,5.7765837,4.8525667,1,575.422341644764,ENSG00000180776
ENSG00000177683,577.0,5.268748,8.15229,1,576.4731252193451,ENSG00000177683
ENSG00000121481,579.0,5.7690887,2.0545402,1,578.4230911135674,ENSG00000121481
ENSG00000213465,582.0,5.2593665,30.228437,1,581.4740633368492,ENSG00000213465
ENSG00000114346,584.0,5.2587237,14.509871,1,583.4741276502609,ENSG00000114346
ENSG00000144635,585.0,5.7377944,2.3163657,1,584.426220536232,ENSG00000144635
ENSG00000196705,587.0,5.2542915,8.451889,1,586.4745708703995,ENSG00000196705
ENSG00000106829,588.0,5.724315,3.7091334,1,587.4275684952736,ENSG00000106829
ENSG00000137767,589.0,5.2490025,75.97482,1,588.4750997424126,ENSG00000137767
ENSG00000150776,590.0,5.246572,11.645979,1,589.475342810154,ENSG00000150776
ENSG00000239789,593.0,5.242273,18.634321,1,592.4757727384567,ENSG00000239789
ENSG00000144535,598.0,5.2205915,3.43236,1,597.4779408574104,ENSG00000144535
ENSG00000197860,601.0,5.498411,3.024037,1,600.450158894062,ENSG00000197860
ENSG00000121310,602.0,5.213441,15.074225,1,601.4786559343338,ENSG00000121310
ENSG00000205726,604.0,5.211011,26.365953,1,603.4788988828659,ENSG00000205726
ENSG00000092020,605.0,5.454423,4.3696303,1,604.4545577168465,ENSG00000092020
ENSG00000157388,605.0,5.209659,8.638424,1,604.4790340662003,ENSG00000157388
ENSG00000243749,606.0,5.2073097,51.674698,1,605.47926902771,ENSG00000243749
ENSG00000251022,607.0,5.1989627,27.384993,1,606.4801037311554,ENSG00000251022
ENSG00000205155,609.0,5.428218,6.3918123,1,608.457178235054,ENSG00000205155
ENSG00000010295,609.0,5.1982903,28.657427,1,608.4801709651947,ENSG00000010295
ENSG00000164933,610.0,5.1923585,18.360983,1,609.4807641506195,ENSG00000164933
ENSG00000032444,612.0,5.1816325,27.614767,1,611.4818367362022,ENSG00000032444
ENSG00000124145,613.0,5.348539,2.2316737,1,612.465146124363,ENSG00000124145
ENSG00000269858,614.0,5.181396,32.63701,1,613.4818603992462,ENSG00000269858
ENSG00000155329,616.0,5.330526,2.4285083,1,615.4669474363327,ENSG00000155329
ENSG00000182612,616.0,5.177747,5.8779116,1,615.4822252988815,ENSG00000182612
ENSG00000116786,619.0,5.3081455,6.445301,1,618.4691854715347,ENSG00000116786
ENSG00000188732,619.0,5.168905,9.472223,1,618.4831095337868,ENSG00000188732
ENSG00000135956,620.0,5.3006315,3.2349458,1,619.4699368476868,ENSG00000135956
ENSG00000149483,620.0,5.168107,29.090403,1,619.4831892848015,ENSG00000149483
ENSG00000160783,621.0,5.1678925,32.378063,1,620.4832107424736,ENSG00000160783
ENSG00000066923,622.0,5.1646276,7.814067,1,621.4835372567177,ENSG00000066923
ENSG00000213965,623.0,5.1606236,8.1354475,1,622.4839376211166,ENSG00000213965
ENSG00000157764,624.0,5.15713,10.591188,1,623.4842870235443,ENSG00000157764
ENSG00000152520,625.0,5.153547,27.58774,1,624.484645307064,ENSG00000152520
ENSG00000100934,627.0,5.1523356,32.14049,1,626.4847664237022,ENSG00000100934
ENSG00000106560,629.0,5.152025,57.970882,1,628.4847974777222,ENSG00000106560
ENSG00000280798,630.0,5.1450963,6.4503636,1,629.4854903817177,ENSG00000280798
ENSG00000165060,631.0,5.1435227,15.543887,1,630.4856477379799,ENSG00000165060
ENSG00000163349,634.0,5.1572495,1.9432766,1,633.4842750430107,ENSG00000163349
ENSG00000196935,634.0,5.131674,17.043867,1,633.4868326187134,ENSG00000196935
ENSG00000160294,638.0,5.123755,11.754359,1,637.4876245260239,ENSG00000160294
ENSG00000150401,639.0,5.1236296,9.216466,1,638.4876370429993,ENSG00000150401
ENSG00000131263,639.0,5.0997634,0.59162134,1,638.4900236725807,ENSG00000131263
ENSG00000173020,640.0,5.123467,26.684618,1,639.4876533150673,ENSG00000173020
ENSG00000018510,640.0,5.099691,6.34893,1,639.4900308847427,ENSG00000018510
ENSG00000185753,642.0,5.117528,16.788519,1,641.4882472157478,ENSG00000185753
ENSG00000135637,643.0,5.117048,19.849115,1,642.4882951974869,ENSG00000135637
ENSG00000267855,645.0,5.115504,12.758768,1,644.4884496331215,ENSG00000267855
ENSG00000104343,646.0,5.115127,24.509869,1,645.488487303257,ENSG00000104343
ENSG00000129636,647.0,5.1128664,44.127613,1,646.4887133836746,ENSG00000129636
ENSG00000197601,647.0,5.0080996,5.5874314,1,646.4991900324821,ENSG00000197601
ENSG00000204514,648.0,5.1096973,4.6526895,1,647.4890302419662,ENSG00000204514
ENSG00000141699,650.0,5.108501,13.872966,1,649.489149928093,ENSG00000141699
ENSG00000133835,651.0,5.101446,117.68874,1,650.4898554086685,ENSG00000133835
ENSG00000137145,653.0,5.0981293,16.975002,1,652.490187048912,ENSG00000137145
ENSG00000169609,654.0,5.0980186,16.45645,1,653.490198135376,ENSG00000169609
ENSG00000164329,656.0,5.0916286,36.516083,1,655.4908371567726,ENSG00000164329
ENSG00000119688,658.0,5.086436,67.27329,1,657.4913564324379,ENSG00000119688
ENSG00000162241,659.0,5.0860295,16.149784,1,658.491397023201,ENSG00000162241
ENSG00000140526,660.0,5.0835695,39.974735,1,659.4916430711746,ENSG00000140526
ENSG00000114098,661.0,5.0820403,30.26985,1,660.4917959570885,ENSG00000114098
ENSG00000141026,662.0,5.0791,5.8927507,1,661.4920899868011,ENSG00000141026
ENSG00000203485,662.0,4.8446407,4.7821646,1,661.5155359208584,ENSG00000203485
ENSG00000168827,664.0,5.0722823,15.130133,1,663.4927717447281,ENSG00000168827
ENSG00000006607,665.0,5.071617,20.442688,1,664.4928382635117,ENSG00000006607
ENSG00000135317,666.0,5.0704207,34.089417,1,665.4929579496384,ENSG00000135317
ENSG00000173614,667.0,5.0699034,8.225153,1,666.49300968647,ENSG00000173614
ENSG00000134046,667.0,4.801456,2.9590802,1,666.5198543965816,ENSG00000134046
ENSG00000196664,668.0,5.0698814,29.80406,1,667.4930118322372,ENSG00000196664
ENSG00000204427,669.0,5.069135,37.698086,1,668.4930864572525,ENSG00000204427
ENSG00000196209,671.0,5.061246,26.419281,1,670.4938753843307,ENSG00000196209
ENSG00000092108,672.0,5.0596356,81.04156,1,671.4940364360809,ENSG00000092108
ENSG00000129675,673.0,5.057656,8.015254,1,672.4942344427109,ENSG00000129675
ENSG00000170852,674.0,5.0573235,12.565845,1,673.494267642498,ENSG00000170852
ENSG00000188227,675.0,5.050594,2.3490803,1,674.4949406385422,ENSG00000188227
ENSG00000127954,676.0,5.0495224,5.638948,1,675.4950477480888,ENSG00000127954
ENSG00000167491,677.0,4.693263,4.596423,1,676.5306736826897,ENSG00000167491
ENSG00000136051,678.0,5.045903,31.071625,1,677.4954096674919,ENSG00000136051
ENSG00000188603,680.0,5.0361667,32.28818,1,679.4963833093643,ENSG00000188603
ENSG00000169758,684.0,5.0250716,8.042007,1,683.4974928498268,ENSG00000169758
ENSG00000170619,685.0,4.649512,6.186349,1,684.5350488126278,ENSG00000170619
ENSG00000172954,686.0,5.0207796,4.5351343,1,685.4979220628738,ENSG00000172954
ENSG00000139624,687.0,5.020344,30.701847,1,686.4979656338692,ENSG00000139624
ENSG00000148824,688.0,5.0192137,41.85085,1,687.4980786442757,ENSG00000148824
ENSG00000078814,689.0,5.018652,7.3791876,1,688.498134791851,ENSG00000078814
ENSG00000213281,689.0,4.6184726,3.0782557,1,688.5381527543068,ENSG00000213281
ENSG00000138801,690.0,4.6063175,5.9724913,1,689.5393682420254,ENSG00000138801
ENSG00000196081,691.0,5.0177507,9.799235,1,690.498224914074,ENSG00000196081
ENSG00000183576,691.0,4.58593,3.455271,1,690.5414070188999,ENSG00000183576
ENSG00000096996,692.0,5.0151877,19.97886,1,691.4984812140465,ENSG00000096996
ENSG00000105643,694.0,5.010379,30.47311,1,693.4989621043205,ENSG00000105643
ENSG00000181896,695.0,5.010091,3.0282347,1,694.498990893364,ENSG00000181896
ENSG00000178567,696.0,4.5197096,1.8708783,1,695.5480290353298,ENSG00000178567
ENSG00000179859,697.0,5.009263,12.604491,1,696.4990736842155,ENSG00000179859
ENSG00000215717,698.0,4.5089035,3.1734865,1,697.5491096377373,ENSG00000215717
ENSG00000009950,699.0,5.003819,13.84521,1,698.4996181130409,ENSG00000009950
ENSG00000126767,699.0,4.501317,1.7717904,1,698.549868285656,ENSG00000126767
ENSG00000172890,700.0,5.001374,26.62296,1,699.4998626112938,ENSG00000172890
ENSG00000214145,701.0,4.9986405,9.736283,1,700.5001359581947,ENSG00000214145
ENSG00000132549,702.0,4.9959593,13.055897,1,701.5004040598869,ENSG00000132549
ENSG00000131558,704.0,4.9858537,54.4758,1,703.5014146268368,ENSG00000131558
ENSG00000138386,704.0,4.4824414,0.78890383,1,703.5517558455467,ENSG00000138386
ENSG00000146729,705.0,4.9831204,62.45832,1,704.5016879439354,ENSG00000146729
ENSG00000181625,706.0,4.98267,9.216167,1,705.5017330050468,ENSG00000181625
ENSG00000163823,707.0,4.9824777,28.599096,1,706.5017522275448,ENSG00000163823
ENSG00000100852,707.0,4.4550004,4.931474,1,706.5544999539852,ENSG00000100852
ENSG00000120699,708.0,4.9822564,43.187534,1,707.5017743706703,ENSG00000120699
ENSG00000119638,709.0,4.9801507,16.770557,1,708.501984924078,ENSG00000119638
ENSG00000139291,710.0,4.979981,29.99749,1,709.5020019114017,ENSG00000139291
ENSG00000188368,711.0,4.9768934,6.913084,1,710.5023106634617,ENSG00000188368
ENSG00000121570,713.0,4.971855,8.067208,1,712.5028144717216,ENSG00000121570
ENSG00000267060,714.0,4.969713,6.5558357,1,713.503028690815,ENSG00000267060
ENSG00000262454,716.0,4.968324,7.555804,1,715.5031675696373,ENSG00000262454
ENSG00000100030,717.0,4.3839746,4.231051,1,716.5616025328636,ENSG00000100030
ENSG00000145569,718.0,4.9631166,78.8194,1,717.5036883354187,ENSG00000145569
ENSG00000165055,721.0,4.9471307,12.613539,1,720.5052869319916,ENSG00000165055
ENSG00000119723,722.0,4.9462886,4.396262,1,721.5053711533546,ENSG00000119723
ENSG00000121897,723.0,4.9441686,23.605152,1,722.5055831372738,ENSG00000121897
ENSG00000140564,723.0,4.3507776,0.76283807,1,722.5649222433567,ENSG00000140564
ENSG00000144959,724.0,4.9441094,24.595264,1,723.505589067936,ENSG00000144959
ENSG00000058600,725.0,4.942019,21.497221,1,724.5057981014252,ENSG00000058600
ENSG00000232593,726.0,4.9408517,10.869082,1,725.505914837122,ENSG00000232593
ENSG00000141627,726.0,4.323016,3.599618,1,725.5676983892918,ENSG00000141627
ENSG00000120907,727.0,4.939921,5.821472,1,726.5060079097748,ENSG00000120907
ENSG00000115540,728.0,4.3103495,1.4123647,1,727.5689650475979,ENSG00000115540
ENSG00000148730,732.0,4.2637095,6.0163646,1,731.5736290514469,ENSG00000148730
ENSG00000100605,733.0,4.9241056,10.625081,1,732.5075894296169,ENSG00000100605
ENSG00000125633,733.0,4.255632,1.4837607,1,732.5744368135929,ENSG00000125633
ENSG00000103707,734.0,4.9231157,9.24432,1,733.5076884329319,ENSG00000103707
ENSG00000118298,735.0,4.918949,2.6487362,1,734.5081050992012,ENSG00000118298
ENSG00000223496,736.0,4.9163566,10.257088,1,735.5083643496037,ENSG00000223496
ENSG00000166471,736.0,4.231212,2.2110667,1,735.576878786087,ENSG00000166471
ENSG00000197380,737.0,4.9151745,7.841306,1,736.5084825456142,ENSG00000197380
ENSG00000075413,738.0,4.1985254,1.4809637,1,737.5801474452019,ENSG00000075413
ENSG00000164134,739.0,4.9119167,27.000536,1,738.5088083148003,ENSG00000164134
ENSG00000104205,740.0,4.91154,19.037111,1,739.5088459849358,ENSG00000104205
ENSG00000163428,741.0,4.9001417,8.725751,1,740.5099858343601,ENSG00000163428
ENSG00000090061,741.0,4.173005,5.846069,1,740.5826994776726,ENSG00000090061
ENSG00000123352,742.0,4.8986278,3.3415575,1,741.5101372301579,ENSG00000123352
ENSG00000122484,743.0,4.894587,5.2875724,1,742.5105412900448,ENSG00000122484
ENSG00000136161,744.0,4.8944983,37.90016,1,743.5105501711369,ENSG00000136161
ENSG00000177595,745.0,4.8928585,15.572776,1,744.5107141435146,ENSG00000177595
ENSG00000121940,746.0,4.892075,12.620201,1,745.5107924938202,ENSG00000121940
ENSG00000136205,747.0,4.891935,14.466792,1,746.5108065009117,ENSG00000136205
ENSG00000106258,748.0,4.8868895,7.0274324,1,747.5113110542297,ENSG00000106258
ENSG00000011021,749.0,4.8861876,18.71541,1,748.511381238699,ENSG00000011021
ENSG00000155085,750.0,4.882886,17.185629,1,749.5117114186287,ENSG00000155085
ENSG00000133943,752.0,4.882465,61.463604,1,751.5117534995079,ENSG00000133943
ENSG00000184988,753.0,4.8821177,20.271685,1,752.5117882192135,ENSG00000184988
ENSG00000214413,754.0,4.879133,20.935783,1,753.5120866894722,ENSG00000214413
ENSG00000176393,754.0,4.0295353,3.1205323,1,753.5970464646816,ENSG00000176393
ENSG00000120314,755.0,4.876127,19.866156,1,754.5123873353004,ENSG00000120314
ENSG00000241644,756.0,4.8743906,4.7943206,1,755.5125609338284,ENSG00000241644
ENSG00000113240,757.0,4.8737035,26.097342,1,756.5126296579838,ENSG00000113240
ENSG00000123684,758.0,4.0098596,3.1464078,1,757.599014043808,ENSG00000123684
ENSG00000196329,759.0,4.8716354,74.31765,1,758.5128364562988,ENSG00000196329
ENSG00000095564,760.0,4.0013433,0.64094,1,759.5998656749725,ENSG00000095564
ENSG00000271601,761.0,4.868252,5.146187,1,760.5131748318672,ENSG00000271601
ENSG00000087884,764.0,4.8528724,22.668406,1,763.5147127509117,ENSG00000087884
ENSG00000185404,766.0,4.846061,11.229373,1,765.5153938829899,ENSG00000185404
ENSG00000149231,766.0,3.935796,4.1409664,1,765.6064203977585,ENSG00000149231
ENSG00000090006,767.0,4.8430843,19.376493,1,766.5156915783882,ENSG00000090006
ENSG00000158987,769.0,4.8383493,7.848164,1,768.5161650776863,ENSG00000158987
ENSG00000111711,769.0,3.8853824,2.7437532,1,768.6114617586136,ENSG00000111711
ENSG00000281501,770.0,4.8366504,5.726948,1,769.5163349509239,ENSG00000281501
ENSG00000127870,772.0,3.8221462,2.7616358,1,771.6177853941917,ENSG00000127870
ENSG00000197291,773.0,4.834412,6.030601,1,772.5165587961674,ENSG00000197291
ENSG00000000419,773.0,3.7948017,1.2758689,1,772.6205198168755,ENSG00000000419
ENSG00000196535,774.0,4.8249416,20.638496,1,773.5175058245659,ENSG00000196535
ENSG00000078061,775.0,3.7860918,2.998262,1,774.6213908195496,ENSG00000078061
ENSG00000081665,777.0,4.8192463,7.9277253,1,776.518075376749,ENSG00000081665
ENSG00000115966,778.0,3.7671316,1.672746,1,777.6232868432999,ENSG00000115966
ENSG00000183401,779.0,4.8175254,17.860046,1,778.5182474553585,ENSG00000183401
ENSG00000292366,779.0,3.7670374,1.6120558,1,778.6232962608337,ENSG00000292366
ENSG00000166452,782.0,4.814275,32.467834,1,781.5185725092888,ENSG00000166452
ENSG00000185869,784.0,4.8102045,4.80972,1,783.518979549408,ENSG00000185869
ENSG00000109171,785.0,3.7179518,1.3876972,1,784.6282048225403,ENSG00000109171
ENSG00000198863,786.0,4.806637,3.9523726,1,785.5193363130093,ENSG00000198863
ENSG00000169241,787.0,4.8011703,26.8122,1,786.5198829770088,ENSG00000169241
ENSG00000139132,789.0,4.7976317,23.621485,1,788.5202368199825,ENSG00000139132
ENSG00000132669,790.0,4.792882,29.914547,1,789.5207118093967,ENSG00000132669
ENSG00000171475,790.0,3.6459022,5.086261,1,789.6354097723961,ENSG00000171475
ENSG00000065883,791.0,4.784261,12.772523,1,790.5215738713741,ENSG00000065883
ENSG00000168758,792.0,4.7839217,12.568641,1,791.5216078162193,ENSG00000168758
ENSG00000074657,796.0,4.7678475,8.050673,1,795.5232152342796,ENSG00000074657
ENSG00000122678,798.0,4.763674,26.669584,1,797.5236326158047,ENSG00000122678
ENSG00000072803,798.0,3.5638888,1.0341417,1,797.6436111330986,ENSG00000072803
ENSG00000171466,799.0,4.763016,17.88608,1,798.5236983895302,ENSG00000171466
ENSG00000070444,801.0,4.7622037,10.073057,1,800.523779630661,ENSG00000070444
ENSG00000070367,801.0,3.5452058,2.67177,1,800.6454794108868,ENSG00000070367
ENSG00000133114,802.0,4.7617164,10.250794,1,801.5238283574581,ENSG00000133114
ENSG00000184047,803.0,3.5372841,2.9113092,1,802.6462715864182,ENSG00000184047
ENSG00000187037,804.0,4.7589164,24.890598,1,803.524108350277,ENSG00000187037
ENSG00000161640,805.0,4.756678,27.950546,1,804.5243321955204,ENSG00000161640
ENSG00000164611,805.0,3.4597428,4.7929125,1,804.6540257334709,ENSG00000164611
ENSG00000160049,806.0,4.755319,12.08605,1,805.5244680941105,ENSG00000160049
ENSG00000033178,806.0,3.4509926,6.4209757,1,805.6549007296562,ENSG00000033178
ENSG00000121933,807.0,4.7547946,85.73885,1,806.5245205461979,ENSG00000121933
ENSG00000106799,808.0,4.7539005,17.959143,1,807.524609953165,ENSG00000106799
ENSG00000189339,809.0,4.7538857,10.642494,1,808.5246114134789,ENSG00000189339
ENSG00000188921,809.0,3.4389744,1.165194,1,808.6561025679111,ENSG00000188921
ENSG00000164307,810.0,4.750761,16.720312,1,809.5249238908291,ENSG00000164307
ENSG00000177225,811.0,4.7431746,7.86978,1,810.5256825387478,ENSG00000177225
ENSG00000181061,812.0,4.7409735,58.24874,1,811.5259026587009,ENSG00000181061
ENSG00000152147,813.0,4.7399464,15.8436985,1,812.5260053575039,ENSG00000152147
ENSG00000181631,814.0,4.73954,28.291492,1,813.5260459780693,ENSG00000181631
ENSG00000105483,815.0,4.7392817,33.186558,1,814.5260718464851,ENSG00000105483
ENSG00000013288,816.0,4.7369623,14.890773,1,815.526303768158,ENSG00000013288
ENSG00000126522,817.0,4.7362676,26.298344,1,816.5263732373714,ENSG00000126522
ENSG00000156931,819.0,4.734377,41.42818,1,818.5265623033047,ENSG00000156931
ENSG00000128159,823.0,4.726901,9.418144,1,822.5273098945618,ENSG00000128159
ENSG00000213445,824.0,4.724796,23.49129,1,823.5275204181671,ENSG00000213445
ENSG00000140400,825.0,4.7173867,46.598675,1,824.528261333704,ENSG00000140400
ENSG00000177868,828.0,3.2661247,1.3124052,1,827.6733875274658,ENSG00000177868
ENSG00000143353,829.0,4.7152,53.5905,1,828.5284799933434,ENSG00000143353
ENSG00000089685,830.0,4.714801,5.346656,1,829.5285199284554,ENSG00000089685
ENSG00000135932,831.0,3.2608037,2.7707052,1,830.6739196181297,ENSG00000135932
ENSG00000242522,832.0,4.710598,27.46408,1,831.5289402008057,ENSG00000242522
ENSG00000187554,833.0,4.71011,70.19524,1,832.5289889872074,ENSG00000187554
ENSG00000161981,833.0,3.2568095,2.8068643,1,832.6743190586567,ENSG00000161981
ENSG00000147586,834.0,4.709822,58.35547,1,833.5290177762508,ENSG00000147586
ENSG00000186951,835.0,4.7095933,4.6582575,1,834.5290406644344,ENSG00000186951
ENSG00000142583,836.0,4.7086697,74.30855,1,835.5291330218315,ENSG00000142583
ENSG00000071626,836.0,3.2130742,1.9875383,1,835.6786925792694,ENSG00000071626
ENSG00000169629,837.0,4.698468,9.48408,1,836.5301531851292,ENSG00000169629
ENSG00000139719,838.0,4.698003,11.661581,1,837.5301997065544,ENSG00000139719
ENSG00000174600,839.0,4.6970797,35.55694,1,838.5302920341492,ENSG00000174600
ENSG00000148288,840.0,4.6946936,28.101992,1,839.5305306315422,ENSG00000148288
ENSG00000185385,841.0,4.6942725,9.191271,1,840.5305727422237,ENSG00000185385
ENSG00000113369,841.0,3.1357696,8.696194,1,840.6864230334759,ENSG00000113369
ENSG00000108443,842.0,4.6935635,21.774706,1,841.5306436419487,ENSG00000108443
ENSG00000144455,843.0,4.6930685,34.565796,1,842.5306931436062,ENSG00000144455
ENSG00000108854,844.0,4.690069,16.241573,1,843.5309930741787,ENSG00000108854
ENSG00000128928,845.0,4.689781,20.738039,1,844.5310218930244,ENSG00000128928
ENSG00000082805,846.0,4.689168,19.914948,1,845.5310831964016,ENSG00000082805
ENSG00000251209,847.0,4.6865163,10.104332,1,846.5313483774662,ENSG00000251209
ENSG00000087470,847.0,3.0608747,1.608665,1,846.6939125359058,ENSG00000087470
ENSG00000254737,848.0,4.684034,8.855704,1,847.5315966010094,ENSG00000254737
ENSG00000169228,848.0,3.0445971,4.8017015,1,847.69554027915,ENSG00000169228
ENSG00000164808,849.0,4.6817217,37.868336,1,848.5318278372288,ENSG00000164808
ENSG00000151773,850.0,4.6808133,4.663483,1,849.5319186747074,ENSG00000151773
ENSG00000100296,851.0,4.680414,15.642523,1,850.5319585800171,ENSG00000100296
ENSG00000117868,852.0,3.013153,1.5720254,1,851.6986846923828,ENSG00000117868
ENSG00000186960,853.0,4.6761966,16.361082,1,852.5323803424835,ENSG00000186960
ENSG00000292339,854.0,2.9867518,2.2642336,1,853.7013248205185,ENSG00000292339
ENSG00000288569,855.0,4.669275,7.212905,1,854.5330725312233,ENSG00000288569
ENSG00000136381,855.0,2.9726148,4.317745,1,854.7027385234833,ENSG00000136381
ENSG00000124782,856.0,4.667738,11.343566,1,855.5332261919975,ENSG00000124782
ENSG00000174125,857.0,4.667162,52.524227,1,856.5332837998867,ENSG00000174125
ENSG00000226715,860.0,4.663129,7.315555,1,859.5336871147156,ENSG00000226715
ENSG00000189050,862.0,4.6601663,49.59349,1,861.5339833796024,ENSG00000189050
ENSG00000234719,863.0,4.6587334,10.468954,1,862.5341266691685,ENSG00000234719
ENSG00000171777,864.0,4.6579723,11.092455,1,863.5342027544975,ENSG00000171777
ENSG00000119977,864.0,2.8950787,1.1286631,1,863.7104921340942,ENSG00000119977
ENSG00000120008,865.0,4.6578913,38.26297,1,864.5342108607292,ENSG00000120008
ENSG00000152213,867.0,4.6542645,13.263807,1,866.5345735549927,ENSG00000152213
ENSG00000166855,868.0,4.65422,13.616132,1,867.5345779955387,ENSG00000166855
ENSG00000206527,869.0,4.6525064,13.752082,1,868.5347493588924,ENSG00000206527
ENSG00000110046,870.0,4.64882,14.287312,1,869.5351180136204,ENSG00000110046
ENSG00000083444,871.0,4.648517,13.369927,1,870.5351482927799,ENSG00000083444
ENSG00000230590,873.0,4.6463823,28.720652,1,872.5353617668152,ENSG00000230590
ENSG00000178951,873.0,2.7779942,0.9432946,1,872.7222005724907,ENSG00000178951
ENSG00000065000,874.0,2.7670631,2.9103227,1,873.7232936918736,ENSG00000065000
ENSG00000214189,876.0,4.6439447,10.211505,1,875.53560552001,ENSG00000214189
ENSG00000082258,876.0,2.7325358,1.0664506,1,875.7267464101315,ENSG00000082258
ENSG00000188735,878.0,4.6407757,7.9790716,1,877.5359224379063,ENSG00000188735
ENSG00000141985,879.0,4.6407237,8.932426,1,878.5359276235104,ENSG00000141985
ENSG00000222009,880.0,4.6403546,17.537758,1,879.5359645485878,ENSG00000222009
ENSG00000218739,881.0,4.638441,25.096437,1,880.5361558794975,ENSG00000218739
ENSG00000134758,881.0,2.6893375,0.93092746,1,880.7310662567616,ENSG00000134758
ENSG00000030110,882.0,2.6845734,9.593244,1,881.7315426468849,ENSG00000030110
ENSG00000130939,883.0,4.6378503,3.2076082,1,882.5362149775028,ENSG00000130939
ENSG00000135540,884.0,4.6374145,12.841449,1,883.5362585484982,ENSG00000135540
ENSG00000149532,884.0,2.6804514,2.381431,1,883.7319548726082,ENSG00000149532
ENSG00000203506,885.0,4.6347327,11.302936,1,884.5365267395973,ENSG00000203506
ENSG00000159921,886.0,4.6342454,1.6525592,1,885.5365754663944,ENSG00000159921
ENSG00000203288,887.0,4.63166,14.501624,1,886.5368340015411,ENSG00000203288
ENSG00000104889,889.0,4.628136,10.521382,1,888.537186384201,ENSG00000104889
ENSG00000214941,890.0,4.626592,25.165018,1,889.5373407900333,ENSG00000214941
ENSG00000074964,891.0,4.624391,23.641663,1,890.5375608801842,ENSG00000074964
ENSG00000088888,892.0,4.6223745,4.8868313,1,891.5377625524998,ENSG00000088888
ENSG00000127054,893.0,4.6213326,18.755398,1,892.5378667414188,ENSG00000127054
ENSG00000075239,895.0,4.6180973,76.31947,1,894.5381902754307,ENSG00000075239
ENSG00000100060,896.0,4.6177354,36.46003,1,895.5382264554501,ENSG00000100060
ENSG00000157895,897.0,4.6167088,18.4397,1,896.5383291244507,ENSG00000157895
ENSG00000165688,898.0,4.61368,26.015188,1,897.5386320054531,ENSG00000165688
ENSG00000182957,899.0,4.612047,10.216081,1,898.5387952923775,ENSG00000182957
ENSG00000003400,900.0,4.611715,18.008848,1,899.5388285219669,ENSG00000003400
ENSG00000012822,902.0,4.6088486,45.578403,1,901.5391151309012,ENSG00000012822
ENSG00000031823,904.0,4.603316,29.915865,1,903.5396684110164,ENSG00000031823
ENSG00000177042,906.0,4.601809,19.050894,1,905.5398190915585,ENSG00000177042
ENSG00000116918,907.0,4.6010184,32.481277,1,906.5398981571198,ENSG00000116918
ENSG00000176406,912.0,4.5925307,14.1135645,1,911.5407469272614,ENSG00000176406
ENSG00000163840,913.0,4.591659,6.251405,1,912.5408340990545,ENSG00000163840
ENSG00000178997,915.0,4.5903144,8.662438,1,914.540968567133,ENSG00000178997
ENSG00000107929,917.0,4.585897,9.840857,1,916.5414102971554,ENSG00000107929
ENSG00000198839,918.0,4.585306,15.94935,1,917.5414693951608,ENSG00000198839
ENSG00000053501,919.0,4.584966,22.1661,1,918.5415033698082,ENSG00000053501
ENSG00000175575,921.0,4.5832524,15.250963,1,920.5416747629642,ENSG00000175575
ENSG00000162174,922.0,4.5797215,46.138016,1,921.54202786088,ENSG00000162174
ENSG00000120948,923.0,4.578968,22.409885,1,922.5421032011508,ENSG00000120948
ENSG00000100206,924.0,4.57834,6.4677267,1,923.5421659946442,ENSG00000100206
ENSG00000160471,929.0,4.5633817,5.2368746,1,928.5436618328094,ENSG00000160471
ENSG00000040531,930.0,4.5618153,38.745247,1,929.543818473816,ENSG00000040531
ENSG00000251192,931.0,4.5605226,8.859118,1,930.5439477562904,ENSG00000251192
ENSG00000185158,933.0,4.554059,25.420214,1,932.5445941090584,ENSG00000185158
ENSG00000119522,934.0,4.5515475,9.060072,1,933.5448452532293,ENSG00000119522
ENSG00000033327,935.0,4.5503583,37.769215,1,934.5449641644956,ENSG00000033327
ENSG00000170271,936.0,4.5501513,12.71053,1,935.5449848771096,ENSG00000170271
ENSG00000196911,937.0,4.549915,11.32016,1,936.5450085103512,ENSG00000196911
ENSG00000177993,938.0,4.5499,4.7408295,1,937.5450100004672,ENSG00000177993
ENSG00000188185,940.0,4.5442195,7.743699,1,939.5455780625344,ENSG00000188185
ENSG00000197769,942.0,4.54255,7.812095,1,941.545744985342,ENSG00000197769
ENSG00000100077,943.0,4.5398464,12.007294,1,942.5460153520108,ENSG00000100077
ENSG00000214128,944.0,4.5397725,6.394022,1,943.5460227429868,ENSG00000214128
ENSG00000101126,945.0,4.5383983,16.155037,1,944.5461601614952,ENSG00000101126
ENSG00000108239,946.0,4.5367513,20.618141,1,945.546324878931,ENSG00000108239
ENSG00000114126,951.0,4.5236835,41.48375,1,950.5476316511632,ENSG00000114126
ENSG00000105875,952.0,4.523004,34.189236,1,951.547699600458,ENSG00000105875
ENSG00000166532,953.0,4.522657,43.987217,1,952.5477343201636,ENSG00000166532
ENSG00000111816,954.0,4.521194,6.6542954,1,953.547880589962,ENSG00000111816
ENSG00000006576,955.0,4.52064,12.09397,1,954.5479360222816,ENSG00000006576
ENSG00000113108,958.0,4.5168285,57.4315,1,957.5483171343805,ENSG00000113108
ENSG00000123143,959.0,4.514184,23.202198,1,958.5485816001892,ENSG00000123143
ENSG00000103313,962.0,4.5095963,5.1979127,1,961.54904037714,ENSG00000103313
ENSG00000144744,964.0,4.5062723,47.971733,1,963.5493727624416,ENSG00000144744
ENSG00000189042,965.0,4.5051937,11.159585,1,964.5494806170464,ENSG00000189042
ENSG00000145476,969.0,4.4975557,4.8150983,1,968.5502444207668,ENSG00000145476
ENSG00000100023,970.0,4.496566,14.920709,1,969.5503434240818,ENSG00000100023
ENSG00000118507,971.0,4.4959083,8.37091,1,970.550409168005,ENSG00000118507
ENSG00000137413,974.0,4.486896,7.2784257,1,973.551310390234,ENSG00000137413
ENSG00000108448,975.0,4.4846063,9.746984,1,974.5515393614768,ENSG00000108448
ENSG00000171488,976.0,4.483114,11.060972,1,975.5516886115074,ENSG00000171488
ENSG00000188060,978.0,4.4822865,16.61101,1,977.5517713427544,ENSG00000188060
ENSG00000160961,983.0,4.47993,12.168176,1,982.5520070195198,ENSG00000160961
ENSG00000132383,985.0,4.472698,39.497402,1,984.5527301728724,ENSG00000132383
ENSG00000172340,986.0,4.4709105,40.624496,1,985.5529089570044,ENSG00000172340
ENSG00000064225,987.0,4.46865,57.081306,1,986.55313500762,ENSG00000064225
ENSG00000078142,988.0,4.467505,34.165737,1,987.5532495081424,ENSG00000078142
ENSG00000068724,992.0,4.4558854,19.16092,1,991.55441147089,ENSG00000068724
ENSG00000185324,993.0,4.4553533,43.22615,1,992.5544646680356,ENSG00000185324
ENSG00000179163,994.0,4.4435635,90.93606,1,993.5556436479092,ENSG00000179163
ENSG00000147251,995.0,4.44267,18.887676,1,994.555733025074,ENSG00000147251
ENSG00000161243,996.0,4.4414067,4.4022,1,995.5558593273164,ENSG00000161243
ENSG00000006638,997.0,4.440254,4.421384,1,996.555974572897,ENSG00000006638
ENSG00000158019,998.0,4.439124,37.938854,1,997.5560875833036,ENSG00000158019
ENSG00000152348,999.0,4.4383483,25.301888,1,998.5561651587486,ENSG00000152348
ENSG00000158435,1000.0,4.436317,18.122648,1,999.556368291378,ENSG00000158435
ENSG00000136731,1001.0,4.434544,7.491617,1,1000.556545585394,ENSG00000136731
ENSG00000083223,1002.0,4.432786,16.999813,1,1001.5567213892936,ENSG00000083223
ENSG00000178809,1005.0,4.4292254,7.7023993,1,1004.5570774674416,ENSG00000178809
ENSG00000205423,1007.0,4.4258275,45.58366,1,1006.5574172437192,ENSG00000205423
ENSG00000112992,1009.0,4.424261,8.325843,1,1008.5575738847256,ENSG00000112992
ENSG00000165487,1011.0,4.417672,36.628304,1,1010.5582327842712,ENSG00000165487
ENSG00000138162,1014.0,4.4056754,6.0069757,1,1013.5594324469566,ENSG00000138162
ENSG00000148429,1015.0,4.4017606,11.915032,1,1014.5598239302636,ENSG00000148429
ENSG00000144893,1017.0,4.3986135,19.388191,1,1016.560138642788,ENSG00000144893
ENSG00000008130,1018.0,4.3980966,27.95876,1,1017.5601903498172,ENSG00000008130
ENSG00000168476,1020.0,4.397439,65.65176,1,1019.5602560937403,ENSG00000168476
ENSG00000158717,1021.0,4.3962793,34.420254,1,1020.5603720545768,ENSG00000158717
ENSG00000042429,1022.0,4.3949494,7.800585,1,1021.5605050623416,ENSG00000042429
ENSG00000256007,1023.0,4.394233,33.753845,1,1022.5605766773224,ENSG00000256007
ENSG00000117153,1024.0,4.394115,32.83919,1,1023.5605885088444,ENSG00000117153
ENSG00000143748,1025.0,4.3920317,22.27162,1,1024.560796827078,ENSG00000143748
ENSG00000245060,1028.0,4.382281,26.178198,1,1027.561771929264,ENSG00000245060
ENSG00000108599,1029.0,4.381867,32.66102,1,1028.5618132948875,ENSG00000108599
ENSG00000162747,1030.0,4.378506,30.189524,1,1029.562149375677,ENSG00000162747
ENSG00000132604,1031.0,4.377679,10.519633,1,1030.562232106924,ENSG00000132604
ENSG00000132286,1033.0,4.375034,20.979914,1,1032.5624966025352,ENSG00000132286
ENSG00000178078,1034.0,4.3738446,9.007457,1,1033.562615543604,ENSG00000178078
ENSG00000048392,1035.0,4.373025,16.209133,1,1034.5626974999905,ENSG00000048392
ENSG00000159131,1036.0,4.3706536,14.2897835,1,1035.5629346370697,ENSG00000159131
ENSG00000162512,1037.0,4.3674035,10.932162,1,1036.5632596611977,ENSG00000162512
ENSG00000148444,1039.0,4.3673296,51.542816,1,1038.5632670521736,ENSG00000148444
ENSG00000186074,1040.0,4.364567,42.14325,1,1039.563543319702,ENSG00000186074
ENSG00000138777,1041.0,4.364308,48.842064,1,1040.5635692179203,ENSG00000138777
ENSG00000180098,1042.0,4.362535,34.56749,1,1041.5637465119362,ENSG00000180098
ENSG00000249383,1043.0,4.3590336,9.384878,1,1042.5640966296196,ENSG00000249383
ENSG00000127526,1047.0,4.3545203,6.078198,1,1046.5645479559898,ENSG00000127526
ENSG00000125954,1048.0,4.3523116,28.64758,1,1047.5647688508034,ENSG00000125954
ENSG00000104133,1049.0,4.351706,30.065184,1,1048.5648294091225,ENSG00000104133
ENSG00000144579,1050.0,4.351632,20.790838,1,1049.5648368000984,ENSG00000144579
ENSG00000105519,1051.0,4.3496003,5.158731,1,1050.56503996253,ENSG00000105519
ENSG00000124523,1054.0,4.346195,6.624308,1,1053.5653804838655,ENSG00000124523
ENSG00000078795,1056.0,4.3439274,11.867746,1,1055.5656072497368,ENSG00000078795
ENSG00000147044,1058.0,4.341142,15.043214,1,1057.5658857822418,ENSG00000147044
ENSG00000110315,1059.0,4.3363037,35.91138,1,1058.5663696229458,ENSG00000110315
ENSG00000258644,1060.0,4.333999,25.129375,1,1059.5666000843048,ENSG00000258644
ENSG00000142396,1061.0,4.331288,37.163956,1,1060.566871225834,ENSG00000142396
ENSG00000132199,1063.0,4.324987,18.52168,1,1062.5675013065338,ENSG00000132199
ENSG00000104375,1064.0,4.321249,24.621286,1,1063.5678750872612,ENSG00000104375
ENSG00000174165,1065.0,4.3201556,14.038598,1,1064.567984431982,ENSG00000174165
ENSG00000120253,1067.0,4.3182573,8.038957,1,1066.5681742727757,ENSG00000120253
ENSG00000167261,1069.0,4.316307,34.818657,1,1068.5683692991734,ENSG00000167261
ENSG00000100523,1071.0,4.310789,21.216442,1,1070.5689210891724,ENSG00000100523
ENSG00000188107,1072.0,4.307701,7.499671,1,1071.569229900837,ENSG00000188107
ENSG00000187595,1074.0,4.3037195,7.3393974,1,1073.569628059864,ENSG00000187595
ENSG00000259462,1077.0,4.3005357,8.02758,1,1076.569946438074,ENSG00000259462
ENSG00000105778,1079.0,4.2964435,26.164133,1,1078.5703556537628,ENSG00000105778
ENSG00000163755,1080.0,4.292809,44.462467,1,1079.5707190930843,ENSG00000163755
ENSG00000136937,1081.0,4.290209,17.178196,1,1080.5709791183472,ENSG00000136937
ENSG00000134061,1082.0,4.289869,15.901445,1,1081.571013122797,ENSG00000134061
ENSG00000081760,1087.0,4.287394,6.282409,1,1086.571260601282,ENSG00000081760
ENSG00000157450,1088.0,4.286478,19.688665,1,1087.5713521838188,ENSG00000157450
ENSG00000173285,1089.0,4.2864485,7.8296895,1,1088.571355164051,ENSG00000173285
ENSG00000160062,1090.0,4.285754,0.7607619,1,1089.57142457366,ENSG00000160062
ENSG00000186487,1091.0,4.284971,6.7359276,1,1090.5715028643608,ENSG00000186487
ENSG00000164124,1092.0,4.2845945,26.20822,1,1091.5715405344963,ENSG00000164124
ENSG00000182158,1093.0,4.2838264,6.657035,1,1092.5716173648834,ENSG00000182158
ENSG00000102595,1094.0,4.2827477,8.962034,1,1093.571725219488,ENSG00000102595
ENSG00000159692,1095.0,4.28209,17.361422,1,1094.5717909932137,ENSG00000159692
ENSG00000138496,1096.0,4.280598,29.843182,1,1095.5719401836395,ENSG00000138496
ENSG00000070601,1097.0,4.2774515,9.695137,1,1096.5722548365593,ENSG00000070601
ENSG00000160199,1098.0,4.275575,18.991312,1,1097.572442471981,ENSG00000160199
ENSG00000149577,1099.0,4.27477,25.512812,1,1098.5725230276585,ENSG00000149577
ENSG00000214300,1101.0,4.2675304,7.614265,1,1100.5732469558716,ENSG00000214300
ENSG00000125457,1104.0,4.2632904,68.64371,1,1103.5736709535122,ENSG00000125457
ENSG00000173517,1106.0,4.2626553,5.3898773,1,1105.5737344622612,ENSG00000173517
ENSG00000154099,1107.0,4.2577868,12.095202,1,1106.5742213129995,ENSG00000154099
ENSG00000242028,1109.0,4.255911,8.808607,1,1108.5744089186192,ENSG00000242028
ENSG00000091592,1110.0,4.2549653,21.473059,1,1109.574503481388,ENSG00000091592
ENSG00000186575,1111.0,4.254071,16.577957,1,1110.5745928883553,ENSG00000186575
ENSG00000153391,1113.0,4.251449,11.680601,1,1112.5748550891876,ENSG00000153391
ENSG00000245812,1117.0,4.236313,7.630333,1,1116.5763687193394,ENSG00000245812
ENSG00000123643,1118.0,4.2350717,25.344263,1,1117.576492846012,ENSG00000123643
ENSG00000166411,1120.0,4.23256,58.375183,1,1119.5767439901829,ENSG00000166411
ENSG00000196605,1121.0,4.2323313,56.34228,1,1120.5767668783665,ENSG00000196605
ENSG00000198373,1122.0,4.232213,31.963034,1,1121.5767787098885,ENSG00000198373
ENSG00000211456,1125.0,4.221347,22.412615,1,1124.5778653025627,ENSG00000211456
ENSG00000083642,1127.0,4.2160873,11.489393,1,1126.5783912539482,ENSG00000083642
ENSG00000198585,1128.0,4.2140336,12.361544,1,1127.578596651554,ENSG00000198585
ENSG00000115486,1129.0,4.210687,13.544603,1,1128.57893127203,ENSG00000115486
ENSG00000026950,1131.0,4.205324,24.782135,1,1130.5794675946236,ENSG00000026950
ENSG00000074755,1132.0,4.2042975,7.3047924,1,1131.579570233822,ENSG00000074755
ENSG00000090857,1134.0,4.2024875,12.148652,1,1133.579751253128,ENSG00000090857
ENSG00000166801,1135.0,4.201254,32.76473,1,1134.5798746049404,ENSG00000166801
ENSG00000154127,1136.0,4.2001977,16.724638,1,1135.579980224371,ENSG00000154127
ENSG00000126562,1138.0,4.1940517,6.2035413,1,1137.5805948376656,ENSG00000126562
ENSG00000005884,1139.0,4.193269,3.2739308,1,1138.5806731283665,ENSG00000005884
ENSG00000182095,1142.0,4.181627,6.724613,1,1141.5818373262882,ENSG00000182095
ENSG00000157540,1143.0,4.1744833,12.666985,1,1142.5825516581535,ENSG00000157540
ENSG00000165475,1144.0,4.1716394,31.914364,1,1143.582836061716,ENSG00000165475
ENSG00000142046,1145.0,4.1698813,24.61611,1,1144.5830118656158,ENSG00000142046
ENSG00000102893,1147.0,4.161874,21.223366,1,1146.583812624216,ENSG00000102893
ENSG00000164199,1148.0,4.1617184,6.692499,1,1147.583828151226,ENSG00000164199
ENSG00000165097,1150.0,4.1589484,12.698402,1,1149.5841051638126,ENSG00000165097
ENSG00000186409,1153.0,4.147831,10.71426,1,1152.585216909647,ENSG00000186409
ENSG00000128335,1155.0,4.144876,24.255413,1,1154.5855123996737,ENSG00000128335
ENSG00000143033,1158.0,4.137068,43.364117,1,1157.58629322052,ENSG00000143033
ENSG00000171206,1159.0,4.1370606,16.80371,1,1158.5862939357758,ENSG00000171206
ENSG00000115459,1161.0,4.1289124,12.35316,1,1160.5871087610722,ENSG00000115459
ENSG00000101911,1162.0,4.1260242,17.332115,1,1161.5873975753784,ENSG00000101911
ENSG00000177981,1164.0,4.122102,40.945637,1,1163.5877898335457,ENSG00000177981
ENSG00000120709,1165.0,4.1208386,21.954517,1,1164.587916135788,ENSG00000120709
ENSG00000183878,1167.0,4.1204395,14.246943,1,1166.5879560410976,ENSG00000183878
ENSG00000124508,1168.0,4.117507,38.243366,1,1167.58824929595,ENSG00000124508
ENSG00000112759,1170.0,4.1149955,22.012386,1,1169.5885004401207,ENSG00000112759
ENSG00000182511,1171.0,4.1145372,27.285614,1,1170.5885462760923,ENSG00000182511
ENSG00000132356,1172.0,4.112787,10.5461035,1,1171.5887213349342,ENSG00000132356
ENSG00000137817,1173.0,4.111871,12.585034,1,1172.588812917471,ENSG00000137817
ENSG00000140853,1175.0,4.108,49.86458,1,1174.5892000198364,ENSG00000140853
ENSG00000176853,1176.0,4.107557,10.23313,1,1175.5892443060875,ENSG00000176853
ENSG00000130164,1177.0,4.107431,5.3405595,1,1176.58925691247,ENSG00000130164
ENSG00000119383,1178.0,4.1071873,11.520349,1,1177.5892812609673,ENSG00000119383
ENSG00000101577,1179.0,4.103058,17.265532,1,1178.5896942019465,ENSG00000101577
ENSG00000169087,1180.0,4.1030507,50.19261,1,1179.589694917202,ENSG00000169087
ENSG00000054690,1181.0,4.1025777,4.292617,1,1180.58974224329,ENSG00000054690
ENSG00000237945,1183.0,4.101551,2.831125,1,1182.5898448824885,ENSG00000237945
ENSG00000168883,1184.0,4.100635,29.024052,1,1183.5899364948273,ENSG00000168883
ENSG00000196418,1185.0,4.0997562,49.491917,1,1184.590024381876,ENSG00000196418
ENSG00000108846,1187.0,4.094164,6.471378,1,1186.5905836224556,ENSG00000108846
ENSG00000213020,1188.0,4.0908694,13.322889,1,1187.5909130573273,ENSG00000213020
ENSG00000169251,1189.0,4.0899167,33.54367,1,1188.591008335352,ENSG00000169251
ENSG00000221883,1190.0,4.088018,4.4595056,1,1189.591198205948,ENSG00000221883
ENSG00000122687,1194.0,4.0844946,31.779398,1,1193.5915505290031,ENSG00000122687
ENSG00000173258,1195.0,4.0830984,4.87731,1,1194.5916901528835,ENSG00000173258
ENSG00000164080,1197.0,4.0789247,14.263044,1,1196.5921075344086,ENSG00000164080
ENSG00000136044,1198.0,4.078895,46.429012,1,1197.5921104848385,ENSG00000136044
ENSG00000126602,1199.0,4.077698,37.140747,1,1198.5922301709652,ENSG00000126602
ENSG00000099940,1200.0,4.0776024,33.84902,1,1199.592239767313,ENSG00000099940
ENSG00000141965,1201.0,4.076738,3.211591,1,1200.5923262238505,ENSG00000141965
ENSG00000197780,1202.0,4.0762577,18.145529,1,1201.5923742353916,ENSG00000197780
ENSG00000204084,1204.0,4.074448,13.194672,1,1203.5925551950932,ENSG00000204084
ENSG00000151576,1207.0,4.071501,10.319434,1,1206.5928499102592,ENSG00000151576
ENSG00000170088,1208.0,4.070511,15.37136,1,1207.5929489135742,ENSG00000170088
ENSG00000120868,1209.0,4.0695133,22.642538,1,1208.5930486619473,ENSG00000120868
ENSG00000054983,1210.0,4.0690923,41.858765,1,1209.5930907726288,ENSG00000054983
ENSG00000139974,1211.0,4.0688043,55.715836,1,1210.5931195616722,ENSG00000139974
ENSG00000138375,1214.0,4.063626,16.533623,1,1213.593637406826,ENSG00000138375
ENSG00000111725,1215.0,4.0625625,40.063446,1,1214.5937437415123,ENSG00000111725
ENSG00000182541,1216.0,4.0622444,28.29496,1,1215.5937755703926,ENSG00000182541
ENSG00000124532,1218.0,4.0601687,22.632694,1,1217.5939831137655,ENSG00000124532
ENSG00000112200,1219.0,4.0572143,16.08949,1,1218.59427857399,ENSG00000112200
ENSG00000150527,1220.0,4.0565047,20.029875,1,1219.5943495333197,ENSG00000150527
ENSG00000184209,1221.0,4.0554338,13.745437,1,1220.5944566130638,ENSG00000184209
ENSG00000100983,1222.0,4.0541854,45.908985,1,1221.5945814549923,ENSG00000100983
ENSG00000100697,1223.0,4.049598,12.291238,1,1222.5950401723385,ENSG00000100697
ENSG00000187764,1224.0,4.048431,27.50766,1,1223.5951569080353,ENSG00000187764
ENSG00000171469,1226.0,4.0471454,26.924303,1,1225.595285475254,ENSG00000171469
ENSG00000090554,1227.0,4.044789,9.206402,1,1226.5955211222172,ENSG00000090554
ENSG00000103485,1228.0,4.0441465,17.83525,1,1227.595585346222,ENSG00000103485
ENSG00000092871,1229.0,4.041805,22.988115,1,1228.5958195328712,ENSG00000092871
ENSG00000134905,1230.0,4.0398397,18.59496,1,1229.5960160195827,ENSG00000134905
ENSG00000198815,1232.0,4.0367446,8.603747,1,1231.596325546503,ENSG00000198815
ENSG00000068489,1233.0,4.034654,3.0866334,1,1232.5965345799923,ENSG00000068489
ENSG00000127084,1235.0,4.032135,18.202799,1,1234.5967864990234,ENSG00000127084
ENSG00000184863,1236.0,4.030022,19.256622,1,1235.5969977974892,ENSG00000184863
ENSG00000164961,1238.0,4.02819,28.819715,1,1237.5971809923649,ENSG00000164961
ENSG00000129493,1240.0,4.0238395,13.511537,1,1239.597616046667,ENSG00000129493
ENSG00000168096,1242.0,4.0223765,27.622799,1,1241.5977623462677,ENSG00000168096
ENSG00000142186,1243.0,4.0190454,22.758657,1,1242.5980954766271,ENSG00000142186
ENSG00000143393,1244.0,4.01872,21.056889,1,1243.598127990961,ENSG00000143393
ENSG00000179295,1246.0,4.013313,12.123183,1,1245.5986687242985,ENSG00000179295
ENSG00000175198,1247.0,4.009989,16.999163,1,1246.5990011096,ENSG00000175198
ENSG00000123154,1248.0,4.0091763,6.4405017,1,1247.5990823805332,ENSG00000123154
ENSG00000163106,1249.0,4.008526,31.26932,1,1248.599147409201,HPGDS
ENSG00000188958,1250.0,4.001331,9.741155,1,1249.59986692667,ENSG00000188958
ENSG00000204852,1251.0,4.001235,1.8377012,1,1250.5998764932156,ENSG00000204852
ENSG00000205323,1252.0,4.0002747,21.021006,1,1251.5999725461006,ENSG00000205323
ENSG00000100099,1253.0,3.999019,14.99953,1,1252.6000981032848,ENSG00000100099
ENSG00000127419,1254.0,3.994631,27.13659,1,1253.6005368828771,ENSG00000127419
ENSG00000215472,1256.0,3.9916468,31.321398,1,1255.6008353233335,ENSG00000215472
ENSG00000076650,1257.0,3.9914029,6.765389,1,1256.6008597016337,ENSG00000076650
ENSG00000005844,1258.0,3.9913511,4.4453807,1,1257.6008648872375,ENSG00000005844
ENSG00000162959,1260.0,3.9889874,37.63459,1,1259.6011012494564,ENSG00000162959
ENSG00000267534,1263.0,3.9882855,7.863264,1,1262.6011714339256,ENSG00000267534
ENSG00000175556,1264.0,3.9882855,14.451464,1,1263.6011714339256,ENSG00000175556
ENSG00000240038,1265.0,3.988005,39.723274,1,1264.601199507713,ENSG00000240038
ENSG00000168995,1266.0,3.98734,30.350353,1,1265.6012659966946,ENSG00000168995
ENSG00000150681,1267.0,3.9808247,46.59726,1,1266.6019175350666,ENSG00000150681
ENSG00000019991,1268.0,3.9803815,48.98084,1,1267.60196185112,ENSG00000019991
ENSG00000089639,1270.0,3.9799013,15.232843,1,1269.6020098626614,ENSG00000089639
ENSG00000135392,1271.0,3.979155,15.366428,1,1270.6020844876766,ENSG00000135392
ENSG00000160201,1272.0,3.9791331,12.334015,1,1271.6020866930485,ENSG00000160201
ENSG00000253710,1273.0,3.978904,7.157247,1,1272.6021096110344,ENSG00000253710
ENSG00000168329,1274.0,3.9764736,22.505217,1,1273.6023526489737,CX3CR1
ENSG00000100504,1275.0,3.9760969,31.581827,1,1274.602390319109,ENSG00000100504
ENSG00000162066,1276.0,3.9756758,39.089027,1,1275.6024324297905,ENSG00000162066
ENSG00000197580,1277.0,3.974989,18.060387,1,1276.6025010943413,ENSG00000197580
ENSG00000215018,1278.0,3.9734006,8.281429,1,1277.6026599407196,ENSG00000215018
ENSG00000251442,1279.0,3.9699657,51.418114,1,1278.6030034422874,ENSG00000251442
ENSG00000198001,1280.0,3.9699361,13.67116,1,1279.6030063927174,ENSG00000198001
ENSG00000189079,1281.0,3.9689462,13.061775,1,1280.60310536623,ENSG00000189079
ENSG00000269897,1284.0,3.966841,17.734995,1,1283.6033158898354,ENSG00000269897
ENSG00000280711,1285.0,3.963672,8.774313,1,1284.6036328077316,ENSG00000280711
ENSG00000105697,1286.0,3.9621356,55.331776,1,1285.6037864387035,ENSG00000105697
ENSG00000268658,1287.0,3.957718,13.014338,1,1286.6042281985283,ENSG00000268658
ENSG00000049618,1288.0,3.9564843,12.752295,1,1287.604351580143,ENSG00000049618
ENSG00000281548,1289.0,3.954571,8.580536,1,1288.6045429110527,ENSG00000281548
ENSG00000235568,1290.0,3.9500504,15.062465,1,1289.604994952679,ENSG00000235568
ENSG00000188452,1292.0,3.9485433,6.019676,1,1291.605145663023,ENSG00000188452
ENSG00000100226,1293.0,3.9483807,16.400969,1,1292.605161935091,ENSG00000100226
ENSG00000230873,1294.0,3.9481962,9.254434,1,1293.6051803827286,ENSG00000230873
ENSG00000081791,1295.0,3.9481518,68.126335,1,1294.6051848232746,ENSG00000081791
ENSG00000117481,1300.0,3.9427888,13.664406,1,1299.605721116066,ENSG00000117481
ENSG00000167693,1301.0,3.942582,3.270675,1,1300.6057417988775,ENSG00000167693
ENSG00000174990,1302.0,3.942294,7.613946,1,1301.6057706177237,ENSG00000174990
ENSG00000166685,1304.0,3.940979,8.635533,1,1303.6059021055698,ENSG00000166685
ENSG00000187492,1306.0,3.935084,9.21343,1,1305.606491595507,ENSG00000187492
ENSG00000102445,1307.0,3.9348476,26.118923,1,1306.6065152287483,ENSG00000102445
ENSG00000235493,1308.0,3.9338357,11.098175,1,1307.6066164374352,ENSG00000235493
ENSG00000111231,1309.0,3.9325578,45.04369,1,1308.6067442297935,ENSG00000111231
ENSG00000143324,1310.0,3.9301422,10.6082115,1,1309.6069857776165,ENSG00000143324
ENSG00000106683,1311.0,3.9298468,10.726735,1,1310.607015311718,ENSG00000106683
ENSG00000196367,1312.0,3.9295511,3.193363,1,1311.6070448756218,ENSG00000196367
ENSG00000088827,1313.0,3.9275346,19.195654,1,1312.6072465479374,ENSG00000088827
ENSG00000169208,1314.0,3.9262788,7.327112,1,1313.6073721051216,ENSG00000169208
ENSG00000237125,1316.0,3.9252963,8.145007,1,1315.6074703633783,ENSG00000237125
ENSG00000181785,1317.0,3.924262,7.718777,1,1316.6075738072395,ENSG00000181785
ENSG00000184220,1318.0,3.9220755,10.936731,1,1317.6077924370766,ENSG00000184220
ENSG00000139192,1321.0,3.920384,35.119896,1,1320.6079615950584,ENSG00000139192
ENSG00000144406,1322.0,3.917636,6.707248,1,1321.6082364022732,ENSG00000144406
ENSG00000196792,1323.0,3.9168234,10.396183,1,1322.6083176732063,ENSG00000196792
ENSG00000167619,1325.0,3.9164615,10.83866,1,1324.6083538532257,ENSG00000167619
ENSG00000104043,1326.0,3.91491,19.971428,1,1325.608509004116,ENSG00000104043
ENSG00000164219,1327.0,3.912598,15.282296,1,1326.6087402105331,ENSG00000164219
ENSG00000133561,1329.0,3.908668,29.648514,1,1328.609133183956,ENSG00000133561
ENSG00000139668,1330.0,3.9081361,18.676083,1,1329.6091863811016,ENSG00000139668
ENSG00000164638,1332.0,3.9068878,6.706346,1,1331.60931122303,ENSG00000164638
ENSG00000137965,1334.0,3.9036005,55.525158,1,1333.609639942646,ENSG00000137965
ENSG00000134686,1336.0,3.8992274,14.119261,1,1335.6100772619247,ENSG00000134686
ENSG00000180104,1337.0,3.8990574,13.910469,1,1336.6100942492485,ENSG00000180104
ENSG00000122882,1338.0,3.89628,16.56989,1,1337.6103720068932,ENSG00000122882
ENSG00000135437,1339.0,3.8958886,9.634963,1,1338.6104111373425,ENSG00000135437
ENSG00000163362,1342.0,3.8955042,13.142227,1,1341.6104495823383,ENSG00000163362
ENSG00000265692,1343.0,3.8943815,7.3054905,1,1342.6105618476868,ENSG00000265692
ENSG00000112679,1344.0,3.8919585,28.045424,1,1343.6108041405678,ENSG00000112679
ENSG00000228049,1346.0,3.8907027,10.715592,1,1345.6109297275543,ENSG00000228049
ENSG00000123124,1347.0,3.8895652,53.800663,1,1346.6110434830189,ENSG00000123124
ENSG00000134744,1348.0,3.8890407,15.745381,1,1347.6110959351065,ENSG00000134744
ENSG00000136206,1349.0,3.8877332,5.7678485,1,1348.6112266778946,ENSG00000136206
ENSG00000158161,1350.0,3.8865511,8.730841,1,1349.6113448739052,ENSG00000158161
ENSG00000132405,1351.0,3.8859973,18.050938,1,1350.6114002764225,ENSG00000132405
ENSG00000021574,1352.0,3.8816092,7.7300396,1,1351.611839085817,ENSG00000021574
ENSG00000167548,1353.0,3.8794374,5.785222,1,1352.6120562553406,ENSG00000167548
ENSG00000133805,1354.0,3.8789425,14.328603,1,1353.612105756998,ENSG00000133805
ENSG00000135452,1355.0,3.8780339,35.273235,1,1354.612196624279,ENSG00000135452
ENSG00000198912,1357.0,3.8755667,16.251678,1,1356.6124433279035,ENSG00000198912
ENSG00000138658,1358.0,3.8753746,7.922773,1,1357.6124625504017,ENSG00000138658
ENSG00000158882,1359.0,3.874946,11.05735,1,1358.612505376339,ENSG00000158882
ENSG00000143382,1361.0,3.8741188,14.9173155,1,1360.612588107586,ENSG00000143382
ENSG00000147789,1362.0,3.870743,40.519062,1,1361.612925708294,ENSG00000147789
ENSG00000105409,1363.0,3.8699598,7.9692793,1,1362.6130040287971,ENSG00000105409
ENSG00000100722,1364.0,3.8697605,34.960533,1,1363.6130239367485,ENSG00000100722
ENSG00000162928,1366.0,3.8669238,9.817667,1,1365.6133076250553,ENSG00000162928
ENSG00000143437,1367.0,3.8668573,19.992455,1,1366.6133142709732,ENSG00000143437
ENSG00000239213,1368.0,3.8667393,22.382124,1,1367.6133260726929,ENSG00000239213
ENSG00000136827,1371.0,3.8638213,23.553307,1,1370.6136178672314,ENSG00000136827
ENSG00000105397,1372.0,3.8626246,52.83663,1,1371.6137375235558,ENSG00000105397
ENSG00000183578,1373.0,3.8623292,5.1408186,1,1372.6137670874596,ENSG00000183578
ENSG00000246174,1374.0,3.8621297,6.411593,1,1373.6137870252132,ENSG00000246174
ENSG00000103111,1376.0,3.8606153,12.648292,1,1375.6139384806156,ENSG00000103111
ENSG00000151014,1377.0,3.85851,9.651047,1,1376.614149004221,ENSG00000151014
ENSG00000168872,1378.0,3.852401,13.798619,1,1377.6147598922253,ENSG00000168872
ENSG00000138193,1379.0,3.8521793,9.108247,1,1378.6147820651531,ENSG00000138193
ENSG00000117305,1380.0,3.8517582,18.522171,1,1379.6148241758349,ENSG00000117305
ENSG00000188000,1381.0,3.8510714,3.5466723,1,1380.6148928701878,ENSG00000188000
ENSG00000161888,1383.0,3.8458042,6.200326,1,1382.615419566631,ENSG00000161888
ENSG00000164010,1385.0,3.8436177,15.041614,1,1384.615638226271,ENSG00000164010
ENSG00000110675,1386.0,3.8423767,4.287646,1,1385.615762323141,ENSG00000110675
ENSG00000048991,1387.0,3.8417857,17.904398,1,1386.6158214211464,ENSG00000048991
ENSG00000075151,1388.0,3.8415272,29.305319,1,1387.6158472895622,ENSG00000075151
ENSG00000121351,1389.0,3.8384469,4.621373,1,1388.6161553263664,ENSG00000121351
ENSG00000131944,1390.0,3.838299,6.277889,1,1389.6161701083183,ENSG00000131944
ENSG00000187147,1391.0,3.8377671,7.4618335,1,1390.6162232756617,ENSG00000187147
ENSG00000120725,1392.0,3.83742,42.8136,1,1391.616257995367,ENSG00000120725
ENSG00000170092,1393.0,3.8346572,4.0801206,1,1392.616534292698,ENSG00000170092
ENSG00000122008,1394.0,3.834421,13.127884,1,1393.6165578961372,ENSG00000122008
ENSG00000268006,1396.0,3.8332388,4.9554057,1,1395.61667612195,ENSG00000268006
ENSG00000069812,1398.0,3.830129,5.787761,1,1397.6169871091845,ENSG00000069812
ENSG00000135823,1399.0,3.8299518,9.88608,1,1398.6170048117638,ENSG00000135823
ENSG00000105392,1400.0,3.828851,3.4118817,1,1399.617114901543,ENSG00000105392
ENSG00000088298,1401.0,3.8281715,16.814709,1,1400.6171828508377,ENSG00000088298
ENSG00000164398,1402.0,3.8275213,3.887068,1,1401.6172478795052,ENSG00000164398
ENSG00000145781,1404.0,3.8268936,33.109467,1,1403.617310643196,ENSG00000145781
ENSG00000163535,1405.0,3.8262582,9.2045145,1,1404.6173741817474,ENSG00000163535
ENSG00000111364,1406.0,3.8249729,12.539247,1,1405.617502719164,ENSG00000111364
ENSG00000214530,1408.0,3.8227642,9.09897,1,1407.617723584175,ENSG00000214530
ENSG00000013297,1409.0,3.8225646,11.272609,1,1408.617743551731,ENSG00000013297
ENSG00000160305,1410.0,3.8211536,15.857194,1,1409.6178846359253,ENSG00000160305
ENSG00000280789,1412.0,3.816847,19.575293,1,1411.6183152794838,ENSG00000280789
ENSG00000008710,1413.0,3.8160641,12.421484,1,1412.618393599987,ENSG00000008710
ENSG00000176087,1414.0,3.8153622,18.119633,1,1413.6184637844565,ENSG00000176087
ENSG00000241973,1415.0,3.8139737,34.631386,1,1414.6186026334765,ENSG00000241973
ENSG00000292338,1416.0,3.813848,38.823456,1,1415.6186152100563,ENSG00000292338
ENSG00000113593,1421.0,3.8101766,27.633333,1,1420.6189823448658,ENSG00000113593
ENSG00000101337,1422.0,3.8100657,18.242823,1,1421.6189934313295,ENSG00000101337
ENSG00000140025,1424.0,3.8001227,10.538321,1,1423.6199877262115,ENSG00000140025
ENSG00000001084,1427.0,3.7974856,31.15401,1,1426.6202514469624,ENSG00000001084
ENSG00000176244,1428.0,3.7962224,4.366408,1,1427.6203777492046,ENSG00000176244
ENSG00000182919,1430.0,3.794383,12.487908,1,1429.6205616891384,ENSG00000182919
ENSG00000178665,1431.0,3.7899508,7.729979,1,1430.621004909277,ENSG00000178665
ENSG00000059378,1435.0,3.7870183,10.134742,1,1434.6212981641293,ENSG00000059378
ENSG00000123095,1436.0,3.7844255,28.261295,1,1435.621557444334,ENSG00000123095
ENSG00000006715,1437.0,3.7844033,24.13454,1,1436.6215596795082,ENSG00000006715
ENSG00000173638,1438.0,3.7802074,28.05157,1,1437.621979266405,ENSG00000173638
ENSG00000185361,1439.0,3.7782054,3.2699695,1,1438.6221794486046,ENSG00000185361
ENSG00000072135,1441.0,3.7745342,13.777249,1,1440.622546583414,ENSG00000072135
ENSG00000139625,1442.0,3.7708554,20.851646,1,1441.6229144632816,ENSG00000139625
ENSG00000245680,1443.0,3.7686172,6.5405498,1,1442.6231382787228,ENSG00000245680
ENSG00000082269,1444.0,3.7682035,23.19615,1,1443.6231796443462,ENSG00000082269
ENSG00000157349,1445.0,3.767088,24.424667,1,1444.623291194439,ENSG00000157349
ENSG00000167740,1447.0,3.7660687,8.910453,1,1446.6233931183815,ENSG00000167740
ENSG00000198876,1449.0,3.7648053,21.532154,1,1448.6235194802284,ENSG00000198876
ENSG00000013563,1450.0,3.7617028,25.287096,1,1449.6238297224045,ENSG00000013563
ENSG00000116641,1451.0,3.7615404,6.957135,1,1450.6238459646702,ENSG00000116641
ENSG00000167595,1452.0,3.7588367,10.525661,1,1451.6241163313389,ENSG00000167595
ENSG00000139117,1453.0,3.7585707,13.2738,1,1452.6241429448128,ENSG00000139117
ENSG00000221947,1454.0,3.7584822,3.061645,1,1453.6241517663002,ENSG00000221947
ENSG00000100711,1455.0,3.7581053,13.214126,1,1454.624189466238,ENSG00000100711
ENSG00000135749,1458.0,3.7522032,20.618431,1,1457.6247796714306,ENSG00000135749
ENSG00000182446,1460.0,3.749167,9.147571,1,1459.625083297491,ENSG00000182446
ENSG00000121957,1462.0,3.7463453,11.476139,1,1461.6253654658794,ENSG00000121957
ENSG00000185436,1465.0,3.7389877,4.924325,1,1464.6261012256143,ENSG00000185436
ENSG00000204822,1467.0,3.7348878,24.365803,1,1466.6265112161636,ENSG00000204822
ENSG00000287542,1468.0,3.7342896,12.865894,1,1467.626571029425,ENSG00000287542
ENSG00000173085,1471.0,3.729717,20.792719,1,1470.627028286457,ENSG00000173085
ENSG00000119231,1472.0,3.7295322,13.170606,1,1471.627046763897,ENSG00000119231
ENSG00000198000,1474.0,3.7252774,23.921831,1,1473.6274722516537,ENSG00000198000
ENSG00000188811,1475.0,3.72397,19.523233,1,1474.627602994442,ENSG00000188811
ENSG00000231607,1477.0,3.7230687,5.0960712,1,1476.627693116665,ENSG00000231607
ENSG00000131127,1479.0,3.7212071,17.961021,1,1478.6278792917728,ENSG00000131127
ENSG00000099290,1480.0,3.7201655,10.977345,1,1479.6279834508896,ENSG00000099290
ENSG00000176225,1482.0,3.7179272,4.314971,1,1481.6282072663307,ENSG00000176225
ENSG00000165898,1484.0,3.715859,40.2379,1,1483.628414094448,ENSG00000165898
ENSG00000158793,1485.0,3.7106805,29.55149,1,1484.628931939602,ENSG00000158793
ENSG00000268043,1487.0,3.7077258,12.049829,1,1486.6292274296284,ENSG00000268043
ENSG00000186687,1488.0,3.7036333,3.964398,1,1487.6296366751194,ENSG00000186687
ENSG00000101181,1489.0,3.7035816,6.222483,1,1488.6296418309212,ENSG00000101181
ENSG00000025800,1490.0,3.7031531,8.07652,1,1489.6296846866608,ENSG00000025800
ENSG00000196220,1491.0,3.7000358,12.821213,1,1490.629996418953,ENSG00000196220
ENSG00000162736,1492.0,3.6983147,48.689636,1,1491.6301685273647,ENSG00000162736
ENSG00000115159,1494.0,3.6955445,19.918375,1,1493.630445539951,ENSG00000115159
ENSG00000141349,1495.0,3.6952565,29.78731,1,1494.630474358797,ENSG00000141349
ENSG00000078747,1498.0,3.692021,15.982761,1,1497.6307979226112,ENSG00000078747
ENSG00000175182,1499.0,3.6845083,14.327479,1,1498.631549179554,ENSG00000175182
ENSG00000115145,1500.0,3.6748977,16.241236,1,1499.6325102448463,ENSG00000115145
ENSG00000282851,1502.0,3.6727037,11.649057,1,1501.6327296197414,ENSG00000282851
ENSG00000107951,1503.0,3.6726224,21.073446,1,1502.6327377557757,ENSG00000107951
ENSG00000171865,1504.0,3.6700666,17.882526,1,1503.6329933404922,ENSG00000171865
ENSG00000164751,1505.0,3.6688626,54.06025,1,1504.6331137418747,ENSG00000164751
ENSG00000090054,1506.0,3.6676362,35.295544,1,1505.633236378431,ENSG00000090054
ENSG00000112249,1507.0,3.66723,13.342985,1,1506.6332769989967,ENSG00000112249
ENSG00000198039,1508.0,3.666617,5.0210137,1,1507.633338302374,ENSG00000198039
ENSG00000169375,1509.0,3.66559,30.872255,1,1508.6334410011768,ENSG00000169375
ENSG00000161265,1510.0,3.664999,17.294247,1,1509.633500099182,ENSG00000161265
ENSG00000095066,1515.0,3.6508307,35.03931,1,1514.6349169313908,ENSG00000095066
ENSG00000126088,1516.0,3.6495233,36.72981,1,1515.635047674179,ENSG00000126088
ENSG00000079785,1517.0,3.6472185,19.758938,1,1516.6352781653404,ENSG00000079785
ENSG00000236467,1518.0,3.6470559,15.444757,1,1517.635294407606,ENSG00000236467
ENSG00000117697,1519.0,3.6469748,44.0062,1,1518.6353025138378,ENSG00000117697
ENSG00000182108,1520.0,3.6467974,13.612682,1,1519.6353202462196,ENSG00000182108
ENSG00000214046,1521.0,3.6463542,37.387173,1,1520.6353645920751,ENSG00000214046
ENSG00000080603,1522.0,3.6460884,7.5743,1,1521.635391175747,ENSG00000080603
ENSG00000151498,1523.0,3.6460736,28.01751,1,1522.6353926360607,ENSG00000151498
ENSG00000014919,1526.0,3.6404963,19.281132,1,1525.6359503865242,ENSG00000014919
ENSG00000172262,1527.0,3.6399422,15.425396,1,1526.6360057890415,ENSG00000172262
ENSG00000116984,1528.0,3.6385167,15.211922,1,1527.6361483335495,ENSG00000116984
ENSG00000198909,1529.0,3.6364112,14.979723,1,1528.6363588869572,ENSG00000198909
ENSG00000108474,1530.0,3.6352293,36.61731,1,1529.6364770531654,ENSG00000108474
ENSG00000246100,1531.0,3.632895,15.472748,1,1530.6367104947567,ENSG00000246100
ENSG00000112893,1533.0,3.631159,11.820304,1,1532.6368840932846,ENSG00000112893
ENSG00000152056,1534.0,3.630184,10.583054,1,1533.6369816064837,ENSG00000152056
ENSG00000062598,1536.0,3.6279383,15.168295,1,1535.6372061669829,ENSG00000062598
ENSG00000120925,1537.0,3.6274655,18.788292,1,1536.6372534632685,ENSG00000120925
ENSG00000152556,1540.0,3.626003,7.763061,1,1539.6373997032642,ENSG00000152556
ENSG00000100726,1541.0,3.6258478,26.822618,1,1540.6374152302742,ENSG00000100726
ENSG00000163803,1542.0,3.6231663,42.24291,1,1541.6376833617687,ENSG00000163803
ENSG00000159063,1543.0,3.6223316,40.030197,1,1542.6377668380735,ENSG00000159063
ENSG00000092931,1546.0,3.6191626,16.423035,1,1545.63808375597,ENSG00000092931
ENSG00000163364,1547.0,3.618771,8.445093,1,1546.6381228864193,ENSG00000163364
ENSG00000141376,1548.0,3.618431,28.605492,1,1547.6381568908691,ENSG00000141376
ENSG00000108433,1549.0,3.6176777,21.89921,1,1548.63823223114,ENSG00000108433
ENSG00000100024,1550.0,3.6146417,6.9485292,1,1549.6385358273983,ENSG00000100024
ENSG00000161652,1552.0,3.6121228,9.463988,1,1551.6387877166271,ENSG00000161652
ENSG00000258659,1553.0,3.6118715,25.61574,1,1552.638812839985,ENSG00000258659
ENSG00000133246,1555.0,3.6110811,22.72926,1,1554.638891875744,ENSG00000133246
ENSG00000170946,1556.0,3.6098402,11.258398,1,1555.6390159726143,ENSG00000170946
ENSG00000155363,1557.0,3.608163,28.545898,1,1556.639183700085,ENSG00000155363
ENSG00000184698,1558.0,3.6061614,7.781465,1,1557.6393838524818,ENSG00000184698
ENSG00000174227,1559.0,3.6059766,39.348812,1,1558.6394023299215,ENSG00000174227
ENSG00000174501,1560.0,3.6059544,27.360613,1,1559.639404565096,ENSG00000174501
ENSG00000078699,1561.0,3.6053858,4.0926785,1,1560.639461427927,ENSG00000078699
ENSG00000158773,1562.0,3.6047652,64.867195,1,1561.6395234763622,ENSG00000158773
ENSG00000198218,1563.0,3.6031253,42.31364,1,1562.6396874785423,ENSG00000198218
ENSG00000114480,1564.0,3.5992396,18.843637,1,1563.6400760412216,ENSG00000114480
ENSG00000259764,1568.0,3.592429,10.543492,1,1567.6407571136951,ENSG00000259764
ENSG00000163930,1570.0,3.5903308,22.186417,1,1569.6409669220448,ENSG00000163930
ENSG00000165322,1572.0,3.589969,22.929796,1,1571.641003102064,ENSG00000165322
ENSG00000257771,1573.0,3.589149,8.817813,1,1572.641085088253,ENSG00000257771
ENSG00000163626,1574.0,3.5877159,4.4824514,1,1573.6412284076214,ENSG00000163626
ENSG00000226091,1575.0,3.5871174,16.228283,1,1574.6412882506847,ENSG00000226091
ENSG00000102900,1576.0,3.5869846,37.294544,1,1575.6413015425203,ENSG00000102900
ENSG00000196187,1577.0,3.5868073,25.186543,1,1576.6413192749023,ENSG00000196187
ENSG00000196275,1578.0,3.5859873,3.3595593,1,1577.6414012610912,ENSG00000196275
ENSG00000172322,1579.0,3.5857952,56.37754,1,1578.6414204835892,ENSG00000172322
ENSG00000184788,1580.0,3.585374,7.8108687,1,1579.6414625942707,ENSG00000184788
ENSG00000142178,1581.0,3.5853667,11.630393,1,1580.6414633393288,ENSG00000142178
ENSG00000115839,1582.0,3.5844212,13.606434,1,1581.6415578722954,ENSG00000115839
ENSG00000141485,1583.0,3.5833502,7.4273005,1,1582.641664981842,ENSG00000141485
ENSG00000001630,1584.0,3.5828774,4.7518764,1,1583.6417122483251,ENSG00000001630
ENSG00000261126,1585.0,3.5817988,8.847811,1,1584.6418201327324,ENSG00000261126
ENSG00000146733,1586.0,3.5817175,7.340728,1,1585.641828238964,ENSG00000146733
ENSG00000186496,1587.0,3.5812006,12.614196,1,1586.6418799459934,ENSG00000186496
ENSG00000134265,1588.0,3.5809715,10.957931,1,1587.641902863979,ENSG00000134265
ENSG00000130529,1589.0,3.580942,4.1447363,1,1588.6419058144093,ENSG00000130529
ENSG00000084652,1591.0,3.5804543,7.16658,1,1590.641954571009,ENSG00000084652
ENSG00000090316,1592.0,3.5801885,27.07875,1,1591.6419811546805,ENSG00000090316
ENSG00000136280,1594.0,3.578497,23.831507,1,1593.642150312662,ENSG00000136280
ENSG00000099985,1596.0,3.5766354,231.00838,1,1595.6423364579678,OSM
ENSG00000224238,1597.0,3.5760221,7.3750534,1,1596.6423977911472,ENSG00000224238
ENSG00000165023,1598.0,3.5754902,12.708314,1,1597.6424509882927,ENSG00000165023
ENSG00000187796,1599.0,3.575047,33.31571,1,1598.642495304346,ENSG00000187796
ENSG00000215241,1600.0,3.5746408,11.305242,1,1599.6425359249115,ENSG00000215241
ENSG00000177000,1601.0,3.5717082,8.463368,1,1600.6428291797638,ENSG00000177000
ENSG00000107736,1603.0,3.5691965,9.213173,1,1602.6430803537369,ENSG00000107736
ENSG00000167985,1605.0,3.5682068,23.004635,1,1604.6431793272495,ENSG00000167985
ENSG00000149927,1606.0,3.568192,8.147518,1,1605.643180787563,ENSG00000149927
ENSG00000167202,1607.0,3.5677266,24.693981,1,1606.643227338791,ENSG00000167202
ENSG00000142609,1609.0,3.566936,7.0982494,1,1608.6433064043522,ENSG00000142609
ENSG00000240682,1611.0,3.565311,28.206123,1,1610.6434689164162,ENSG00000240682
ENSG00000244005,1612.0,3.5649047,4.6128507,1,1611.6435095369816,ENSG00000244005
ENSG00000115970,1613.0,3.5620975,18.420498,1,1612.6437902450562,ENSG00000115970
ENSG00000006007,1614.0,3.5595047,30.641943,1,1613.644049525261,ENSG00000006007
ENSG00000011295,1616.0,3.5582342,24.990416,1,1615.6441765725613,ENSG00000011295
ENSG00000157538,1617.0,3.557924,21.023602,1,1616.6442075967789,ENSG00000157538
ENSG00000143458,1620.0,3.554334,9.139131,1,1619.6445665955544,ENSG00000143458
ENSG00000112303,1621.0,3.5532923,33.008205,1,1620.6446707844734,ENSG00000112303
ENSG00000116205,1622.0,3.5521693,3.7137802,1,1621.6447830796242,ENSG00000116205
ENSG00000095485,1626.0,3.5458167,15.692247,1,1625.6454183459282,ENSG00000095485
ENSG00000241570,1627.0,3.545728,8.206176,1,1626.645427197218,ENSG00000241570
ENSG00000173875,1630.0,3.5439403,21.696205,1,1629.64560598135,ENSG00000173875
ENSG00000087157,1631.0,3.5423741,22.776587,1,1630.645762592554,ENSG00000087157
ENSG00000157181,1632.0,3.54216,13.240186,1,1631.6457839906216,ENSG00000157181
ENSG00000164088,1633.0,3.541185,27.453228,1,1632.6458815038204,ENSG00000164088
ENSG00000173064,1635.0,3.5399144,26.731941,1,1634.6460085511208,ENSG00000173064
ENSG00000143374,1636.0,3.5389318,11.342849,1,1635.6461068093777,ENSG00000143374
ENSG00000267100,1637.0,3.53741,8.776519,1,1636.646259009838,ENSG00000267100
ENSG00000188822,1638.0,3.5372846,3.1796503,1,1637.6462715268135,ENSG00000188822
ENSG00000169180,1640.0,3.536952,31.72868,1,1639.6463047862053,ENSG00000169180
ENSG00000175782,1641.0,3.5364869,2.7760477,1,1640.6463513076303,ENSG00000175782
ENSG00000107077,1642.0,3.5354674,23.677155,1,1641.6464532613754,ENSG00000107077
ENSG00000005175,1643.0,3.5343075,35.55777,1,1642.6465692520142,ENSG00000005175
ENSG00000110514,1646.0,3.524697,10.363363,1,1645.6475302875042,ENSG00000110514
ENSG00000119686,1647.0,3.5239289,26.704607,1,1646.6476071178913,ENSG00000119686
ENSG00000079974,1648.0,3.5228503,17.692198,1,1647.647714972496,ENSG00000079974
ENSG00000133488,1649.0,3.5222223,5.1025705,1,1648.6477777659893,ENSG00000133488
ENSG00000174839,1651.0,3.5153673,10.285178,1,1650.6484632790089,ENSG00000174839
ENSG00000106034,1652.0,3.5146728,24.532759,1,1651.64853271842,ENSG00000106034
ENSG00000144395,1653.0,3.5142665,5.513101,1,1652.6485733389854,ENSG00000144395
ENSG00000163006,1655.0,3.5098639,6.5461035,1,1654.649013608694,ENSG00000163006
ENSG00000127511,1657.0,3.507537,13.805245,1,1656.6492463052273,ENSG00000127511
ENSG00000075702,1658.0,3.5050328,6.8859425,1,1657.6494967341423,ENSG00000075702
ENSG00000110455,1659.0,3.5042055,38.866837,1,1658.6495794653893,ENSG00000110455
ENSG00000104365,1662.0,3.5031047,11.053927,1,1661.6496895253658,ENSG00000104365
ENSG00000178188,1663.0,3.5029643,7.633296,1,1662.6497035622597,ENSG00000178188
ENSG00000181381,1664.0,3.501812,13.339244,1,1663.6498188078403,ENSG00000181381
ENSG00000087263,1665.0,3.501354,4.370796,1,1664.64986461401,ENSG00000087263
ENSG00000204655,1667.0,3.498931,5.836188,1,1666.6501069068909,ENSG00000204655
ENSG00000025770,1670.0,3.4961092,26.203356,1,1669.6503890752792,ENSG00000025770
ENSG00000148225,1672.0,3.492135,5.443379,1,1671.6507864892485,ENSG00000148225
ENSG00000136875,1674.0,3.48935,18.531113,1,1673.651064991951,ENSG00000136875
ENSG00000106397,1677.0,3.4809659,21.174826,1,1676.6519034206867,ENSG00000106397
ENSG00000145868,1678.0,3.4804783,11.723587,1,1677.651952177286,ENSG00000145868
ENSG00000066084,1679.0,3.4802122,10.485807,1,1678.65197879076,ENSG00000066084
ENSG00000213782,1680.0,3.4795253,22.288416,1,1679.6520474553108,ENSG00000213782
ENSG00000259673,1681.0,3.4793627,26.625086,1,1680.6520637273788,ENSG00000259673
ENSG00000239857,1683.0,3.4750636,11.82242,1,1682.6524936556816,ENSG00000239857
ENSG00000011523,1685.0,3.4726996,8.984922,1,1684.6527300477028,ENSG00000011523
ENSG00000135127,1686.0,3.471008,5.1820674,1,1685.652899205685,ENSG00000135127
ENSG00000226328,1689.0,3.4678538,6.7457747,1,1688.6532146334648,ENSG00000226328
ENSG00000155621,1691.0,3.4660144,5.1686497,1,1690.6533985733986,ENSG00000155621
ENSG00000146282,1692.0,3.4638648,21.21785,1,1691.6536135077477,ENSG00000146282
ENSG00000125629,1693.0,3.462727,19.963917,1,1692.6537272930143,ENSG00000125629
ENSG00000146426,1694.0,3.458391,13.072059,1,1693.6541609168053,ENSG00000146426
ENSG00000165792,1695.0,3.4579995,31.834343,1,1694.6542000472546,ENSG00000165792
ENSG00000160219,1697.0,3.4575562,22.056444,1,1696.654244363308,ENSG00000160219
ENSG00000126773,1698.0,3.4551997,17.20443,1,1697.6544800400734,ENSG00000126773
ENSG00000132915,1699.0,3.4542985,2.594908,1,1698.6545701622963,ENSG00000132915
ENSG00000131061,1700.0,3.4535303,4.702173,1,1699.654646962881,ENSG00000131061
ENSG00000108091,1701.0,3.4531462,8.31922,1,1700.6546853780746,ENSG00000108091
ENSG00000171608,1702.0,3.4496078,18.951448,1,1701.6550392210484,ENSG00000171608
ENSG00000178199,1703.0,3.4491942,5.149454,1,1702.6550805866718,ENSG00000178199
ENSG00000122512,1705.0,3.4473917,6.79449,1,1704.6552608311176,ENSG00000122512
ENSG00000169359,1708.0,3.446217,11.385435,1,1707.6553782820702,ENSG00000169359
ENSG00000144134,1710.0,3.4424424,15.277818,1,1709.6557557582855,ENSG00000144134
ENSG00000168612,1711.0,3.4411423,6.932176,1,1710.6558857560158,ENSG00000168612
ENSG00000184574,1712.0,3.4399455,12.129712,1,1711.6560054421425,ENSG00000184574
ENSG00000226688,1713.0,3.4383943,19.92697,1,1712.6561605632303,ENSG00000226688
ENSG00000087111,1714.0,3.4342132,32.051414,1,1713.6565786898136,ENSG00000087111
ENSG00000196214,1716.0,3.4334671,8.60752,1,1715.6566532850266,ENSG00000196214
ENSG00000175115,1718.0,3.4282,9.369267,1,1717.6571800112724,ENSG00000175115
ENSG00000071189,1719.0,3.4232728,20.824783,1,1718.657672703266,ENSG00000071189
ENSG00000146842,1720.0,3.4204364,3.4898767,1,1719.6579563617706,ENSG00000146842
ENSG00000132196,1721.0,3.4188998,24.428873,1,1720.6581100225449,ENSG00000132196
ENSG00000188785,1723.0,3.418789,19.374523,1,1722.6581211090088,ENSG00000188785
ENSG00000108306,1725.0,3.4178362,8.811147,1,1724.6582163870337,ENSG00000108306
ENSG00000102699,1726.0,3.4159155,10.398099,1,1725.6584084630013,ENSG00000102699
ENSG00000166387,1727.0,3.4151473,36.85613,1,1726.658485263586,ENSG00000166387
ENSG00000147471,1728.0,3.41398,19.87999,1,1727.6586019992828,ENSG00000147471
ENSG00000122335,1730.0,3.4118378,7.3513865,1,1729.6588162183762,ENSG00000122335
ENSG00000128309,1731.0,3.4114242,15.892096,1,1730.6588575839996,ENSG00000128309
ENSG00000145687,1733.0,3.4109883,70.27808,1,1732.658901154995,ENSG00000145687
ENSG00000100714,1734.0,3.4103603,15.26641,1,1733.6589639782906,ENSG00000100714
ENSG00000087995,1735.0,3.4078267,6.606849,1,1734.6592173278332,ENSG00000087995
ENSG00000174928,1736.0,3.407487,4.9808793,1,1735.6592513024807,ENSG00000174928
ENSG00000127804,1737.0,3.405581,16.769957,1,1736.6594418883324,ENSG00000127804
ENSG00000117640,1739.0,3.4047241,33.68402,1,1738.6595275998116,ENSG00000117640
ENSG00000163539,1740.0,3.4006243,14.503262,1,1739.6599375605583,ENSG00000163539
ENSG00000125703,1741.0,3.395638,30.703096,1,1740.6604362130165,ENSG00000125703
ENSG00000145029,1743.0,3.3928163,5.3926015,1,1742.6607183814049,ENSG00000145029
ENSG00000139508,1744.0,3.3924985,23.780306,1,1743.6607501506803,ENSG00000139508
ENSG00000047188,1746.0,3.391745,10.312638,1,1745.6608254909515,ENSG00000047188
ENSG00000120860,1747.0,3.3878226,46.83403,1,1746.6612177491188,ENSG00000120860
ENSG00000174891,1748.0,3.3874238,19.861065,1,1747.6612576246262,ENSG00000174891
ENSG00000262664,1749.0,3.3824596,13.587669,1,1748.6617540419102,ENSG00000262664
ENSG00000136940,1750.0,3.3814402,15.497065,1,1749.661855995655,ENSG00000136940
ENSG00000181804,1751.0,3.3810413,33.993732,1,1750.6618958711624,ENSG00000181804
ENSG00000196268,1752.0,3.3805315,13.678554,1,1751.6619468331337,ENSG00000196268
ENSG00000064933,1753.0,3.3801548,9.161556,1,1752.6619845032692,ENSG00000064933
ENSG00000144504,1754.0,3.3777983,18.938055,1,1753.6622201800346,ENSG00000144504
ENSG00000182022,1755.0,3.3748288,13.918252,1,1754.662517130375,ENSG00000182022
ENSG00000106853,1756.0,3.3737502,35.580097,1,1755.6626249849796,ENSG00000106853
ENSG00000150967,1757.0,3.3731887,4.038631,1,1756.662681132555,ENSG00000150967
ENSG00000197497,1758.0,3.3728268,9.633168,1,1757.6627173125744,ENSG00000197497
ENSG00000139410,1759.0,3.3724723,38.508606,1,1758.662752777338,ENSG00000139410
ENSG00000188112,1761.0,3.3699608,7.7401533,1,1760.6630039215088,ENSG00000188112
ENSG00000065357,1763.0,3.3687196,18.73553,1,1762.6631280481815,ENSG00000065357
ENSG00000185800,1765.0,3.3636966,7.669053,1,1764.663630336523,ENSG00000185800
ENSG00000137486,1766.0,3.3630908,17.69632,1,1765.6636909246445,ENSG00000137486
ENSG00000172006,1767.0,3.3617685,9.261603,1,1766.663823157549,ENSG00000172006
ENSG00000109118,1768.0,3.361377,8.033666,1,1767.6638622879982,ENSG00000109118
ENSG00000067955,1770.0,3.3594046,22.319284,1,1769.66405954957,ENSG00000067955
ENSG00000125755,1772.0,3.357181,8.072101,1,1771.6642819046974,ENSG00000125755
ENSG00000085415,1773.0,3.3543887,9.198779,1,1772.664561122656,ENSG00000085415
ENSG00000126214,1774.0,3.3524017,16.357975,1,1773.6647598147392,ENSG00000126214
ENSG00000130703,1775.0,3.3523648,15.152837,1,1774.6647635102272,ENSG00000130703
ENSG00000068878,1776.0,3.3519437,17.321024,1,1775.6648056209087,ENSG00000068878
ENSG00000100815,1778.0,3.3448448,20.89162,1,1777.665515512228,ENSG00000100815
ENSG00000247077,1779.0,3.3446822,4.806034,1,1778.665531784296,ENSG00000247077
ENSG00000159433,1782.0,3.3411512,3.8830156,1,1781.6658848822117,ENSG00000159433
ENSG00000292354,1783.0,3.3408337,4.3384213,1,1782.665916621685,ENSG00000292354
ENSG00000154240,1785.0,3.3384254,6.976492,1,1784.6661574542522,ENSG00000154240
ENSG00000204152,1787.0,3.3375168,8.555467,1,1786.6662483215332,ENSG00000204152
ENSG00000125814,1789.0,3.3364604,9.779801,1,1788.666353970766,ENSG00000125814
ENSG00000159882,1790.0,3.3347318,5.8414536,1,1789.666526824236,ENSG00000159882
ENSG00000175224,1791.0,3.334141,30.324457,1,1790.666585892439,ENSG00000175224
ENSG00000145246,1792.0,3.3338675,20.159288,1,1791.6666132509708,ENSG00000145246
ENSG00000196967,1794.0,3.3288002,15.672201,1,1793.6671199798584,ENSG00000196967
ENSG00000100342,1795.0,3.3280835,9.479996,1,1794.6671916544435,ENSG00000100342
ENSG00000054965,1796.0,3.327729,7.392029,1,1795.667227089405,ENSG00000054965
ENSG00000102181,1797.0,3.32603,13.081654,1,1796.667396992445,ENSG00000102181
ENSG00000175215,1798.0,3.3252764,6.686412,1,1797.6674723625183,ENSG00000175215
ENSG00000196313,1800.0,3.323186,5.7743917,1,1799.6676813960075,ENSG00000196313
ENSG00000184445,1801.0,3.3226244,7.4511833,1,1800.667737543583,ENSG00000184445
ENSG00000111731,1803.0,3.3215091,26.388327,1,1802.667849093676,ENSG00000111731
ENSG00000167315,1804.0,3.3192265,42.6904,1,1803.6680773496628,ENSG00000167315
ENSG00000214013,1805.0,3.3191822,11.04408,1,1804.6680817902088,ENSG00000214013
ENSG00000122390,1808.0,3.3149052,33.724983,1,1807.6685094833372,ENSG00000122390
ENSG00000073331,1809.0,3.3145504,13.098745,1,1808.668544948101,ENSG00000073331
ENSG00000124222,1810.0,3.3127553,21.605295,1,1809.668724477291,ENSG00000124222
ENSG00000005059,1811.0,3.3124378,33.45822,1,1810.6687562167645,ENSG00000005059
ENSG00000112304,1812.0,3.3069565,13.975558,1,1811.6693043410776,ENSG00000112304
ENSG00000183520,1814.0,3.3058634,23.41289,1,1813.6694136559963,ENSG00000183520
ENSG00000175193,1815.0,3.3038983,36.56304,1,1814.66961017251,ENSG00000175193
ENSG00000198692,1816.0,3.303034,34.514355,1,1815.669696599245,ENSG00000198692
ENSG00000144228,1818.0,3.301963,7.7739067,1,1817.6698036789892,ENSG00000144228
ENSG00000011260,1819.0,3.3009362,16.894854,1,1818.6699063777924,ENSG00000011260
ENSG00000249859,1820.0,3.3005447,11.174388,1,1819.669945538044,ENSG00000249859
ENSG00000130826,1821.0,3.2988455,26.029142,1,1820.670115441084,ENSG00000130826
ENSG00000188895,1822.0,3.2986684,6.815609,1,1821.6701331734655,ENSG00000188895
ENSG00000126216,1824.0,3.2979224,17.725761,1,1823.670207768679,ENSG00000126216
ENSG00000068024,1826.0,3.295285,6.4125285,1,1825.6704714894292,ENSG00000068024
ENSG00000183718,1827.0,3.2944133,8.763526,1,1826.6705586612225,ENSG00000183718
ENSG00000100150,1829.0,3.2929509,9.593372,1,1828.6707049012184,ENSG00000100150
ENSG00000151413,1831.0,3.2902102,5.8704505,1,1830.670978963375,ENSG00000151413
ENSG00000138399,1832.0,3.2891834,26.090916,1,1831.671081662178,ENSG00000138399
ENSG00000100796,1834.0,3.285815,27.494373,1,1833.6714184880257,ENSG00000100796
ENSG00000117625,1835.0,3.2844853,19.440577,1,1834.671551465988,ENSG00000117625
ENSG00000070610,1836.0,3.2836504,22.719162,1,1835.6716349720955,ENSG00000070610
ENSG00000037757,1838.0,3.2808287,14.146219,1,1837.671917140484,ENSG00000037757
ENSG00000117479,1839.0,3.2802303,16.987806,1,1838.6719769835472,ENSG00000117479
ENSG00000188690,1843.0,3.276906,45.247864,1,1842.6723093986511,ENSG00000188690
ENSG00000123609,1844.0,3.2755618,21.254322,1,1843.672443807125,ENSG00000123609
ENSG00000127993,1845.0,3.2751112,10.538587,1,1844.6724888682363,ENSG00000127993
ENSG00000105341,1846.0,3.2749634,30.2669,1,1845.6725036501884,ENSG00000105341
ENSG00000227467,1847.0,3.2744389,9.881726,1,1846.672556102276,ENSG00000227467
ENSG00000183474,1849.0,3.2721488,17.530602,1,1848.672785103321,ENSG00000183474
ENSG00000101997,1850.0,3.2712846,36.938324,1,1849.672871530056,ENSG00000101997
ENSG00000187857,1851.0,3.2711442,9.581747,1,1850.672885596752,ENSG00000187857
ENSG00000168228,1852.0,3.2701175,9.231542,1,1851.6729882359505,ENSG00000168228
ENSG00000107937,1853.0,3.2697186,14.114285,1,1852.67302814126,ENSG00000107937
ENSG00000119725,1854.0,3.268965,18.498854,1,1853.6731035113332,ENSG00000119725
ENSG00000120158,1855.0,3.268603,19.458448,1,1854.6731396913528,ENSG00000120158
ENSG00000044459,1857.0,3.2661211,7.431131,1,1856.6733878850937,ENSG00000044459
ENSG00000236078,1858.0,3.2619843,8.258201,1,1857.6738015711308,ENSG00000236078
ENSG00000100253,1860.0,3.2608984,8.212987,1,1859.6739101707933,MIOX
ENSG00000228750,1861.0,3.2593842,8.664353,1,1860.6740615963936,ENSG00000228750
ENSG00000280634,1864.0,3.2484217,7.61395,1,1863.6751578450203,ENSG00000280634
ENSG00000090238,1866.0,3.2409313,40.47766,1,1865.6759068667889,ENSG00000090238
ENSG00000205609,1867.0,3.2398305,18.42568,1,1866.676016956568,ENSG00000205609
ENSG00000205710,1868.0,3.2376957,11.02772,1,1867.676230430603,ENSG00000205710
ENSG00000144791,1869.0,3.2374446,14.4085245,1,1868.6762555241585,ENSG00000144791
ENSG00000007923,1870.0,3.2370236,19.028921,1,1869.67629763484,ENSG00000007923
ENSG00000177535,1872.0,3.2351768,7.976807,1,1871.676482319832,ENSG00000177535
ENSG00000196634,1873.0,3.2348516,8.854682,1,1872.6765148341656,ENSG00000196634
ENSG00000289506,1875.0,3.2329755,14.594362,1,1874.676702439785,ENSG00000289506
ENSG00000156299,1877.0,3.2288387,19.00364,1,1876.677116125822,ENSG00000156299
ENSG00000267065,1878.0,3.2269328,7.9809675,1,1877.6773067116735,ENSG00000267065
ENSG00000157259,1879.0,3.225256,13.922352,1,1878.6774744093416,ENSG00000157259
ENSG00000177363,1881.0,3.2237194,2.5913665,1,1880.677628070116,ENSG00000177363
ENSG00000109667,1882.0,3.2235496,16.801517,1,1881.6776450276373,ENSG00000109667
ENSG00000013561,1883.0,3.221762,22.45127,1,1882.6778238117693,ENSG00000013561
ENSG00000159788,1884.0,3.2217028,27.318512,1,1883.677829712629,ENSG00000159788
ENSG00000165458,1885.0,3.2215402,15.779275,1,1884.6778459846971,ENSG00000165458
ENSG00000214113,1886.0,3.2213335,6.2022142,1,1885.6778666377068,ENSG00000214113
ENSG00000235897,1887.0,3.2196343,7.2668605,1,1886.678036570549,ENSG00000235897
ENSG00000126070,1888.0,3.2192724,10.629214,1,1887.6780727505684,ENSG00000126070
ENSG00000165699,1889.0,3.2175586,4.2932153,1,1888.6782441437244,ENSG00000165699
ENSG00000131828,1890.0,3.2174108,40.54284,1,1889.6782589256763,ENSG00000131828
ENSG00000120451,1891.0,3.2163103,16.5216,1,1890.678368985653,ENSG00000120451
ENSG00000167723,1892.0,3.2157562,12.465699,1,1891.6784243881705,ENSG00000167723
ENSG00000198408,1893.0,3.2149067,15.585516,1,1892.678509324789,ENSG00000198408
ENSG00000152904,1894.0,3.2145817,27.98095,1,1893.6785418391228,ENSG00000152904
ENSG00000285517,1897.0,3.2136214,7.2672763,1,1896.6786378622053,ENSG00000285517
ENSG00000171310,1898.0,3.2132003,11.359643,1,1897.678679972887,ENSG00000171310
ENSG00000007341,1899.0,3.2131634,10.337877,1,1898.678683668375,ENSG00000007341
ENSG00000100596,1900.0,3.2121809,39.38013,1,1899.678781926632,ENSG00000100596
ENSG00000111450,1901.0,3.2121143,5.458815,1,1900.6787885725496,ENSG00000111450
ENSG00000076053,1902.0,3.210866,22.711666,1,1901.6789134144783,ENSG00000076053
ENSG00000158445,1903.0,3.2084136,7.7491283,1,1902.679158627987,ENSG00000158445
ENSG00000236287,1904.0,3.2082362,9.435028,1,1903.679176390171,ENSG00000236287
ENSG00000069424,1905.0,3.2075343,12.93388,1,1904.6792465746405,ENSG00000069424
ENSG00000265354,1907.0,3.2062933,29.543083,1,1906.6793706715107,ENSG00000265354
ENSG00000174130,1909.0,3.2037597,23.15357,1,1908.679624021053,ENSG00000174130
ENSG00000267368,1910.0,3.203671,14.716742,1,1909.6796329021452,ENSG00000267368
ENSG00000234945,1912.0,3.1999185,7.765057,1,1911.6800081431863,ENSG00000234945
ENSG00000112414,1913.0,3.1992536,15.455135,1,1912.680074632168,ENSG00000112414
ENSG00000106638,1914.0,3.199224,28.687025,1,1913.6800776124,ENSG00000106638
ENSG00000205356,1915.0,3.1989212,40.058033,1,1914.68010789156,ENSG00000205356
ENSG00000164300,1916.0,3.1987808,15.067657,1,1915.6801219284532,ENSG00000164300
ENSG00000117054,1919.0,3.1953237,29.268919,1,1918.6804676353927,ENSG00000117054
ENSG00000120697,1920.0,3.1939275,20.985031,1,1919.6806072592733,ENSG00000120697
ENSG00000167207,1921.0,3.1919847,14.742685,1,1920.6808015406127,ENSG00000167207
ENSG00000148660,1922.0,3.1893623,20.461142,1,1921.681063771248,ENSG00000148660
ENSG00000120334,1923.0,3.1887124,1.7380862,1,1922.681128770113,ENSG00000120334
ENSG00000182310,1924.0,3.1879735,8.412051,1,1923.6812026500704,ENSG00000182310
ENSG00000134255,1925.0,3.1876855,51.326336,1,1924.6812314391136,ENSG00000134255
ENSG00000125447,1926.0,3.1873753,19.567179,1,1925.6812624633312,ENSG00000125447
ENSG00000116691,1927.0,3.1873531,17.898111,1,1926.6812646985052,ENSG00000116691
ENSG00000023608,1928.0,3.1871462,17.061611,1,1927.681285381317,ENSG00000023608
ENSG00000132570,1929.0,3.187065,7.257821,1,1928.6812935173512,ENSG00000132570
ENSG00000133216,1930.0,3.1855803,8.754365,1,1929.681441962719,ENSG00000133216
ENSG00000160223,1931.0,3.1824334,10.262679,1,1930.6817566752436,ENSG00000160223
ENSG00000168924,1932.0,3.1807342,8.514571,1,1931.6819265782835,ENSG00000168924
ENSG00000108799,1933.0,3.1799068,19.009743,1,1932.6820093095305,ENSG00000108799
ENSG00000159871,1934.0,3.1798182,5.836239,1,1933.6820181906223,ENSG00000159871
ENSG00000130363,1935.0,3.1793087,7.6848726,1,1934.6820691227915,ENSG00000130363
ENSG00000105281,1936.0,3.1784885,23.689365,1,1935.6821511387825,ENSG00000105281
ENSG00000122912,1937.0,3.1782966,17.109964,1,1936.682170331478,ENSG00000122912
ENSG00000154059,1938.0,3.1759105,30.268614,1,1937.6824089586732,ENSG00000154059
ENSG00000088386,1939.0,3.175556,6.5256834,1,1938.6824443936348,ENSG00000088386
ENSG00000122696,1940.0,3.1752014,11.358184,1,1939.6824798583984,ENSG00000122696
ENSG00000105613,1942.0,3.174662,8.323442,1,1941.682533800602,ENSG00000105613
ENSG00000100401,1944.0,3.1741154,9.076728,1,1943.6825884580608,ENSG00000100401
ENSG00000151117,1945.0,3.174071,28.714972,1,1944.6825928986077,ENSG00000151117
ENSG00000255072,1946.0,3.1737092,27.283003,1,1945.6826290786264,ENSG00000255072
ENSG00000119471,1947.0,3.173554,12.894764,1,1946.6826446056368,ENSG00000119471
ENSG00000168754,1949.0,3.1729558,6.0909986,1,1948.6827044188976,ENSG00000168754
ENSG00000094631,1950.0,3.172121,24.706518,1,1949.6827878952024,ENSG00000094631
ENSG00000226167,1951.0,3.1715078,6.3398438,1,1950.682849228382,ENSG00000226167
ENSG00000154309,1952.0,3.1711977,27.877298,1,1951.6828802227972,ENSG00000154309
ENSG00000018189,1953.0,3.1704662,15.758825,1,1952.6829533874989,ENSG00000018189
ENSG00000172345,1954.0,3.1696093,23.323631,1,1953.683039069176,ENSG00000172345
ENSG00000132600,1955.0,3.1693878,28.441282,1,1954.6830612123013,ENSG00000132600
ENSG00000166164,1956.0,3.167334,6.986057,1,1955.6832665801048,ENSG00000166164
ENSG00000187688,1957.0,3.166418,30.155336,1,1956.683358192444,ENSG00000187688
ENSG00000189319,1958.0,3.1654062,7.803536,1,1957.6834593713284,ENSG00000189319
ENSG00000172000,1959.0,3.165022,7.072593,1,1958.683497816324,ENSG00000172000
ENSG00000176715,1960.0,3.1646156,22.906557,1,1959.6835384368896,ENSG00000176715
ENSG00000163635,1963.0,3.1609445,12.064222,1,1962.6839055418968,ENSG00000163635
ENSG00000233559,1965.0,3.1579304,6.8462615,1,1964.6842069625852,ENSG00000233559
ENSG00000145284,1966.0,3.155803,1.8898389,1,1965.6844196915629,ENSG00000145284
ENSG00000105711,1967.0,3.1543107,15.796484,1,1966.6845689415927,ENSG00000105711
ENSG00000187522,1968.0,3.1513042,10.055077,1,1967.6848695874212,ENSG00000187522
ENSG00000157184,1969.0,3.1504695,5.8610106,1,1968.684953033924,ENSG00000157184
ENSG00000133104,1971.0,3.1497161,23.456835,1,1970.685028374195,ENSG00000133104
ENSG00000033867,1972.0,3.1485784,45.67507,1,1971.685142159462,ENSG00000033867
ENSG00000126215,1973.0,3.1483495,9.768526,1,1972.6851650476456,ENSG00000126215
ENSG00000170653,1975.0,3.147995,11.03903,1,1974.6852005124088,ENSG00000170653
ENSG00000225937,1976.0,3.147788,5.3833237,1,1975.685221195221,ENSG00000225937
ENSG00000111860,1977.0,3.1476107,26.250065,1,1976.6852389276028,ENSG00000111860
ENSG00000145936,1978.0,3.1473892,16.865557,1,1977.6852610707283,ENSG00000145936
ENSG00000157778,1979.0,3.147367,12.486772,1,1978.6852633059025,ENSG00000157778
ENSG00000119878,1980.0,3.1468573,8.738387,1,1979.6853142678735,ENSG00000119878
ENSG00000171311,1982.0,3.1456532,32.49202,1,1981.685434669256,ENSG00000171311
ENSG00000179630,1983.0,3.1432598,15.534136,1,1982.6856740117075,ENSG00000179630
ENSG00000072042,1984.0,3.1427205,32.243477,1,1983.6857279539108,ENSG00000072042
ENSG00000197713,1986.0,3.141908,16.676624,1,1985.6858091950417,ENSG00000197713
ENSG00000196167,1987.0,3.1417453,6.7530475,1,1986.6858254671097,ENSG00000196167
ENSG00000141994,1988.0,3.1411028,24.790865,1,1987.6858897209167,ENSG00000141994
ENSG00000166272,1989.0,3.1408222,10.872559,1,1988.6859177947044,ENSG00000166272
ENSG00000153975,1991.0,3.1394186,16.223799,1,1990.6860581338408,ENSG00000153975
ENSG00000266338,1992.0,3.1393595,3.4099808,1,1991.6860640645027,ENSG00000266338
ENSG00000171824,1994.0,3.1364045,9.14807,1,1993.6863595545287,ENSG00000171824
ENSG00000012817,1996.0,3.1348312,7.53744,1,1995.686516880989,ENSG00000012817
ENSG00000214655,1997.0,3.134809,10.074106,1,1996.686519086361,ENSG00000214655
ENSG00000198964,1999.0,3.1322532,22.576338,1,1998.6867746710775,ENSG00000198964
ENSG00000130052,2000.0,3.130916,9.027292,1,1999.6869083940985,ENSG00000130052
ENSG00000152464,2001.0,3.1299336,20.942451,1,2000.6870066523552,ENSG00000152464
ENSG00000213904,2002.0,3.1292465,12.585778,1,2001.6870753467083,ENSG00000213904
ENSG00000281398,2004.0,3.128737,8.100674,1,2003.68712630868,ENSG00000281398
ENSG00000128294,2005.0,3.1272447,32.69601,1,2004.687275528908,ENSG00000128294
ENSG00000149091,2008.0,3.1236842,8.168579,1,2007.6876315772531,ENSG00000149091
ENSG00000135365,2011.0,3.1225982,13.673585,1,2010.687740176916,ENSG00000135365
ENSG00000204070,2012.0,3.121904,35.003265,1,2011.6878096163275,ENSG00000204070
ENSG00000135407,2013.0,3.1217191,19.240276,1,2012.6878280937672,ENSG00000135407
ENSG00000141527,2015.0,3.1173313,4.4331155,1,2014.68826687336,ENSG00000141527
ENSG00000136816,2016.0,3.117139,19.42486,1,2015.6882860958576,ENSG00000136816
ENSG00000039123,2018.0,3.1159203,19.217777,1,2017.6884079575536,ENSG00000039123
ENSG00000188906,2021.0,3.11349,22.91258,1,2020.688650995493,ENSG00000188906
ENSG00000132128,2022.0,3.1133127,25.525064,1,2021.6886687278748,ENSG00000132128
ENSG00000105656,2023.0,3.1127734,14.635361,1,2022.6887226700785,ENSG00000105656
ENSG00000180233,2024.0,3.1114438,9.39315,1,2023.6888556182384,ENSG00000180233
ENSG00000143379,2025.0,3.1100993,8.876543,1,2024.6889900565147,ENSG00000143379
ENSG00000083807,2027.0,3.1094937,3.4067762,1,2026.6890506148336,ENSG00000083807
ENSG00000129933,2029.0,3.10221,12.45007,1,2028.689778983593,ENSG00000129933
ENSG00000100241,2030.0,3.1018112,7.1097302,1,2029.689818888903,ENSG00000100241
ENSG00000163154,2031.0,3.1015303,30.143715,1,2030.6898469626904,ENSG00000163154
ENSG00000280213,2033.0,3.0981102,3.4178524,1,2032.690188974142,ENSG00000280213
ENSG00000137996,2035.0,3.094365,29.48893,1,2034.6905634999275,ENSG00000137996
ENSG00000161551,2036.0,3.0943205,12.482428,1,2035.6905679404736,ENSG00000161551
ENSG00000167904,2038.0,3.0908043,17.22262,1,2037.6909195780756,ENSG00000167904
ENSG00000197892,2039.0,3.0885365,7.084161,1,2038.6911463439465,ENSG00000197892
ENSG00000137574,2040.0,3.086904,9.760088,1,2039.6913096010685,ENSG00000137574
ENSG00000092036,2041.0,3.0850942,42.35867,1,2040.6914905905724,ENSG00000092036
ENSG00000226017,2043.0,3.084555,1.6955602,1,2042.6915445029736,ENSG00000226017
ENSG00000101966,2044.0,3.0840008,6.7214103,1,2043.6915999054909,ENSG00000101966
ENSG00000137274,2045.0,3.0832179,13.803008,1,2044.691678225994,ENSG00000137274
ENSG00000187792,2047.0,3.0817332,4.7293925,1,2046.691826671362,ENSG00000187792
ENSG00000158796,2048.0,3.0812383,15.431264,1,2047.6918761730196,ENSG00000158796
ENSG00000197168,2050.0,3.0802484,2.381303,1,2049.6919751763344,ENSG00000197168
ENSG00000140044,2051.0,3.079214,8.97841,1,2050.692078590393,ENSG00000140044
ENSG00000226742,2052.0,3.0780175,20.473341,1,2051.692198246717,ENSG00000226742
ENSG00000134899,2053.0,3.077227,32.668793,1,2052.6922772824764,ENSG00000134899
ENSG00000138834,2054.0,3.0771902,17.34377,1,2053.6922809779644,ENSG00000138834
ENSG00000170417,2055.0,3.076466,11.5758705,1,2054.692353397608,ENSG00000170417
ENSG00000134830,2056.0,3.0762815,5.514267,1,2055.6923718452454,ENSG00000134830
ENSG00000155252,2057.0,3.075048,10.112044,1,2056.6924951970577,ENSG00000155252
ENSG00000149948,2058.0,3.0746858,2.6779704,1,2057.6925314068794,ENSG00000149948
ENSG00000197016,2059.0,3.0741982,11.508581,1,2058.692580163479,ENSG00000197016
ENSG00000198246,2060.0,3.0738955,24.902086,1,2059.6926104426384,ENSG00000198246
ENSG00000139636,2061.0,3.07343,67.256615,1,2060.692656993866,ENSG00000139636
ENSG00000167654,2062.0,3.0728242,1.8936727,1,2061.6927175819874,ENSG00000167654
ENSG00000028203,2064.0,3.0718641,14.673782,1,2063.692813575268,ENSG00000028203
ENSG00000182986,2065.0,3.0709925,7.591888,1,2064.692900747061,ENSG00000182986
ENSG00000128891,2066.0,3.0708594,12.172983,1,2065.692914068699,ENSG00000128891
ENSG00000100625,2068.0,3.067225,2.5367284,1,2067.6932775080204,ENSG00000100625
ENSG00000022976,2069.0,3.066176,8.722765,1,2068.693382412195,ENSG00000022976
ENSG00000154429,2073.0,3.0603254,9.031955,1,2072.693967461586,ENSG00000154429
ENSG00000148308,2075.0,3.0577326,25.389141,1,2074.6942267417908,ENSG00000148308
ENSG00000145979,2076.0,3.0564325,24.893198,1,2075.694356739521,ENSG00000145979
ENSG00000102606,2077.0,3.0558267,11.547639,1,2076.6944173276424,ENSG00000102606
ENSG00000188315,2080.0,3.0547926,8.552894,1,2079.694520741701,ENSG00000188315
ENSG00000134146,2082.0,3.0540316,4.3141313,1,2081.69459682703,ENSG00000134146
ENSG00000166526,2083.0,3.053958,12.324892,1,2082.694604218006,ENSG00000166526
ENSG00000170160,2085.0,3.0535073,14.504881,1,2084.6946492791176,ENSG00000170160
ENSG00000013523,2086.0,3.0533373,14.1174555,1,2085.6946662664413,ENSG00000013523
ENSG00000032219,2087.0,3.0530567,32.094143,1,2086.694694340229,ENSG00000032219
ENSG00000101842,2088.0,3.0529385,3.3925166,1,2087.6947061419487,ENSG00000101842
ENSG00000067596,2089.0,3.0509882,9.374425,1,2088.6949011683464,ENSG00000067596
ENSG00000111911,2090.0,3.049969,19.261932,1,2089.695003092289,ENSG00000111911
ENSG00000085998,2091.0,3.0485876,7.186264,1,2090.695141255856,ENSG00000085998
ENSG00000101079,2093.0,3.0481222,13.592508,1,2092.695187777281,ENSG00000101079
ENSG00000111684,2094.0,3.047258,19.772186,1,2093.695274204016,ENSG00000111684
ENSG00000137814,2095.0,3.0468442,13.598558,1,2094.695315569639,ENSG00000137814
ENSG00000166582,2096.0,3.0466964,6.559224,1,2095.695330351591,ENSG00000166582
ENSG00000164414,2098.0,3.0466077,24.552969,1,2097.695339232683,ENSG00000164414
ENSG00000105443,2100.0,3.0449383,15.285694,1,2099.695506155491,ENSG00000105443
ENSG00000133997,2101.0,3.0414517,12.0780525,1,2100.695854842663,ENSG00000133997
ENSG00000105726,2102.0,3.0414147,21.045252,1,2101.695858538151,ENSG00000105726
ENSG00000131023,2103.0,3.040063,8.594372,1,2102.695993721485,ENSG00000131023
ENSG00000173214,2104.0,3.0380461,4.910717,1,2103.6961953938007,ENSG00000173214
ENSG00000111331,2105.0,3.033961,4.0010543,1,2104.6966038942337,ENSG00000111331
ENSG00000143156,2106.0,3.0331042,13.033024,1,2105.6966895759106,ENSG00000143156
ENSG00000173083,2108.0,3.0296175,28.81596,1,2107.69703823328,ENSG00000173083
ENSG00000171657,2109.0,3.0293813,9.539094,1,2108.697061866522,ENSG00000171657
ENSG00000141127,2110.0,3.029204,11.248609,1,2109.697079598904,ENSG00000141127
ENSG00000119616,2111.0,3.0254955,13.97481,1,2110.6974504590034,ENSG00000119616
ENSG00000121749,2112.0,3.0241733,35.212418,1,2111.6975826621056,ENSG00000121749
ENSG00000125257,2114.0,3.0233238,6.6685867,1,2113.6976676285267,ENSG00000125257
ENSG00000135709,2115.0,3.0221567,17.802185,1,2114.697784334421,ENSG00000135709
ENSG00000106077,2116.0,3.0210338,14.283972,1,2115.697896629572,ENSG00000106077
ENSG00000101199,2117.0,3.020162,11.853674,1,2116.697983801365,ENSG00000101199
ENSG00000106144,2118.0,3.0198815,12.699656,1,2117.6980118453503,ENSG00000106144
ENSG00000113273,2120.0,3.0166311,10.598257,1,2119.6983368992805,ENSG00000113273
ENSG00000198286,2121.0,3.016321,11.247758,1,2120.698367893696,ENSG00000198286
ENSG00000140043,2122.0,3.015427,5.8254247,1,2121.698457300663,ENSG00000140043
ENSG00000085788,2123.0,3.0136986,26.968601,1,2122.698630154133,ENSG00000085788
ENSG00000143811,2124.0,3.013536,9.507932,1,2123.6986463963985,ENSG00000143811
ENSG00000261801,2125.0,3.0109506,5.5006948,1,2124.6989049315453,ENSG00000261801
ENSG00000127463,2126.0,3.0101233,12.519291,1,2125.698987662792,ENSG00000127463
ENSG00000141337,2127.0,3.007848,24.794844,1,2126.699215203524,ENSG00000141337
ENSG00000181513,2128.0,3.0071979,18.69836,1,2127.6992802023888,ENSG00000181513
ENSG00000104814,2129.0,3.0056393,16.77425,1,2128.699436068535,ENSG00000104814
ENSG00000125912,2130.0,3.0052845,18.567303,1,2129.6994715332985,ENSG00000125912
ENSG00000243989,2131.0,3.0038443,36.598747,1,2130.6996155679226,ENSG00000243989
ENSG00000221990,2132.0,3.0032828,13.322648,1,2131.699671715498,ENSG00000221990
ENSG00000144182,2133.0,3.002884,12.01773,1,2132.699711620808,ENSG00000144182
ENSG00000166704,2134.0,3.0022855,10.223993,1,2133.699771463871,ENSG00000166704
ENSG00000196083,2135.0,3.0019162,8.625014,1,2134.6998083889484,ENSG00000196083
ENSG00000064687,2136.0,3.001643,18.402807,1,2135.699835717678,ENSG00000064687
ENSG00000049167,2138.0,2.996915,19.595407,1,2137.7003085017204,ENSG00000049167
ENSG00000268001,2139.0,2.996856,17.029068,1,2138.7003144025803,ENSG00000268001
ENSG00000166432,2140.0,2.9965532,6.510232,1,2139.70034468174,ENSG00000166432
ENSG00000116062,2141.0,2.9963536,15.717724,1,2140.700364649296,ENSG00000116062
ENSG00000174606,2143.0,2.9929852,33.28962,1,2142.7007014751434,ENSG00000174606
ENSG00000100439,2144.0,2.9918845,19.271162,1,2143.7008115649223,ENSG00000100439
ENSG00000099308,2146.0,2.9906213,6.13714,1,2145.7009378671646,ENSG00000099308
ENSG00000213995,2147.0,2.9890776,21.891836,1,2146.7010922431946,ENSG00000213995
ENSG00000134755,2148.0,2.9888263,17.851328,1,2147.7011173665524,ENSG00000134755
ENSG00000119682,2149.0,2.988361,11.055767,1,2148.70116391778,ENSG00000119682
ENSG00000144554,2150.0,2.9875114,7.075693,1,2149.7012488543987,ENSG00000144554
ENSG00000147457,2151.0,2.9862778,23.77894,1,2150.701372206211,ENSG00000147457
ENSG00000105127,2152.0,2.9838104,9.806397,1,2151.7016189694405,ENSG00000105127
ENSG00000171566,2154.0,2.9789941,43.785625,1,2153.7021005749702,ENSG00000171566
ENSG00000112118,2158.0,2.975079,12.037046,1,2157.7024920880795,ENSG00000112118
ENSG00000197386,2159.0,2.974104,12.819934,1,2158.7025896012783,ENSG00000197386
ENSG00000156709,2160.0,2.973668,13.769524,1,2159.702633202076,ENSG00000156709
ENSG00000141446,2162.0,2.9720578,11.551512,1,2161.702794224024,ENSG00000141446
ENSG00000143970,2163.0,2.971622,4.5972137,1,2162.702837795019,ENSG00000143970
ENSG00000137601,2164.0,2.9715924,36.411232,1,2163.702840745449,ENSG00000137601
ENSG00000131196,2165.0,2.9700115,9.295894,1,2164.7029988467693,ENSG00000131196
ENSG00000186654,2167.0,2.9679432,8.080111,1,2166.7032056748867,ENSG00000186654
ENSG00000110200,2168.0,2.967751,18.010145,1,2167.7032248973846,ENSG00000110200
ENSG00000089775,2169.0,2.9662812,3.3937535,1,2168.7033718824387,ENSG00000089775
ENSG00000198960,2170.0,2.9646263,41.491314,1,2169.703537374735,ENSG00000198960
ENSG00000125166,2172.0,2.9640648,10.426109,1,2171.7035935223103,ENSG00000125166
ENSG00000179562,2173.0,2.9637916,15.023378,1,2172.70362085104,ENSG00000179562
ENSG00000020922,2174.0,2.9616938,28.507082,1,2173.703830629587,ENSG00000020922
ENSG00000150995,2176.0,2.959064,13.531213,1,2175.70409360528,ENSG00000150995
ENSG00000163141,2177.0,2.9585838,3.827135,1,2176.7041416168213,ENSG00000163141
ENSG00000149554,2179.0,2.9559171,24.889587,1,2178.704408288002,ENSG00000149554
ENSG00000278615,2180.0,2.9559023,12.834797,1,2179.704409778118,ENSG00000278615
ENSG00000135049,2183.0,2.9515734,19.168314,1,2182.704842656851,ENSG00000135049
ENSG00000136144,2185.0,2.9475327,15.64234,1,2184.70524674654,ENSG00000136144
ENSG00000104142,2188.0,2.9440978,11.418256,1,2187.7055902183056,ENSG00000104142
ENSG00000141401,2189.0,2.941697,14.764035,1,2188.7058303058147,ENSG00000141401
ENSG00000160352,2190.0,2.9364078,5.3250265,1,2189.70635920763,ENSG00000160352
ENSG00000015676,2191.0,2.9348936,11.181694,1,2190.70651063323,ENSG00000015676
ENSG00000080189,2193.0,2.9333644,24.239782,1,2192.7066635489464,ENSG00000080189
ENSG00000231535,2195.0,2.929996,18.39669,1,2194.7070004045963,ENSG00000231535
ENSG00000164953,2196.0,2.9298851,12.964991,1,2195.7070114910603,ENSG00000164953
ENSG00000112851,2197.0,2.9292572,16.381218,1,2196.707074284553,ENSG00000112851
ENSG00000101019,2198.0,2.928814,9.5645895,1,2197.707118600607,ENSG00000101019
ENSG00000170270,2199.0,2.9280457,32.26977,1,2198.707195430994,ENSG00000170270
ENSG00000172366,2202.0,2.92679,11.498675,1,2201.7073209881783,ENSG00000172366
ENSG00000089818,2203.0,2.919883,10.464753,1,2202.708011686802,ENSG00000089818
ENSG00000114745,2204.0,2.9194176,22.63328,1,2203.708058238029,ENSG00000114745
ENSG00000177409,2205.0,2.9158792,32.092476,1,2204.708412081003,ENSG00000177409
ENSG00000131374,2207.0,2.914801,31.228926,1,2206.7085199058056,ENSG00000131374
ENSG00000104969,2208.0,2.9122374,16.235424,1,2207.7087762653828,ENSG00000104969
ENSG00000267659,2210.0,2.907266,8.805714,1,2209.7092733979225,ENSG00000267659
ENSG00000214940,2211.0,2.9069927,10.745438,1,2210.709300726652,ENSG00000214940
ENSG00000137871,2213.0,2.9062023,16.431429,1,2212.709379762411,ENSG00000137871
ENSG00000164494,2214.0,2.9055817,15.511086,1,2213.7094418406487,ENSG00000164494
ENSG00000196458,2215.0,2.9052346,11.118098,1,2214.709476530552,ENSG00000196458
ENSG00000154803,2216.0,2.9050646,8.008329,1,2215.709493547678,ENSG00000154803
ENSG00000111653,2217.0,2.904326,25.233875,1,2216.709567397833,ENSG00000111653
ENSG00000163900,2218.0,2.9035134,3.904213,1,2217.709648668766,ENSG00000163900
ENSG00000249500,2220.0,2.902723,8.658002,1,2219.709727704525,ENSG00000249500
ENSG00000135164,2221.0,2.9024866,27.865385,1,2220.709751337766,ENSG00000135164
ENSG00000067365,2222.0,2.899672,16.459126,1,2221.7100327908997,ENSG00000067365
ENSG00000162408,2224.0,2.8991623,20.199093,1,2223.710083782673,ENSG00000162408
ENSG00000122783,2225.0,2.8988373,22.096191,1,2224.7101162672043,ENSG00000122783
ENSG00000078070,2227.0,2.8970792,27.230623,1,2226.710292071104,ENSG00000078070
ENSG00000177728,2228.0,2.8970275,21.271856,1,2227.710297256708,ENSG00000177728
ENSG00000050748,2229.0,2.8963258,8.869428,1,2228.710367411375,ENSG00000050748
ENSG00000158286,2230.0,2.8962445,1.5533258,1,2229.710375547409,ENSG00000158286
ENSG00000237505,2231.0,2.8962002,8.191579,1,2230.710379987955,ENSG00000237505
ENSG00000116497,2233.0,2.894479,7.7058773,1,2232.710552096367,ENSG00000116497
ENSG00000075234,2234.0,2.8935409,7.823978,1,2233.7106459140778,ENSG00000075234
ENSG00000128923,2235.0,2.8915021,12.1324415,1,2234.710849791765,ENSG00000128923
ENSG00000138698,2236.0,2.8911178,22.037876,1,2235.7108882069588,ENSG00000138698
ENSG00000091483,2237.0,2.8909998,14.652194,1,2236.7109000086784,ENSG00000091483
ENSG00000260898,2238.0,2.8897514,5.6837234,1,2237.711024850607,ENSG00000260898
ENSG00000173678,2239.0,2.8888721,7.897812,1,2238.7111127972603,ENSG00000173678
ENSG00000228495,2240.0,2.8888059,5.455533,1,2239.711119413376,ENSG00000228495
ENSG00000244405,2241.0,2.8887172,18.671925,1,2240.711128294468,ENSG00000244405
ENSG00000259330,2242.0,2.8848314,18.781973,1,2241.711516857147,ENSG00000259330
ENSG00000180357,2243.0,2.8843882,13.63028,1,2242.7115611732006,ENSG00000180357
ENSG00000175073,2244.0,2.8840632,4.9225674,1,2243.7115936875343,ENSG00000175073
ENSG00000105705,2245.0,2.883199,14.943574,1,2244.7116801142693,ENSG00000105705
ENSG00000203356,2246.0,2.8831916,7.934779,1,2245.711680829525,ENSG00000203356
ENSG00000160271,2247.0,2.8816552,18.688652,1,2246.711834490299,ENSG00000160271
ENSG00000249786,2248.0,2.8802295,11.067758,1,2247.711977064609,ENSG00000249786
ENSG00000259485,2249.0,2.87938,9.708869,1,2248.7120620012283,ENSG00000259485
ENSG00000110536,2250.0,2.8786116,32.899868,1,2249.7121388316154,ENSG00000110536
ENSG00000149201,2252.0,2.8784788,7.44311,1,2251.7121521234512,ENSG00000149201
ENSG00000198156,2253.0,2.877762,9.611844,1,2252.7122237980366,ENSG00000198156
ENSG00000281189,2254.0,2.8775628,7.29764,1,2253.7122437357903,ENSG00000281189
ENSG00000119685,2256.0,2.8759818,10.44575,1,2255.712401807308,ENSG00000119685
ENSG00000177182,2257.0,2.8759005,7.466443,1,2256.712409943342,ENSG00000177182
ENSG00000092847,2258.0,2.874859,7.7387595,1,2257.712514102459,ENSG00000092847
ENSG00000248098,2259.0,2.8738914,22.491224,1,2258.7126108706,ENSG00000248098
ENSG00000230651,2260.0,2.8733742,8.760543,1,2259.712662577629,ENSG00000230651
ENSG00000053900,2261.0,2.8706927,11.797758,1,2260.712930738926,ENSG00000053900
ENSG00000184144,2262.0,2.8701017,6.208716,1,2261.7129898369312,ENSG00000184144
ENSG00000008869,2263.0,2.8694665,12.44531,1,2262.71305334568,ENSG00000008869
ENSG00000181045,2264.0,2.8692005,4.954781,1,2263.713079959154,ENSG00000181045
ENSG00000280623,2266.0,2.8687499,7.961936,1,2265.7131250202656,ENSG00000280623
ENSG00000143653,2267.0,2.8684988,20.634638,1,2266.713150113821,ENSG00000143653
ENSG00000145604,2269.0,2.867472,21.945005,1,2268.713252812624,ENSG00000145604
ENSG00000180509,2270.0,2.8668516,19.65406,1,2269.713314831257,ENSG00000180509
ENSG00000042062,2272.0,2.8630102,16.709375,1,2271.7136989831924,ENSG00000042062
ENSG00000227258,2273.0,2.8605356,7.35825,1,2272.7139464318752,ENSG00000227258
ENSG00000188021,2274.0,2.859915,11.42237,1,2273.7140085101128,ENSG00000188021
ENSG00000230438,2277.0,2.85942,13.130547,1,2276.714057981968,ENSG00000230438
ENSG00000110344,2278.0,2.8586445,3.738023,1,2277.714135557413,ENSG00000110344
ENSG00000213265,2279.0,2.858445,7.488448,1,2278.714155495167,ENSG00000213265
ENSG00000070182,2281.0,2.855579,5.612021,1,2280.714442104101,ENSG00000070182
ENSG00000185414,2282.0,2.8549879,4.76609,1,2281.7145012021065,ENSG00000185414
ENSG00000116750,2283.0,2.8542936,24.443617,1,2282.7145706415176,ENSG00000116750
ENSG00000141665,2284.0,2.8538134,6.4601884,1,2283.714618653059,ENSG00000141665
ENSG00000203601,2287.0,2.8521807,9.016995,1,2286.714781939984,ENSG00000203601
ENSG00000143257,2288.0,2.8517818,17.809208,1,2287.7148218154907,ENSG00000143257
ENSG00000114554,2289.0,2.8512132,4.0141506,1,2288.714878678322,ENSG00000114554
ENSG00000133874,2292.0,2.8495288,15.060683,1,2291.715047121048,ENSG00000133874
ENSG00000178307,2293.0,2.8491447,25.254837,1,2292.715085536241,ENSG00000178307
ENSG00000110931,2294.0,2.8491004,18.322222,1,2293.715089976788,ENSG00000110931
ENSG00000231806,2295.0,2.8490486,7.1820903,1,2294.7150951325893,ENSG00000231806
ENSG00000127364,2296.0,2.848938,6.9476614,1,2295.715106189251,ENSG00000127364
ENSG00000249961,2297.0,2.8478003,9.983413,1,2296.715219974518,ENSG00000249961
ENSG00000122299,2299.0,2.8474457,23.46658,1,2298.715255439281,ENSG00000122299
ENSG00000013573,2300.0,2.8474014,16.547363,1,2299.715259850025,ENSG00000013573
ENSG00000155975,2301.0,2.847261,31.955496,1,2300.7152739167213,ENSG00000155975
ENSG00000121904,2302.0,2.8471134,7.3143106,1,2301.715288668871,ENSG00000121904
ENSG00000023041,2303.0,2.8469064,18.122942,1,2302.7153093516827,ENSG00000023041
ENSG00000172421,2304.0,2.8456063,8.418372,1,2303.7154393792152,ENSG00000172421
ENSG00000170921,2305.0,2.845466,8.220163,1,2304.715453416109,ENSG00000170921
ENSG00000181704,2306.0,2.8454585,6.349261,1,2305.715454161167,ENSG00000181704
ENSG00000186723,2307.0,2.8452518,8.56109,1,2306.715474814177,ENSG00000186723
ENSG00000177238,2308.0,2.8452222,6.668769,1,2307.7154777646065,ENSG00000177238
ENSG00000111328,2309.0,2.8451335,18.439993,1,2308.7154866456985,ENSG00000111328
ENSG00000168538,2310.0,2.844779,5.542111,1,2309.715522110462,ENSG00000168538
ENSG00000123360,2311.0,2.8439147,11.160687,1,2310.715608537197,ENSG00000123360
ENSG00000139437,2312.0,2.8438778,11.089416,1,2311.715612232685,ENSG00000139437
ENSG00000084073,2313.0,2.8428435,13.520646,1,2312.715715646744,ENSG00000084073
ENSG00000148357,2314.0,2.842068,7.2461896,1,2313.7157931923866,ENSG00000148357
ENSG00000152767,2315.0,2.841115,6.0708327,1,2314.7158885002136,ENSG00000152767
ENSG00000227039,2316.0,2.840583,10.265972,1,2315.715941697359,ENSG00000227039
ENSG00000228262,2317.0,2.840125,8.765747,1,2316.7159875035286,LINC01320
ENSG00000082126,2318.0,2.8383448,6.7605147,1,2317.7161655128,ENSG00000082126
ENSG00000135917,2319.0,2.8379977,9.301718,1,2318.716200232506,ENSG00000135917
ENSG00000272391,2320.0,2.8371925,4.951046,1,2319.716280758381,ENSG00000272391
ENSG00000116711,2321.0,2.8363578,26.397915,1,2320.716364204884,ENSG00000116711
ENSG00000173011,2322.0,2.836343,5.05699,1,2321.716365695,ENSG00000173011
ENSG00000197217,2323.0,2.8352497,4.1530576,1,2322.7164750397205,ENSG00000197217
ENSG00000124120,2324.0,2.8344002,6.241757,1,2323.71655997634,ENSG00000124120
ENSG00000113716,2325.0,2.8341565,6.223273,1,2324.716584354639,ENSG00000113716
ENSG00000203650,2326.0,2.832546,6.4180975,1,2325.716745406389,ENSG00000203650
ENSG00000124177,2327.0,2.832354,24.439632,1,2326.716764599085,ENSG00000124177
ENSG00000182606,2328.0,2.832354,17.517452,1,2327.716764599085,ENSG00000182606
ENSG00000244165,2330.0,2.8313346,23.441395,1,2329.7168665528297,ENSG00000244165
ENSG00000148396,2332.0,2.8292146,6.3177133,1,2331.717078536749,ENSG00000148396
ENSG00000188234,2333.0,2.8274713,21.132065,1,2332.717252880335,ENSG00000188234
ENSG00000109063,2334.0,2.8271313,9.551621,1,2333.7172868847847,ENSG00000109063
ENSG00000100395,2335.0,2.8270133,9.687488,1,2334.7172986865044,ENSG00000100395
ENSG00000119392,2336.0,2.8268507,11.349053,1,2335.71731492877,ENSG00000119392
ENSG00000145725,2338.0,2.825447,30.071909,1,2337.7174552977085,ENSG00000145725
ENSG00000188295,2339.0,2.8241913,13.271618,1,2338.7175808548927,ENSG00000188295
ENSG00000110497,2340.0,2.8237703,8.506597,1,2339.7176229655743,ENSG00000110497
ENSG00000166869,2341.0,2.823475,5.459989,1,2340.717652499676,ENSG00000166869
ENSG00000120457,2342.0,2.8227139,14.481791,1,2341.717728614807,ENSG00000120457
ENSG00000253103,2343.0,2.822389,9.202382,1,2342.7177610993385,ENSG00000253103
ENSG00000070010,2344.0,2.8211331,35.960575,1,2343.717886686325,ENSG00000070010
ENSG00000105255,2345.0,2.8200989,5.066827,1,2344.717990100384,ENSG00000105255
ENSG00000185515,2346.0,2.8199437,14.922432,1,2345.7180056273937,ENSG00000185515
ENSG00000106477,2347.0,2.8199217,6.0893283,1,2346.7180078327656,ENSG00000106477
ENSG00000129221,2348.0,2.8194416,5.7319694,1,2347.718055844307,ENSG00000129221
ENSG00000253302,2349.0,2.8194046,5.967156,1,2348.718059539795,ENSG00000253302
ENSG00000100239,2350.0,2.8186584,8.467944,1,2349.71813416481,ENSG00000100239
ENSG00000116793,2351.0,2.8179789,22.018805,1,2350.718202114105,ENSG00000116793
ENSG00000197714,2352.0,2.8164053,8.299431,1,2351.7183594703674,ENSG00000197714
ENSG00000157593,2353.0,2.8161912,20.931335,1,2352.718380868435,ENSG00000157593
ENSG00000213888,2355.0,2.814544,6.931716,1,2354.718545615673,ENSG00000213888
ENSG00000188825,2356.0,2.8143444,13.595149,1,2355.7185655534267,ENSG00000188825
ENSG00000154040,2357.0,2.8135614,7.879866,1,2356.718643844128,ENSG00000154040
ENSG00000149646,2358.0,2.812963,16.601625,1,2357.718703687191,ENSG00000149646
ENSG00000107175,2360.0,2.8095133,28.77718,1,2359.719048678875,ENSG00000107175
ENSG00000213079,2363.0,2.8082724,10.795362,1,2362.7191727757454,ENSG00000213079
ENSG00000004660,2364.0,2.8069794,11.264244,1,2363.71930205822,ENSG00000004660
ENSG00000196466,2366.0,2.8062186,14.954783,1,2365.719378143549,ENSG00000196466
ENSG00000108423,2368.0,2.805022,3.9995522,1,2367.7194977998734,ENSG00000108423
ENSG00000074621,2369.0,2.8045862,15.701339,1,2368.7195413708687,ENSG00000074621
ENSG00000132646,2370.0,2.8039064,19.63976,1,2369.719609349966,ENSG00000132646
ENSG00000268350,2371.0,2.8027172,9.641266,1,2370.7197282910347,ENSG00000268350
ENSG00000149743,2372.0,2.8022592,28.371944,1,2371.719774067402,ENSG00000149743
ENSG00000106686,2373.0,2.8015354,6.075605,1,2372.719846457243,ENSG00000106686
ENSG00000138442,2374.0,2.8002424,16.351479,1,2373.71997576952,ENSG00000138442
ENSG00000135094,2375.0,2.8001466,83.35628,1,2374.7199853360653,SDS
ENSG00000059588,2376.0,2.7988908,4.6224413,1,2375.720110923052,ENSG00000059588
ENSG00000100485,2377.0,2.7974503,10.028398,1,2376.720254957676,ENSG00000100485
ENSG00000250151,2378.0,2.797081,10.103537,1,2377.720291912556,ENSG00000250151
ENSG00000138796,2381.0,2.7965786,12.104585,1,2380.720342129469,ENSG00000138796
ENSG00000115318,2382.0,2.7954483,16.4412,1,2381.7204551696777,ENSG00000115318
ENSG00000142494,2383.0,2.7953227,7.85897,1,2382.720467746258,ENSG00000142494
ENSG00000161618,2384.0,2.7945175,20.371342,1,2383.7205482423306,ENSG00000161618
ENSG00000169299,2385.0,2.7942073,11.30766,1,2384.720579266548,ENSG00000169299
ENSG00000156413,2386.0,2.7925305,4.3884144,1,2385.720746934414,ENSG00000156413
ENSG00000172382,2388.0,2.791341,9.449523,1,2387.720865905285,ENSG00000172382
ENSG00000135119,2390.0,2.7894354,4.6097746,1,2389.7210564613342,ENSG00000135119
ENSG00000172687,2391.0,2.7891176,2.8022056,1,2390.72108823061,ENSG00000172687
ENSG00000089057,2393.0,2.786126,6.006295,1,2392.7213874161243,ENSG00000089057
ENSG00000187486,2395.0,2.7848997,4.777166,1,2394.721510022878,ENSG00000187486
ENSG00000099810,2396.0,2.7843974,4.718215,1,2395.721560269594,ENSG00000099810
ENSG00000146373,2397.0,2.783969,20.005245,1,2396.7216030955315,ENSG00000146373
ENSG00000170509,2398.0,2.7825654,4.399967,1,2397.72174346447,ENSG00000170509
ENSG00000078237,2399.0,2.7825506,16.594255,1,2398.721744954586,ENSG00000078237
ENSG00000164237,2400.0,2.781354,1.0208536,1,2399.7218646109104,ENSG00000164237
ENSG00000090615,2401.0,2.7809772,4.1412888,1,2400.721902281046,ENSG00000090615
ENSG00000129451,2402.0,2.7784433,5.6657715,1,2401.722155660391,ENSG00000129451
ENSG00000078043,2403.0,2.7779188,8.498774,1,2402.7222081124783,ENSG00000078043
ENSG00000004700,2404.0,2.7776678,29.25491,1,2403.722233235836,ENSG00000004700
ENSG00000214435,2405.0,2.776168,3.250254,1,2404.7223832011223,ENSG00000214435
ENSG00000111305,2406.0,2.775112,2.985905,1,2405.722488820553,ENSG00000111305
ENSG00000205238,2407.0,2.7739742,4.4744196,1,2406.7226025760174,ENSG00000205238
ENSG00000127452,2408.0,2.7738192,11.292492,1,2407.722618073225,ENSG00000127452
ENSG00000198925,2410.0,2.7729106,21.663084,1,2409.722708940506,ENSG00000198925
ENSG00000010219,2411.0,2.7718468,31.120577,1,2410.722815334797,ENSG00000010219
ENSG00000087589,2412.0,2.7711377,28.364716,1,2411.722886234522,ENSG00000087589
ENSG00000236200,2413.0,2.7677321,7.1860733,1,2412.72322678566,ENSG00000236200
ENSG00000120733,2414.0,2.7672372,4.735524,1,2413.7232762873173,ENSG00000120733
ENSG00000147592,2415.0,2.766543,34.9488,1,2414.723345696926,ENSG00000147592
ENSG00000082068,2418.0,2.7655087,13.3546095,1,2417.723449140787,ENSG00000082068
ENSG00000163798,2423.0,2.7576194,14.566331,1,2422.7242380678654,ENSG00000163798
ENSG00000177239,2424.0,2.7568288,19.930882,1,2423.7243171334267,ENSG00000177239
ENSG00000038002,2425.0,2.7566886,20.945736,1,2424.724331140518,ENSG00000038002
ENSG00000100865,2426.0,2.7560089,21.23838,1,2425.724399119616,ENSG00000100865
ENSG00000101493,2428.0,2.753379,16.626314,1,2427.7246620953083,ENSG00000101493
ENSG00000169519,2430.0,2.7491243,9.905234,1,2429.725087583065,ENSG00000169519
ENSG00000196712,2432.0,2.7473145,6.864711,1,2431.7252685427666,ENSG00000196712
ENSG00000204977,2433.0,2.7472036,1.6896033,1,2432.7252796292305,ENSG00000204977
ENSG00000157800,2434.0,2.747137,9.323951,1,2433.7252863049507,ENSG00000157800
ENSG00000259642,2435.0,2.7462876,5.4051065,1,2434.725371241569,ENSG00000259642
ENSG00000164168,2436.0,2.7445812,28.426468,1,2435.7255418896675,ENSG00000164168
ENSG00000255529,2437.0,2.7442636,23.963873,1,2436.725573629141,ENSG00000255529
ENSG00000167914,2438.0,2.7440345,3.692595,1,2437.7255965471268,ENSG00000167914
ENSG00000142405,2439.0,2.743813,2.1485093,1,2438.7256186902523,ENSG00000142405
ENSG00000185009,2440.0,2.7407398,8.093539,1,2439.7259260118008,ENSG00000185009
ENSG00000168818,2441.0,2.740681,12.012518,1,2440.7259319126606,ENSG00000168818
ENSG00000155906,2442.0,2.74026,14.947107,1,2441.725974023342,ENSG00000155906
ENSG00000106049,2443.0,2.7388046,16.739616,1,2442.7261195480824,ENSG00000106049
ENSG00000197181,2444.0,2.7383687,4.4435916,1,2443.7261631190777,ENSG00000197181
ENSG00000179284,2445.0,2.73828,4.402979,1,2444.7261720001698,ENSG00000179284
ENSG00000145740,2446.0,2.7362485,7.985225,1,2445.726375162601,ENSG00000145740
ENSG00000173914,2447.0,2.734823,16.80371,1,2446.726517707109,ENSG00000173914
ENSG00000140598,2448.0,2.73387,23.00896,1,2447.726612985134,ENSG00000140598
ENSG00000117620,2449.0,2.7332716,0.7366818,1,2448.726672828197,ENSG00000117620
ENSG00000238197,2450.0,2.7325625,3.3036616,1,2449.7267437577248,ENSG00000238197
ENSG00000204316,2451.0,2.7322226,19.163635,1,2450.7267777323723,ENSG00000204316
ENSG00000197261,2452.0,2.732038,5.406016,1,2451.726796209812,ENSG00000197261
ENSG00000101417,2453.0,2.7313805,5.5459533,1,2452.726861953736,ENSG00000101417
ENSG00000059122,2455.0,2.7292826,7.947875,1,2454.727071732282,ENSG00000059122
ENSG00000134575,2456.0,2.7288616,39.684086,1,2455.727113842964,ENSG00000134575
ENSG00000156735,2457.0,2.7282853,20.453672,1,2456.727171480656,ENSG00000156735
ENSG00000169495,2459.0,2.7253454,3.8999095,1,2458.727465450764,ENSG00000169495
ENSG00000165630,2460.0,2.7249243,11.969343,1,2459.727507561445,ENSG00000165630
ENSG00000285188,2462.0,2.7244663,2.9534783,1,2461.7275533676147,ENSG00000285188
ENSG00000121892,2463.0,2.723602,8.869724,1,2462.7276397943497,ENSG00000121892
ENSG00000215712,2464.0,2.72358,10.968551,1,2463.727641999721,ENSG00000215712
ENSG00000151466,2465.0,2.7234542,10.616523,1,2464.7276545763016,ENSG00000151466
ENSG00000187860,2466.0,2.7228706,10.7373295,1,2465.727712929249,ENSG00000187860
ENSG00000091140,2467.0,2.7226713,34.2538,1,2466.7277328670025,ENSG00000091140
ENSG00000171316,2468.0,2.7223167,14.706001,1,2467.727768331766,ENSG00000171316
ENSG00000124444,2469.0,2.7219472,7.7402916,1,2468.727805286646,ENSG00000124444
ENSG00000142065,2470.0,2.7212381,5.4300356,1,2469.727876186371,ENSG00000142065
ENSG00000138785,2471.0,2.7209353,13.369558,1,2470.7279064655304,ENSG00000138785
ENSG00000116688,2472.0,2.720263,8.751875,1,2471.7279736995697,ENSG00000116688
ENSG00000179364,2474.0,2.7201521,7.716447,1,2473.7279847860336,ENSG00000179364
ENSG00000164944,2475.0,2.7195244,15.045514,1,2474.7280475497246,ENSG00000164944
ENSG00000033011,2476.0,2.719192,16.126696,1,2475.7280808091164,ENSG00000033011
ENSG00000003509,2477.0,2.716274,12.650737,1,2476.728372603655,ENSG00000003509
ENSG00000136634,2478.0,2.7156315,58.302074,1,2477.728436857462,ENSG00000136634
ENSG00000198026,2480.0,2.7139027,6.0456285,1,2479.728609740734,ENSG00000198026
ENSG00000174428,2481.0,2.7136517,3.3474762,1,2480.7286348342896,ENSG00000174428
ENSG00000151239,2483.0,2.712994,21.20377,1,2482.7287005782127,ENSG00000151239
ENSG00000175110,2484.0,2.7129574,9.999736,1,2483.7287042737007,ENSG00000175110
ENSG00000146350,2485.0,2.7112803,9.480356,1,2484.728871971369,ENSG00000146350
ENSG00000148110,2486.0,2.7101207,13.543583,1,2485.728987932205,ENSG00000148110
ENSG00000121073,2487.0,2.7082074,27.703499,1,2486.729179263115,ENSG00000121073
ENSG00000164253,2488.0,2.708163,19.748045,1,2487.729183703661,ENSG00000164253
ENSG00000146830,2490.0,2.7056146,7.1611195,1,2489.72943854332,ENSG00000146830
ENSG00000167766,2492.0,2.7028148,23.110353,1,2491.729718506336,ENSG00000167766
ENSG00000235314,2493.0,2.7027853,4.8175435,1,2492.7297214865685,ENSG00000235314
ENSG00000156787,2494.0,2.7013817,8.812209,1,2493.7298618257046,ENSG00000156787
ENSG00000115525,2495.0,2.7008278,6.059171,1,2494.729917228222,ENSG00000115525
ENSG00000125741,2496.0,2.7004142,6.0262246,1,2495.7299585938454,ENSG00000125741
ENSG00000164898,2497.0,2.7002294,5.3762655,1,2496.729977071285,ENSG00000164898
ENSG00000142949,2499.0,2.6991065,1.7017821,1,2498.730089366436,ENSG00000142949
ENSG00000169371,2500.0,2.6985083,8.852592,1,2499.730149179697,ENSG00000169371
ENSG00000124786,2501.0,2.69822,21.031528,1,2500.730177998543,ENSG00000124786
ENSG00000160688,2502.0,2.697718,10.33722,1,2501.730228215456,ENSG00000160688
ENSG00000163877,2503.0,2.6958933,16.812975,1,2502.7304106652737,ENSG00000163877
ENSG00000245750,2506.0,2.6952949,4.044484,1,2505.730470508337,ENSG00000245750
ENSG00000177951,2507.0,2.6946225,9.006248,1,2506.7305377423763,ENSG00000177951
ENSG00000143641,2508.0,2.6918674,8.2960615,1,2507.730813264847,ENSG00000143641
ENSG00000144589,2510.0,2.6881664,20.80486,1,2509.731183350086,ENSG00000144589
ENSG00000173681,2511.0,2.6873834,4.525745,1,2510.731261670589,ENSG00000173681
ENSG00000132680,2514.0,2.6864896,6.751716,1,2513.7313510477543,ENSG00000132680
ENSG00000164916,2515.0,2.6845024,1.5153507,1,2514.73154976964,ENSG00000164916
ENSG00000162825,2516.0,2.6844728,7.562243,1,2515.73155272007,ENSG00000162825
ENSG00000138802,2517.0,2.6838155,7.915073,1,2516.731618463993,ENSG00000138802
ENSG00000174032,2518.0,2.6826777,8.865097,1,2517.7317322194576,ENSG00000174032
ENSG00000073605,2519.0,2.6823232,4.6349072,1,2518.7317676842213,ENSG00000073605
ENSG00000168710,2520.0,2.6815698,16.2205,1,2519.7318430244923,ENSG00000168710
ENSG00000173402,2521.0,2.6811488,5.5154757,1,2520.731885135174,ENSG00000173402
ENSG00000160993,2522.0,2.68089,7.5342174,1,2521.7319110035896,ENSG00000160993
ENSG00000196510,2523.0,2.6804543,26.825586,1,2522.731954574585,ENSG00000196510
ENSG00000140451,2524.0,2.680299,3.604853,1,2523.731970101595,ENSG00000140451
ENSG00000196263,2527.0,2.6761477,1.1732391,1,2526.7323852181435,ENSG00000196263
ENSG00000214194,2529.0,2.673097,57.6336,1,2528.7326903045177,ENSG00000214194
ENSG00000167107,2530.0,2.6729121,12.920607,1,2529.7327087819576,ENSG00000167107
ENSG00000185619,2531.0,2.6726904,15.341967,1,2530.732730954885,ENSG00000185619
ENSG00000177842,2532.0,2.6724393,3.211052,1,2531.7327560782437,ENSG00000177842
ENSG00000251247,2533.0,2.6710505,7.694563,1,2532.7328949570656,ENSG00000251247
ENSG00000132906,2535.0,2.6687531,8.722146,1,2534.7331246733665,ENSG00000132906
ENSG00000106009,2536.0,2.6683543,25.171059,1,2535.733164578676,ENSG00000106009
ENSG00000292345,2537.0,2.6681328,8.144126,1,2536.7331867218018,ENSG00000292345
ENSG00000281357,2538.0,2.667453,2.8373988,1,2537.733254700899,ENSG00000281357
ENSG00000278129,2539.0,2.6660273,4.134535,1,2538.7333972752094,ENSG00000278129
ENSG00000166887,2540.0,2.665296,7.7959213,1,2539.7334703803062,ENSG00000166887
ENSG00000113119,2544.0,2.6580198,13.19594,1,2543.7341980338097,ENSG00000113119
ENSG00000105750,2545.0,2.655634,4.74512,1,2544.7344366014004,ENSG00000105750
ENSG00000162341,2546.0,2.6547105,7.0699406,1,2545.734528958797,ENSG00000162341
ENSG00000197296,2547.0,2.6493697,5.3594766,1,2546.735063016414,ENSG00000197296
ENSG00000006744,2548.0,2.6488895,16.322828,1,2547.7351110577583,ENSG00000006744
ENSG00000010322,2549.0,2.6474195,15.2761965,1,2548.7352580428123,ENSG00000010322
ENSG00000239306,2551.0,2.644797,13.724423,1,2550.7355203032494,ENSG00000239306
ENSG00000111666,2556.0,2.6398847,7.0655713,1,2555.7360115349293,ENSG00000111666
ENSG00000163161,2557.0,2.6392493,19.517115,1,2556.7360750734806,ENSG00000163161
ENSG00000132591,2558.0,2.637927,25.896875,1,2557.736207306385,ENSG00000132591
ENSG00000107651,2560.0,2.6375134,12.0844755,1,2559.7362486720085,ENSG00000107651
ENSG00000198252,2561.0,2.6363685,11.700573,1,2560.736363142729,ENSG00000198252
ENSG00000107897,2562.0,2.6345809,19.552536,1,2561.736541926861,ENSG00000107897
ENSG00000144468,2563.0,2.634396,18.042213,1,2562.7365604043007,ENSG00000144468
ENSG00000103051,2564.0,2.6342778,9.838623,1,2563.7365722060204,ENSG00000103051
ENSG00000171606,2565.0,2.6342409,12.125988,1,2564.7365759015083,ENSG00000171606
ENSG00000189164,2566.0,2.6341672,8.518493,1,2565.7365832924843,ENSG00000189164
ENSG00000131462,2567.0,2.6334357,3.431293,1,2566.7366564273834,ENSG00000131462
ENSG00000142599,2568.0,2.6331625,8.677972,1,2567.736683756113,ENSG00000142599
ENSG00000132330,2569.0,2.6320248,6.6490736,1,2568.7367975115776,ENSG00000132330
ENSG00000156831,2571.0,2.6313674,16.684372,1,2570.736863255501,ENSG00000156831
ENSG00000133121,2573.0,2.630481,11.789422,1,2572.736951887608,ENSG00000133121
ENSG00000121274,2574.0,2.6295576,12.360239,1,2573.7370442450047,ENSG00000121274
ENSG00000171453,2575.0,2.627925,11.950569,1,2574.7372075021267,ENSG00000171453
ENSG00000166135,2576.0,2.6242242,10.978662,1,2575.737577587366,ENSG00000166135
ENSG00000196814,2577.0,2.6239803,5.432091,1,2576.737601965666,ENSG00000196814
ENSG00000292344,2578.0,2.6233525,9.554397,1,2577.737664759159,ENSG00000292344
ENSG00000134072,2579.0,2.6228428,6.378559,1,2578.7377157211304,ENSG00000134072
ENSG00000135297,2580.0,2.6216977,20.896633,1,2579.737830221653,ENSG00000135297
ENSG00000241878,2581.0,2.6213949,4.808916,1,2580.7378605008125,ENSG00000241878
ENSG00000197312,2582.0,2.6213875,7.9762607,1,2581.7378612458706,ENSG00000197312
ENSG00000178105,2584.0,2.6153524,14.890752,1,2583.7384647727013,ENSG00000178105
ENSG00000081721,2585.0,2.6100042,25.097998,1,2584.7389995753765,ENSG00000081721
ENSG00000108840,2586.0,2.6089478,14.922994,1,2585.7391052246094,ENSG00000108840
ENSG00000119596,2588.0,2.6016862,3.950908,1,2587.7398313879967,ENSG00000119596
ENSG00000085365,2589.0,2.59899,20.345621,1,2588.7401010096078,ENSG00000085365
ENSG00000165282,2590.0,2.595496,16.024885,1,2589.740450412035,ENSG00000165282
ENSG00000141510,2591.0,2.5954368,12.163477,1,2590.740456312895,ENSG00000141510
