gene,rank_in_group,scores,log2fc,n_groups,agg_rank,symbol
ENSG00000122862,1.0,112.50422,42.551563,1,-10.250421524047852,SRGN
ENSG00000205542,2.0,110.12693,172.55344,1,-9.012693405151367,TMSB4X
ENSG00000162511,3.0,107.1842,30.991524,1,-7.718420028686523,LAPTM5
ENSG00000170421,1.0,83.604774,15.624395,1,-7.360477447509766,KRT8
ENSG00000111057,2.0,83.46238,22.204111,1,-6.346238136291504,KRT18
ENSG00000111348,4.0,97.49688,28.270527,1,-5.749688148498535,ARHGDIB
ENSG00000171345,3.0,81.67461,32.202557,1,-5.167460441589356,KRT19
ENSG00000169442,5.0,95.025894,20.716995,1,-4.502589225769043,CD52
ENSG00000189171,4.0,77.52126,17.205336,1,-3.752126216888428,S100A13
ENSG00000102879,6.0,94.67184,28.797829,1,-3.467184066772461,CORO1A
ENSG00000125868,5.0,73.79511,29.11844,1,-2.37951135635376,DSTN
ENSG00000104894,7.0,92.794655,13.643459,1,-2.279465675354004,CD37
ENSG00000089356,6.0,72.86909,18.77627,1,-1.2869086265563965,FXYD3
ENSG00000121966,8.0,89.541504,65.00753,1,-0.9541501998901368,CXCR4
ENSG00000272398,7.0,72.653656,16.546926,1,-0.2653656005859375,CD24
ENSG00000196154,9.0,85.514656,14.893847,1,0.4485340118408203,S100A4
ENSG00000175130,8.0,72.35254,13.220729,1,0.7647461891174316,ENSG00000175130
ENSG00000128340,10.0,84.26231,18.347065,1,1.5737695693969729,RAC2
ENSG00000143545,9.0,68.69134,14.584211,1,2.130866050720215,ENSG00000143545
ENSG00000147168,11.0,84.24708,21.58138,1,2.575292587280273,IL2RG
ENSG00000137203,10.0,67.13187,12.811552,1,3.286813259124756,ENSG00000137203
ENSG00000198851,12.0,83.32566,11.885067,1,3.667433738708496,CD3E
ENSG00000160678,11.0,65.14418,21.310116,1,4.485581874847412,S100A1
ENSG00000126264,13.0,82.334076,13.297769,1,4.766592025756836,HCST
ENSG00000124766,12.0,63.999893,15.854407,1,5.600010871887207,ENSG00000124766
ENSG00000115165,14.0,80.77002,15.611541,1,5.922998428344727,CYTIP
ENSG00000010278,13.0,62.993332,14.436212,1,6.700666904449463,CD9
ENSG00000019582,15.0,80.58409,142.43861,1,6.941591262817383,CD74
ENSG00000070087,14.0,62.70318,13.8353615,1,7.729681968688965,ENSG00000070087
ENSG00000143119,16.0,78.19953,18.206299,1,8.180047035217285,ENSG00000143119
ENSG00000167642,15.0,62.639233,9.614159,1,8.736076831817627,SPINT2
ENSG00000008517,17.0,78.119934,26.153273,1,9.188006401062012,IL32
ENSG00000110092,16.0,62.593254,32.817257,1,9.74067449569702,ENSG00000110092
ENSG00000116824,18.0,77.392166,19.126127,1,10.260783195495604,CD2
ENSG00000065361,17.0,62.37998,18.104486,1,10.762001991271973,ENSG00000065361
ENSG00000204592,19.0,76.217354,18.132885,1,11.37826442718506,HLA-E
ENSG00000182809,18.0,62.14404,11.477624,1,11.785595893859863,ENSG00000182809
ENSG00000180353,20.0,75.86311,13.284618,1,12.413688659667969,ENSG00000180353
ENSG00000160862,19.0,61.49008,24.930437,1,12.85099172592163,AZGP1
ENSG00000211772,21.0,75.33448,25.838312,1,13.466551780700684,TRBC2
ENSG00000111341,20.0,60.833485,123.40413,1,13.916651725769045,MGP
ENSG00000136167,22.0,74.86772,18.246851,1,14.513227939605711,LCP1
ENSG00000176046,21.0,60.13674,7.995363,1,14.986325740814207,NUPR1
ENSG00000167286,23.0,74.769394,20.520523,1,15.52306079864502,CD3D
ENSG00000189334,22.0,59.5078,13.876383,1,16.049220085144043,S100A14
ENSG00000115935,24.0,73.360916,5.293186,1,16.6639084815979,ENSG00000115935
ENSG00000102804,23.0,59.308796,17.619648,1,17.069120407104492,ENSG00000102804
ENSG00000173762,25.0,69.40222,12.592904,1,18.05977773666382,CD7
ENSG00000142192,24.0,58.84458,11.752426,1,18.11554193496704,ENSG00000142192
ENSG00000133639,26.0,69.31378,10.100354,1,19.06862163543701,BTG1
ENSG00000135480,25.0,58.47141,11.248854,1,19.152859210968018,KRT7
ENSG00000140416,26.0,58.321804,6.464227,1,20.16781949996948,TPM1
ENSG00000077984,27.0,66.046165,14.008345,1,20.39538335800171,CST7
ENSG00000245694,27.0,57.436104,10.58811,1,21.25638961791992,ENSG00000245694
ENSG00000136490,28.0,65.91097,3.6858,1,21.408902645111084,LIMD2
ENSG00000133142,28.0,57.28339,11.843842,1,22.27166080474853,ENSG00000133142
ENSG00000107742,29.0,64.718895,13.181785,1,22.52811050415039,SPOCK2
ENSG00000008394,29.0,57.22366,8.448515,1,23.277634143829346,MGST1
ENSG00000118503,30.0,64.6564,18.556616,1,23.5343599319458,TNFAIP3
ENSG00000079462,30.0,56.66273,9.895471,1,24.33372688293457,ENSG00000079462
ENSG00000157514,31.0,62.69315,18.38052,1,24.730685234069824,TSC22D3
ENSG00000110492,31.0,56.65757,16.0587,1,25.334242820739743,MDK
ENSG00000132965,32.0,62.63151,14.611409,1,25.73684883117676,ALOX5AP
ENSG00000115648,32.0,56.373604,26.462082,1,26.36263942718506,ENSG00000115648
ENSG00000152518,33.0,61.98479,8.50387,1,26.801520824432373,ZFP36L2
ENSG00000169242,33.0,55.942043,11.022642,1,27.405795574188232,ENSG00000169242
ENSG00000117091,34.0,61.83313,11.179688,1,27.81668710708618,ENSG00000117091
ENSG00000103202,34.0,55.619728,9.094029,1,28.438027381896973,ENSG00000103202
ENSG00000160255,35.0,61.00928,15.353952,1,28.89907169342041,ITGB2
ENSG00000112378,35.0,55.616013,9.683199,1,29.438398838043213,ENSG00000112378
ENSG00000182866,36.0,60.210766,15.610261,1,29.978923320770264,LCK
ENSG00000240972,36.0,55.336285,84.04437,1,30.466371536254883,MIF
ENSG00000185885,37.0,60.131317,3.7183554,1,30.986868381500244,IFITM1
ENSG00000188643,37.0,55.315613,10.139049,1,31.468438625335693,ENSG00000188643
ENSG00000051523,38.0,59.49884,4.9011827,1,32.05011606216431,CYBA
ENSG00000164919,38.0,54.653774,47.07112,1,32.53462266921997,COX6C
ENSG00000110848,39.0,59.090366,18.359194,1,33.09096336364746,CD69
ENSG00000142949,39.0,54.23077,7.5546393,1,33.57692289352417,ENSG00000142949
ENSG00000089327,40.0,58.695995,1.9336357,1,34.13040065765381,FXYD5
ENSG00000177697,40.0,53.94262,5.991776,1,34.605738162994385,ENSG00000177697
ENSG00000081320,41.0,58.32215,10.3926735,1,35.167784690856934,ENSG00000081320
ENSG00000169908,41.0,53.44046,9.827654,1,35.65595388412476,TM4SF1
ENSG00000168685,42.0,58.056408,17.215918,1,36.19435930252075,IL7R
ENSG00000101444,42.0,52.67858,17.78287,1,36.732141971588135,ENSG00000101444
ENSG00000090104,43.0,58.05615,27.696243,1,37.194385051727295,RGS1
ENSG00000119888,43.0,52.597427,10.263424,1,37.7402572631836,ENSG00000119888
ENSG00000110852,44.0,57.37918,3.7074788,1,38.26208209991455,ENSG00000110852
ENSG00000141424,44.0,52.53104,11.5996275,1,38.7468957901001,ENSG00000141424
ENSG00000133574,45.0,57.101677,13.051708,1,39.28983211517334,ENSG00000133574
ENSG00000096696,45.0,52.4274,11.073603,1,39.7572603225708,DSP
ENSG00000158050,46.0,56.98957,8.931794,1,40.30104303359985,DUSP2
ENSG00000006625,46.0,52.114666,9.163321,1,40.7885332107544,ENSG00000006625
ENSG00000179144,47.0,56.596783,11.110696,1,41.34032154083252,GIMAP7
ENSG00000198363,47.0,52.096336,11.659162,1,41.79036617279053,ENSG00000198363
ENSG00000155307,48.0,56.051582,13.31355,1,42.39484167098999,ENSG00000155307
ENSG00000166557,48.0,51.97515,12.185786,1,42.80248498916626,ENSG00000166557
ENSG00000110324,49.0,55.72673,12.6681185,1,43.427327156066895,ENSG00000110324
ENSG00000102316,49.0,51.95648,30.261925,1,43.80435228347778,ENSG00000102316
ENSG00000078596,50.0,55.71928,12.397599,1,44.42807197570801,ENSG00000078596
ENSG00000101856,50.0,51.792305,12.569549,1,44.82076930999756,ENSG00000101856
ENSG00000028137,51.0,54.70014,10.233079,1,45.5299859046936,ENSG00000028137
ENSG00000166681,51.0,51.64925,13.644838,1,45.83507490158081,ENSG00000166681
ENSG00000077420,52.0,54.215557,8.457178,1,46.578444480896,ENSG00000077420
ENSG00000168528,52.0,51.5116,9.131091,1,46.84883975982666,ENSG00000168528
ENSG00000277734,53.0,54.119225,18.914375,1,47.588077545166016,TRAC
ENSG00000163382,53.0,51.260696,10.317908,1,47.87393045425415,ENSG00000163382
ENSG00000164543,54.0,53.803745,3.9901075,1,48.61962556838989,ENSG00000164543
ENSG00000116857,54.0,51.248714,10.508063,1,48.87512874603272,ENSG00000116857
ENSG00000185811,55.0,53.255024,9.468184,1,49.67449760437012,ENSG00000185811
ENSG00000115468,55.0,51.106293,8.557041,1,49.889370918273926,ENSG00000115468
ENSG00000227507,56.0,53.02294,7.4363494,1,50.69770574569702,LTB
ENSG00000069275,56.0,51.075855,10.238121,1,50.892414569854736,ENSG00000069275
ENSG00000142669,57.0,52.7596,13.039668,1,51.72404003143311,SH3BGRL3
ENSG00000145912,57.0,51.00381,14.486443,1,51.89961910247803,ENSG00000145912
ENSG00000139278,58.0,52.080067,7.1737514,1,52.79199314117432,ENSG00000139278
ENSG00000147684,58.0,50.871365,19.41258,1,52.91286373138428,ENSG00000147684
ENSG00000105374,59.0,51.765755,31.733135,1,53.823424339294434,NKG7
ENSG00000089220,59.0,50.67794,28.971712,1,53.93220615386963,ENSG00000089220
ENSG00000198502,60.0,51.341217,13.614612,1,54.86587810516357,HLA-DRB5
ENSG00000182004,60.0,50.662853,22.716372,1,54.93371486663818,ENSG00000182004
ENSG00000043462,61.0,51.30945,6.911351,1,55.86905527114868,ENSG00000043462
ENSG00000090013,61.0,50.425728,8.225822,1,55.95742702484131,ENSG00000090013
ENSG00000110031,62.0,51.274567,7.0327206,1,56.87254333496094,ENSG00000110031
ENSG00000189143,62.0,50.151463,12.856482,1,56.98485374450684,CLDN4
ENSG00000198821,63.0,50.637337,12.751173,1,57.93626642227173,ENSG00000198821
ENSG00000163435,63.0,50.115643,12.1944275,1,57.98843574523926,ELF3
ENSG00000143153,64.0,50.069008,8.286336,1,58.99309921264648,ENSG00000143153
ENSG00000105329,64.0,49.295124,4.113602,1,59.07048749923706,ENSG00000105329
ENSG00000176171,65.0,49.526768,9.254268,1,60.04732322692871,ENSG00000176171
ENSG00000010810,65.0,49.095085,7.1210737,1,60.09049129486084,ENSG00000010810
ENSG00000120992,66.0,49.42607,11.061673,1,61.057393074035645,ENSG00000120992
ENSG00000069493,66.0,48.901077,8.508661,1,61.10989236831665,ENSG00000069493
ENSG00000104388,67.0,49.361343,12.678623,1,62.06386566162109,ENSG00000104388
ENSG00000160654,67.0,48.643585,10.777351,1,62.13564157485962,ENSG00000160654
ENSG00000230989,68.0,48.981205,14.726493,1,63.101879596710205,ENSG00000230989
ENSG00000015285,68.0,48.62752,7.763482,1,63.137248039245605,ENSG00000015285
ENSG00000184292,69.0,48.883125,13.431188,1,64.11168766021729,TACSTD2
ENSG00000128016,69.0,48.62312,8.172814,1,64.13768815994263,ZFP36
ENSG00000178980,70.0,48.7298,13.82011,1,65.12701988220215,SELENOW
ENSG00000211751,70.0,48.544525,21.500471,1,65.14554738998413,TRBC1
ENSG00000103363,71.0,48.678314,11.226495,1,66.13216876983643,ELOB
ENSG00000185201,71.0,48.392376,0.74482894,1,66.16076231002808,IFITM2
ENSG00000105854,72.0,48.67224,11.201255,1,67.13277578353882,ENSG00000105854
ENSG00000103187,72.0,48.335182,6.159926,1,67.16648197174072,COTL1
ENSG00000160789,73.0,48.556942,52.199116,1,68.14430570602417,ENSG00000160789
ENSG00000123329,73.0,48.176903,10.488682,1,68.18230962753296,ENSG00000123329
ENSG00000169710,74.0,48.441555,8.824054,1,69.15584468841553,ENSG00000169710
ENSG00000155926,74.0,47.84981,14.98297,1,69.21501874923706,ENSG00000155926
ENSG00000154518,75.0,48.364098,20.695436,1,70.16359043121338,ATP5MC3
ENSG00000102760,75.0,47.74264,5.4654427,1,70.22573566436768,ENSG00000102760
ENSG00000106628,76.0,48.27144,11.998068,1,71.17285633087158,ENSG00000106628
ENSG00000213626,76.0,46.99888,6.083799,1,71.30011224746704,ENSG00000213626
ENSG00000141934,77.0,48.25865,9.449136,1,72.17413473129272,ENSG00000141934
ENSG00000172183,77.0,46.47173,7.630809,1,72.35282707214355,ENSG00000172183
ENSG00000115677,78.0,48.155277,16.878693,1,73.18447208404541,ENSG00000115677
ENSG00000153283,78.0,46.429974,10.738793,1,73.35700273513794,ENSG00000153283
ENSG00000173726,79.0,48.137882,22.25592,1,74.18621158599854,ENSG00000173726
ENSG00000145649,79.0,46.42491,18.425003,1,74.3575086593628,GZMA
ENSG00000187244,80.0,48.079063,5.6424093,1,75.19209384918213,ENSG00000187244
ENSG00000027869,80.0,46.27393,8.78296,1,75.37260723114014,ENSG00000027869
ENSG00000132698,81.0,47.987564,9.744176,1,76.20124340057373,ENSG00000132698
ENSG00000013725,81.0,45.865486,9.27433,1,76.41345119476318,ENSG00000013725
ENSG00000197858,82.0,47.924255,11.620763,1,77.2075743675232,ENSG00000197858
ENSG00000175463,82.0,45.651108,10.352763,1,77.43488931655884,ENSG00000175463
ENSG00000154582,83.0,47.858067,9.578545,1,78.21419334411621,ENSG00000154582
ENSG00000101109,83.0,45.572987,3.2149951,1,78.44270133972168,ENSG00000101109
ENSG00000099800,84.0,47.852314,11.542533,1,79.214768409729,ENSG00000099800
ENSG00000009790,84.0,45.169956,9.03252,1,79.48300457000732,ENSG00000009790
ENSG00000241468,85.0,47.568104,14.038725,1,80.24318981170654,ENSG00000241468
ENSG00000110876,85.0,45.13707,12.764489,1,80.4862928390503,ENSG00000110876
ENSG00000134202,86.0,47.432034,18.002329,1,81.25679683685303,ENSG00000134202
ENSG00000139193,86.0,45.08023,12.770837,1,81.49197673797607,CD27
ENSG00000143416,87.0,47.334156,14.284044,1,82.2665843963623,ENSG00000143416
ENSG00000023445,87.0,45.00451,9.635786,1,82.49954891204834,BIRC3
ENSG00000100804,88.0,47.181683,19.259468,1,83.28183174133301,ENSG00000100804
ENSG00000164691,88.0,44.62067,12.436116,1,83.53793287277222,ENSG00000164691
ENSG00000173801,89.0,47.06734,8.01866,1,84.29326581954956,ENSG00000173801
ENSG00000095794,89.0,44.617912,8.635086,1,84.53820896148682,CREM
ENSG00000198561,90.0,47.022354,14.05248,1,85.2977647781372,ENSG00000198561
ENSG00000170571,90.0,44.389412,9.36623,1,85.56105899810791,ENSG00000170571
ENSG00000104341,91.0,46.884144,9.206615,1,86.31158542633057,ENSG00000104341
ENSG00000213402,91.0,44.345856,14.945056,1,86.56541442871094,ENSG00000213402
ENSG00000213853,92.0,46.87485,5.5849447,1,87.3125147819519,ENSG00000213853
ENSG00000177105,92.0,44.228786,2.4810421,1,87.57712125778198,ENSG00000177105
ENSG00000169689,93.0,46.63216,7.2800965,1,88.33678388595581,ENSG00000169689
ENSG00000158985,93.0,44.156807,6.500834,1,88.58431911468506,ENSG00000158985
ENSG00000244187,94.0,46.629753,5.997677,1,89.3370246887207,ENSG00000244187
ENSG00000147443,94.0,43.53663,11.355334,1,89.64633703231812,ENSG00000147443
ENSG00000124145,95.0,46.629578,7.389844,1,90.33704233169556,ENSG00000124145
ENSG00000266094,95.0,43.023506,6.0833173,1,90.69764947891235,ENSG00000266094
ENSG00000178896,96.0,46.493492,9.936888,1,91.35065078735352,ENSG00000178896
ENSG00000169508,96.0,42.77349,10.716799,1,91.72265100479126,GPR183
ENSG00000143314,97.0,46.416214,8.661086,1,92.35837841033936,ENSG00000143314
ENSG00000075884,97.0,42.679264,1.4508336,1,92.73207378387453,ENSG00000075884
ENSG00000102172,98.0,46.343784,13.929055,1,93.36562156677246,ENSG00000102172
ENSG00000168421,98.0,42.620224,6.5232716,1,93.73797750473022,ENSG00000168421
ENSG00000181019,99.0,46.30333,19.325256,1,94.36966705322266,ENSG00000181019
ENSG00000213658,99.0,42.369263,7.441292,1,94.7630739212036,ENSG00000213658
ENSG00000159199,100.0,46.248566,8.142038,1,95.37514352798462,ENSG00000159199
ENSG00000106948,100.0,42.18261,7.128365,1,95.78173923492432,ENSG00000106948
ENSG00000004455,101.0,46.02109,15.152354,1,96.3978910446167,ENSG00000004455
ENSG00000133872,101.0,42.023674,2.4188323,1,96.79763269424438,SARAF
ENSG00000123562,102.0,45.99815,20.540365,1,97.4001851081848,ENSG00000123562
ENSG00000181847,102.0,41.964016,17.006927,1,97.80359840393066,TIGIT
ENSG00000085063,103.0,45.993958,38.020977,1,98.40060424804688,ENSG00000085063
ENSG00000204642,103.0,41.76268,0.8652964,1,98.82373189926147,ENSG00000204642
ENSG00000076554,104.0,45.978725,5.8594556,1,99.40212726593018,ENSG00000076554
ENSG00000143851,104.0,41.648197,10.500113,1,99.83518028259276,ENSG00000143851
ENSG00000142684,105.0,45.964397,6.266562,1,100.40356016159058,ENSG00000142684
ENSG00000122122,105.0,41.403786,12.852381,1,100.8596215248108,ENSG00000122122
ENSG00000154723,106.0,45.895386,14.849771,1,101.41046142578124,ENSG00000154723
ENSG00000172543,106.0,41.190063,12.670164,1,101.8809938430786,CTSW
ENSG00000125991,107.0,45.85165,22.84033,1,102.41483497619627,ENSG00000125991
ENSG00000100385,107.0,41.157215,11.100608,1,102.88427829742432,ENSG00000100385
ENSG00000203667,108.0,45.70074,7.028437,1,103.4299259185791,ENSG00000203667
ENSG00000184922,108.0,40.85322,6.0145235,1,103.91467761993408,ENSG00000184922
ENSG00000106261,109.0,45.632355,7.6623635,1,104.43676471710204,ENSG00000106261
ENSG00000113580,109.0,40.52795,1.9359516,1,104.94720506668092,ENSG00000113580
ENSG00000140443,110.0,45.605633,7.2617846,1,105.43943691253662,ENSG00000140443
ENSG00000239713,110.0,40.45958,7.0389733,1,105.95404195785522,ENSG00000239713
ENSG00000178035,111.0,45.449654,24.94482,1,106.4550347328186,ENSG00000178035
ENSG00000059804,111.0,40.34644,3.0211954,1,106.96535587310792,ENSG00000059804
ENSG00000104763,112.0,45.439236,46.32177,1,107.45607662200928,ENSG00000104763
ENSG00000139725,112.0,40.345016,5.958587,1,107.9654984474182,ENSG00000139725
ENSG00000044115,113.0,45.40014,13.056481,1,108.45998620986938,ENSG00000044115
ENSG00000154451,113.0,40.098866,11.470795,1,108.99011325836182,ENSG00000154451
ENSG00000127922,114.0,45.293964,9.424621,1,109.47060346603394,ENSG00000127922
ENSG00000107099,114.0,39.787266,8.324266,1,110.0212733745575,ENSG00000107099
ENSG00000143612,115.0,45.21575,21.300097,1,110.47842502593994,ENSG00000143612
ENSG00000132274,115.0,39.533012,6.5633636,1,111.04669880867004,ENSG00000132274
ENSG00000143252,116.0,45.081436,15.804028,1,111.4918565750122,ENSG00000143252
ENSG00000186810,116.0,39.50785,12.580996,1,112.0492148399353,CXCR3
ENSG00000166145,117.0,45.058533,6.6904483,1,112.49414682388306,ENSG00000166145
ENSG00000172349,117.0,39.108715,4.775965,1,113.0891284942627,ENSG00000172349
ENSG00000204628,118.0,44.998,94.3468,1,113.50019979476927,RACK1
ENSG00000153563,118.0,39.03395,23.344793,1,114.09660482406616,CD8A
ENSG00000096092,119.0,44.933548,7.267979,1,114.50664520263672,ENSG00000096092
ENSG00000027075,119.0,38.532745,6.971157,1,115.14672541618349,ENSG00000027075
ENSG00000203950,120.0,44.811543,7.114339,1,115.5188455581665,ENSG00000203950
ENSG00000082074,120.0,38.093616,6.985693,1,116.19063830375671,FYB1
ENSG00000123131,121.0,44.78388,15.130498,1,116.5216121673584,ENSG00000123131
ENSG00000188042,121.0,37.82869,5.191575,1,117.2171311378479,ENSG00000188042
ENSG00000178719,122.0,44.74915,6.2053733,1,117.5250849723816,ENSG00000178719
ENSG00000118971,122.0,37.66558,6.23533,1,118.2334418296814,ENSG00000118971
ENSG00000179091,123.0,44.737644,17.607237,1,118.52623558044434,ENSG00000179091
ENSG00000110448,123.0,37.59864,11.263857,1,119.24013590812685,ENSG00000110448
ENSG00000154380,124.0,44.517426,6.663867,1,119.54825735092165,ENSG00000154380
ENSG00000134242,124.0,37.036728,10.155117,1,120.29632711410522,ENSG00000134242
ENSG00000143742,125.0,44.43904,26.993662,1,120.55609607696532,ENSG00000143742
ENSG00000076662,125.0,36.983032,4.2055044,1,121.30169677734376,ENSG00000076662
ENSG00000035115,126.0,44.31666,4.038406,1,121.56833362579346,ENSG00000035115
ENSG00000145779,126.0,36.912964,6.5378175,1,122.30870366096497,ENSG00000145779
ENSG00000064961,127.0,44.196827,11.363827,1,122.58031749725342,ENSG00000064961
ENSG00000140030,127.0,36.741566,7.5537963,1,123.325843334198,ENSG00000140030
ENSG00000165389,128.0,44.186234,5.521862,1,123.5813765525818,ENSG00000165389
ENSG00000186517,128.0,36.69718,8.549201,1,124.33028173446657,ENSG00000186517
ENSG00000106367,129.0,44.139286,5.6360736,1,124.58607149124146,ENSG00000106367
ENSG00000164674,129.0,36.654568,6.446264,1,125.3345432281494,ENSG00000164674
ENSG00000260032,130.0,44.080643,5.347103,1,125.59193563461304,ENSG00000260032
ENSG00000113088,130.0,36.60456,15.187739,1,126.33954381942748,GZMK
ENSG00000135390,131.0,43.97325,27.823004,1,126.60267496109007,ATP5MC2
ENSG00000115232,131.0,36.417263,6.1832395,1,127.35827374458312,ENSG00000115232
ENSG00000182670,132.0,43.95919,12.149958,1,127.60408115386964,ENSG00000182670
ENSG00000187239,132.0,36.404823,2.9202917,1,128.3595175743103,ENSG00000187239
ENSG00000267795,133.0,43.65867,11.575461,1,128.63413333892822,SMIM22
ENSG00000100100,133.0,35.95216,8.349219,1,129.4047839641571,ENSG00000100100
ENSG00000117519,134.0,43.50623,23.62858,1,129.64937686920166,ENSG00000117519
ENSG00000198771,134.0,35.813644,7.245545,1,130.41863560676575,ENSG00000198771
ENSG00000130731,135.0,43.476833,5.7970204,1,130.65231657028198,ENSG00000130731
ENSG00000180644,135.0,35.290707,21.001268,1,131.47092938423157,PRF1
ENSG00000187840,136.0,43.41085,10.847526,1,131.6589150428772,ENSG00000187840
ENSG00000110934,136.0,34.881073,11.382328,1,132.51189279556274,ENSG00000110934
ENSG00000128050,137.0,43.408047,13.093958,1,132.65919542312622,ENSG00000128050
ENSG00000163519,137.0,34.854103,12.421722,1,133.51458978652954,TRAT1
ENSG00000143878,138.0,43.39304,7.3969626,1,133.6606960296631,ENSG00000143878
ENSG00000196405,138.0,34.751667,3.6084805,1,134.52483320236206,EVL
ENSG00000105518,139.0,43.353794,6.4673176,1,134.6646203994751,ENSG00000105518
ENSG00000152601,139.0,34.593174,3.6133554,1,135.540682554245,ENSG00000152601
ENSG00000099795,140.0,43.320698,9.651287,1,135.6679301261902,ENSG00000099795
ENSG00000162434,140.0,34.5887,1.2583536,1,136.54113006591797,ENSG00000162434
ENSG00000136810,141.0,43.251072,10.152127,1,136.67489290237427,ENSG00000136810
ENSG00000197540,141.0,34.568707,5.267636,1,137.54312944412231,ENSG00000197540
ENSG00000039068,142.0,43.248108,10.02994,1,137.6751890182495,ENSG00000039068
ENSG00000113263,142.0,34.489582,9.122423,1,138.55104184150696,ENSG00000113263
ENSG00000105258,143.0,43.197098,6.577391,1,138.68029022216797,ENSG00000105258
ENSG00000265972,143.0,34.47894,18.259485,1,139.55210614204407,TXNIP
ENSG00000166347,144.0,43.180267,7.7237086,1,139.68197345733645,ENSG00000166347
ENSG00000138378,144.0,34.44942,11.31951,1,140.55505800247192,ENSG00000138378
ENSG00000109390,145.0,43.068493,6.9928327,1,140.6931505203247,ENSG00000109390
ENSG00000163131,145.0,34.418953,6.744728,1,141.55810475349426,ENSG00000163131
ENSG00000147677,146.0,43.03663,35.388813,1,141.69633722305298,ENSG00000147677
ENSG00000188404,146.0,34.248802,12.664212,1,142.57511973381042,SELL
ENSG00000164405,147.0,42.983738,16.083748,1,142.70162630081177,ENSG00000164405
ENSG00000183918,147.0,34.24325,11.220461,1,143.57567477226257,ENSG00000183918
ENSG00000089693,148.0,42.983273,14.701348,1,143.7016725540161,ENSG00000089693
ENSG00000105122,148.0,34.177967,7.078517,1,144.5822033882141,ENSG00000105122
ENSG00000180992,149.0,42.929745,8.204399,1,144.7070255279541,ENSG00000180992
ENSG00000057657,149.0,33.822815,9.47454,1,145.61771845817566,ENSG00000057657
ENSG00000253729,150.0,42.922234,11.709717,1,145.70777654647827,ENSG00000253729
ENSG00000171522,150.0,33.776344,8.976959,1,146.62236547470093,ENSG00000171522
ENSG00000263001,151.0,42.89186,7.5910225,1,146.71081399917605,ENSG00000263001
ENSG00000127824,151.0,33.75778,7.925705,1,147.62422227859497,ENSG00000127824
ENSG00000214530,152.0,42.832615,7.2992864,1,147.7167387008667,ENSG00000214530
ENSG00000152495,152.0,33.743538,3.067454,1,148.62564611434937,ENSG00000152495
ENSG00000146701,153.0,42.75574,22.510279,1,148.7244257926941,ENSG00000146701
ENSG00000131378,153.0,33.626747,4.290847,1,149.63732528686523,ENSG00000131378
ENSG00000074696,154.0,42.724716,10.257937,1,149.72752857208252,ENSG00000074696
ENSG00000146278,154.0,33.569813,0.99963284,1,150.64301872253418,ENSG00000146278
ENSG00000117395,155.0,42.72102,9.830615,1,150.72789812088013,ENSG00000117395
ENSG00000149781,155.0,33.133747,3.364585,1,151.68662524223328,ENSG00000149781
ENSG00000165215,156.0,42.694736,11.222362,1,151.73052644729614,CLDN3
ENSG00000134954,156.0,32.990395,1.4484336,1,152.70096063613892,ENSG00000134954
ENSG00000106211,157.0,42.67063,39.497974,1,152.73293685913086,HSPB1
ENSG00000123146,157.0,32.78618,3.8143032,1,153.72138214111328,ENSG00000123146
ENSG00000100219,158.0,42.652096,14.402392,1,153.7347903251648,ENSG00000100219
ENSG00000185338,158.0,32.77907,3.6185133,1,154.72209286689758,ENSG00000185338
ENSG00000179222,159.0,42.64255,11.94097,1,154.73574495315552,ENSG00000179222
ENSG00000168899,159.0,32.730816,0.6375279,1,155.7269184589386,ENSG00000168899
ENSG00000135404,160.0,42.638546,132.65054,1,155.7361454963684,CD63
ENSG00000133106,160.0,32.5976,5.4602776,1,156.7402400970459,ENSG00000133106
ENSG00000104413,161.0,42.593132,13.755548,1,156.7406868934631,ENSG00000104413
ENSG00000126860,161.0,32.553875,5.424808,1,157.74461245536804,ENSG00000126860
ENSG00000105655,162.0,42.545853,13.867485,1,157.74541473388672,ENSG00000105655
ENSG00000085719,163.0,42.50387,5.8080583,1,158.7496132850647,ENSG00000085719
ENSG00000137193,162.0,32.483315,2.6033733,1,158.75166845321655,ENSG00000137193
ENSG00000166228,164.0,42.503567,6.806541,1,159.74964332580566,ENSG00000166228
ENSG00000163513,163.0,32.209793,2.0427485,1,159.7790207862854,ENSG00000163513
ENSG00000143537,165.0,42.42627,5.877198,1,160.75737285614014,ENSG00000143537
ENSG00000089692,164.0,31.822296,7.9484215,1,160.81777048110962,LAG3
ENSG00000099194,166.0,42.403896,14.86797,1,161.75961017608645,ENSG00000099194
ENSG00000123338,165.0,31.808498,9.413417,1,161.81915020942688,ENSG00000123338
ENSG00000169020,167.0,42.31367,7.5276027,1,162.76863288879397,ENSG00000169020
ENSG00000151702,166.0,31.748873,7.4184074,1,162.82511281967163,ENSG00000151702
ENSG00000152767,168.0,42.290844,8.691974,1,163.77091550827026,ENSG00000152767
ENSG00000170542,167.0,31.601168,2.3215203,1,163.83988332748413,ENSG00000170542
ENSG00000101439,169.0,42.288624,8.264155,1,164.771137714386,CST3
ENSG00000137078,168.0,31.143215,12.173839,1,164.88567852973938,ENSG00000137078
ENSG00000137288,170.0,42.24214,7.1070466,1,165.77578592300415,ENSG00000137288
ENSG00000104660,169.0,31.004475,2.1514049,1,165.89955258369446,ENSG00000104660
ENSG00000185624,171.0,42.203903,25.4005,1,166.77960968017578,ENSG00000185624
ENSG00000141480,170.0,30.919687,2.6505833,1,166.90803122520447,ENSG00000141480
ENSG00000124767,172.0,42.15724,11.690407,1,167.78427600860596,ENSG00000124767
ENSG00000161405,171.0,30.84793,7.8804574,1,167.9152069091797,ENSG00000161405
ENSG00000106299,173.0,42.136105,5.871904,1,168.7863893508911,ENSG00000106299
ENSG00000020633,172.0,30.799091,3.1275446,1,168.92009091377258,ENSG00000020633
ENSG00000136068,174.0,41.943108,5.4684954,1,169.80568933486938,ENSG00000136068
ENSG00000078589,173.0,30.73529,11.780184,1,169.92647099494934,ENSG00000078589
ENSG00000158716,175.0,41.910294,6.0475,1,170.80897045135498,ENSG00000158716
ENSG00000100453,174.0,30.67115,20.648355,1,170.93288493156433,GZMB
ENSG00000116133,176.0,41.82412,8.004181,1,171.81758785247803,ENSG00000116133
ENSG00000140368,175.0,30.66056,10.350618,1,171.9339439868927,ENSG00000140368
ENSG00000124098,177.0,41.65146,6.1023264,1,172.83485412597656,ENSG00000124098
ENSG00000125347,176.0,30.515717,2.2904885,1,172.94842839241028,ENSG00000125347
ENSG00000183010,178.0,41.600403,10.305007,1,173.83995962142944,ENSG00000183010
ENSG00000151883,177.0,30.425388,5.369729,1,173.95746111869812,ENSG00000151883
ENSG00000232388,179.0,41.504208,5.6337047,1,174.84957933425903,ENSG00000232388
ENSG00000100906,178.0,30.411367,2.7844546,1,174.95886325836182,NFKBIA
ENSG00000141905,180.0,41.503033,4.353289,1,175.84969663619995,ENSG00000141905
ENSG00000172116,179.0,30.331839,13.106491,1,175.9668161869049,CD8B
ENSG00000183978,181.0,41.486073,7.9847164,1,176.85139274597168,ENSG00000183978
ENSG00000126353,180.0,30.243732,13.42547,1,176.97562670707703,CCR7
ENSG00000161016,182.0,41.4479,240.66086,1,177.85521030426025,ENSG00000161016
ENSG00000064666,181.0,29.800058,3.2120829,1,178.01999425888062,ENSG00000064666
ENSG00000122565,183.0,41.335625,17.444483,1,178.86643743515015,ENSG00000122565
ENSG00000010610,182.0,29.726019,8.345565,1,179.02739810943604,ENSG00000010610
ENSG00000143198,184.0,41.294556,18.484304,1,179.87054443359375,ENSG00000143198
ENSG00000101347,183.0,29.65665,3.6795444,1,180.034334897995,ENSG00000101347
ENSG00000163468,185.0,41.290863,39.707012,1,180.8709135055542,ENSG00000163468
ENSG00000108518,184.0,29.442924,1.6190242,1,181.0557074546814,ENSG00000108518
ENSG00000177556,186.0,41.286976,8.511339,1,181.8713026046753,ENSG00000177556
ENSG00000101082,185.0,29.131046,8.450462,1,182.08689546585083,ENSG00000101082
ENSG00000116586,187.0,41.25009,8.0874,1,182.874990940094,ENSG00000116586
ENSG00000120129,186.0,29.064201,9.983751,1,183.0935797691345,DUSP1
ENSG00000053371,188.0,41.16279,8.518511,1,183.88372135162356,ENSG00000053371
ENSG00000196843,187.0,29.007828,3.397609,1,184.09921717643735,ENSG00000196843
ENSG00000123983,189.0,41.088566,10.536526,1,184.89114332199097,ENSG00000123983
ENSG00000231721,188.0,28.956507,5.8451743,1,185.10434937477112,ENSG00000231721
ENSG00000130520,190.0,41.086853,9.899954,1,185.8913145065308,ENSG00000130520
ENSG00000108669,189.0,28.929995,2.917449,1,186.10700058937076,ENSG00000108669
ENSG00000160972,191.0,41.05155,6.514524,1,186.8948450088501,ENSG00000160972
ENSG00000143924,190.0,28.897425,2.1647773,1,187.11025762557983,ENSG00000143924
ENSG00000105438,192.0,41.03154,7.7743917,1,187.89684581756592,ENSG00000105438
ENSG00000213145,191.0,28.895338,6.0718813,1,188.11046624183652,ENSG00000213145
ENSG00000147669,193.0,41.025185,9.486032,1,188.8974814414978,ENSG00000147669
ENSG00000184588,192.0,28.82317,3.0298145,1,189.11768293380737,ENSG00000184588
ENSG00000093010,194.0,40.978004,17.003307,1,189.90219974517825,ENSG00000093010
ENSG00000101445,193.0,28.66332,7.2316546,1,190.13366794586184,ENSG00000101445
ENSG00000049759,195.0,40.918865,11.139571,1,190.90811347961423,ENSG00000049759
ENSG00000158517,194.0,28.589832,7.7258735,1,191.14101672172544,NCF1
ENSG00000073803,196.0,40.878937,6.654541,1,191.91210651397705,ENSG00000073803
ENSG00000156127,195.0,28.570566,5.483698,1,192.1429433822632,ENSG00000156127
ENSG00000135821,197.0,40.85353,19.615942,1,192.914647102356,ENSG00000135821
ENSG00000172215,196.0,28.169086,12.297968,1,193.18309140205383,CXCR6
ENSG00000135446,198.0,40.839558,16.388186,1,193.9160442352295,ENSG00000135446
ENSG00000141293,197.0,28.155918,7.053288,1,194.1844081878662,ENSG00000141293
ENSG00000243317,199.0,40.81925,5.17616,1,194.91807508468628,ENSG00000243317
ENSG00000136286,198.0,28.144798,7.1749697,1,195.18552017211917,ENSG00000136286
ENSG00000183255,200.0,40.745636,25.839394,1,195.92543649673465,ENSG00000183255
ENSG00000116741,199.0,28.12325,3.8007262,1,196.18767499923703,ENSG00000116741
ENSG00000065518,201.0,40.741737,11.604404,1,196.92582607269287,ENSG00000065518
ENSG00000135114,200.0,28.096897,5.9825797,1,197.19031023979187,ENSG00000135114
ENSG00000187735,202.0,40.71073,12.438484,1,197.92892694473267,ENSG00000187735
ENSG00000023892,201.0,28.069328,5.2128863,1,198.193067073822,ENSG00000023892
ENSG00000165629,203.0,40.708614,15.095792,1,198.9291386604309,ENSG00000165629
ENSG00000079263,202.0,27.848959,9.598636,1,199.2151041030884,ENSG00000079263
ENSG00000138430,204.0,40.68714,9.809421,1,199.9312858581543,ENSG00000138430
ENSG00000160593,203.0,27.776972,10.42641,1,200.22230291366577,ENSG00000160593
ENSG00000105677,205.0,40.68591,16.982428,1,200.9314088821411,ENSG00000105677
ENSG00000186827,204.0,27.599895,5.852857,1,201.24001049995425,TNFRSF4
ENSG00000114023,206.0,40.660797,7.8367567,1,201.93392038345337,ENSG00000114023
ENSG00000170776,205.0,27.507395,2.8742964,1,202.24926042556763,ENSG00000170776
ENSG00000169398,207.0,40.660465,10.205023,1,202.93395328521729,ENSG00000169398
ENSG00000108798,206.0,27.328604,9.345601,1,203.26713967323303,ENSG00000108798
ENSG00000211450,208.0,40.62128,10.1324215,1,203.9378719329834,ENSG00000211450
ENSG00000167895,207.0,27.327433,5.88579,1,204.26725673675537,ENSG00000167895
ENSG00000127838,209.0,40.585926,6.3827744,1,204.94140720367432,ENSG00000127838
ENSG00000005844,208.0,27.284222,9.727837,1,205.271577835083,ENSG00000005844
ENSG00000153130,210.0,40.56259,7.1261444,1,205.94374084472656,ENSG00000153130
ENSG00000204257,209.0,27.22029,5.7196617,1,206.2779710292816,HLA-DMA
ENSG00000159348,211.0,40.559353,8.431024,1,206.94406461715695,ENSG00000159348
ENSG00000163599,210.0,27.107763,7.105769,1,207.28922367095947,ENSG00000163599
ENSG00000157992,212.0,40.521156,7.501023,1,207.94788455963132,ENSG00000157992
ENSG00000142347,211.0,26.914192,7.0320754,1,208.30858087539676,ENSG00000142347
ENSG00000117632,213.0,40.460712,38.28838,1,208.95392894744876,ENSG00000117632
ENSG00000101096,212.0,26.903221,1.918674,1,209.3096778392792,ENSG00000101096
ENSG00000163191,214.0,40.453888,33.118874,1,209.9546113014221,S100A11
ENSG00000107738,213.0,26.741283,6.2972775,1,210.3258717060089,ENSG00000107738
ENSG00000171530,215.0,40.358986,13.701309,1,210.96410131454468,ENSG00000171530
ENSG00000114423,214.0,26.6403,3.6368294,1,211.3359699249268,ENSG00000114423
ENSG00000151729,216.0,40.33852,14.4304495,1,211.96614789962769,ENSG00000151729
ENSG00000100060,215.0,26.638666,2.5518527,1,212.336133480072,ENSG00000100060
ENSG00000146729,217.0,40.290688,7.6827593,1,212.9709310531616,ENSG00000146729
ENSG00000185477,216.0,26.631128,3.6111603,1,213.33688712120056,ENSG00000185477
ENSG00000162910,218.0,40.283726,8.233864,1,213.9716272354126,ENSG00000162910
ENSG00000101596,217.0,26.489246,2.4097047,1,214.3510754108429,ENSG00000101596
ENSG00000167863,219.0,40.278038,9.0978365,1,214.97219610214236,ENSG00000167863
ENSG00000089820,218.0,26.328022,3.0530825,1,215.3671977519989,ENSG00000089820
ENSG00000141736,220.0,40.264988,8.810697,1,215.97350120544436,ENSG00000141736
ENSG00000076928,219.0,26.323826,1.7286421,1,216.3676173686981,ENSG00000076928
ENSG00000100300,221.0,40.23531,20.287165,1,216.976469039917,ENSG00000100300
ENSG00000138964,220.0,26.268816,7.7823987,1,217.37311840057373,ENSG00000138964
ENSG00000004478,222.0,40.22337,8.2485895,1,217.97766304016116,ENSG00000004478
ENSG00000122694,221.0,26.126282,2.210202,1,218.38737177848816,ENSG00000122694
ENSG00000141552,223.0,40.141277,12.907459,1,218.9858722686768,ENSG00000141552
ENSG00000100365,222.0,26.002974,8.042758,1,219.3997025489807,ENSG00000100365
ENSG00000110955,224.0,40.113632,30.85429,1,219.98863697052,ENSG00000110955
ENSG00000187608,223.0,25.947584,2.4966502,1,220.4052414894104,ISG15
ENSG00000054148,225.0,40.113262,8.740713,1,220.9886736869812,ENSG00000054148
ENSG00000171223,224.0,25.664076,2.2952003,1,221.43359231948853,JUNB
ENSG00000134291,226.0,40.0362,9.761177,1,221.9963798522949,ENSG00000134291
ENSG00000154978,225.0,25.499493,2.386527,1,222.45005083084104,ENSG00000154978
ENSG00000111639,227.0,39.978092,10.226149,1,223.00219082832336,ENSG00000111639
ENSG00000205220,226.0,25.45532,2.3900614,1,223.45446801185608,ENSG00000205220
ENSG00000160194,228.0,39.95458,5.1635804,1,224.0045421123505,ENSG00000160194
ENSG00000105639,227.0,25.454132,5.5247617,1,224.45458674430847,ENSG00000105639
ENSG00000111321,229.0,39.91428,8.883365,1,225.00857210159305,ENSG00000111321
ENSG00000056558,228.0,25.434591,5.237808,1,225.4565408229828,ENSG00000056558
ENSG00000141447,230.0,39.864822,10.189654,1,226.0135178565979,ENSG00000141447
ENSG00000100450,229.0,25.312054,16.442398,1,226.4687945842743,GZMH
ENSG00000182718,231.0,39.774464,62.519184,1,227.02255368232727,ANXA2
ENSG00000292333,230.0,25.289213,9.693555,1,227.47107863426208,ENSG00000292333
ENSG00000196975,232.0,39.751556,8.716446,1,228.02484440803528,ENSG00000196975
ENSG00000178562,231.0,25.052195,8.720563,1,228.4947805404663,ENSG00000178562
ENSG00000159335,233.0,39.741245,4.836024,1,229.0258755683899,ENSG00000159335
ENSG00000163219,232.0,24.94546,5.304361,1,229.50545406341556,ENSG00000163219
ENSG00000173207,234.0,39.678917,10.92415,1,230.0321083068848,ENSG00000173207
ENSG00000162645,233.0,24.873627,4.1578016,1,230.51263737678528,ENSG00000162645
ENSG00000136997,235.0,39.58659,11.869424,1,231.04134106636047,ENSG00000136997
ENSG00000133561,234.0,24.703302,7.734756,1,231.5296697616577,ENSG00000133561
ENSG00000117592,236.0,39.573505,20.925282,1,232.04264950752255,ENSG00000117592
ENSG00000103522,235.0,24.591549,9.105375,1,232.54084515571597,ENSG00000103522
ENSG00000109846,237.0,39.573105,26.542278,1,233.04268956184387,CRYAB
ENSG00000163600,236.0,24.547092,12.090615,1,233.54529070854187,ENSG00000163600
ENSG00000143321,238.0,39.5524,5.4368615,1,234.04476022720337,ENSG00000143321
ENSG00000138185,237.0,24.444721,4.36081,1,234.55552792549133,ENSG00000138185
ENSG00000196976,239.0,39.52179,4.7496653,1,235.04782104492188,ENSG00000196976
ENSG00000179715,238.0,24.433199,6.5336533,1,235.55668020248413,ENSG00000179715
ENSG00000127616,240.0,39.488194,6.910535,1,236.05118060112,ENSG00000127616
ENSG00000151651,239.0,24.42357,6.3588767,1,236.55764293670651,ENSG00000151651
ENSG00000143158,241.0,39.410667,6.82984,1,237.05893325805664,ENSG00000143158
ENSG00000155849,240.0,24.333134,5.0066776,1,237.56668663024905,ENSG00000155849
ENSG00000125652,242.0,39.401356,6.5482616,1,238.0598645210266,ENSG00000125652
ENSG00000134516,241.0,24.20402,10.838501,1,238.5795979499817,ENSG00000134516
ENSG00000167815,243.0,39.36145,10.897404,1,239.06385493278503,ENSG00000167815
ENSG00000152270,242.0,24.192778,2.2912567,1,239.58072233200076,ENSG00000152270
ENSG00000013306,244.0,39.339405,6.6446896,1,240.066059589386,ENSG00000013306
ENSG00000167208,243.0,24.132008,8.034248,1,240.58679914474487,ENSG00000167208
ENSG00000137942,245.0,39.33294,7.531524,1,241.0667061805725,ENSG00000137942
ENSG00000011600,244.0,24.004045,15.044074,1,241.5995955467224,TYROBP
ENSG00000125995,246.0,39.2853,8.163657,1,242.07146978378296,ENSG00000125995
ENSG00000066294,245.0,23.970394,7.1452327,1,242.60296058654785,ENSG00000066294
ENSG00000111907,247.0,39.284065,7.606108,1,243.0715935230255,ENSG00000111907
ENSG00000113532,246.0,23.941725,5.457077,1,243.60582756996155,ENSG00000113532
ENSG00000163344,248.0,39.216152,5.091211,1,244.0783848762512,ENSG00000163344
ENSG00000077150,247.0,23.817314,2.4629183,1,244.61826848983765,ENSG00000077150
ENSG00000226742,249.0,39.177105,6.3347917,1,245.0822894573212,ENSG00000226742
ENSG00000198624,248.0,23.517841,4.97847,1,245.64821577072144,ENSG00000198624
ENSG00000160180,250.0,39.16218,51.139385,1,246.08378171920776,TFF3
ENSG00000163564,249.0,23.385466,5.679732,1,246.6614534854889,ENSG00000163564
ENSG00000163683,251.0,39.127697,4.4877777,1,247.0872302055359,ENSG00000163683
ENSG00000127152,250.0,23.311098,6.7356133,1,247.66889023780823,ENSG00000127152
ENSG00000138085,252.0,39.033646,10.723738,1,248.0966353416443,ENSG00000138085
ENSG00000108622,251.0,23.19309,2.9381268,1,248.68069100379944,ENSG00000108622
ENSG00000129235,253.0,39.031635,9.695282,1,249.09683656692505,ENSG00000129235
ENSG00000126246,252.0,23.138784,5.123596,1,249.68612146377563,ENSG00000126246
ENSG00000104408,254.0,39.02682,48.08422,1,250.09731793403623,ENSG00000104408
ENSG00000065413,253.0,22.977154,2.1653302,1,250.70228457450867,ENSG00000065413
ENSG00000171735,255.0,39.01119,5.8387938,1,251.09888124465945,ENSG00000171735
ENSG00000111796,254.0,22.871695,10.560299,1,251.71283054351807,KLRB1
ENSG00000173418,256.0,39.010567,14.622737,1,252.09894323349,ENSG00000173418
ENSG00000115523,255.0,22.87037,18.221521,1,252.71296286582947,GNLY
ENSG00000119705,257.0,38.955624,7.754171,1,253.10443758964536,ENSG00000119705
ENSG00000084070,256.0,22.785753,3.946254,1,253.7214245796204,ENSG00000084070
ENSG00000120533,258.0,38.927685,11.163222,1,254.10723161697388,ENSG00000120533
ENSG00000170989,257.0,22.68671,6.7219687,1,254.7313289642334,ENSG00000170989
ENSG00000074071,259.0,38.877228,8.384384,1,255.1122772693634,ENSG00000074071
ENSG00000197471,258.0,22.57703,4.5182343,1,255.7422969341278,ENSG00000197471
ENSG00000152234,260.0,38.823566,22.874878,1,256.11764335632324,ENSG00000152234
ENSG00000139626,259.0,22.557955,3.2971108,1,256.7442045211792,ENSG00000139626
ENSG00000125534,261.0,38.759098,26.231625,1,257.1240901947021,PPDPF
ENSG00000162654,260.0,22.51113,2.1861744,1,257.74888706207275,ENSG00000162654
ENSG00000159176,262.0,38.75874,20.526257,1,258.124125957489,ENSG00000159176
ENSG00000134996,261.0,22.504015,1.291836,1,258.7495985031128,ENSG00000134996
ENSG00000147604,263.0,38.721737,208.75768,1,259.12782621383667,ENSG00000147604
ENSG00000125910,262.0,22.48855,8.067787,1,259.75114488601685,ENSG00000125910
ENSG00000175866,264.0,38.708385,8.486894,1,260.12916135787964,ENSG00000175866
ENSG00000065809,263.0,22.399546,3.96605,1,260.76004552841187,ENSG00000065809
ENSG00000164292,265.0,38.705994,9.56485,1,261.12940073013306,ENSG00000164292
ENSG00000038274,264.0,22.34035,0.64532334,1,261.7659649848938,ENSG00000038274
ENSG00000125901,266.0,38.684315,8.164247,1,262.13156843185425,ENSG00000125901
ENSG00000143110,265.0,22.261793,7.136124,1,262.7738206386566,C1orf162
ENSG00000179950,267.0,38.679493,21.88197,1,263.13205075263977,ENSG00000179950
ENSG00000120910,266.0,22.10486,0.5672566,1,263.7895140647888,ENSG00000120910
ENSG00000172428,268.0,38.665657,5.343612,1,264.1334342956543,ENSG00000172428
ENSG00000135077,267.0,22.10292,10.203109,1,264.7897078990936,ENSG00000135077
ENSG00000172172,269.0,38.58755,8.506618,1,265.14124488830566,ENSG00000172172
ENSG00000026103,268.0,22.067186,0.792307,1,265.7932813167572,ENSG00000026103
ENSG00000162729,270.0,38.527233,6.4208035,1,266.14727663993835,ENSG00000162729
ENSG00000077238,269.0,22.014751,3.5155334,1,266.7985248565674,ENSG00000077238
ENSG00000122786,271.0,38.514378,9.145335,1,267.14856219291687,CALD1
ENSG00000132530,270.0,21.930763,2.159202,1,267.8069236278534,ENSG00000132530
ENSG00000182240,272.0,38.435383,11.297453,1,268.15646171569824,ENSG00000182240
ENSG00000186891,271.0,21.839504,5.773706,1,268.81604957580566,TNFRSF18
ENSG00000241685,273.0,38.3614,22.587435,1,269.16385984420776,ENSG00000241685
ENSG00000116473,272.0,21.586164,0.5434824,1,269.84138345718384,ENSG00000116473
ENSG00000215845,274.0,38.337883,4.188056,1,270.166211605072,ENSG00000215845
ENSG00000104814,273.0,21.52534,5.2577863,1,270.8474659919739,ENSG00000104814
ENSG00000108679,275.0,38.31213,44.445114,1,271.1687870025635,ENSG00000108679
ENSG00000028277,274.0,21.408922,4.6484394,1,271.8591077327728,ENSG00000028277
ENSG00000143320,276.0,38.2852,7.917334,1,272.171480178833,CRABP2
ENSG00000104856,275.0,21.36972,1.5616488,1,272.863028049469,ENSG00000104856
ENSG00000106537,277.0,38.25821,4.0184994,1,273.17417907714844,ENSG00000106537
ENSG00000083799,276.0,21.34879,1.7529093,1,273.8651211261749,ENSG00000083799
ENSG00000158864,278.0,38.25757,16.500933,1,274.1742432117462,ENSG00000158864
ENSG00000187764,277.0,21.330269,4.2810163,1,274.8669731616974,ENSG00000187764
ENSG00000116667,279.0,38.24202,8.026044,1,275.17579793930054,ENSG00000116667
ENSG00000136717,278.0,21.317955,1.4117843,1,275.86820459365845,ENSG00000136717
ENSG00000136261,280.0,38.171135,13.469276,1,276.1828866004944,ENSG00000136261
ENSG00000136250,279.0,21.277452,8.576922,1,276.8722548484802,ENSG00000136250
ENSG00000213585,281.0,38.124256,21.867414,1,277.1875743865967,ENSG00000213585
ENSG00000135604,280.0,21.233513,5.8642383,1,277.8766486644745,ENSG00000135604
ENSG00000149547,282.0,38.1141,5.2673593,1,278.1885898113251,ENSG00000149547
ENSG00000115956,281.0,21.224583,9.516966,1,278.8775417804718,PLEK
ENSG00000145555,283.0,38.10222,19.370989,1,279.1897780895233,ENSG00000145555
ENSG00000100055,282.0,21.170864,7.0058665,1,279.88291358947754,ENSG00000100055
ENSG00000266472,284.0,38.09842,11.914364,1,280.1901581287384,ENSG00000266472
ENSG00000135905,283.0,21.090921,0.65183663,1,280.8909077644348,ENSG00000135905
ENSG00000143256,285.0,38.094135,10.249924,1,281.19058656692505,ENSG00000143256
ENSG00000158717,284.0,21.07838,4.5312834,1,281.8921618461609,ENSG00000158717
ENSG00000126432,286.0,37.92136,14.481327,1,282.2078640460968,ENSG00000126432
ENSG00000103653,285.0,20.813522,1.9408624,1,282.9186477661133,ENSG00000103653
ENSG00000160307,287.0,37.86596,77.0197,1,283.2134041786194,S100B
ENSG00000175567,286.0,20.771393,10.902364,1,283.922860622406,ENSG00000175567
ENSG00000172380,288.0,37.829323,11.1125145,1,284.21706771850586,ENSG00000172380
ENSG00000117090,287.0,20.739815,5.142223,1,284.9260184764862,ENSG00000117090
ENSG00000105185,289.0,37.82217,10.8418,1,285.2177829742432,ENSG00000105185
ENSG00000204261,288.0,20.70106,1.1702495,1,285.9298939704895,ENSG00000204261
ENSG00000172663,290.0,37.804165,4.9495487,1,286.21958351135254,ENSG00000172663
ENSG00000237541,289.0,20.700132,5.796977,1,286.9299867153168,HLA-DQA2
ENSG00000163931,291.0,37.79105,25.606623,1,287.2208950519562,ENSG00000163931
ENSG00000111679,290.0,20.671968,9.421345,1,287.9328031539917,ENSG00000111679
ENSG00000167468,292.0,37.748547,18.472097,1,288.2251453399658,GPX4
ENSG00000122224,291.0,20.500635,8.524665,1,288.9499363899231,LY9
ENSG00000071462,293.0,37.745003,8.810386,1,289.2254996299744,ENSG00000071462
ENSG00000143891,292.0,20.301903,2.0971859,1,289.9698097705841,ENSG00000143891
ENSG00000116096,294.0,37.72976,8.127513,1,290.22702407836914,ENSG00000116096
ENSG00000150977,293.0,20.2223,2.4121656,1,290.97777009010315,ENSG00000150977
ENSG00000173674,295.0,37.706806,9.054582,1,291.2293193340301,ENSG00000173674
ENSG00000174946,294.0,20.128813,10.829163,1,291.9871187210083,GPR171
ENSG00000110717,296.0,37.70455,9.175647,1,292.229544878006,ENSG00000110717
ENSG00000148908,295.0,20.094383,0.7647245,1,292.9905617237091,ENSG00000148908
ENSG00000206053,297.0,37.70438,5.9340873,1,293.2295620441437,ENSG00000206053
ENSG00000055163,296.0,20.057384,3.444459,1,293.9942615032196,ENSG00000055163
ENSG00000087077,298.0,37.697342,5.554968,1,294.2302658557892,ENSG00000087077
ENSG00000069667,297.0,20.015749,2.8425143,1,294.99842500686646,ENSG00000069667
ENSG00000161249,299.0,37.667835,10.092073,1,295.23321652412415,ENSG00000161249
ENSG00000090554,298.0,19.97104,3.1673303,1,296.00289595127106,ENSG00000090554
ENSG00000067704,300.0,37.666702,7.222168,1,296.2333297729492,ENSG00000067704
ENSG00000003402,299.0,19.897085,3.0767283,1,297.0102914571762,ENSG00000003402
ENSG00000137547,301.0,37.65302,12.062782,1,297.2346980571747,ENSG00000137547
ENSG00000164483,300.0,19.61927,9.219599,1,298.03807294368744,SAMD3
ENSG00000182551,302.0,37.604683,11.25447,1,298.2395317554474,ENSG00000182551
ENSG00000163346,301.0,19.495327,2.2089086,1,299.0504672527313,ENSG00000163346
ENSG00000005893,303.0,37.58622,16.525719,1,299.24137806892395,ENSG00000005893
ENSG00000115738,302.0,19.45925,4.877853,1,300.0540750026703,ENSG00000115738
ENSG00000120885,304.0,37.57601,8.14351,1,300.2423987388611,CLU
ENSG00000089012,303.0,19.442415,13.773738,1,301.0557584762573,SIRPG
ENSG00000179085,305.0,37.57407,4.7884526,1,301.24259305000305,ENSG00000179085
ENSG00000140853,304.0,19.308178,6.319897,1,302.0691821575165,ENSG00000140853
ENSG00000115944,306.0,37.56346,12.738743,1,302.2436537742615,ENSG00000115944
ENSG00000234883,305.0,19.25206,8.026232,1,303.0747940540314,MIR155HG
ENSG00000095066,307.0,37.534527,5.716659,1,303.24654722213745,ENSG00000095066
ENSG00000148516,306.0,19.195211,1.6449898,1,304.08047890663147,ENSG00000148516
ENSG00000114354,308.0,37.519936,10.626244,1,304.24800634384155,ENSG00000114354
ENSG00000204472,307.0,19.173698,9.432696,1,305.0826301574707,AIF1
ENSG00000171346,309.0,37.51763,11.561028,1,305.24823689460754,KRT15
ENSG00000067066,308.0,19.149836,1.287698,1,306.08501648902893,ENSG00000067066
ENSG00000165283,310.0,37.51549,11.362855,1,306.248450756073,ENSG00000165283
ENSG00000186470,309.0,19.10956,0.7747091,1,307.0890439748764,ENSG00000186470
ENSG00000172239,311.0,37.496426,8.320335,1,307.2503573894501,ENSG00000172239
ENSG00000130844,310.0,19.091198,5.1586747,1,308.0908801555633,ENSG00000130844
ENSG00000169738,312.0,37.474052,8.722145,1,308.2525947093964,ENSG00000169738
ENSG00000105939,311.0,19.05228,2.2485695,1,309.0947719812393,ENSG00000105939
ENSG00000168118,313.0,37.418217,5.127531,1,309.25817823410034,ENSG00000168118
ENSG00000177409,312.0,18.970034,3.1619265,1,310.1029965877533,ENSG00000177409
ENSG00000214253,314.0,37.38814,12.226701,1,310.2611858844757,ENSG00000214253
ENSG00000131018,313.0,18.837158,1.9461901,1,311.1162841320038,ENSG00000131018
ENSG00000087302,315.0,37.309853,10.464804,1,311.26901483535767,ENSG00000087302
ENSG00000078304,314.0,18.792995,1.8513647,1,312.1207004785538,ENSG00000078304
ENSG00000129354,316.0,37.30057,10.841183,1,312.2699427604676,ENSG00000129354
ENSG00000245164,315.0,18.76718,8.271702,1,313.1232820749283,LINC00861
ENSG00000104447,317.0,37.26216,4.317906,1,313.27378392219543,ENSG00000104447
ENSG00000111276,316.0,18.69955,1.4028488,1,314.1300449371338,ENSG00000111276
ENSG00000149932,318.0,37.251465,7.9576488,1,314.2748534679413,ENSG00000149932
ENSG00000158869,317.0,18.630095,4.371794,1,315.1369905471802,FCER1G
ENSG00000102910,319.0,37.22772,7.6640153,1,315.27722811698914,ENSG00000102910
ENSG00000047365,318.0,18.62111,3.3510857,1,316.13788890838623,ENSG00000047365
ENSG00000169139,320.0,37.18808,9.930172,1,316.2811920642853,ENSG00000169139
ENSG00000172575,319.0,18.540924,3.4069214,1,317.14590764045715,ENSG00000172575
ENSG00000143570,321.0,37.173817,11.423593,1,317.28261828422546,ENSG00000143570
ENSG00000164104,320.0,18.53732,0.9418308,1,318.14626812934875,ENSG00000164104
ENSG00000115128,322.0,37.165462,11.397732,1,318.28345370292664,ENSG00000115128
ENSG00000163162,321.0,18.483616,0.8067542,1,319.1516383886337,ENSG00000163162
ENSG00000130005,323.0,37.155613,6.6151743,1,319.2844386100769,ENSG00000130005
ENSG00000105717,322.0,18.396776,3.9644833,1,320.16032242774963,ENSG00000105717
ENSG00000205981,324.0,37.15146,6.0597043,1,320.2848541736603,ENSG00000205981
ENSG00000188641,323.0,18.317394,2.6548266,1,321.1682605743408,ENSG00000188641
ENSG00000140939,325.0,37.10784,7.104851,1,321.2892158031464,ENSG00000140939
ENSG00000166750,324.0,18.268713,2.3591862,1,322.1731287240982,ENSG00000166750
ENSG00000170348,326.0,37.09591,20.08284,1,322.2904090881348,ENSG00000170348
ENSG00000065675,325.0,18.207413,9.359976,1,323.1792587041855,ENSG00000065675
ENSG00000162961,327.0,37.071716,5.851732,1,323.2928283214569,ENSG00000162961
ENSG00000140280,326.0,18.206816,0.828343,1,324.17931842803955,ENSG00000140280
ENSG00000141741,328.0,37.062588,7.8778806,1,324.2937412261963,ENSG00000141741
ENSG00000141506,327.0,18.049042,11.3043375,1,325.1950957775116,ENSG00000141506
ENSG00000117906,329.0,37.052505,10.334958,1,325.2947494983673,ENSG00000117906
ENSG00000213203,328.0,17.958103,7.3806267,1,326.204189658165,ENSG00000213203
ENSG00000135778,330.0,36.867554,6.932554,1,326.31324458122253,ENSG00000135778
ENSG00000173221,329.0,17.923006,1.2140399,1,327.20769941806793,ENSG00000173221
ENSG00000151552,331.0,36.780106,10.967558,1,327.3219895362854,ENSG00000151552
ENSG00000154217,330.0,17.797573,1.6537676,1,328.2202427387237,ENSG00000154217
ENSG00000160213,332.0,36.774734,10.973509,1,328.32252645492554,CSTB
ENSG00000166501,331.0,17.755278,6.5632286,1,329.224472284317,ENSG00000166501
ENSG00000146540,333.0,36.74056,6.434834,1,329.32594418525696,ENSG00000146540
ENSG00000171310,332.0,17.695665,1.4801908,1,330.2304334640503,ENSG00000171310
ENSG00000116459,334.0,36.709824,37.974087,1,330.32901763916016,ENSG00000116459
ENSG00000166128,333.0,17.631655,0.89482677,1,331.236834526062,ENSG00000166128
ENSG00000106400,335.0,36.67964,8.251403,1,331.332035779953,ENSG00000106400
ENSG00000071073,334.0,17.580135,2.403718,1,332.2419865131378,ENSG00000071073
ENSG00000137309,336.0,36.679344,10.395341,1,332.3320655822754,ENSG00000137309
ENSG00000120899,335.0,17.559929,5.3005195,1,333.2440071105957,ENSG00000120899
ENSG00000148671,337.0,36.669266,5.7203927,1,333.33307337760925,ADIRF
ENSG00000066336,336.0,17.545853,7.2619123,1,334.2454147338867,SPI1
ENSG00000143578,338.0,36.66777,6.719397,1,334.33322286605835,ENSG00000143578
ENSG00000164308,337.0,17.4597,2.9899647,1,335.2540299892425,ENSG00000164308
ENSG00000164237,339.0,36.66154,5.498818,1,335.33384585380554,ENSG00000164237
ENSG00000171476,338.0,17.43542,5.899809,1,336.2564580440521,HOPX
ENSG00000114021,340.0,36.64147,6.334743,1,336.3358528614044,ENSG00000114021
ENSG00000168016,339.0,17.296097,4.9615026,1,337.2703902721405,ENSG00000168016
ENSG00000124664,341.0,36.623352,11.981166,1,337.3376648426056,SPDEF
ENSG00000215788,340.0,17.28647,4.910999,1,338.2713530063629,ENSG00000215788
ENSG00000196586,342.0,36.618633,3.3480988,1,338.33813667297363,ENSG00000196586
ENSG00000138172,341.0,17.259415,2.6634984,1,339.27405858039856,ENSG00000138172
ENSG00000143183,343.0,36.59297,12.431001,1,339.3407027721405,ENSG00000143183
ENSG00000004468,342.0,17.181465,8.968497,1,340.2818534374237,ENSG00000004468
ENSG00000072110,344.0,36.59066,8.413468,1,340.34093403816223,ENSG00000072110
ENSG00000127951,343.0,17.119051,5.464152,1,341.2880948781967,ENSG00000127951
ENSG00000177383,345.0,36.587715,5.1103683,1,341.3412284851074,ENSG00000177383
ENSG00000182463,344.0,17.092636,1.5204898,1,342.2907364368439,ENSG00000182463
ENSG00000114686,346.0,36.57192,10.61871,1,342.3428082466125,ENSG00000114686
ENSG00000068831,345.0,17.068563,4.5529513,1,343.29314363002777,ENSG00000068831
ENSG00000090263,347.0,36.504192,7.6095095,1,343.3495807647705,ENSG00000090263
ENSG00000168961,346.0,16.941048,3.5288432,1,344.30589520931244,ENSG00000168961
ENSG00000108828,348.0,36.489014,25.59319,1,344.35109853744507,ENSG00000108828
ENSG00000205744,347.0,16.890509,8.179561,1,345.31094908714294,ENSG00000205744
ENSG00000076604,349.0,36.488968,4.7415752,1,345.35110330581665,ENSG00000076604
ENSG00000138767,348.0,16.838318,2.9872274,1,346.3161681890488,ENSG00000138767
ENSG00000131871,350.0,36.473442,6.9741297,1,346.35265588760376,ENSG00000131871
ENSG00000242574,349.0,16.798317,7.4818025,1,347.32016825675964,HLA-DMB
ENSG00000114315,351.0,36.33531,6.23313,1,347.3664689064026,ENSG00000114315
ENSG00000168209,350.0,16.79815,2.3713424,1,348.32018506526947,DDIT4
ENSG00000128595,352.0,36.308895,23.556408,1,348.36911058425903,ENSG00000128595
ENSG00000106560,351.0,16.761942,2.6398168,1,349.323805809021,ENSG00000106560
ENSG00000143222,353.0,36.288017,13.913519,1,349.37119817733765,ENSG00000143222
ENSG00000156234,352.0,16.73519,15.326161,1,350.3264811038971,CXCL13
ENSG00000126602,354.0,36.277855,8.995858,1,350.3722145557404,ENSG00000126602
ENSG00000112149,353.0,16.734625,3.3993788,1,351.32653748989105,CD83
ENSG00000135245,355.0,36.275917,6.759001,1,351.3724083900452,ENSG00000135245
ENSG00000100345,354.0,16.715786,1.8367128,1,352.3284213542938,ENSG00000100345
ENSG00000147676,356.0,36.246216,9.680408,1,352.37537837028503,ENSG00000147676
ENSG00000182568,355.0,16.587118,2.308487,1,353.3412882089615,ENSG00000182568
ENSG00000162599,357.0,36.21819,5.7139926,1,353.3781809806824,ENSG00000162599
ENSG00000261371,356.0,16.581303,5.8872457,1,354.3418697118759,PECAM1
ENSG00000100321,358.0,36.209965,11.716033,1,354.3790035247803,ENSG00000100321
ENSG00000135426,357.0,16.44203,8.706708,1,355.3557970523834,ENSG00000135426
ENSG00000175029,359.0,36.181515,5.6169343,1,355.3818485736847,ENSG00000175029
ENSG00000183484,358.0,16.429882,4.5329795,1,356.35701179504395,ENSG00000183484
ENSG00000177508,360.0,36.114864,8.36087,1,356.3885135650635,ENSG00000177508
ENSG00000205045,359.0,16.34705,6.655289,1,357.3652950525284,ENSG00000205045
ENSG00000049449,361.0,36.083984,9.598867,1,357.3916015625,ENSG00000049449
ENSG00000124406,360.0,16.33818,2.4309363,1,358.36618196964264,ENSG00000124406
ENSG00000143420,362.0,36.074818,6.9938836,1,358.39251828193665,ENSG00000143420
ENSG00000144655,361.0,16.30916,1.2644246,1,359.36908400058746,ENSG00000144655
ENSG00000106049,363.0,36.06451,10.578388,1,359.3935489654541,ENSG00000106049
ENSG00000146285,362.0,16.256008,2.0950038,1,360.3743991851807,ENSG00000146285
ENSG00000189043,364.0,36.054104,17.631447,1,360.3945896625519,ENSG00000189043
ENSG00000145703,363.0,16.19675,0.5238147,1,361.3803249597549,ENSG00000145703
ENSG00000109814,365.0,36.03603,8.55587,1,361.3963971138001,ENSG00000109814
ENSG00000086730,364.0,16.1097,6.65029,1,362.3890300989151,ENSG00000086730
ENSG00000185499,366.0,35.995132,8.638654,1,362.4004867076874,ENSG00000185499
ENSG00000143771,367.0,35.92457,7.34285,1,363.40754318237305,ENSG00000143771
ENSG00000203896,365.0,15.890818,5.8670154,1,363.4109182357788,ENSG00000203896
ENSG00000117560,366.0,15.879897,12.646028,1,364.4120103120804,FASLG
ENSG00000204568,368.0,35.81894,10.18739,1,364.4181060791016,ENSG00000204568
ENSG00000184613,367.0,15.813098,5.156354,1,365.4186902046204,ENSG00000184613
ENSG00000116221,369.0,35.80797,8.060746,1,365.4192032814026,ENSG00000116221
ENSG00000013583,370.0,35.798084,7.8897376,1,366.42019152641296,ENSG00000013583
ENSG00000173821,368.0,15.750292,4.0574675,1,366.4249708652496,ENSG00000173821
ENSG00000089063,371.0,35.744625,18.796783,1,367.42553758621216,ENSG00000089063
ENSG00000025708,369.0,15.739562,2.6607912,1,367.4260437488556,ENSG00000025708
ENSG00000123159,372.0,35.734512,5.0287027,1,368.4265487194061,ENSG00000123159
ENSG00000171700,370.0,15.714553,2.159837,1,368.4285447597504,ENSG00000171700
ENSG00000130724,373.0,35.725174,12.658481,1,369.42748260498047,ENSG00000130724
ENSG00000134539,371.0,15.674476,7.148552,1,369.4325524568558,KLRD1
ENSG00000158604,374.0,35.714207,6.5572486,1,370.42857933044434,ENSG00000158604
ENSG00000053254,372.0,15.655978,1.943622,1,370.4344022274017,ENSG00000053254
ENSG00000127884,375.0,35.711052,7.080668,1,371.4288947582245,ENSG00000127884
ENSG00000140968,373.0,15.612318,7.6802545,1,371.43876814842224,IRF8
ENSG00000118418,376.0,35.701008,9.027344,1,372.42989921569824,ENSG00000118418
ENSG00000162777,374.0,15.596619,3.2474768,1,372.4403381347656,ENSG00000162777
ENSG00000106244,377.0,35.698063,6.0014586,1,373.4301936626434,ENSG00000106244
ENSG00000160185,375.0,15.57827,9.966752,1,373.4421730041504,ENSG00000160185
ENSG00000061676,378.0,35.672195,6.7221456,1,374.4327805042267,ENSG00000061676
ENSG00000111537,376.0,15.531536,11.691371,1,374.4468463659287,IFNG
ENSG00000239672,379.0,35.6603,18.29653,1,375.4339699745178,ENSG00000239672
ENSG00000100351,377.0,15.496679,3.0121675,1,375.4503320455551,ENSG00000100351
ENSG00000179958,380.0,35.644432,6.789992,1,376.4355568885803,ENSG00000179958
ENSG00000005059,378.0,15.430279,2.3069837,1,376.4569721221924,ENSG00000005059
ENSG00000198832,381.0,35.634384,3.4979208,1,377.4365615844727,SELENOM
ENSG00000124813,379.0,15.285511,2.5238285,1,377.4714488983154,ENSG00000124813
ENSG00000143418,382.0,35.61971,10.542821,1,378.438029050827,ENSG00000143418
ENSG00000162739,380.0,15.112098,10.603989,1,378.4887902736664,ENSG00000162739
ENSG00000169750,383.0,35.600937,6.501834,1,379.4399063587189,ENSG00000169750
ENSG00000132334,381.0,15.084019,3.3755753,1,379.49159812927246,ENSG00000132334
ENSG00000117595,384.0,35.58054,8.223278,1,380.4419460296631,ENSG00000117595
ENSG00000204482,382.0,14.981872,4.409066,1,380.5018128156662,LST1
ENSG00000140263,385.0,35.579285,7.597896,1,381.4420714378357,ENSG00000140263
ENSG00000205413,383.0,14.971927,2.1857564,1,381.5028073787689,ENSG00000205413
ENSG00000110917,386.0,35.559933,6.089612,1,382.4440066814423,ENSG00000110917
ENSG00000101745,384.0,14.8917675,0.9899858,1,382.5108232498169,ENSG00000101745
ENSG00000243678,387.0,35.548454,41.98502,1,383.44515466690063,ENSG00000243678
ENSG00000007264,385.0,14.699682,4.4469147,1,383.5300318002701,MATK
ENSG00000125611,388.0,35.51014,3.9735944,1,384.4489860534668,ENSG00000125611
ENSG00000135074,386.0,14.676455,3.5473995,1,384.532354593277,ENSG00000135074
ENSG00000155368,389.0,35.486523,13.739876,1,385.4513478279114,ENSG00000155368
ENSG00000110077,387.0,14.671416,9.722043,1,385.5328583717346,MS4A6A
ENSG00000165672,390.0,35.483826,9.924247,1,386.45161747932434,ENSG00000165672
ENSG00000165168,388.0,14.615721,9.983789,1,386.5384279489517,CYBB
ENSG00000232677,391.0,35.3965,4.1462674,1,387.4603500366211,ENSG00000232677
ENSG00000074370,389.0,14.61363,3.6986916,1,387.5386369228363,ENSG00000074370
ENSG00000130414,392.0,35.269848,9.82345,1,388.4730153083801,ENSG00000130414
ENSG00000196329,390.0,14.606787,9.404474,1,388.5393213033676,ENSG00000196329
ENSG00000140391,393.0,35.24802,22.658356,1,389.4751980304718,ENSG00000140391
ENSG00000113721,391.0,14.546257,1.0408851,1,389.54537427425385,ENSG00000113721
ENSG00000176209,394.0,35.12254,5.0809803,1,390.4877460002899,ENSG00000176209
ENSG00000096996,392.0,14.483531,3.899078,1,390.5516469478607,ENSG00000096996
ENSG00000163882,395.0,35.12067,7.6458426,1,391.48793292045593,ENSG00000163882
ENSG00000162894,393.0,14.471293,2.5602114,1,391.552870631218,ENSG00000162894
ENSG00000068697,396.0,35.10335,18.047945,1,392.4896647930145,ENSG00000068697
ENSG00000121281,394.0,14.458767,4.4130983,1,392.55412328243256,ENSG00000121281
ENSG00000173486,397.0,35.05617,6.6153803,1,393.4943828582764,ENSG00000173486
ENSG00000171608,395.0,14.4274025,2.260387,1,393.5572597980499,ENSG00000171608
ENSG00000145632,398.0,35.051968,16.976597,1,394.4948031902313,ENSG00000145632
ENSG00000197142,396.0,14.420028,4.3935184,1,394.5579972267151,ENSG00000197142
ENSG00000122705,399.0,35.049072,21.33684,1,395.4950928688049,ENSG00000122705
ENSG00000100092,397.0,14.397073,1.5152757,1,395.5602927207947,ENSG00000100092
ENSG00000177685,400.0,35.04644,6.6720366,1,396.49535608291626,ENSG00000177685
ENSG00000167984,398.0,14.354876,4.292799,1,396.5645124912262,ENSG00000167984
ENSG00000175334,401.0,35.044292,7.836446,1,397.4955706596375,ENSG00000175334
ENSG00000225783,399.0,14.274509,8.644492,1,397.57254910469055,ENSG00000225783
ENSG00000147400,402.0,35.03191,5.5177617,1,398.4968090057373,ENSG00000147400
ENSG00000163297,400.0,14.219964,1.1280617,1,398.5780036449432,ENSG00000163297
ENSG00000181924,403.0,35.011566,5.923014,1,399.4988434314728,ENSG00000181924
ENSG00000072786,401.0,14.199783,0.8877044,1,399.5800216197968,ENSG00000072786
ENSG00000196465,404.0,34.98053,6.169697,1,400.50194692611694,ENSG00000196465
ENSG00000160791,402.0,14.171858,11.673506,1,400.58281421661377,ENSG00000160791
ENSG00000100852,405.0,34.948322,5.677791,1,401.505167722702,ENSG00000100852
ENSG00000115977,403.0,14.157231,2.4562874,1,401.58427691459656,ENSG00000115977
ENSG00000140545,406.0,34.927532,15.776074,1,402.5072467327118,ENSG00000140545
ENSG00000112576,404.0,14.0917845,2.3183124,1,402.5908215045929,ENSG00000112576
ENSG00000185825,407.0,34.887524,13.222227,1,403.5112476348877,ENSG00000185825
ENSG00000163508,405.0,14.076952,6.0068917,1,403.5923048257828,EOMES
ENSG00000087460,408.0,34.83486,15.886766,1,404.5165138244629,ENSG00000087460
ENSG00000124256,406.0,13.9771595,7.162787,1,404.6022840738297,ENSG00000124256
ENSG00000169241,409.0,34.80486,5.0409293,1,405.5195140838623,ENSG00000169241
ENSG00000147251,407.0,13.958247,3.4230402,1,405.6041753292084,ENSG00000147251
ENSG00000126005,410.0,34.770103,3.865433,1,406.5229897499085,ENSG00000126005
ENSG00000111335,408.0,13.952504,1.4422944,1,406.60474956035614,ENSG00000111335
ENSG00000103550,411.0,34.758156,5.6819863,1,407.5241844654083,ENSG00000103550
ENSG00000111801,409.0,13.951402,1.2361757,1,407.604859828949,ENSG00000111801
ENSG00000137106,412.0,34.753025,8.560095,1,408.52469754219055,ENSG00000137106
ENSG00000136213,410.0,13.796062,1.5930027,1,408.62039375305176,ENSG00000136213
ENSG00000117419,413.0,34.745457,5.0385404,1,409.5254542827606,ENSG00000117419
ENSG00000105369,411.0,13.752073,10.767275,1,409.6247926950455,CD79A
ENSG00000004779,414.0,34.71111,11.154336,1,410.52888917922974,ENSG00000004779
ENSG00000049249,412.0,13.731332,6.7711277,1,410.6268668174744,ENSG00000049249
ENSG00000172270,415.0,34.686943,21.807615,1,411.5313057899475,ENSG00000172270
ENSG00000106952,413.0,13.70644,12.25273,1,411.6293560266495,ENSG00000106952
ENSG00000124107,416.0,34.686703,15.914473,1,412.5313296318054,SLPI
ENSG00000107968,414.0,13.659521,2.3928072,1,412.6340478658676,ENSG00000107968
ENSG00000177830,417.0,34.60065,7.9139695,1,413.5399348735809,ENSG00000177830
ENSG00000204381,415.0,13.643662,5.527521,1,413.6356337070465,ENSG00000204381
ENSG00000061794,418.0,34.58313,6.9933486,1,414.5416870117188,ENSG00000061794
ENSG00000112419,416.0,13.598628,1.453539,1,414.6401371955872,ENSG00000112419
ENSG00000185630,419.0,34.580215,6.413705,1,415.5419783592224,ENSG00000185630
ENSG00000145423,417.0,13.527551,9.480501,1,415.6472449302673,SFRP2
ENSG00000163399,420.0,34.56519,17.034346,1,416.5434811115265,ENSG00000163399
ENSG00000188921,418.0,13.50013,1.5521401,1,416.6499869823456,ENSG00000188921
ENSG00000205336,421.0,34.564392,9.362807,1,417.5435607433319,ENSG00000205336
ENSG00000026751,419.0,13.472401,3.6650996,1,417.6527599096298,ENSG00000026751
ENSG00000115310,422.0,34.557972,5.1173477,1,418.54420280456543,ENSG00000115310
ENSG00000145901,420.0,13.459279,1.3270932,1,418.6540720462799,ENSG00000145901
ENSG00000156804,423.0,34.55592,7.912265,1,419.5444080829621,ENSG00000156804
ENSG00000141968,421.0,13.442912,5.289507,1,419.65570878982544,ENSG00000141968
ENSG00000167088,424.0,34.543697,8.490182,1,420.5456302165985,ENSG00000167088
ENSG00000183486,422.0,13.439598,1.0986257,1,420.6560401916504,ENSG00000183486
ENSG00000117139,425.0,34.521,6.0387135,1,421.5478999614716,ENSG00000117139
ENSG00000185905,423.0,13.305586,9.506066,1,421.6694414615631,ENSG00000185905
ENSG00000128609,426.0,34.49634,12.118993,1,422.5503659248352,ENSG00000128609
ENSG00000168461,424.0,13.283399,1.8770853,1,422.6716601848602,ENSG00000168461
ENSG00000177410,427.0,34.48735,21.563023,1,423.551265001297,ENSG00000177410
ENSG00000139329,425.0,13.26391,7.302811,1,423.6736090183258,LUM
ENSG00000183011,428.0,34.474167,5.2112017,1,424.5525832176209,ENSG00000183011
ENSG00000152583,426.0,13.21055,0.81787354,1,424.6789449453354,SPARCL1
ENSG00000008282,429.0,34.4675,11.214827,1,425.5532500743866,ENSG00000008282
ENSG00000114013,427.0,13.203798,6.3176455,1,425.6796201467514,ENSG00000114013
ENSG00000123739,430.0,34.433582,5.1951385,1,426.5566418170929,ENSG00000123739
ENSG00000134460,428.0,13.194635,9.625323,1,426.6805365085602,ENSG00000134460
ENSG00000127125,431.0,34.395947,4.72517,1,427.560405254364,ENSG00000127125
ENSG00000203747,429.0,13.154706,12.945237,1,427.6845294237137,FCGR3A
ENSG00000095739,432.0,34.38819,8.571431,1,428.5611808300018,ENSG00000095739
ENSG00000227039,430.0,13.148441,5.7487855,1,428.6851558685303,ENSG00000227039
ENSG00000120738,433.0,34.372196,9.92768,1,429.562780380249,ENSG00000120738
ENSG00000154096,431.0,13.11686,1.6506094,1,429.68831396102905,THY1
ENSG00000185686,434.0,34.356754,64.49545,1,430.56432461738586,ENSG00000185686
ENSG00000172716,432.0,13.090164,2.460001,1,430.69098353385925,ENSG00000172716
ENSG00000128581,435.0,34.35644,6.231004,1,431.5643558502197,ENSG00000128581
ENSG00000129675,433.0,13.087052,3.0348072,1,431.6912947893143,ENSG00000129675
ENSG00000136636,436.0,34.323532,7.0882354,1,432.5676467418671,ENSG00000136636
ENSG00000065357,434.0,13.074121,6.592356,1,432.692587852478,ENSG00000065357
ENSG00000137210,437.0,34.27789,10.74646,1,433.5722110271454,ENSG00000137210
ENSG00000120594,435.0,13.073905,3.6736186,1,433.6926095485687,ENSG00000120594
ENSG00000106355,438.0,34.250668,6.5292306,1,434.5749332904816,ENSG00000106355
ENSG00000177272,436.0,13.044487,9.063772,1,434.69555127620697,ENSG00000177272
ENSG00000173660,439.0,34.23855,32.483963,1,435.5761451721192,ENSG00000173660
ENSG00000154814,437.0,13.038652,1.0781777,1,435.6961348056793,ENSG00000154814
ENSG00000204922,440.0,34.21524,3.6914744,1,436.5784759521485,ENSG00000204922
ENSG00000281103,438.0,13.035642,5.3033752,1,436.6964358091354,TRG-AS1
ENSG00000188010,441.0,34.19276,8.98659,1,437.5807240009308,ENSG00000188010
ENSG00000143184,439.0,13.012039,8.776159,1,437.69879603385925,XCL1
ENSG00000144560,442.0,34.14274,4.663853,1,438.5857262611389,ENSG00000144560
ENSG00000091592,440.0,13.007008,5.5000315,1,438.6992992162705,ENSG00000091592
ENSG00000134717,443.0,34.126965,7.7772207,1,439.5873036384583,ENSG00000134717
ENSG00000100242,441.0,12.984419,2.2167952,1,439.7015581130981,ENSG00000100242
ENSG00000116285,444.0,34.106346,6.785737,1,440.5893654823303,ENSG00000116285
ENSG00000130340,442.0,12.97928,0.6211159,1,440.7020719051361,ENSG00000130340
ENSG00000184432,445.0,34.10511,11.89757,1,441.5894889831543,ENSG00000184432
ENSG00000167077,443.0,12.979263,6.8803725,1,441.70207369327545,ENSG00000167077
ENSG00000164934,446.0,34.099724,14.332423,1,442.5900275707245,ENSG00000164934
ENSG00000102245,444.0,12.928663,6.708336,1,442.7071336507797,CD40LG
ENSG00000215021,447.0,34.06981,15.696922,1,443.5930190086365,ENSG00000215021
ENSG00000060558,445.0,12.874464,3.5174189,1,443.7125536203384,ENSG00000060558
ENSG00000141971,448.0,34.06754,4.7653213,1,444.5932459831238,ENSG00000141971
ENSG00000177721,446.0,12.796738,3.2337396,1,444.7203261852264,ENSG00000177721
ENSG00000150753,449.0,34.05752,24.516848,1,445.5942478179932,ENSG00000150753
ENSG00000085117,447.0,12.793986,0.7230536,1,445.7206013202667,ENSG00000085117
ENSG00000137038,450.0,34.053806,4.87454,1,446.5946192741394,ENSG00000137038
ENSG00000091490,448.0,12.761771,6.2787495,1,446.72382283210754,ENSG00000091490
ENSG00000159346,451.0,34.04037,11.15117,1,447.5959630012512,ENSG00000159346
ENSG00000169413,449.0,12.669292,8.128474,1,447.733070731163,ENSG00000169413
ENSG00000159352,452.0,34.017715,15.801602,1,448.5982284545898,ENSG00000159352
ENSG00000157601,450.0,12.660222,0.6571485,1,448.7339777946472,ENSG00000157601
ENSG00000046604,453.0,33.952576,5.2861147,1,449.60474252700806,ENSG00000046604
ENSG00000153234,451.0,12.647448,2.212982,1,449.7352552413941,ENSG00000153234
ENSG00000111481,454.0,33.933273,12.145869,1,450.60667276382446,ENSG00000111481
ENSG00000164088,452.0,12.610681,2.64533,1,450.7389318943024,ENSG00000164088
ENSG00000197965,455.0,33.92836,9.032866,1,451.6071639060974,ENSG00000197965
ENSG00000089639,453.0,12.604423,2.0526857,1,451.7395577430725,ENSG00000089639
ENSG00000249915,456.0,33.920845,12.537735,1,452.60791540145874,ENSG00000249915
ENSG00000111885,454.0,12.599446,2.9760365,1,452.7400553226471,ENSG00000111885
ENSG00000138095,457.0,33.877724,8.253036,1,453.61222767829895,ENSG00000138095
ENSG00000155629,455.0,12.497409,6.427339,1,453.7502591609955,ENSG00000155629
ENSG00000168710,458.0,33.864597,5.426586,1,454.6135401725769,ENSG00000168710
ENSG00000178199,456.0,12.464446,2.9591162,1,454.75355541706085,ENSG00000178199
ENSG00000100994,459.0,33.819813,11.318134,1,455.6180186271668,ENSG00000100994
ENSG00000198846,457.0,12.411048,5.4873705,1,455.7588951587677,ENSG00000198846
ENSG00000138363,460.0,33.7958,12.322994,1,456.62041997909546,ENSG00000138363
ENSG00000143185,458.0,12.40264,10.023337,1,456.7597359418869,XCL2
ENSG00000179604,461.0,33.790874,7.703669,1,457.6209125518799,ENSG00000179604
ENSG00000143815,459.0,12.397339,0.69349396,1,457.76026606559753,ENSG00000143815
ENSG00000143727,462.0,33.746933,9.65241,1,458.6253066062927,ENSG00000143727
ENSG00000112799,460.0,12.371641,9.839881,1,458.7628358602524,ENSG00000112799
ENSG00000138760,463.0,33.708736,8.355188,1,459.6291263103485,ENSG00000138760
ENSG00000128284,461.0,12.35902,2.4827545,1,459.76409792900085,ENSG00000128284
ENSG00000157593,464.0,33.65249,10.622138,1,460.6347510814667,ENSG00000157593
ENSG00000100599,462.0,12.349253,1.465461,1,460.7650747299194,ENSG00000100599
ENSG00000164258,465.0,33.626007,7.382144,1,461.6373991966248,ENSG00000164258
ENSG00000145287,463.0,12.280673,6.258138,1,461.771932721138,PLAC8
ENSG00000119383,466.0,33.566883,4.211382,1,462.6433117389679,ENSG00000119383
ENSG00000172578,464.0,12.212799,3.7096963,1,462.7787201404572,ENSG00000172578
ENSG00000060138,467.0,33.55803,4.494879,1,463.6441969871521,ENSG00000060138
ENSG00000107562,465.0,12.190963,1.3935132,1,463.78090369701385,CXCL12
ENSG00000104723,468.0,33.556625,5.956376,1,464.6443374156952,ENSG00000104723
ENSG00000093072,466.0,12.172265,3.741444,1,464.78277349472046,ENSG00000093072
ENSG00000114120,469.0,33.548267,6.708317,1,465.6451733112335,ENSG00000114120
ENSG00000152061,467.0,12.103682,1.4068532,1,465.7896318435669,ENSG00000152061
ENSG00000141198,470.0,33.52546,10.341154,1,466.6474540233612,ENSG00000141198
ENSG00000105483,468.0,12.101269,0.5533647,1,466.78987312316895,ENSG00000105483
ENSG00000137133,471.0,33.509003,4.2417393,1,467.6490998268128,ENSG00000137133
ENSG00000112486,469.0,12.10057,5.878176,1,467.7899429798126,ENSG00000112486
ENSG00000128654,472.0,33.502266,8.339905,1,468.6497733592987,ENSG00000128654
ENSG00000127084,470.0,12.0464945,3.848708,1,468.7953505516052,ENSG00000127084
ENSG00000174851,473.0,33.501186,5.9376926,1,469.64988136291504,ENSG00000174851
ENSG00000011465,471.0,12.042196,9.441532,1,469.79578042030334,DCN
ENSG00000162585,474.0,33.422726,3.6831949,1,470.6577274799347,ENSG00000162585
ENSG00000166147,472.0,11.983985,3.8666205,1,470.8016015291214,FBN1
ENSG00000114993,475.0,33.40713,7.577845,1,471.6592869758606,ENSG00000114993
ENSG00000101695,473.0,11.949386,1.7267302,1,471.8050614595413,ENSG00000101695
ENSG00000169504,476.0,33.398148,9.442368,1,472.66018533706665,ENSG00000169504
ENSG00000235576,474.0,11.936196,10.573563,1,472.8063803911209,LINC01871
ENSG00000119655,477.0,33.393715,20.207201,1,473.6606285572052,NPC2
ENSG00000162745,475.0,11.782925,2.2004976,1,473.8217074871063,ENSG00000162745
ENSG00000159685,478.0,33.31962,18.854738,1,474.6680381298065,ENSG00000159685
ENSG00000235162,476.0,11.775491,1.5144786,1,474.822450876236,ENSG00000235162
ENSG00000135720,479.0,33.3,8.646751,1,475.670000076294,ENSG00000135720
ENSG00000147119,477.0,11.769248,4.021534,1,475.8230751752853,ENSG00000147119
ENSG00000167291,480.0,33.238155,9.546588,1,476.67618441581726,ENSG00000167291
ENSG00000105851,478.0,11.762102,8.633366,1,476.8237898349762,ENSG00000105851
ENSG00000117143,481.0,33.218586,5.5989246,1,477.6781413555145,ENSG00000117143
ENSG00000088992,479.0,11.761197,1.2491874,1,477.82388031482697,ENSG00000088992
ENSG00000171490,482.0,33.149593,18.43036,1,478.68504071235657,ENSG00000171490
ENSG00000139187,480.0,11.737318,5.885535,1,478.826268196106,KLRG1
ENSG00000163170,483.0,33.127655,5.301978,1,479.6872344017029,ENSG00000163170
ENSG00000074706,481.0,11.717577,9.209612,1,479.8282423019409,ENSG00000074706
ENSG00000131475,484.0,33.126633,7.578009,1,480.6873366832733,ENSG00000131475
ENSG00000130775,482.0,11.689599,1.3461809,1,480.8310401439667,ENSG00000130775
ENSG00000117335,485.0,33.094807,6.783542,1,481.69051933288574,ENSG00000117335
ENSG00000101265,483.0,11.684269,1.8359511,1,481.83157312870026,ENSG00000101265
ENSG00000092621,486.0,33.061718,8.118508,1,482.6938281059265,ENSG00000092621
ENSG00000122188,484.0,11.634674,8.100029,1,482.83653259277344,ENSG00000122188
ENSG00000099797,487.0,33.05377,10.456004,1,483.6946232318878,ENSG00000099797
ENSG00000101017,485.0,11.601255,2.87572,1,483.8398745059967,ENSG00000101017
ENSG00000173272,488.0,33.052013,4.1022515,1,484.6947987079621,ENSG00000173272
ENSG00000131979,486.0,11.542593,3.8555095,1,484.8457406759262,ENSG00000131979
ENSG00000174938,489.0,33.00655,6.8882194,1,485.6993451118469,ENSG00000174938
ENSG00000092820,487.0,11.507176,3.3144352,1,485.8492823839188,ENSG00000092820
ENSG00000155366,490.0,32.979084,9.593449,1,486.7020916938782,ENSG00000155366
ENSG00000135362,488.0,11.437428,3.8743522,1,486.8562572002411,ENSG00000135362
ENSG00000230124,491.0,32.966278,5.9009447,1,487.7033722400665,ENSG00000230124
ENSG00000172081,489.0,11.432759,1.4653245,1,487.85672402381897,ENSG00000172081
ENSG00000125977,492.0,32.930195,7.916569,1,488.70698046684265,ENSG00000125977
ENSG00000176083,490.0,11.382732,8.9079485,1,488.86172676086426,ZNF683
ENSG00000224877,493.0,32.907948,6.019496,1,489.70920515060425,ENSG00000224877
ENSG00000095370,491.0,11.368147,6.3037367,1,489.8631852865219,ENSG00000095370
ENSG00000136521,494.0,32.905445,11.38838,1,490.7094554901123,ENSG00000136521
ENSG00000189129,492.0,11.3361225,3.4333134,1,490.8663877248764,PLAC9
ENSG00000052344,495.0,32.882156,8.648649,1,491.71178436279297,ENSG00000052344
ENSG00000213949,493.0,11.309257,0.7732168,1,491.869074344635,ENSG00000213949
ENSG00000102225,496.0,32.86972,5.3157883,1,492.7130279541016,ENSG00000102225
ENSG00000073861,494.0,11.302485,9.143276,1,492.86975145339966,ENSG00000073861
ENSG00000167113,497.0,32.862656,4.31133,1,493.7137343883514,ENSG00000167113
ENSG00000198286,495.0,11.300131,8.976265,1,493.8699868917465,ENSG00000198286
ENSG00000103769,498.0,32.849113,13.847979,1,494.7150886058808,ENSG00000103769
ENSG00000154310,496.0,11.236595,0.7533121,1,494.876340508461,ENSG00000154310
ENSG00000177106,499.0,32.843777,4.9470553,1,495.71562242507935,ENSG00000177106
ENSG00000081059,497.0,11.230952,1.8835273,1,495.8769047260285,ENSG00000081059
ENSG00000197345,500.0,32.812202,5.993868,1,496.7187798023224,ENSG00000197345
ENSG00000163606,498.0,11.105871,9.438652,1,496.8894128799439,ENSG00000163606
ENSG00000124839,501.0,32.809055,9.591676,1,497.7190945148468,ENSG00000124839
ENSG00000156738,499.0,11.079938,15.433973,1,497.8920061588288,MS4A1
ENSG00000175793,502.0,32.793247,14.377531,1,498.7206752300263,SFN
ENSG00000162924,500.0,11.064832,1.2115242,1,498.8935167789459,ENSG00000162924
ENSG00000196576,503.0,32.769688,7.425934,1,499.7230312824249,ENSG00000196576
ENSG00000159189,501.0,11.054779,13.949835,1,499.8945220708847,C1QC
ENSG00000138069,504.0,32.762066,14.128647,1,500.7237935066223,ENSG00000138069
ENSG00000163568,502.0,11.025423,2.950689,1,500.8974577188492,ENSG00000163568
ENSG00000162366,505.0,32.75693,8.616859,1,501.7243068218231,PDZK1IP1
ENSG00000136147,503.0,10.9789295,1.2284465,1,501.90210700035095,ENSG00000136147
ENSG00000261183,506.0,32.75527,6.072391,1,502.7244732379913,ENSG00000261183
ENSG00000000938,504.0,10.973989,9.504463,1,502.90260112285614,ENSG00000000938
ENSG00000174080,507.0,32.718464,6.8772545,1,503.7281537055969,ENSG00000174080
ENSG00000159496,505.0,10.946587,4.225969,1,503.90534138679504,ENSG00000159496
ENSG00000172336,508.0,32.709484,5.5245976,1,504.7290515899658,ENSG00000172336
ENSG00000134470,506.0,10.943207,3.2318292,1,504.9056793451309,ENSG00000134470
ENSG00000213339,509.0,32.678215,5.629712,1,505.73217844963074,ENSG00000213339
ENSG00000125735,507.0,10.934572,3.1220589,1,505.9065427780152,ENSG00000125735
ENSG00000129103,510.0,32.66827,10.429384,1,506.73317289352417,ENSG00000129103
ENSG00000221963,508.0,10.929458,1.2040244,1,506.9070541858673,ENSG00000221963
ENSG00000134590,511.0,32.655163,6.057706,1,507.73448371887207,ENSG00000134590
ENSG00000130635,509.0,10.921848,5.4984136,1,507.9078152179718,COL5A1
ENSG00000096093,512.0,32.632847,7.5531483,1,508.73671531677246,ENSG00000096093
ENSG00000132718,510.0,10.916253,1.4818043,1,508.90837466716766,ENSG00000132718
ENSG00000100380,513.0,32.62147,35.84642,1,509.73785281181335,ENSG00000100380
ENSG00000166289,511.0,10.900524,1.6963063,1,509.9099476337433,ENSG00000166289
ENSG00000116898,514.0,32.617714,5.816841,1,510.738228559494,ENSG00000116898
ENSG00000026297,512.0,10.872768,1.1255263,1,510.9127231836319,ENSG00000026297
ENSG00000087884,515.0,32.57975,5.870817,1,511.74202489852905,ENSG00000087884
ENSG00000105643,513.0,10.856322,1.1278734,1,511.91436779499054,ENSG00000105643
ENSG00000172366,516.0,32.53635,4.3814163,1,512.746365070343,ENSG00000172366
ENSG00000096060,514.0,10.845227,2.87632,1,512.9154772758484,ENSG00000096060
ENSG00000096384,517.0,32.525307,156.59273,1,513.7474694252014,HSP90AB1
ENSG00000166033,515.0,10.844417,2.804847,1,513.9155583381653,ENSG00000166033
ENSG00000132676,518.0,32.51784,10.645489,1,514.7482159137726,ENSG00000132676
ENSG00000109943,516.0,10.817345,7.7813425,1,514.918265581131,CRTAM
ENSG00000167363,519.0,32.515713,4.971512,1,515.7484288215637,ENSG00000167363
ENSG00000160271,517.0,10.786125,2.258563,1,515.9213874340057,ENSG00000160271
ENSG00000173171,520.0,32.427032,8.117737,1,516.7572968006134,ENSG00000173171
ENSG00000244509,518.0,10.705364,0.9776616,1,516.9294636249542,ENSG00000244509
ENSG00000186577,521.0,32.422634,7.1478295,1,517.7577366828918,ENSG00000186577
ENSG00000142634,519.0,10.700102,1.3730131,1,517.9299898147583,ENSG00000142634
ENSG00000156170,522.0,32.405254,6.7210455,1,518.7594745159149,ENSG00000156170
ENSG00000196684,520.0,10.645733,3.7974062,1,518.9354267120361,ENSG00000196684
ENSG00000072506,523.0,32.381924,7.0985136,1,519.76180768013,ENSG00000072506
ENSG00000173369,521.0,10.645294,16.46544,1,519.9354705810547,C1QB
ENSG00000115561,524.0,32.358128,6.694265,1,520.764187335968,ENSG00000115561
ENSG00000121895,522.0,10.606335,5.4348445,1,520.9393665790558,ENSG00000121895
ENSG00000022277,525.0,32.35158,8.168189,1,521.7648417949677,ENSG00000022277
ENSG00000177663,523.0,10.59761,1.3547347,1,521.9402389526367,ENSG00000177663
ENSG00000124562,526.0,32.32924,13.755904,1,522.7670760154724,ENSG00000124562
ENSG00000026950,524.0,10.594536,1.5105534,1,522.9405463933945,ENSG00000026950
ENSG00000125844,527.0,32.297,4.7504864,1,523.770299911499,ENSG00000125844
ENSG00000180448,525.0,10.586595,2.5767887,1,523.9413405656815,ENSG00000180448
ENSG00000185808,528.0,32.287197,6.1170893,1,524.7712802886963,ENSG00000185808
ENSG00000178573,526.0,10.576612,1.7580518,1,524.9423387050629,ENSG00000178573
ENSG00000074201,529.0,32.284264,12.187859,1,525.7715735435486,ENSG00000074201
ENSG00000100292,527.0,10.508316,0.8318248,1,525.9491684436798,HMOX1
ENSG00000132432,530.0,32.26789,10.078547,1,526.7732110023499,ENSG00000132432
ENSG00000163563,528.0,10.48376,6.780769,1,526.9516240358353,MNDA
ENSG00000159377,531.0,32.245556,33.344254,1,527.7754445075989,ENSG00000159377
ENSG00000065989,529.0,10.474683,1.2911354,1,527.9525316953659,ENSG00000065989
ENSG00000103024,532.0,32.235962,4.017714,1,528.7764039039612,ENSG00000103024
ENSG00000186265,530.0,10.458674,7.011547,1,528.9541325569153,ENSG00000186265
ENSG00000146731,533.0,32.227554,27.173908,1,529.7772445678711,ENSG00000146731
ENSG00000111817,531.0,10.446592,1.1935155,1,529.9553407430649,ENSG00000111817
ENSG00000113845,534.0,32.220387,9.704145,1,530.7779612541199,ENSG00000113845
ENSG00000152969,532.0,10.399145,8.519941,1,530.9600855112076,ENSG00000152969
ENSG00000068745,535.0,32.21047,6.9360375,1,531.7789530754089,ENSG00000068745
ENSG00000168234,533.0,10.383993,1.8306338,1,531.9616006612778,ENSG00000168234
ENSG00000125971,536.0,32.20833,11.210191,1,532.779167175293,ENSG00000125971
ENSG00000198399,534.0,10.376533,1.0870365,1,532.9623467922211,ENSG00000198399
ENSG00000104412,537.0,32.207233,8.998957,1,533.7792766094208,ENSG00000104412
ENSG00000160408,535.0,10.281364,3.7591174,1,533.9718635082245,ENSG00000160408
ENSG00000125398,538.0,32.174187,8.925558,1,534.7825813293457,ENSG00000125398
ENSG00000122986,536.0,10.277741,5.563004,1,534.9722259044647,ENSG00000122986
ENSG00000106853,539.0,32.1615,8.008175,1,535.7838501930237,ENSG00000106853
ENSG00000171860,537.0,10.271988,7.3356643,1,535.9728012084961,ENSG00000171860
ENSG00000124733,540.0,32.159016,9.35417,1,536.7840983867645,ENSG00000124733
ENSG00000103196,538.0,10.264162,1.6899292,1,536.973583817482,ENSG00000103196
ENSG00000171604,541.0,32.147263,4.8137865,1,537.7852737903595,ENSG00000171604
ENSG00000125726,539.0,10.191847,2.892712,1,537.9808152914047,ENSG00000125726
ENSG00000185551,542.0,32.121666,4.9518676,1,538.7878334522247,ENSG00000185551
ENSG00000049768,540.0,10.15708,8.443361,1,538.9842920303345,FOXP3
ENSG00000106460,543.0,32.104736,6.106524,1,539.7895264625549,ENSG00000106460
ENSG00000038427,541.0,10.156787,3.6681492,1,539.9843213558197,VCAN
ENSG00000135387,544.0,32.08015,9.815846,1,540.7919850349426,ENSG00000135387
ENSG00000112406,542.0,10.136198,3.6090074,1,540.9863802194595,ENSG00000112406
ENSG00000117691,545.0,32.070904,6.0834317,1,541.7929096221924,ENSG00000117691
ENSG00000174807,543.0,10.128999,0.8046983,1,541.9871001243591,ENSG00000174807
ENSG00000151914,546.0,32.054493,8.410844,1,542.7945506572723,ENSG00000151914
ENSG00000173200,544.0,10.099269,3.8260317,1,542.9900730848312,ENSG00000173200
ENSG00000145494,547.0,32.039368,5.441705,1,543.7960631847382,ENSG00000145494
ENSG00000173372,545.0,10.061497,13.754593,1,543.99385035038,C1QA
ENSG00000130175,548.0,32.02131,4.6118073,1,544.7978692054749,ENSG00000130175
ENSG00000148841,546.0,10.058067,0.8964847,1,544.994193315506,ENSG00000148841
ENSG00000134243,549.0,32.0018,7.236549,1,545.7998199462891,ENSG00000134243
ENSG00000181804,547.0,10.04804,4.9279585,1,545.9951959848404,ENSG00000181804
ENSG00000106541,550.0,31.988132,13.769945,1,546.801186800003,AGR2
ENSG00000174348,548.0,10.044549,4.2617755,1,546.9955451488495,ENSG00000174348
ENSG00000120805,551.0,31.970436,7.088699,1,547.8029563426971,ENSG00000120805
ENSG00000169826,549.0,10.035766,2.5600111,1,547.9964234828949,ENSG00000169826
ENSG00000175756,552.0,31.944849,5.9005184,1,548.8055150508881,ENSG00000175756
ENSG00000007312,550.0,10.030692,4.0688667,1,548.9969308376312,ENSG00000007312
ENSG00000137207,553.0,31.924402,13.672463,1,549.8075597286224,ENSG00000137207
ENSG00000101336,551.0,9.9857235,7.111408,1,550.0014276504517,ENSG00000101336
ENSG00000130313,554.0,31.882557,5.4583836,1,550.8117442131042,ENSG00000130313
ENSG00000171840,552.0,9.917538,3.6332753,1,551.008246243,ENSG00000171840
ENSG00000112759,555.0,31.871084,10.906928,1,551.8128914833069,ENSG00000112759
ENSG00000204262,553.0,9.904356,2.865447,1,552.0095643997192,COL5A2
ENSG00000269893,556.0,31.869822,8.66167,1,552.8130178451538,ENSG00000269893
ENSG00000168386,554.0,9.836853,2.657583,1,553.0163146853447,ENSG00000168386
ENSG00000177156,557.0,31.86539,9.810492,1,553.8134608268738,ENSG00000177156
ENSG00000161381,555.0,9.749519,2.1517599,1,554.0250480771065,ENSG00000161381
ENSG00000147862,558.0,31.859776,5.494538,1,554.8140225410461,ENSG00000147862
ENSG00000182578,556.0,9.703706,7.188079,1,555.0296294093132,CSF1R
ENSG00000104419,559.0,31.845032,8.455111,1,555.8154969215393,ENSG00000104419
ENSG00000015133,557.0,9.700153,3.8929777,1,556.0299846529961,ENSG00000015133
ENSG00000090661,560.0,31.836067,5.4448395,1,556.8163933753967,ENSG00000090661
ENSG00000160856,558.0,9.693642,14.778888,1,557.0306358337402,FCRL3
ENSG00000173230,561.0,31.81555,4.6976557,1,557.8184449672699,ENSG00000173230
ENSG00000160179,559.0,9.691503,1.7825476,1,558.0308497548103,ENSG00000160179
ENSG00000141367,562.0,31.787752,7.191808,1,558.8212246894836,ENSG00000141367
ENSG00000211592,560.0,9.6719265,42.025085,1,559.0328073501587,IGKC
ENSG00000182180,563.0,31.780552,5.5970607,1,559.8219447135925,ENSG00000182180
ENSG00000185669,561.0,9.61106,5.360726,1,560.0388939976692,ENSG00000185669
ENSG00000149925,564.0,31.738945,111.80749,1,560.826105594635,ALDOA
ENSG00000153898,562.0,9.525586,2.0685833,1,561.0474413633347,ENSG00000153898
ENSG00000167775,565.0,31.734962,7.116227,1,561.8265037536621,ENSG00000167775
ENSG00000163823,563.0,9.52487,7.297402,1,562.0475130081177,ENSG00000163823
ENSG00000119421,566.0,31.716034,6.716495,1,562.8283965587616,ENSG00000119421
ENSG00000136859,564.0,9.489615,1.8659667,1,563.0510384440422,ENSG00000136859
ENSG00000072310,567.0,31.71258,4.6426153,1,563.8287420272827,ENSG00000072310
ENSG00000136280,565.0,9.468168,1.4765481,1,564.0531831979752,ENSG00000136280
ENSG00000145337,568.0,31.69308,24.273642,1,564.8306918144226,ENSG00000145337
ENSG00000125430,566.0,9.46463,4.615408,1,565.0535370111465,ENSG00000125430
ENSG00000112667,569.0,31.677965,7.6676855,1,565.8322033882141,ENSG00000112667
ENSG00000119714,567.0,9.401332,3.3233473,1,566.0598667860031,ENSG00000119714
ENSG00000183207,570.0,31.65904,10.645791,1,566.834095954895,ENSG00000183207
ENSG00000143196,568.0,9.392238,5.136561,1,567.0607762336731,DPT
ENSG00000177565,571.0,31.604082,3.5779853,1,567.8395917415619,ENSG00000177565
ENSG00000099204,569.0,9.359092,1.3676219,1,568.064090847969,ENSG00000099204
ENSG00000071553,572.0,31.555418,10.443203,1,568.8444581031799,ENSG00000071553
ENSG00000150637,570.0,9.308351,6.4672728,1,569.0691649317741,ENSG00000150637
ENSG00000135111,573.0,31.546545,6.1580176,1,569.8453454971313,ENSG00000135111
ENSG00000173706,571.0,9.274267,2.0970497,1,570.0725733041763,ENSG00000173706
ENSG00000143061,574.0,31.522942,9.522753,1,570.8477058410645,ENSG00000143061
ENSG00000042980,572.0,9.270794,6.1090784,1,571.0729206204414,ENSG00000042980
ENSG00000168036,575.0,31.514101,27.157484,1,571.8485898971558,ENSG00000168036
ENSG00000229124,573.0,9.254788,1.0884119,1,572.0745211839676,ENSG00000229124
ENSG00000167110,576.0,31.50582,4.5126767,1,572.8494181632996,ENSG00000167110
ENSG00000125384,574.0,9.245069,5.8098154,1,573.0754931569099,ENSG00000125384
ENSG00000178922,577.0,31.492437,4.951058,1,573.8507561683655,ENSG00000178922
ENSG00000134545,575.0,9.227601,8.13859,1,574.0772398710251,KLRC1
ENSG00000084234,578.0,31.485304,5.4110646,1,574.8514695167542,ENSG00000084234
ENSG00000171033,576.0,9.202753,1.4970603,1,575.0797246694565,ENSG00000171033
ENSG00000008283,579.0,31.47493,4.4613786,1,575.8525071144104,ENSG00000008283
ENSG00000152818,577.0,9.200819,3.0001383,1,576.0799180865288,ENSG00000152818
ENSG00000165959,580.0,31.43448,4.7441187,1,576.8565518856049,ENSG00000165959
ENSG00000115604,578.0,9.163565,6.310382,1,577.0836435556412,ENSG00000115604
ENSG00000163938,581.0,31.411972,11.238322,1,577.8588027954102,ENSG00000163938
ENSG00000100298,579.0,9.15347,6.7331457,1,578.0846530199051,ENSG00000100298
ENSG00000138801,582.0,31.402039,8.33541,1,578.8597960472107,ENSG00000138801
ENSG00000090382,580.0,9.119923,17.676437,1,579.088007748127,LYZ
ENSG00000253738,583.0,31.397284,5.4117703,1,579.860271692276,ENSG00000253738
ENSG00000184060,581.0,9.115097,4.298401,1,580.0884903073311,ENSG00000184060
ENSG00000143653,584.0,31.38256,5.590329,1,580.861743927002,ENSG00000143653
ENSG00000116701,582.0,9.102196,6.4708095,1,581.0897804498672,ENSG00000116701
ENSG00000115641,585.0,31.380604,7.0962644,1,581.8619396686554,ENSG00000115641
ENSG00000128294,583.0,9.0985155,0.5192277,1,582.0901484489441,ENSG00000128294
ENSG00000264522,586.0,31.36746,6.1142654,1,582.863254070282,ENSG00000264522
ENSG00000106819,584.0,9.033578,5.2076674,1,583.0966421961784,ASPN
ENSG00000101161,587.0,31.355494,7.9222116,1,583.8644506931305,ENSG00000101161
ENSG00000127528,585.0,9.013138,1.3271614,1,584.0986862182617,ENSG00000127528
ENSG00000144674,588.0,31.34808,6.9615607,1,584.8651919364929,ENSG00000144674
ENSG00000050730,586.0,8.997742,7.7065444,1,585.1002258062363,ENSG00000050730
ENSG00000114867,589.0,31.345654,6.8861284,1,585.8654346466064,ENSG00000114867
ENSG00000134321,587.0,8.966576,2.8231287,1,586.1033424139023,ENSG00000134321
ENSG00000134308,590.0,31.339085,21.291246,1,586.8660914897919,ENSG00000134308
ENSG00000160219,588.0,8.931619,4.278226,1,587.1068381071091,ENSG00000160219
ENSG00000164904,591.0,31.338188,10.582603,1,587.8661811351776,ENSG00000164904
ENSG00000176788,589.0,8.890349,1.7489814,1,588.1109650731087,ENSG00000176788
ENSG00000005022,592.0,31.324863,43.015125,1,588.8675136566162,ENSG00000005022
ENSG00000134594,590.0,8.881513,4.038018,1,589.1118487119675,ENSG00000134594
ENSG00000070501,593.0,31.3202,7.324164,1,589.8679800033569,ENSG00000070501
ENSG00000135272,591.0,8.87222,0.93880075,1,590.1127780079842,ENSG00000135272
ENSG00000063241,594.0,31.299664,4.626573,1,590.8700337409973,ENSG00000063241
ENSG00000183813,592.0,8.70264,6.4845777,1,591.1297360658646,ENSG00000183813
ENSG00000154556,595.0,31.289814,7.031474,1,591.8710186481476,ENSG00000154556
ENSG00000187955,593.0,8.701374,4.0118318,1,592.1298626065254,COL14A1
ENSG00000181904,596.0,31.276762,4.6194396,1,592.8723237514496,ENSG00000181904
ENSG00000128604,594.0,8.6797905,3.6978307,1,593.1320209503174,ENSG00000128604
ENSG00000106263,597.0,31.273579,4.9319797,1,593.8726420402527,ENSG00000106263
ENSG00000108821,595.0,8.656749,41.065784,1,594.1343251466751,COL1A1
ENSG00000153363,598.0,31.265066,4.6632886,1,594.8734934329987,ENSG00000153363
ENSG00000010671,596.0,8.637694,3.1566417,1,595.1362305879593,ENSG00000010671
ENSG00000121022,599.0,31.230896,6.735102,1,595.8769104480743,ENSG00000121022
ENSG00000176390,597.0,8.602761,1.0776092,1,596.1397238969803,ENSG00000176390
ENSG00000239779,600.0,31.198507,4.7547884,1,596.8801493644714,ENSG00000239779
ENSG00000110079,598.0,8.599881,8.634658,1,597.1400119066238,MS4A4A
ENSG00000113719,601.0,31.162193,3.4985938,1,597.8837807178497,ENSG00000113719
ENSG00000010327,599.0,8.593364,6.7038364,1,598.1406636238098,ENSG00000010327
ENSG00000111640,602.0,31.161663,450.16055,1,598.8838336467743,ENSG00000111640
ENSG00000017427,600.0,8.58121,2.852846,1,599.1418789625168,IGF1
ENSG00000166226,603.0,31.150658,28.557362,1,599.8849341869354,ENSG00000166226
ENSG00000150337,601.0,8.569031,8.436854,1,600.1430969238281,FCGR1A
ENSG00000139168,604.0,31.134445,5.1515293,1,600.8865554332733,ENSG00000139168
ENSG00000197629,602.0,8.5442095,9.300227,1,601.1455790400505,ENSG00000197629
ENSG00000205581,605.0,31.129042,17.789488,1,601.8870959281921,ENSG00000205581
ENSG00000171115,603.0,8.511749,6.8652935,1,602.1488250494003,ENSG00000171115
ENSG00000101443,606.0,31.117489,10.198992,1,602.8882510662079,WFDC2
ENSG00000125810,604.0,8.507235,3.8330743,1,603.1492765545845,CD93
ENSG00000136930,607.0,31.117208,16.075613,1,603.8882791996002,ENSG00000136930
ENSG00000115687,605.0,8.489067,2.1002705,1,604.1510933041573,ENSG00000115687
ENSG00000185608,608.0,31.112288,7.2145424,1,604.8887712955475,ENSG00000185608
ENSG00000145675,606.0,8.467831,1.5046355,1,605.153216958046,ENSG00000145675
ENSG00000090266,609.0,31.09738,13.467986,1,605.8902621269226,ENSG00000090266
ENSG00000187474,607.0,8.460578,8.898984,1,606.1539422273636,ENSG00000187474
ENSG00000173156,610.0,31.082748,5.988084,1,606.891725063324,ENSG00000173156
ENSG00000183160,608.0,8.4563875,2.8238811,1,607.1543612480164,ENSG00000183160
ENSG00000196507,611.0,31.081427,4.4023743,1,607.8918573856354,ENSG00000196507
ENSG00000177575,609.0,8.454801,9.222806,1,608.1545199155807,CD163
ENSG00000130202,612.0,31.07499,3.8169458,1,608.892501115799,ENSG00000130202
ENSG00000120820,610.0,8.441781,0.934241,1,609.1558219194412,ENSG00000120820
ENSG00000134375,613.0,31.057224,7.718924,1,609.8942775726318,ENSG00000134375
ENSG00000144152,611.0,8.43334,3.0890794,1,610.1566659808159,ENSG00000144152
ENSG00000197712,614.0,31.034485,4.7093086,1,610.8965516090393,ENSG00000197712
ENSG00000146192,612.0,8.430445,6.1830554,1,611.1569555401802,ENSG00000146192
ENSG00000100348,615.0,31.007092,11.504281,1,611.8992908000946,ENSG00000100348
ENSG00000162692,613.0,8.34454,3.8286753,1,612.1655460596085,VCAM1
ENSG00000105220,616.0,31.005083,23.60091,1,612.8994917869568,ENSG00000105220
ENSG00000119397,614.0,8.325131,1.7654614,1,613.167486846447,ENSG00000119397
ENSG00000115255,617.0,30.996155,7.8545,1,613.900384426117,ENSG00000115255
ENSG00000227191,615.0,8.31156,12.503446,1,614.1688440442085,TRGC2
ENSG00000000003,618.0,30.99101,10.547406,1,614.9008989334106,ENSG00000000003
ENSG00000105967,616.0,8.274171,7.231368,1,615.172582924366,ENSG00000105967
ENSG00000143575,619.0,30.989582,8.453919,1,615.9010417461395,ENSG00000143575
ENSG00000177494,617.0,8.267307,10.271405,1,616.1732692718506,ZBED2
ENSG00000037241,620.0,30.965355,4.913597,1,616.9034645557404,ENSG00000037241
ENSG00000188820,618.0,8.244362,3.8797343,1,617.1755638122559,CALHM6
ENSG00000116005,621.0,30.926792,4.3042746,1,617.9073207378387,ENSG00000116005
ENSG00000211694,619.0,8.239667,12.383198,1,618.1760333180428,TRGV10
ENSG00000101266,622.0,30.900414,6.5564485,1,618.9099586009979,ENSG00000101266
ENSG00000145569,620.0,8.233284,3.3502505,1,619.1766716241837,ENSG00000145569
ENSG00000185222,623.0,30.88043,12.619801,1,619.911957025528,ENSG00000185222
ENSG00000168060,621.0,8.198995,4.4812775,1,620.1801005601883,ENSG00000168060
ENSG00000105135,624.0,30.856583,10.347975,1,620.9143416881561,ENSG00000105135
ENSG00000123342,622.0,8.169066,4.5640554,1,621.1830933690071,ENSG00000123342
ENSG00000102309,625.0,30.85651,4.1713166,1,621.9143490791321,ENSG00000102309
ENSG00000179583,623.0,8.149893,5.6552944,1,622.1850107312202,ENSG00000179583
ENSG00000186591,626.0,30.85602,4.0891447,1,622.9143979549408,ENSG00000186591
ENSG00000137841,624.0,8.136713,1.9637636,1,623.1863287091255,ENSG00000137841
ENSG00000110841,627.0,30.828266,8.406688,1,623.9171733856201,ENSG00000110841
ENSG00000070190,625.0,8.134685,3.6379263,1,624.1865315437317,ENSG00000070190
ENSG00000124172,628.0,30.82524,10.215634,1,624.9174761772156,ATP5F1E
ENSG00000185404,626.0,8.124811,1.2709719,1,625.1875188946724,ENSG00000185404
ENSG00000167965,629.0,30.823956,6.1638093,1,625.9176044464111,ENSG00000167965
ENSG00000126882,627.0,8.0832815,1.9057227,1,626.1916718482971,ENSG00000126882
ENSG00000197879,630.0,30.806969,6.199182,1,626.9193031787872,ENSG00000197879
ENSG00000158714,628.0,8.011113,5.384542,1,627.1988886594772,ENSG00000158714
ENSG00000101158,631.0,30.799871,11.067073,1,627.9200129508972,ENSG00000101158
ENSG00000162676,629.0,8.006741,7.905449,1,628.1993259191513,ENSG00000162676
ENSG00000108826,632.0,30.799774,5.8865237,1,628.9200224876404,ENSG00000108826
ENSG00000184347,630.0,7.970292,1.4879769,1,629.202970802784,ENSG00000184347
ENSG00000165637,633.0,30.799023,20.036955,1,629.9200978279114,ENSG00000165637
ENSG00000168404,631.0,7.9577975,3.220426,1,630.2042202353477,ENSG00000168404
ENSG00000113712,634.0,30.784758,10.633101,1,630.9215242862701,ENSG00000113712
ENSG00000178695,632.0,7.9258018,1.3744525,1,631.2074198126793,ENSG00000178695
ENSG00000079785,635.0,30.780542,10.7313385,1,631.921945810318,ENSG00000079785
ENSG00000162493,633.0,7.881909,3.07518,1,632.2118090987206,ENSG00000162493
ENSG00000163714,636.0,30.739632,6.393359,1,632.9260368347168,ENSG00000163714
ENSG00000118495,634.0,7.855828,1.1963478,1,633.214417219162,ENSG00000118495
ENSG00000178078,637.0,30.718924,5.0146585,1,633.9281077384949,ENSG00000178078
ENSG00000170525,635.0,7.836868,0.5128751,1,634.2163132429123,ENSG00000170525
ENSG00000197157,638.0,30.691795,11.164614,1,634.9308204650879,ENSG00000197157
ENSG00000226979,636.0,7.824423,7.507778,1,635.2175577282906,ENSG00000226979
ENSG00000030582,639.0,30.643448,18.053402,1,635.9356551170349,ENSG00000030582
ENSG00000163154,637.0,7.8066974,1.3817631,1,636.2193302512169,ENSG00000163154
ENSG00000106028,640.0,30.632233,14.964616,1,636.936776638031,ENSG00000106028
ENSG00000112782,638.0,7.7925367,2.4746566,1,637.2207463383675,ENSG00000112782
ENSG00000135919,641.0,30.624983,70.43311,1,637.93750166893,SERPINE2
ENSG00000170323,639.0,7.7897944,8.513802,1,638.2210205793381,FABP4
ENSG00000170860,642.0,30.569519,3.846157,1,638.9430480003357,ENSG00000170860
ENSG00000214548,640.0,7.787132,1.8354682,1,639.2212868332863,ENSG00000214548
ENSG00000168303,643.0,30.56026,6.1632996,1,639.9439740180969,ENSG00000168303
ENSG00000140678,641.0,7.7737937,4.6282315,1,640.2226206064224,ENSG00000140678
ENSG00000102265,644.0,30.522495,13.287623,1,640.9477505683899,TIMP1
ENSG00000204475,642.0,7.696357,8.439102,1,641.2303643226624,NCR3
ENSG00000111906,645.0,30.506748,8.425761,1,641.9493250846863,ENSG00000111906
ENSG00000204516,643.0,7.623246,1.6909316,1,642.2376753687859,ENSG00000204516
ENSG00000106077,646.0,30.50565,4.379588,1,642.9494349956512,ENSG00000106077
ENSG00000087303,644.0,7.585823,1.619719,1,643.2414177060127,ENSG00000087303
ENSG00000129055,647.0,30.502222,7.2060413,1,643.949777841568,ENSG00000129055
ENSG00000153815,645.0,7.5685854,1.1577045,1,644.2431414723396,ENSG00000153815
ENSG00000133935,648.0,30.483429,3.756329,1,644.9516570568085,ENSG00000133935
ENSG00000155657,646.0,7.562151,6.6451097,1,645.24378490448,ENSG00000155657
ENSG00000103876,649.0,30.471643,7.410026,1,645.952835559845,ENSG00000103876
ENSG00000137491,647.0,7.56197,6.548239,1,646.2438029646873,ENSG00000137491
ENSG00000182979,650.0,30.429943,4.6113734,1,646.957005739212,ENSG00000182979
ENSG00000072694,648.0,7.5380754,3.4187713,1,647.2461924552917,ENSG00000072694
ENSG00000179241,651.0,30.423843,8.135396,1,647.9576156139374,ENSG00000179241
ENSG00000256039,649.0,7.5268793,12.8425665,1,648.2473120689392,LINC02446
ENSG00000121766,652.0,30.41584,9.3469,1,648.9584159851074,ENSG00000121766
ENSG00000118596,650.0,7.525122,2.0870447,1,649.247487783432,ENSG00000118596
ENSG00000143569,653.0,30.401505,10.276773,1,649.9598495960236,ENSG00000143569
ENSG00000171408,651.0,7.50401,1.3149372,1,650.24959897995,ENSG00000171408
ENSG00000133318,654.0,30.38877,7.014034,1,650.9611229896545,ENSG00000133318
ENSG00000167601,652.0,7.4913077,0.5654243,1,651.2508692145348,ENSG00000167601
ENSG00000080823,655.0,30.378557,11.607837,1,651.9621443748474,ENSG00000080823
ENSG00000038945,653.0,7.4437327,7.766592,1,652.2556267380714,MSR1
ENSG00000070081,656.0,30.347086,4.033935,1,652.9652915000916,ENSG00000070081
ENSG00000148848,654.0,7.411048,0.79523885,1,653.2588952183723,ENSG00000148848
ENSG00000091483,657.0,30.346935,8.28468,1,653.965306520462,ENSG00000091483
ENSG00000106483,655.0,7.407427,7.641106,1,654.2592573165894,SFRP4
ENSG00000184900,658.0,30.33673,5.0829587,1,654.9663271903992,ENSG00000184900
ENSG00000112182,656.0,7.3946843,2.1798809,1,655.2605315446854,ENSG00000112182
ENSG00000188157,659.0,30.332117,4.196205,1,655.9667882919312,ENSG00000188157
ENSG00000168310,657.0,7.389159,1.3984407,1,656.2610840797424,ENSG00000168310
ENSG00000183513,660.0,30.310604,4.7499914,1,656.9689395427704,ENSG00000183513
ENSG00000232629,658.0,7.3814783,4.2833843,1,657.261852145195,ENSG00000232629
ENSG00000175895,661.0,30.306614,4.6893806,1,657.9693386554718,ENSG00000175895
ENSG00000155465,659.0,7.367411,0.5976821,1,658.2632588744164,ENSG00000155465
ENSG00000172466,662.0,30.305618,4.508555,1,658.9694380760193,ENSG00000172466
ENSG00000085514,660.0,7.3547635,4.1534524,1,659.2645236253738,ENSG00000085514
ENSG00000242372,663.0,30.25468,11.547408,1,659.9745318889618,ENSG00000242372
ENSG00000238121,661.0,7.318632,1.9529278,1,660.2681367993355,ENSG00000238121
ENSG00000130741,664.0,30.24187,18.592216,1,660.9758129119873,ENSG00000130741
ENSG00000167779,662.0,7.316372,1.7965949,1,661.2683628201485,IGFBP6
ENSG00000130669,665.0,30.241657,4.656919,1,661.9758343696594,ENSG00000130669
ENSG00000112893,663.0,7.3154273,1.240499,1,662.2684572935104,ENSG00000112893
ENSG00000010256,666.0,30.240232,21.519495,1,662.9759767055511,ENSG00000010256
ENSG00000198879,664.0,7.3086314,2.1322892,1,663.2691368460655,ENSG00000198879
ENSG00000261857,667.0,30.199797,19.544197,1,663.9800202846527,ENSG00000261857
ENSG00000163635,665.0,7.2952647,2.912345,1,664.2704735398293,ENSG00000163635
ENSG00000105223,668.0,30.187681,7.5449257,1,664.9812319278717,ENSG00000105223
ENSG00000049540,666.0,7.2932634,2.5019557,1,665.2706736326218,ELN
ENSG00000117308,669.0,30.177584,8.26911,1,665.9822416305542,ENSG00000117308
ENSG00000280721,667.0,7.287588,4.146639,1,666.2712411880493,LINC01943
ENSG00000108588,670.0,30.169231,6.5945573,1,666.9830768108368,ENSG00000108588
ENSG00000121797,668.0,7.2716293,6.4591193,1,667.2728370428085,ENSG00000121797
ENSG00000148513,671.0,30.150686,9.775777,1,667.9849314689636,ANKRD30A
ENSG00000178607,669.0,7.242218,1.3202637,1,668.2757781744003,ENSG00000178607
ENSG00000120333,672.0,30.143793,5.9460306,1,668.9856207370758,ENSG00000120333
ENSG00000172175,670.0,7.2411366,1.5044607,1,669.2758863568306,ENSG00000172175
ENSG00000104368,673.0,30.142277,15.24185,1,669.9857723712921,ENSG00000104368
ENSG00000104951,671.0,7.2349524,5.911084,1,670.2765047550201,ENSG00000104951
ENSG00000138777,674.0,30.120378,6.7559814,1,670.9879622459412,ENSG00000138777
ENSG00000155659,672.0,7.227942,12.098732,1,671.277205824852,VSIG4
ENSG00000101040,675.0,30.107082,4.7264786,1,671.9892916679382,ENSG00000101040
ENSG00000165071,673.0,7.2173414,4.4256577,1,672.2782658338547,ENSG00000165071
ENSG00000004142,676.0,30.09705,5.9492836,1,672.9902949333191,ENSG00000004142
ENSG00000064012,674.0,7.213292,1.849338,1,673.2786707878113,ENSG00000064012
ENSG00000143621,677.0,30.09439,21.828796,1,673.9905610084534,ENSG00000143621
ENSG00000101577,675.0,7.2118993,0.9488152,1,674.2788100838661,ENSG00000101577
ENSG00000116171,678.0,30.077408,10.273066,1,674.9922592639923,ENSG00000116171
ENSG00000171488,676.0,7.187061,2.3546379,1,675.2812939286232,ENSG00000171488
ENSG00000138382,679.0,30.069813,5.4663444,1,675.9930186271667,ENSG00000138382
ENSG00000167083,677.0,7.1573634,8.739531,1,676.2842636704445,ENSG00000167083
ENSG00000006757,680.0,30.066683,5.383537,1,676.9933316707611,ENSG00000006757
ENSG00000165025,678.0,7.14677,3.5828393,1,677.2853230237961,ENSG00000165025
ENSG00000111666,681.0,30.040195,4.554687,1,677.9959805011749,ENSG00000111666
ENSG00000204291,679.0,7.1461473,2.2986333,1,678.2853852510452,COL15A1
ENSG00000106153,682.0,30.005095,40.066513,1,678.9994904994965,ENSG00000106153
ENSG00000171659,680.0,7.117991,6.400322,1,679.2882009148598,ENSG00000171659
ENSG00000164754,683.0,30.000906,4.550056,1,679.9999094009399,ENSG00000164754
ENSG00000135439,681.0,7.0850334,4.181615,1,680.2914966344833,ENSG00000135439
ENSG00000182768,684.0,29.980036,12.699485,1,681.0019965171814,ENSG00000182768
ENSG00000172061,682.0,7.0714073,5.244447,1,681.2928592562675,ENSG00000172061
ENSG00000143819,685.0,29.975664,3.3402808,1,682.0024335384369,ENSG00000143819
ENSG00000095970,683.0,7.068286,7.42633,1,682.2931714057922,TREM2
ENSG00000105707,686.0,29.963058,9.016787,1,683.0036940574646,ENSG00000105707
ENSG00000100368,684.0,7.05708,6.475476,1,683.2942920327187,ENSG00000100368
ENSG00000114850,687.0,29.952192,12.109806,1,684.0047807693481,ENSG00000114850
ENSG00000055208,685.0,7.0381546,1.3247674,1,684.2961845397949,ENSG00000055208
ENSG00000177674,688.0,29.94938,5.5080895,1,685.0050618648529,ENSG00000177674
ENSG00000164692,686.0,7.021976,19.00456,1,685.2978023886681,COL1A2
ENSG00000088727,689.0,29.948223,5.6054482,1,686.0051777362823,ENSG00000088727
ENSG00000213809,687.0,7.0025063,11.533953,1,686.2997493743896,KLRK1
ENSG00000100146,690.0,29.937216,11.3505335,1,687.0062785148621,ENSG00000100146
ENSG00000292373,688.0,7.001119,6.884006,1,687.299888074398,ENSG00000292373
ENSG00000172590,691.0,29.934755,4.474416,1,688.0065245628357,ENSG00000172590
ENSG00000167202,689.0,6.9907503,0.7387988,1,688.3009249567986,ENSG00000167202
ENSG00000146223,692.0,29.93113,8.413041,1,689.0068869590759,ENSG00000146223
ENSG00000135218,690.0,6.988342,2.4628356,1,689.3011658191681,CD36
ENSG00000074695,693.0,29.925661,3.8056974,1,690.0074338912964,ENSG00000074695
ENSG00000137101,691.0,6.9684005,5.750497,1,690.3031599521637,ENSG00000137101
ENSG00000111669,694.0,29.914772,62.69537,1,691.0085227489471,TPI1
ENSG00000011590,692.0,6.9661636,4.347865,1,691.3033836483955,ENSG00000011590
ENSG00000110011,695.0,29.91239,4.982635,1,692.0087609291077,ENSG00000110011
ENSG00000010818,693.0,6.963159,2.3173869,1,692.3036841154099,ENSG00000010818
ENSG00000170759,696.0,29.904072,5.6468425,1,693.0095927715302,ENSG00000170759
ENSG00000137507,694.0,6.9161253,0.8192177,1,693.3083874583244,ENSG00000137507
ENSG00000130193,697.0,29.90064,5.154577,1,694.0099358558655,ENSG00000130193
ENSG00000091986,695.0,6.904409,2.1176872,1,694.3095591068268,CCDC80
ENSG00000143126,698.0,29.888634,7.915864,1,695.0111365318298,ENSG00000143126
ENSG00000277147,696.0,6.902197,4.1662183,1,695.3097802996635,ENSG00000277147
ENSG00000167792,699.0,29.88531,11.918927,1,696.0114691257477,ENSG00000167792
ENSG00000114861,697.0,6.848413,2.0414147,1,696.3151587247849,ENSG00000114861
ENSG00000124155,700.0,29.877842,10.791221,1,697.0122158527374,ENSG00000124155
ENSG00000184371,698.0,6.842559,1.416282,1,697.3157441020012,ENSG00000184371
ENSG00000111652,701.0,29.871138,8.158225,1,698.0128862857819,ENSG00000111652
ENSG00000175857,699.0,6.830981,6.8702602,1,698.316901922226,ENSG00000175857
ENSG00000168264,702.0,29.86802,3.5882347,1,699.0131981372833,ENSG00000168264
ENSG00000079335,700.0,6.8237414,1.4693508,1,699.3176258802414,ENSG00000079335
ENSG00000101558,703.0,29.856115,14.5595665,1,700.0143885612488,ENSG00000101558
ENSG00000124126,701.0,6.808387,1.0906042,1,700.3191612958908,ENSG00000124126
ENSG00000124214,704.0,29.854921,6.143482,1,701.0145077705383,ENSG00000124214
ENSG00000211786,702.0,6.7939534,10.211781,1,701.3206046819687,TRAV8-2
ENSG00000173402,705.0,29.84811,6.329677,1,702.0151889324188,ENSG00000173402
ENSG00000197057,703.0,6.7451444,7.969749,1,702.32548558712,DTHD1
ENSG00000165912,706.0,29.829403,9.130052,1,703.017059803009,ENSG00000165912
ENSG00000184574,704.0,6.7441545,7.3833127,1,703.3255845308304,ENSG00000184574
ENSG00000167283,707.0,29.827528,11.112015,1,704.0172472000122,ATP5MG
ENSG00000268001,705.0,6.7363396,0.97017694,1,704.3263660669327,ENSG00000268001
ENSG00000113739,708.0,29.825294,8.867485,1,705.0174705982208,ENSG00000113739
ENSG00000153064,706.0,6.710879,11.260793,1,705.3289121389389,BANK1
ENSG00000168374,709.0,29.815247,16.952023,1,706.0184752941132,ENSG00000168374
ENSG00000254087,707.0,6.6465325,1.5496068,1,706.3353467583656,ENSG00000254087
ENSG00000117362,710.0,29.814655,5.0897727,1,707.0185344219208,ENSG00000117362
ENSG00000059377,708.0,6.619472,0.6921835,1,707.3380528092384,ENSG00000059377
ENSG00000115963,711.0,29.808268,7.212219,1,708.0191731452942,ENSG00000115963
ENSG00000161791,709.0,6.6116133,1.8484792,1,708.3388386964798,ENSG00000161791
ENSG00000138796,712.0,29.797926,5.5075903,1,709.0202074050903,ENSG00000138796
ENSG00000173193,710.0,6.5740027,0.9591773,1,709.3425997495651,ENSG00000173193
ENSG00000103260,713.0,29.77612,7.901418,1,710.0223879814148,ENSG00000103260
ENSG00000256262,711.0,6.533371,4.80792,1,710.3466628789902,ENSG00000256262
ENSG00000141349,714.0,29.775522,7.4529443,1,711.0224478244781,ENSG00000141349
ENSG00000156475,712.0,6.525708,1.248082,1,711.3474291563034,ENSG00000156475
ENSG00000130733,715.0,29.764225,4.17269,1,712.0235774517059,ENSG00000130733
ENSG00000138615,713.0,6.509475,5.632458,1,712.3490524888039,CILP
ENSG00000181610,716.0,29.755354,6.368192,1,713.0244646072388,ENSG00000181610
ENSG00000170006,714.0,6.5040736,4.305294,1,713.3495926260948,ENSG00000170006
ENSG00000189159,717.0,29.747206,4.231527,1,714.0252795219421,ENSG00000189159
ENSG00000171051,715.0,6.4829397,6.7789617,1,714.3517060279846,ENSG00000171051
ENSG00000198171,718.0,29.733805,4.744331,1,715.0266194343567,ENSG00000198171
ENSG00000110777,716.0,6.4741077,4.0769672,1,715.3525892496109,POU2AF1
ENSG00000179526,719.0,29.730656,4.3422756,1,716.0269343852997,ENSG00000179526
ENSG00000137496,717.0,6.465333,2.121358,1,716.3534666895866,ENSG00000137496
ENSG00000162604,720.0,29.718307,6.059625,1,717.0281691551208,ENSG00000162604
ENSG00000134326,718.0,6.453315,1.4807997,1,717.3546684980392,ENSG00000134326
ENSG00000128283,721.0,29.697268,4.175881,1,718.0302731990814,ENSG00000128283
ENSG00000139567,719.0,6.4396687,1.5181608,1,718.3560331463814,ENSG00000139567
ENSG00000165775,722.0,29.691618,8.518694,1,719.0308382511139,ENSG00000165775
ENSG00000141524,720.0,6.437916,1.3890996,1,719.3562084436417,ENSG00000141524
ENSG00000085831,723.0,29.691,10.738933,1,720.0309000015259,ENSG00000085831
ENSG00000125245,721.0,6.433404,5.5141025,1,720.356659591198,ENSG00000125245
ENSG00000151239,724.0,29.681421,7.069472,1,721.0318579673767,ENSG00000151239
ENSG00000105246,722.0,6.375235,5.276065,1,721.3624764680862,ENSG00000105246
ENSG00000138443,725.0,29.669872,5.57718,1,722.0330128669739,ENSG00000138443
ENSG00000105339,723.0,6.3733063,3.376461,1,722.3626693487167,ENSG00000105339
ENSG00000117899,726.0,29.66923,4.351418,1,723.0330770015717,ENSG00000117899
ENSG00000198885,724.0,6.3290596,1.2259482,1,723.367094039917,ENSG00000198885
ENSG00000180817,727.0,29.666214,10.43749,1,724.0333786010742,ENSG00000180817
ENSG00000130475,725.0,6.311303,1.9013741,1,724.3688696622849,ENSG00000130475
ENSG00000272325,728.0,29.66381,4.3062887,1,725.033618927002,ENSG00000272325
ENSG00000182179,726.0,6.2955666,2.7573054,1,725.3704433441162,ENSG00000182179
ENSG00000125445,729.0,29.659698,7.6101103,1,726.0340301990509,ENSG00000125445
ENSG00000125538,727.0,6.291441,10.828021,1,726.3708559274673,IL1B
ENSG00000143149,730.0,29.60859,7.9417315,1,727.0391411781311,ENSG00000143149
ENSG00000125772,728.0,6.2839313,0.52125233,1,727.3716068863869,ENSG00000125772
ENSG00000123124,731.0,29.574522,3.80651,1,728.0425477027893,ENSG00000123124
ENSG00000123500,729.0,6.281704,5.447127,1,728.3718296289444,COL10A1
ENSG00000069329,732.0,29.563751,9.12249,1,729.0436248779297,ENSG00000069329
ENSG00000182557,730.0,6.2692213,5.331538,1,729.3730778694153,ENSG00000182557
ENSG00000144381,733.0,29.560255,45.034687,1,730.0439743995667,ENSG00000144381
ENSG00000151388,731.0,6.267091,1.8578687,1,730.3732908964157,ENSG00000151388
ENSG00000141698,734.0,29.559483,5.4623585,1,731.0440516471863,ENSG00000141698
ENSG00000104043,732.0,6.2512794,5.8357716,1,731.3748720884323,ENSG00000104043
ENSG00000115306,735.0,29.549295,5.9769177,1,732.0450704097748,ENSG00000115306
ENSG00000106809,733.0,6.2436056,3.1487718,1,732.3756394386292,OGN
ENSG00000135549,736.0,29.53207,5.2899904,1,733.0467929840088,ENSG00000135549
ENSG00000124191,734.0,6.1973057,3.0721495,1,733.380269408226,ENSG00000124191
ENSG00000162076,737.0,29.52492,4.0541496,1,734.0475080013275,ENSG00000162076
ENSG00000068724,735.0,6.1849008,2.0153434,1,734.3815099000931,ENSG00000068724
ENSG00000175854,738.0,29.515553,5.3369293,1,735.0484447479248,ENSG00000175854
ENSG00000216490,736.0,6.170955,7.5178227,1,735.3829044699669,ENSG00000216490
ENSG00000100142,739.0,29.515505,11.234846,1,736.0484495162964,ENSG00000100142
ENSG00000167604,737.0,6.152594,1.7909876,1,736.3847405910492,ENSG00000167604
ENSG00000155097,740.0,29.512066,9.493204,1,737.0487933158875,ENSG00000155097
ENSG00000247774,738.0,6.121596,5.5195804,1,737.3878403902054,PCED1B-AS1
ENSG00000121310,741.0,29.50777,3.091769,1,738.049222946167,ENSG00000121310
ENSG00000165757,739.0,6.095125,4.756874,1,738.3904874920845,ENSG00000165757
ENSG00000177700,742.0,29.506756,8.667131,1,739.0493245124817,ENSG00000177700
ENSG00000140092,740.0,6.090619,0.80719453,1,739.390938103199,ENSG00000140092
ENSG00000237765,743.0,29.506088,5.556429,1,740.0493912696838,ENSG00000237765
ENSG00000150782,741.0,6.0902743,4.915765,1,740.3909725546837,ENSG00000150782
ENSG00000086598,744.0,29.49771,15.270601,1,741.0502290725708,ENSG00000086598
ENSG00000124491,742.0,6.08586,4.083272,1,741.3914140462875,F13A1
ENSG00000100592,745.0,29.469482,4.165422,1,742.0530517101288,ENSG00000100592
ENSG00000140937,743.0,6.0516667,2.1759992,1,742.3948333263397,ENSG00000140937
ENSG00000112996,746.0,29.462831,5.4545045,1,743.0537168979645,ENSG00000112996
ENSG00000168229,744.0,6.045252,6.0169535,1,743.3954747915268,PTGDR
ENSG00000136240,747.0,29.436563,15.289768,1,744.0563435554504,ENSG00000136240
ENSG00000183049,745.0,6.043021,1.3060503,1,744.3956978917122,ENSG00000183049
ENSG00000143799,748.0,29.431026,8.944004,1,745.0568974018097,ENSG00000143799
ENSG00000177455,746.0,6.040974,10.584018,1,745.3959025740623,CD19
ENSG00000108561,749.0,29.403278,17.912737,1,746.0596721172333,ENSG00000108561
ENSG00000116852,747.0,6.0271482,3.7771938,1,746.3972851634026,ENSG00000116852
ENSG00000140526,750.0,29.403,6.185271,1,747.059700012207,ENSG00000140526
ENSG00000163947,748.0,6.0156713,2.2057993,1,747.3984328508377,ENSG00000163947
ENSG00000086232,751.0,29.397633,3.4130683,1,748.0602366924286,ENSG00000086232
ENSG00000134853,749.0,6.014088,1.7717531,1,748.3985911607742,ENSG00000134853
ENSG00000136908,752.0,29.396214,4.7759924,1,749.0603785514832,ENSG00000136908
ENSG00000173391,750.0,6.001143,5.946701,1,749.3998857140541,OLR1
ENSG00000198015,753.0,29.389254,7.0859756,1,750.0610747337341,ENSG00000198015
ENSG00000166428,751.0,5.9892526,8.045377,1,750.4010747671127,PLD4
ENSG00000160113,754.0,29.38793,6.9873652,1,751.0612070560455,ENSG00000160113
ENSG00000054219,752.0,5.9873824,4.77292,1,751.4012617468834,ENSG00000054219
ENSG00000141279,755.0,29.37682,5.9251323,1,752.0623180866241,ENSG00000141279
ENSG00000136404,753.0,5.956974,3.8871543,1,752.4043025970459,ENSG00000136404
ENSG00000179271,756.0,29.35542,3.9331317,1,753.0644581317902,ENSG00000179271
ENSG00000204161,754.0,5.9384894,3.4260914,1,753.4061510562897,ENSG00000204161
ENSG00000099341,757.0,29.350338,17.106699,1,754.0649662017822,ENSG00000099341
ENSG00000197442,755.0,5.925914,1.8444432,1,754.4074085950851,ENSG00000197442
ENSG00000006327,758.0,29.336391,6.989022,1,755.06636095047,ENSG00000006327
ENSG00000064201,756.0,5.9110184,4.1113596,1,755.4088981747627,TSPAN32
ENSG00000165105,759.0,29.334702,4.162784,1,756.066529750824,ENSG00000165105
ENSG00000124203,757.0,5.8740387,8.547573,1,756.4125961065292,ZNF831
ENSG00000163694,760.0,29.324566,2.3002496,1,757.0675435066223,ENSG00000163694
ENSG00000087589,758.0,5.871375,5.562087,1,757.4128624796867,ENSG00000087589
ENSG00000163541,761.0,29.32442,9.620892,1,758.0675578117371,ENSG00000163541
ENSG00000196569,759.0,5.846699,1.6733062,1,758.4153300523758,ENSG00000196569
ENSG00000155438,762.0,29.284561,6.3015285,1,759.0715439319611,ENSG00000155438
ENSG00000211459,760.0,5.8340483,1.0561376,1,759.4165951609612,MT-RNR1
ENSG00000115364,763.0,29.258495,4.6150813,1,760.0741505622864,ENSG00000115364
ENSG00000167261,761.0,5.807298,8.452839,1,760.419270157814,ENSG00000167261
ENSG00000181789,764.0,29.248474,8.790123,1,761.0751526355743,ENSG00000181789
ENSG00000124788,762.0,5.804545,0.7872974,1,761.4195455312729,ENSG00000124788
ENSG00000104231,765.0,29.24201,5.53258,1,762.0757989883423,ENSG00000104231
ENSG00000100523,763.0,5.800142,1.3299743,1,762.4199858307838,ENSG00000100523
ENSG00000017797,766.0,29.239927,3.9145308,1,763.0760073661804,ENSG00000017797
ENSG00000153933,764.0,5.7854104,0.7107514,1,763.4214589595795,ENSG00000153933
ENSG00000119013,767.0,29.227997,7.2659965,1,764.0772004127502,ENSG00000119013
ENSG00000174059,765.0,5.7749643,3.2951913,1,764.4225035905838,CD34
ENSG00000100632,768.0,29.215063,7.1693773,1,765.0784935951233,ENSG00000100632
ENSG00000011028,766.0,5.7594137,0.88816655,1,765.4240586161613,ENSG00000011028
ENSG00000182054,769.0,29.208462,4.9858327,1,766.0791537761688,ENSG00000182054
ENSG00000149564,767.0,5.7237473,2.148976,1,766.4276252985001,ESAM
ENSG00000115541,770.0,29.194963,17.64706,1,767.0805037021637,HSPE1
ENSG00000121807,768.0,5.706035,9.750339,1,767.4293965101242,CCR2
ENSG00000114416,771.0,29.189863,7.6587133,1,768.0810136795044,ENSG00000114416
ENSG00000075426,769.0,5.696691,1.221866,1,768.4303308725357,ENSG00000075426
ENSG00000067225,772.0,29.186821,24.536459,1,769.0813179016113,PKM
ENSG00000123610,770.0,5.6632485,0.51556677,1,769.4336751699448,ENSG00000123610
ENSG00000114125,773.0,29.179264,11.580512,1,770.0820736885071,ENSG00000114125
ENSG00000169896,771.0,5.6618023,3.7585573,1,770.433819770813,ENSG00000169896
ENSG00000150779,774.0,29.175985,4.1580315,1,771.0824015140533,ENSG00000150779
ENSG00000137478,772.0,5.655398,1.9217663,1,771.4344602227211,ENSG00000137478
ENSG00000103145,775.0,29.172764,2.7705097,1,772.0827236175537,ENSG00000103145
ENSG00000010030,773.0,5.637955,1.9180776,1,772.4362044930458,ENSG00000010030
ENSG00000105699,776.0,29.172077,3.4743285,1,773.0827922821045,ENSG00000105699
ENSG00000107263,774.0,5.63638,1.0633047,1,773.4363619685173,ENSG00000107263
ENSG00000109572,777.0,29.170765,4.8733754,1,774.082923412323,ENSG00000109572
ENSG00000178977,775.0,5.629774,2.3649242,1,774.4370225667953,ENSG00000178977
ENSG00000131653,778.0,29.168797,4.234031,1,775.0831203460693,ENSG00000131653
ENSG00000085563,776.0,5.5905066,4.4851213,1,775.4409493207932,ENSG00000085563
ENSG00000153944,779.0,29.168062,4.1691566,1,776.0831937789917,ENSG00000153944
ENSG00000101825,777.0,5.549131,3.4427972,1,776.4450868964195,MXRA5
ENSG00000006756,780.0,29.160795,5.3444767,1,777.0839204788208,ENSG00000006756
ENSG00000018280,778.0,5.4927654,4.8564043,1,777.4507234692574,SLC11A1
ENSG00000151491,781.0,29.15966,11.168559,1,778.0840339660645,ENSG00000151491
ENSG00000170801,779.0,5.490054,3.2054157,1,778.4509946107864,ENSG00000170801
ENSG00000135052,782.0,29.152725,4.5926437,1,779.0847275257111,ENSG00000135052
ENSG00000176438,780.0,5.4706893,1.1739446,1,779.4529310464859,ENSG00000176438
ENSG00000067533,783.0,29.144815,5.2729535,1,780.0855183601379,ENSG00000067533
ENSG00000154721,781.0,5.4408054,1.7240728,1,780.455919444561,ENSG00000154721
ENSG00000141580,784.0,29.135973,5.5825715,1,781.0864026546478,ENSG00000141580
ENSG00000115607,782.0,5.429998,9.717885,1,781.4570001959801,ENSG00000115607
ENSG00000145012,785.0,29.135736,3.6674206,1,782.0864262580872,ENSG00000145012
ENSG00000211689,783.0,5.4175105,7.0611176,1,782.4582489728928,TRGC1
ENSG00000160752,786.0,29.099438,13.270481,1,783.090056180954,ENSG00000160752
ENSG00000137474,784.0,5.4143114,1.59536,1,783.4585688710213,ENSG00000137474
ENSG00000184363,787.0,29.096767,8.752376,1,784.0903232097626,ENSG00000184363
ENSG00000197635,785.0,5.413685,2.477401,1,784.4586315155029,ENSG00000197635
ENSG00000147123,788.0,29.083963,6.8398213,1,785.0916037559509,ENSG00000147123
ENSG00000163874,786.0,5.400657,0.815017,1,785.4599342942238,ENSG00000163874
ENSG00000087510,789.0,29.072311,6.3467083,1,786.092768907547,ENSG00000087510
ENSG00000160613,787.0,5.392039,0.9120211,1,786.4607961177826,ENSG00000160613
ENSG00000012061,790.0,29.059484,7.2387056,1,787.0940515995026,ENSG00000012061
ENSG00000059378,788.0,5.3900213,0.9323415,1,787.4609978795052,ENSG00000059378
ENSG00000173141,791.0,29.054478,3.6025643,1,788.0945522785187,ENSG00000173141
ENSG00000278030,789.0,5.3824987,13.168199,1,788.4617501497269,TRBV7-9
ENSG00000160679,792.0,29.04754,6.9774103,1,789.0952458381653,ENSG00000160679
ENSG00000169403,790.0,5.3818355,3.7443347,1,789.4618164300919,ENSG00000169403
ENSG00000174780,793.0,29.041035,10.4957905,1,790.0958964824677,ENSG00000174780
ENSG00000189409,791.0,5.3100495,3.3722239,1,790.4689950346947,ENSG00000189409
ENSG00000071794,794.0,29.027464,5.2276335,1,791.0972535610199,ENSG00000071794
ENSG00000030419,792.0,5.2837586,2.7305903,1,791.4716241359711,ENSG00000030419
ENSG00000099624,795.0,29.021471,7.0818377,1,792.0978529453278,ENSG00000099624
ENSG00000198542,793.0,5.279927,1.4080945,1,792.4720073342323,ITGBL1
ENSG00000094916,796.0,29.005554,10.298144,1,793.0994446277618,ENSG00000094916
ENSG00000136869,794.0,5.2793813,3.2144754,1,793.4720618724823,ENSG00000136869
ENSG00000189058,797.0,28.988497,80.66789,1,794.1011502742767,APOD
ENSG00000113441,795.0,5.2784195,0.86095273,1,794.472158074379,ENSG00000113441
ENSG00000196591,798.0,28.987444,12.649602,1,795.1012556552887,ENSG00000196591
ENSG00000134198,796.0,5.2629895,4.3851614,1,795.4737010598183,ENSG00000134198
ENSG00000106443,799.0,28.986961,3.8148136,1,796.1013038158417,ENSG00000106443
ENSG00000111729,797.0,5.2555943,4.526731,1,796.474440574646,ENSG00000111729
ENSG00000171222,800.0,28.949856,5.6310873,1,797.1050143241882,ENSG00000171222
ENSG00000245954,798.0,5.2551293,7.3968334,1,797.4744870662689,LINC02273
ENSG00000253719,801.0,28.939354,4.9231253,1,798.1060645580292,ENSG00000253719
ENSG00000170458,799.0,5.2497125,7.574434,1,798.4750287532806,CD14
ENSG00000164828,802.0,28.928486,5.0166783,1,799.1071515083313,ENSG00000164828
ENSG00000171843,800.0,5.227572,1.4197199,1,799.4772428274155,ENSG00000171843
ENSG00000123179,803.0,28.923567,3.5422218,1,800.10764336586,ENSG00000123179
ENSG00000211788,801.0,5.216689,11.191314,1,800.4783310890198,TRAV13-1
ENSG00000115484,804.0,28.923239,18.525883,1,801.1076760292053,ENSG00000115484
ENSG00000135048,802.0,5.1968603,1.6296946,1,801.4803139567375,ENSG00000135048
ENSG00000116260,805.0,28.919092,4.6673627,1,802.108090877533,ENSG00000116260
ENSG00000104903,803.0,5.189866,2.8173344,1,802.481013417244,ENSG00000104903
ENSG00000188186,806.0,28.905848,12.05288,1,803.1094152927399,ENSG00000188186
ENSG00000211699,804.0,5.1836977,8.724951,1,803.4816302061081,ENSG00000211699
ENSG00000257727,807.0,28.874495,12.433813,1,804.112550497055,ENSG00000257727
ENSG00000146094,805.0,5.177598,2.2658467,1,804.4822402000427,ENSG00000146094
ENSG00000103978,808.0,28.860474,6.8097157,1,805.1139526367188,ENSG00000103978
ENSG00000163492,806.0,5.173074,5.9579353,1,805.4826925992966,ENSG00000163492
ENSG00000105583,809.0,28.855368,13.786607,1,806.1144633293152,ENSG00000105583
ENSG00000138744,807.0,5.1708503,0.8896791,1,806.4829149842262,ENSG00000138744
ENSG00000104960,810.0,28.855022,4.110135,1,807.1144976615906,ENSG00000104960
ENSG00000177374,808.0,5.157193,3.1302183,1,807.484280705452,ENSG00000177374
ENSG00000180964,811.0,28.851421,8.415358,1,808.1148579120636,ENSG00000180964
ENSG00000099985,809.0,5.1243677,10.547136,1,808.487563252449,OSM
ENSG00000077348,812.0,28.84984,6.298606,1,809.1150159835815,ENSG00000077348
ENSG00000137809,810.0,5.1196613,1.9571681,1,809.4880338907242,ENSG00000137809
ENSG00000084207,813.0,28.822563,78.128136,1,810.117743730545,GSTP1
ENSG00000211829,811.0,5.111917,8.174403,1,810.4888082742691,TRDC
ENSG00000126267,814.0,28.819864,14.417216,1,811.1180136203766,ENSG00000126267
ENSG00000017483,812.0,5.0752687,2.2944524,1,811.4924731254578,ENSG00000017483
ENSG00000123989,815.0,28.817049,3.9890509,1,812.1182951927185,ENSG00000123989
ENSG00000129226,813.0,5.0746,0.97058505,1,812.4925400018692,CD68
ENSG00000136238,816.0,28.811163,8.635105,1,813.1188836097717,ENSG00000136238
ENSG00000172794,814.0,5.0566845,7.144347,1,813.4943315386772,RAB37
ENSG00000204392,817.0,28.782461,6.9910183,1,814.1217539310455,ENSG00000204392
ENSG00000197405,815.0,5.049736,1.444073,1,814.495026409626,ENSG00000197405
ENSG00000179195,818.0,28.782072,4.4494257,1,815.1217927932739,ENSG00000179195
ENSG00000088827,816.0,5.0353603,8.083105,1,815.4964639544487,ENSG00000088827
ENSG00000111707,819.0,28.760183,3.3043027,1,816.1239817142487,ENSG00000111707
ENSG00000134070,817.0,5.017958,2.258307,1,816.4982041716576,ENSG00000134070
ENSG00000198843,820.0,28.759743,5.2848983,1,817.1240258216858,ENSG00000198843
ENSG00000138755,818.0,5.0148053,6.8915877,1,817.4985194802284,CXCL9
ENSG00000205133,821.0,28.748451,7.3636513,1,818.1251549720764,ENSG00000205133
ENSG00000182183,819.0,5.0047474,3.8962092,1,818.4995252490044,SHISAL2A
ENSG00000159079,822.0,28.723326,5.205113,1,819.127667427063,ENSG00000159079
ENSG00000064989,820.0,4.986685,2.1588037,1,819.5013315081596,CALCRL
ENSG00000115204,823.0,28.711428,10.337024,1,820.1288571357727,ENSG00000115204
ENSG00000211734,821.0,4.98301,12.04624,1,820.5016990303993,TRBV5-1
ENSG00000123352,824.0,28.7048,5.9734664,1,821.1295199394226,ENSG00000123352
ENSG00000165124,822.0,4.960035,3.666228,1,821.5039965212345,ENSG00000165124
ENSG00000110080,825.0,28.694471,12.973397,1,822.1305527687073,ENSG00000110080
ENSG00000211797,823.0,4.953178,9.8932085,1,822.504682213068,TRAV17
ENSG00000254999,826.0,28.690939,15.390102,1,823.1309061050415,ENSG00000254999
ENSG00000175489,824.0,4.9358025,3.5452497,1,823.5064197480679,ENSG00000175489
ENSG00000099901,827.0,28.686817,8.907143,1,824.1313183307648,ENSG00000099901
ENSG00000211695,825.0,4.9047966,10.517249,1,824.5095203518867,TRGV9
ENSG00000242485,828.0,28.674026,6.323416,1,825.1325974464417,ENSG00000242485
ENSG00000211799,826.0,4.886327,10.479615,1,825.5113673210144,TRAV19
ENSG00000168090,829.0,28.65248,13.573187,1,826.134752035141,ENSG00000168090
ENSG00000074966,827.0,4.8854423,2.5990462,1,826.5114557743073,TXK
ENSG00000130826,830.0,28.647516,9.307444,1,827.1352484226227,ENSG00000130826
ENSG00000131400,828.0,4.87124,4.5221124,1,827.5128759741783,ENSG00000131400
ENSG00000074800,831.0,28.633568,109.03134,1,828.1366431713104,ENO1
ENSG00000140511,829.0,4.868807,1.0773704,1,828.5131193101406,ENSG00000140511
ENSG00000148180,832.0,28.630524,17.195272,1,829.1369476318359,ENSG00000148180
ENSG00000160588,830.0,4.8539705,2.023265,1,829.514602959156,ENSG00000160588
ENSG00000143553,833.0,28.611202,4.869797,1,830.138879776001,ENSG00000143553
ENSG00000147138,831.0,4.851446,10.456133,1,830.5148553848267,GPR174
ENSG00000002330,834.0,28.579237,4.3771014,1,831.142076253891,ENSG00000002330
ENSG00000119681,832.0,4.844919,1.5218554,1,831.5155080854893,ENSG00000119681
ENSG00000104549,835.0,28.571629,5.61659,1,832.1428370475769,ENSG00000104549
ENSG00000186854,833.0,4.844079,1.8294365,1,832.5155920982361,ENSG00000186854
ENSG00000168275,836.0,28.570993,6.157561,1,833.1429007053375,ENSG00000168275
ENSG00000135899,834.0,4.832851,0.5034133,1,833.516714900732,ENSG00000135899
ENSG00000074842,837.0,28.547724,6.337643,1,834.1452276706696,ENSG00000074842
ENSG00000128815,835.0,4.8314567,6.4632206,1,834.5168543457985,ENSG00000128815
ENSG00000163702,838.0,28.52857,6.102307,1,835.1471428871155,ENSG00000163702
ENSG00000142512,836.0,4.8224797,3.3065243,1,835.5177520215511,ENSG00000142512
ENSG00000144895,839.0,28.528372,8.311253,1,836.1471629142761,ENSG00000144895
ENSG00000164694,837.0,4.7794905,3.618599,1,836.5220509469509,ENSG00000164694
ENSG00000162521,840.0,28.525196,11.961893,1,837.1474804878235,ENSG00000162521
ENSG00000211810,838.0,4.7717075,10.418652,1,837.5228292346001,TRAV29DV5
ENSG00000176340,841.0,28.520664,16.593546,1,838.1479334831238,ENSG00000176340
ENSG00000174600,839.0,4.7480426,5.772183,1,838.5251957476139,ENSG00000174600
ENSG00000112715,842.0,28.513319,4.943188,1,839.148668050766,ENSG00000112715
ENSG00000173083,840.0,4.696841,2.9774864,1,839.5303159356117,ENSG00000173083
ENSG00000119650,843.0,28.508417,4.675919,1,840.1491582393646,ENSG00000119650
ENSG00000102034,841.0,4.686324,2.3542216,1,840.5313675999641,ENSG00000102034
ENSG00000178053,844.0,28.508263,7.3069153,1,841.1491737365723,ENSG00000178053
ENSG00000155903,842.0,4.685641,1.3060915,1,841.531435906887,ENSG00000155903
ENSG00000122218,845.0,28.498236,14.150127,1,842.150176525116,ENSG00000122218
ENSG00000122223,843.0,4.6850996,6.7181334,1,842.5314900279045,CD244
ENSG00000147454,846.0,28.498169,3.5436852,1,843.1501832008362,ENSG00000147454
ENSG00000132182,844.0,4.6726055,3.1395922,1,843.5327394604683,ENSG00000132182
ENSG00000007080,847.0,28.488508,4.7529635,1,844.1511492729187,ENSG00000007080
ENSG00000150907,845.0,4.661083,1.185388,1,844.5338916778564,ENSG00000150907
ENSG00000182165,848.0,28.484102,4.038537,1,845.1515898704529,ENSG00000182165
ENSG00000115325,846.0,4.655406,1.7579637,1,845.5344594120979,ENSG00000115325
ENSG00000126768,849.0,28.47378,3.900719,1,846.1526219844818,ENSG00000126768
ENSG00000112303,847.0,4.643433,6.036234,1,846.5356566905975,ENSG00000112303
ENSG00000007255,850.0,28.467505,3.6883695,1,847.153249502182,ENSG00000007255
ENSG00000070882,848.0,4.6269536,1.8215948,1,847.5373046398163,ENSG00000070882
ENSG00000183779,851.0,28.467247,5.388139,1,848.1532752513885,ENSG00000183779
ENSG00000130487,849.0,4.611402,2.6434054,1,848.5388597846031,ENSG00000130487
ENSG00000029725,852.0,28.448708,4.279602,1,849.1551291942596,ENSG00000029725
ENSG00000109320,850.0,4.590822,1.000942,1,849.5409177839756,ENSG00000109320
ENSG00000106397,853.0,28.440922,14.481308,1,850.155907869339,ENSG00000106397
ENSG00000129450,851.0,4.5706053,8.46484,1,850.5429394841194,ENSG00000129450
ENSG00000073060,854.0,28.43835,9.137107,1,851.1561648845673,ENSG00000073060
ENSG00000110665,852.0,4.5498843,7.267105,1,851.5450115799904,ENSG00000110665
ENSG00000105568,855.0,28.42588,11.752037,1,852.1574120521545,ENSG00000105568
ENSG00000100985,853.0,4.5262613,6.4289446,1,852.5473738610744,MMP9
ENSG00000104375,856.0,28.42256,6.4199605,1,853.1577439308167,ENSG00000104375
ENSG00000121594,854.0,4.5212183,8.245153,1,853.5478781759739,ENSG00000121594
ENSG00000123144,857.0,28.372778,3.8079944,1,854.1627221107483,ENSG00000123144
ENSG00000108950,855.0,4.517186,0.64756763,1,854.5482813715935,ENSG00000108950
ENSG00000124422,858.0,28.372307,7.6642866,1,855.162769317627,ENSG00000124422
ENSG00000183878,856.0,4.5116067,0.82925147,1,855.5488393306732,ENSG00000183878
ENSG00000100711,859.0,28.372059,6.1791906,1,856.1627941131592,ENSG00000100711
ENSG00000172935,857.0,4.482792,3.0715337,1,856.5517207980156,ENSG00000172935
ENSG00000133315,860.0,28.35945,5.6256356,1,857.164055109024,ENSG00000133315
ENSG00000282939,858.0,4.4794626,10.447603,1,857.5520537495613,TRBV7-2
ENSG00000163634,861.0,28.342922,6.8107805,1,858.1657078266144,ENSG00000163634
ENSG00000130300,859.0,4.4484215,3.3393514,1,858.5551578402519,PLVAP
ENSG00000143870,862.0,28.334455,18.471395,1,859.1665544509888,ENSG00000143870
ENSG00000182853,860.0,4.4426374,3.2249897,1,859.5557362437248,ENSG00000182853
ENSG00000088930,863.0,28.316036,6.577271,1,860.1683964729309,ENSG00000088930
ENSG00000240505,861.0,4.442522,9.499995,1,860.5557478070259,TNFRSF13B
ENSG00000145979,864.0,28.300394,18.601765,1,861.1699604988098,ENSG00000145979
ENSG00000181036,862.0,4.440802,8.416581,1,861.5559197962284,FCRL6
ENSG00000137274,865.0,28.285328,9.308897,1,862.1714673042297,ENSG00000137274
ENSG00000139508,863.0,4.434874,1.969531,1,862.556512594223,ENSG00000139508
ENSG00000140365,866.0,28.284685,7.7512355,1,863.1715314388275,ENSG00000140365
ENSG00000184730,864.0,4.4326544,4.014992,1,863.5567345619202,ENSG00000184730
ENSG00000163159,867.0,28.279232,6.1771264,1,864.1720767021179,ENSG00000163159
ENSG00000292332,865.0,4.42285,3.2295573,1,864.5577149987221,ENSG00000292332
ENSG00000151353,868.0,28.255682,3.9338717,1,865.1744318008423,ENSG00000151353
ENSG00000170128,866.0,4.422085,5.029848,1,865.557791531086,GPR25
ENSG00000108829,869.0,28.239452,4.1910987,1,866.1760547161102,ENSG00000108829
ENSG00000211697,867.0,4.408426,2.71727,1,866.5591574311256,ENSG00000211697
ENSG00000213722,870.0,28.237803,4.495338,1,867.176219701767,ENSG00000213722
ENSG00000160683,868.0,4.3998237,5.9332666,1,867.560017645359,CXCR5
ENSG00000176393,871.0,28.233776,3.3765478,1,868.1766223907471,ENSG00000176393
ENSG00000118922,869.0,4.3869166,2.181676,1,868.561308324337,ENSG00000118922
ENSG00000105379,872.0,28.230524,5.0508056,1,869.176947593689,ENSG00000105379
ENSG00000172348,870.0,4.3787675,1.3217354,1,869.5621232390404,ENSG00000172348
ENSG00000107281,873.0,28.22371,2.9674811,1,870.177628993988,ENSG00000107281
ENSG00000080573,871.0,4.365022,2.4605947,1,870.5634977817535,ENSG00000080573
ENSG00000141759,874.0,28.217405,5.0098004,1,871.1782593727112,ENSG00000141759
ENSG00000198945,872.0,4.364966,1.8844471,1,871.5635034143925,ENSG00000198945
ENSG00000183527,875.0,28.2076,8.490303,1,872.179239988327,ENSG00000183527
ENSG00000085265,873.0,4.350209,11.089445,1,872.5649790763855,FCN1
ENSG00000162482,876.0,28.187193,11.633129,1,873.1812806129456,AKR7A3
ENSG00000176971,874.0,4.347038,2.6856697,1,873.5652962327003,ENSG00000176971
ENSG00000132254,877.0,28.17492,5.0129123,1,874.1825079917908,ENSG00000132254
ENSG00000115594,875.0,4.3382626,0.6360014,1,874.5661737322807,ENSG00000115594
ENSG00000106615,878.0,28.172441,10.0695,1,875.182755947113,ENSG00000106615
ENSG00000161929,876.0,4.3221836,2.3411765,1,875.5677816271782,ENSG00000161929
ENSG00000063046,879.0,28.171377,20.194942,1,876.1828622817993,ENSG00000063046
ENSG00000167664,877.0,4.312067,4.933303,1,876.568793296814,TMIGD2
ENSG00000119335,880.0,28.16611,17.02136,1,877.1833891868591,ENSG00000119335
ENSG00000071246,878.0,4.3050823,0.50304466,1,877.5694917738438,ENSG00000071246
ENSG00000103495,881.0,28.157412,4.288477,1,878.1842589378357,ENSG00000103495
ENSG00000162618,879.0,4.2741957,3.4614806,1,878.5725804269314,ADGRL4
ENSG00000143353,882.0,28.149622,8.270314,1,879.1850378513336,ENSG00000143353
ENSG00000150995,880.0,4.255912,0.96653116,1,879.5744088292122,ENSG00000150995
ENSG00000248905,883.0,28.137545,10.882869,1,880.1862454414368,ENSG00000248905
ENSG00000168497,881.0,4.229763,4.761769,1,880.5770236849785,CAVIN2
ENSG00000165264,884.0,28.135498,6.1084247,1,881.1864502429962,ENSG00000165264
ENSG00000258227,882.0,4.2184825,7.115612,1,881.5781517624855,ENSG00000258227
ENSG00000025796,885.0,28.132286,5.2668285,1,882.1867713928223,ENSG00000025796
ENSG00000125657,883.0,4.2136054,1.3803232,1,882.578639447689,ENSG00000125657
ENSG00000018408,886.0,28.12919,8.41854,1,883.1870808601379,ENSG00000018408
ENSG00000172322,884.0,4.203754,6.6632614,1,883.5796245932579,ENSG00000172322
ENSG00000013588,887.0,28.123814,8.216802,1,884.1876187324524,ENSG00000013588
ENSG00000171812,885.0,4.1888013,3.7392688,1,884.5811198651791,ENSG00000171812
ENSG00000134759,888.0,28.098055,6.94129,1,885.190194606781,ENSG00000134759
ENSG00000035720,886.0,4.176681,9.429491,1,885.5823318958282,STAP1
ENSG00000151458,889.0,28.093523,5.7338514,1,886.1906476020813,ENSG00000151458
ENSG00000255733,887.0,4.1637063,6.526141,1,886.5836293697357,IFNG-AS1
ENSG00000184428,890.0,28.093086,7.2506886,1,887.1906914710999,ENSG00000184428
ENSG00000105989,888.0,4.156792,7.175108,1,887.5843207836151,ENSG00000105989
ENSG00000144283,891.0,28.068012,4.825527,1,888.1931986808777,ENSG00000144283
ENSG00000154016,889.0,4.154841,2.6586833,1,888.5845158994198,ENSG00000154016
ENSG00000104765,892.0,28.062792,7.234834,1,889.1937208175659,ENSG00000104765
ENSG00000234663,890.0,4.13937,7.793462,1,889.5860629975796,LINC01934
ENSG00000169062,893.0,28.059109,3.851188,1,890.1940891742706,ENSG00000169062
ENSG00000211677,891.0,4.1378503,15.01693,1,890.5862149596214,IGLC2
ENSG00000072364,894.0,28.047915,7.3995376,1,891.1952085494995,ENSG00000072364
ENSG00000104213,892.0,4.1350555,1.8586007,1,891.5864944458008,ENSG00000104213
ENSG00000127914,895.0,28.03679,9.33045,1,892.1963210105896,ENSG00000127914
ENSG00000124731,893.0,4.118868,1.6663743,1,892.5881132185459,ENSG00000124731
ENSG00000064393,896.0,28.00692,2.9611416,1,893.1993079185486,ENSG00000064393
ENSG00000119686,894.0,4.106346,1.4106979,1,893.5893653929234,ENSG00000119686
ENSG00000109113,897.0,28.001875,11.219474,1,894.199812412262,ENSG00000109113
ENSG00000172243,895.0,4.0769196,2.9487052,1,894.5923080444336,ENSG00000172243
ENSG00000232119,898.0,27.991026,4.2573853,1,895.2008974552155,ENSG00000232119
ENSG00000023171,896.0,4.0688324,2.3016603,1,895.5931167602539,ENSG00000023171
ENSG00000111678,899.0,27.983202,10.721104,1,896.2016797065735,ENSG00000111678
ENSG00000205810,897.0,4.0663323,2.655856,1,896.5933667719364,KLRC3
ENSG00000100028,900.0,27.979067,7.824912,1,897.2020933628082,ENSG00000100028
ENSG00000197614,898.0,4.030282,2.0711083,1,897.596971809864,MFAP5
ENSG00000177425,901.0,27.963942,4.298245,1,898.203605890274,ENSG00000177425
ENSG00000211787,899.0,4.022477,12.706696,1,898.5977522730827,TRAV8-3
ENSG00000143164,902.0,27.956497,3.784073,1,899.204350233078,ENSG00000143164
ENSG00000135094,900.0,4.006763,3.2072983,1,899.5993236899376,SDS
ENSG00000154639,903.0,27.930729,4.343331,1,900.2069270610809,ENSG00000154639
ENSG00000174125,901.0,3.9662325,1.4273645,1,900.6033767461777,ENSG00000174125
ENSG00000169905,904.0,27.908867,7.9001684,1,901.2091133594512,ENSG00000169905
ENSG00000263528,902.0,3.961206,1.4781234,1,901.6038793921472,ENSG00000263528
ENSG00000050393,905.0,27.894243,3.8745475,1,902.2105755805968,ENSG00000050393
ENSG00000137462,903.0,3.944158,2.504517,1,902.6055842041968,ENSG00000137462
ENSG00000198830,906.0,27.871416,32.00322,1,903.2128584384918,ENSG00000198830
ENSG00000132170,904.0,3.9429157,2.0588968,1,903.6057084202766,ENSG00000132170
ENSG00000198492,907.0,27.861897,9.400242,1,904.2138104438782,ENSG00000198492
ENSG00000225331,905.0,3.929548,4.8560634,1,904.6070452034472,ENSG00000225331
ENSG00000159228,908.0,27.850622,10.174943,1,905.2149376869202,ENSG00000159228
ENSG00000126759,906.0,3.9201236,4.721227,1,905.6079876422882,CFP
ENSG00000204272,909.0,27.849165,4.5375032,1,906.2150835990906,ENSG00000204272
ENSG00000150681,907.0,3.9047344,2.514438,1,906.6095265746116,ENSG00000150681
ENSG00000124164,910.0,27.831806,5.051642,1,907.2168192863464,ENSG00000124164
ENSG00000165457,908.0,3.9027476,8.732427,1,907.6097252368928,FOLR2
ENSG00000105364,911.0,27.812057,5.0588107,1,908.2187943458556,ENSG00000105364
ENSG00000146070,909.0,3.9017127,5.1854405,1,908.6098287403584,PLA2G7
ENSG00000065154,912.0,27.809204,9.821051,1,909.2190794944764,ENSG00000065154
ENSG00000211793,910.0,3.88883,11.843426,1,909.6111170053482,TRAV9-2
ENSG00000130726,913.0,27.802578,5.851699,1,910.2197422981262,ENSG00000130726
ENSG00000198225,911.0,3.8832786,0.79456604,1,910.6116721332072,ENSG00000198225
ENSG00000111642,914.0,27.79883,6.7142205,1,911.2201170921326,ENSG00000111642
ENSG00000166250,912.0,3.8806808,0.9479055,1,911.6119319200516,ENSG00000166250
ENSG00000164751,915.0,27.780998,5.2363305,1,912.2219002246856,ENSG00000164751
ENSG00000197646,913.0,3.8798747,2.6733449,1,912.6120125353336,ENSG00000197646
ENSG00000042753,916.0,27.77939,10.542791,1,913.222060918808,ENSG00000042753
ENSG00000179776,914.0,3.8660486,2.9837787,1,913.6133951544762,CDH5
ENSG00000127837,917.0,27.77029,9.4030695,1,914.2229709625244,ENSG00000127837
ENSG00000166523,915.0,3.8653955,4.137232,1,914.6134604513644,ENSG00000166523
ENSG00000132199,918.0,27.755524,4.3542023,1,915.2244477272034,ENSG00000132199
ENSG00000176435,916.0,3.8577213,2.6449597,1,915.614227861166,CLEC14A
ENSG00000167996,919.0,27.748915,300.4834,1,916.2251086235046,ENSG00000167996
ENSG00000133805,917.0,3.849705,2.241401,1,916.615029513836,ENSG00000133805
ENSG00000100216,920.0,27.71814,10.41896,1,917.2281861305236,ENSG00000100216
ENSG00000132514,918.0,3.8493361,9.046827,1,917.6150663793088,CLEC10A
ENSG00000214160,921.0,27.706818,8.666825,1,918.2293181419373,ENSG00000214160
ENSG00000169583,919.0,3.8374534,2.553909,1,918.6162546575068,ENSG00000169583
ENSG00000138413,922.0,27.704395,7.017763,1,919.2295603752136,ENSG00000138413
ENSG00000260314,920.0,3.8333695,5.429897,1,919.6166630387306,ENSG00000260314
ENSG00000166165,923.0,27.68672,9.46071,1,920.2313280105592,ENSG00000166165
ENSG00000138135,921.0,3.8196795,3.459238,1,920.6180320382118,ENSG00000138135
ENSG00000153187,924.0,27.683193,8.5619,1,921.2316806316376,ENSG00000153187
ENSG00000179934,922.0,3.8179488,13.7983885,1,921.6182051301004,ENSG00000179934
ENSG00000023287,925.0,27.681887,4.6599216,1,922.2318112850188,ENSG00000023287
ENSG00000135363,923.0,3.8030398,3.0354185,1,922.61969602108,ENSG00000135363
ENSG00000171421,926.0,27.673779,4.943753,1,923.2326221466064,ENSG00000171421
ENSG00000131471,924.0,3.8019247,2.351406,1,923.6198075413704,ENSG00000131471
ENSG00000126524,927.0,27.664106,10.445621,1,924.233589410782,ENSG00000126524
ENSG00000159618,925.0,3.7981646,8.020713,1,924.6201835274696,ENSG00000159618
ENSG00000172037,928.0,27.649858,14.277475,1,925.2350142002106,ENSG00000172037
ENSG00000164307,926.0,3.7921863,0.97521394,1,925.6207813620568,ENSG00000164307
ENSG00000131669,929.0,27.640848,6.7086244,1,926.235915184021,ENSG00000131669
ENSG00000164484,927.0,3.786043,2.052162,1,926.6213957071304,ENSG00000164484
ENSG00000084733,930.0,27.622488,6.0330415,1,927.2377512454988,ENSG00000084733
ENSG00000164211,928.0,3.7805166,0.71216625,1,927.6219483315944,ENSG00000164211
ENSG00000137563,931.0,27.602766,9.049904,1,928.239723443985,ENSG00000137563
ENSG00000102802,929.0,3.7642708,4.7395597,1,928.6235729157924,ENSG00000102802
ENSG00000183828,932.0,27.58479,4.7249746,1,929.2415211200714,ENSG00000183828
ENSG00000108691,930.0,3.7450814,1.4469872,1,929.6254918575288,CCL2
ENSG00000179918,933.0,27.583889,5.661678,1,930.2416110038756,ENSG00000179918
ENSG00000211789,931.0,3.7335982,12.580215,1,930.6266401708126,TRAV12-2
ENSG00000257923,934.0,27.561586,4.169582,1,931.2438414096832,ENSG00000257923
ENSG00000069122,932.0,3.7294066,0.9991226,1,931.627059340477,ADGRF5
ENSG00000127054,935.0,27.547691,3.9236083,1,932.2452309131622,ENSG00000127054
ENSG00000233306,933.0,3.728116,10.260037,1,932.6271883845328,TRGV2
ENSG00000170017,936.0,27.538237,3.218029,1,933.2461762428284,ENSG00000170017
ENSG00000110799,934.0,3.725181,3.7034469,1,933.6274818778038,VWF
ENSG00000164022,937.0,27.535507,4.162505,1,934.2464492321014,ENSG00000164022
ENSG00000163431,935.0,3.7092526,2.8960867,1,934.6290747523308,ENSG00000163431
ENSG00000113658,938.0,27.53185,4.2689095,1,935.2468149662018,ENSG00000113658
ENSG00000117586,936.0,3.7048547,1.4270867,1,935.6295145154,ENSG00000117586
ENSG00000062716,939.0,27.520016,17.120628,1,936.2479984760284,ENSG00000062716
ENSG00000187498,937.0,3.682407,1.5814986,1,936.6317593157293,COL4A1
ENSG00000128185,940.0,27.513353,8.038655,1,937.2486646175385,ENSG00000128185
ENSG00000205268,938.0,3.680041,1.0526706,1,937.6319958865644,ENSG00000205268
ENSG00000114126,941.0,27.505777,4.2082877,1,938.2494223117828,ENSG00000114126
ENSG00000132819,939.0,3.6713836,2.0424416,1,938.6328616440296,ENSG00000132819
ENSG00000183648,942.0,27.478212,4.695043,1,939.2521786689758,ENSG00000183648
ENSG00000168995,940.0,3.6558154,5.855491,1,939.6344184577464,ENSG00000168995
ENSG00000154059,943.0,27.461699,7.592637,1,940.2538301944732,ENSG00000154059
ENSG00000198520,941.0,3.6428063,1.9238628,1,940.635719358921,ARMH1
ENSG00000117450,944.0,27.45905,22.48766,1,941.2540950775146,PRDX1
ENSG00000196511,942.0,3.6393933,2.124852,1,941.636060655117,ENSG00000196511
ENSG00000138771,945.0,27.447626,7.172614,1,942.2552373409272,ENSG00000138771
ENSG00000155961,943.0,3.6346376,2.2708185,1,942.6365362405776,ENSG00000155961
ENSG00000147586,946.0,27.429897,6.2358365,1,943.2570102214812,ENSG00000147586
ENSG00000229391,944.0,3.6262898,4.839592,1,943.6373710036278,HLA-DRB6
ENSG00000136450,947.0,27.429846,8.412176,1,944.25701546669,ENSG00000136450
ENSG00000171631,945.0,3.6228318,3.0643947,1,944.6377168297768,ENSG00000171631
ENSG00000105197,948.0,27.407114,12.453737,1,945.2592885494232,ENSG00000105197
ENSG00000211778,946.0,3.599229,7.8686457,1,945.6400770843028,TRAV4
ENSG00000158042,949.0,27.40125,4.9272304,1,946.2598748207092,ENSG00000158042
ENSG00000111863,947.0,3.5955238,2.2543108,1,946.6404476165771,ENSG00000111863
ENSG00000117410,950.0,27.400692,15.277454,1,947.2599308490752,ENSG00000117410
ENSG00000111371,948.0,3.5783107,4.3730946,1,947.6421689391136,ENSG00000111371
ENSG00000143793,951.0,27.398552,4.075909,1,948.2601447105408,ENSG00000143793
ENSG00000163376,949.0,3.5725396,5.886039,1,948.6427460312844,ENSG00000163376
ENSG00000100442,952.0,27.397573,4.8100076,1,949.2602427005768,ENSG00000100442
ENSG00000211790,950.0,3.5551786,10.632205,1,949.6444821357728,TRAV8-4
ENSG00000155660,953.0,27.390537,6.4160476,1,950.2609462738036,ENSG00000155660
ENSG00000211777,951.0,3.5548937,11.55571,1,950.6445106267928,TRAV3
ENSG00000142599,954.0,27.339468,3.4603274,1,951.266053199768,ENSG00000142599
ENSG00000143297,952.0,3.552655,7.276512,1,951.6447345018388,FCRL5
ENSG00000129422,955.0,27.333675,6.7410774,1,952.2666325569152,ENSG00000129422
ENSG00000211716,953.0,3.5323668,11.822834,1,952.6467633247375,TRBV9
ENSG00000149115,956.0,27.319801,4.351008,1,953.2680199146272,ENSG00000149115
ENSG00000211721,954.0,3.523614,11.242375,1,953.647638618946,TRBV6-5
ENSG00000205002,957.0,27.317575,5.992734,1,954.2682423591614,AARD
ENSG00000184113,955.0,3.5206063,2.3378263,1,954.6479393839836,CLDN5
ENSG00000136247,958.0,27.316925,5.9930286,1,955.2683074474336,ENSG00000136247
ENSG00000148288,956.0,3.5143774,0.9905579,1,955.6485622525216,ENSG00000148288
ENSG00000143436,959.0,27.313643,7.5805707,1,956.2686357498168,ENSG00000143436
ENSG00000140563,957.0,3.510463,2.536043,1,956.648953706026,ENSG00000140563
ENSG00000130332,960.0,27.311687,6.3316708,1,957.2688312530518,ENSG00000130332
ENSG00000186074,958.0,3.5100799,8.479482,1,957.6489920020103,ENSG00000186074
ENSG00000139684,961.0,27.311205,9.16186,1,958.2688794136049,ENSG00000139684
ENSG00000132465,959.0,3.5018368,9.515224,1,958.6498163342476,JCHAIN
ENSG00000164040,962.0,27.302551,3.8931396,1,959.2697448730468,ENSG00000164040
ENSG00000196664,960.0,3.496119,3.962641,1,959.6503880918026,ENSG00000196664
ENSG00000281649,963.0,27.292004,3.7970815,1,960.2707996368408,ENSG00000281649
ENSG00000214212,961.0,3.457368,2.6156297,1,960.6542631983756,ENSG00000214212
ENSG00000119950,964.0,27.28957,8.0760565,1,961.27104306221,ENSG00000119950
ENSG00000163815,962.0,3.4491048,5.4950347,1,961.6550895273684,ENSG00000163815
ENSG00000091831,965.0,27.286695,7.831083,1,962.271330356598,ENSG00000091831
ENSG00000128271,963.0,3.4475493,3.8601565,1,962.6552450656892,ENSG00000128271
ENSG00000141232,966.0,27.284994,3.1214116,1,963.2715005874634,ENSG00000141232
ENSG00000282608,964.0,3.4428794,8.9630785,1,963.6557120680808,ENSG00000282608
ENSG00000065621,967.0,27.271551,6.0490975,1,964.2728447914124,ENSG00000065621
ENSG00000102755,965.0,3.4224703,1.4242518,1,964.6577529609204,ENSG00000102755
ENSG00000197702,968.0,27.268528,8.335688,1,965.2731471061708,ENSG00000197702
ENSG00000272282,966.0,3.41394,4.8693433,1,965.658605992794,LINC02084
ENSG00000164050,969.0,27.266624,7.857755,1,966.2733376026154,ENSG00000164050
ENSG00000149451,967.0,3.4062045,1.2251251,1,966.659379541874,ENSG00000149451
ENSG00000072134,970.0,27.263985,5.2697644,1,967.2736015319824,ENSG00000072134
ENSG00000092929,968.0,3.39861,1.0976281,1,967.6601389944552,ENSG00000092929
ENSG00000167397,971.0,27.256199,11.527481,1,968.2743802070618,ENSG00000167397
ENSG00000249978,969.0,3.3981302,8.214513,1,968.6601869761944,TRGV7
ENSG00000075618,972.0,27.25347,3.9148474,1,969.2746529579164,ENSG00000075618
ENSG00000168071,970.0,3.3899283,1.1876605,1,969.6610071659088,ENSG00000168071
ENSG00000057935,973.0,27.251183,4.4489393,1,970.2748818397522,ENSG00000057935
ENSG00000121297,971.0,3.3786533,0.829752,1,970.6621346771716,ENSG00000121297
ENSG00000178741,974.0,27.24758,19.495602,1,971.2752420902252,ENSG00000178741
ENSG00000134028,972.0,3.377247,3.0058427,1,971.6622752845288,ADAMDEC1
ENSG00000130638,975.0,27.237778,11.228638,1,972.276222229004,ENSG00000130638
ENSG00000140199,973.0,3.3691313,1.158844,1,972.663086861372,ENSG00000140199
ENSG00000168288,976.0,27.209772,9.382801,1,973.279022693634,ENSG00000168288
ENSG00000127083,974.0,3.3496373,1.4216548,1,973.6650362610816,ENSG00000127083
ENSG00000253716,977.0,27.187702,5.7407613,1,974.2812297344208,ENSG00000253716
ENSG00000211792,975.0,3.3410568,11.780554,1,974.665894329548,TRAV14DV4
ENSG00000163110,978.0,27.179762,5.2319126,1,975.2820239067078,ENSG00000163110
ENSG00000160013,976.0,3.336452,1.5951704,1,975.6663548052312,ENSG00000160013
ENSG00000182199,979.0,27.178328,10.556105,1,976.2821671962738,ENSG00000182199
ENSG00000211791,977.0,3.3321111,11.30965,1,976.6667888760568,TRAV13-2
ENSG00000197586,980.0,27.172424,5.9287753,1,977.2827575206755,ENSG00000197586
ENSG00000134061,978.0,3.3219228,5.2528987,1,977.667807728052,ENSG00000134061
ENSG00000112977,981.0,27.169931,5.7122507,1,978.2830069065094,ENSG00000112977
ENSG00000107719,979.0,3.303808,0.77256364,1,978.6696192026138,ENSG00000107719
ENSG00000101126,982.0,27.166685,3.3613641,1,979.2833313941956,ENSG00000101126
ENSG00000254709,980.0,3.3005257,17.872248,1,979.6699474453926,IGLL5
ENSG00000106554,983.0,27.16599,9.74235,1,980.2834010124208,ENSG00000106554
ENSG00000120217,981.0,3.2989693,1.340682,1,980.67010307312,ENSG00000120217
ENSG00000141959,984.0,27.15234,6.3050165,1,981.284765958786,ENSG00000141959
ENSG00000256553,982.0,3.2965062,12.358897,1,981.6703493893148,TRAV1-2
ENSG00000173473,985.0,27.149925,4.50798,1,982.2850074768066,ENSG00000173473
ENSG00000211807,983.0,3.291827,8.940473,1,982.6708173155783,TRAV26-1
ENSG00000153774,986.0,27.144617,6.227635,1,983.2855381965636,ENSG00000153774
ENSG00000138670,984.0,3.2894719,1.0797893,1,983.67105281353,ENSG00000138670
ENSG00000138029,987.0,27.138794,11.769573,1,984.2861206531524,ENSG00000138029
ENSG00000198759,985.0,3.2876527,5.8008475,1,984.6712347269058,ENSG00000198759
ENSG00000204852,988.0,27.123486,6.230076,1,985.2876515388488,ENSG00000204852
ENSG00000251442,986.0,3.2869532,3.6602545,1,985.6713046729564,ENSG00000251442
ENSG00000003147,989.0,27.120996,1.6459885,1,986.2879004478456,ENSG00000003147
ENSG00000211801,987.0,3.2784507,10.377307,1,986.6721549332142,TRAV21
ENSG00000139428,990.0,27.10776,5.5897036,1,987.2892241477966,ENSG00000139428
ENSG00000168329,988.0,3.2746823,8.239391,1,987.6725317835808,CX3CR1
ENSG00000142864,991.0,27.088556,16.822317,1,988.2911443710328,ENSG00000142864
ENSG00000164136,989.0,3.2669625,1.9059012,1,988.6733037531376,ENSG00000164136
ENSG00000180398,992.0,27.049685,5.6353254,1,989.2950315475464,ENSG00000180398
ENSG00000211795,990.0,3.2648382,9.289537,1,989.6735161840916,TRAV8-6
ENSG00000101940,993.0,27.041765,7.044271,1,990.2958235740662,ENSG00000101940
ENSG00000211679,991.0,3.263646,11.909834,1,990.6736354231834,IGLC3
ENSG00000135929,994.0,27.028532,11.930829,1,991.2971467971802,ENSG00000135929
ENSG00000235568,992.0,3.2567723,3.813567,1,991.674322783947,ENSG00000235568
ENSG00000116649,995.0,27.021553,5.992625,1,992.2978446483612,ENSG00000116649
ENSG00000128218,993.0,3.2521589,7.402998,1,992.6747841238976,VPREB3
ENSG00000113013,996.0,26.982225,18.170153,1,993.3017773628236,ENSG00000113013
ENSG00000113319,994.0,3.2371275,3.3888986,1,993.6762872338296,ENSG00000113319
ENSG00000014641,997.0,26.951797,23.571697,1,994.3048202991486,ENSG00000014641
ENSG00000213413,995.0,3.2237008,7.387618,1,994.67762991786,ENSG00000213413
ENSG00000147548,998.0,26.949108,3.6482975,1,995.3050892353058,ENSG00000147548
ENSG00000226660,996.0,3.22151,12.870833,1,995.677848994732,TRBV2
ENSG00000089048,999.0,26.93981,4.6702614,1,996.3060190677644,ENSG00000089048
ENSG00000078081,997.0,3.2107766,3.33697,1,996.678922355175,ENSG00000078081
ENSG00000272047,1000.0,26.933548,2.3866718,1,997.306645154953,ENSG00000272047
ENSG00000168081,998.0,3.1798105,5.9366746,1,997.6820189356804,PNOC
ENSG00000130513,1001.0,26.908012,28.314041,1,998.3091988563538,ENSG00000130513
ENSG00000019991,999.0,3.1730037,0.66812825,1,998.6826996207236,ENSG00000019991
ENSG00000078668,1002.0,26.907856,8.200978,1,999.3092143535614,ENSG00000078668
ENSG00000206538,1000.0,3.1568277,1.3145005,1,999.6843172311784,ENSG00000206538
ENSG00000183291,1003.0,26.89553,9.371804,1,1000.3104469776154,ENSG00000183291
ENSG00000160883,1001.0,3.135081,6.8884954,1,1000.6864919066428,ENSG00000160883
ENSG00000138078,1004.0,26.893616,4.770454,1,1001.3106384277344,ENSG00000138078
ENSG00000148541,1002.0,3.1347928,0.8073636,1,1001.6865207254888,ENSG00000148541
ENSG00000134287,1005.0,26.883814,4.1891575,1,1002.3116185665132,ENSG00000134287
ENSG00000139572,1003.0,3.1274273,6.841561,1,1002.6872572600842,ENSG00000139572
ENSG00000197451,1006.0,26.88062,3.3068132,1,1003.3119380474092,ENSG00000197451
ENSG00000010932,1004.0,3.1238072,3.1423063,1,1003.6876192688942,ENSG00000010932
ENSG00000079246,1007.0,26.87819,16.093754,1,1004.3121809959412,ENSG00000079246
ENSG00000020181,1005.0,3.1201813,0.68690044,1,1004.6879818737508,ENSG00000020181
ENSG00000131116,1008.0,26.876812,2.803787,1,1005.31231880188,ENSG00000131116
ENSG00000095303,1006.0,3.1133544,2.4760895,1,1005.6886645555496,ENSG00000095303
ENSG00000166833,1009.0,26.864698,8.2668085,1,1006.3135302066804,ENSG00000166833
ENSG00000178623,1007.0,3.0992064,3.5018716,1,1006.6900793612004,ENSG00000178623
ENSG00000155096,1010.0,26.862938,6.0698533,1,1007.3137061595916,ENSG00000155096
ENSG00000174944,1008.0,3.0798225,5.652382,1,1007.6920177340508,ENSG00000174944
ENSG00000179010,1011.0,26.856747,18.775469,1,1008.3143253326416,ENSG00000179010
ENSG00000256128,1009.0,3.0747335,2.2230308,1,1008.6925266385078,ENSG00000256128
ENSG00000129562,1012.0,26.847374,13.193341,1,1009.315262556076,ENSG00000129562
ENSG00000136867,1010.0,3.0528114,1.4620539,1,1009.6947188675404,ENSG00000136867
ENSG00000164944,1013.0,26.838808,3.9611619,1,1010.3161191940308,ENSG00000164944
ENSG00000123689,1011.0,3.0279555,2.319473,1,1010.697204440832,G0S2
ENSG00000126878,1014.0,26.831053,9.261925,1,1011.3168947696686,ENSG00000126878
ENSG00000173208,1012.0,3.0224879,7.1286883,1,1011.697751224041,ENSG00000173208
ENSG00000147140,1015.0,26.829092,22.661627,1,1012.3170907497406,ENSG00000147140
ENSG00000112561,1013.0,2.9989755,0.6342542,1,1012.7001024484634,ENSG00000112561
ENSG00000075223,1016.0,26.81644,8.30227,1,1013.31835603714,ENSG00000075223
ENSG00000100079,1014.0,2.9985461,3.3712163,1,1013.70014539361,LGALS2
ENSG00000113494,1017.0,26.80585,7.2403026,1,1014.3194150924684,ENSG00000113494
ENSG00000179954,1015.0,2.9907012,1.8323674,1,1014.7009298801422,ENSG00000179954
ENSG00000164684,1018.0,26.800917,7.880552,1,1015.3199083805084,ENSG00000164684
ENSG00000003400,1016.0,2.9664574,0.66534233,1,1015.703354269266,ENSG00000003400
ENSG00000265808,1019.0,26.79265,4.6154284,1,1016.3207349777222,ENSG00000265808
ENSG00000233355,1017.0,2.958392,2.5821147,1,1016.7041608095168,CHRM3-AS2
ENSG00000114503,1020.0,26.77811,8.4998865,1,1017.3221888542176,ENSG00000114503
ENSG00000243811,1018.0,2.9524264,1.224297,1,1017.704757362604,ENSG00000243811
ENSG00000086666,1021.0,26.770567,8.712549,1,1018.3229432106018,ENSG00000086666
ENSG00000104921,1019.0,2.9446294,13.408865,1,1018.7055370509624,FCER2
ENSG00000128039,1022.0,26.770203,6.077055,1,1019.3229796886444,ENSG00000128039
ENSG00000099953,1020.0,2.9438245,5.966158,1,1019.7056175470352,MMP11
ENSG00000260260,1023.0,26.754986,5.306143,1,1020.3245015144348,ENSG00000260260
ENSG00000138678,1021.0,2.9436686,0.8520564,1,1020.7056331336498,ENSG00000138678
ENSG00000152332,1024.0,26.754593,2.2122054,1,1021.3245406150818,ENSG00000152332
ENSG00000118407,1022.0,2.9254436,1.1077813,1,1021.7074556350708,ENSG00000118407
ENSG00000164323,1025.0,26.748222,5.0870476,1,1022.3251776695251,ENSG00000164323
ENSG00000198113,1023.0,2.9031374,1.0664196,1,1022.7096862494946,ENSG00000198113
ENSG00000185842,1026.0,26.744593,9.170483,1,1023.3255407810212,ENSG00000185842
ENSG00000211785,1024.0,2.8820662,14.369017,1,1023.7117933630944,TRAV12-1
ENSG00000094975,1027.0,26.742418,2.7988098,1,1024.3257582187653,ENSG00000094975
ENSG00000154133,1025.0,2.8640451,2.1440802,1,1024.7135954797268,ROBO4
ENSG00000084623,1028.0,26.727688,18.556166,1,1025.327231168747,ENSG00000084623
ENSG00000101665,1026.0,2.8382745,1.064142,1,1025.7161725461483,ENSG00000101665
ENSG00000102898,1029.0,26.725975,7.9648933,1,1026.327402591705,ENSG00000102898
ENSG00000158473,1027.0,2.8371274,5.898699,1,1026.7162872552872,ENSG00000158473
ENSG00000132680,1030.0,26.72363,3.858818,1,1027.3276369571686,ENSG00000132680
ENSG00000181631,1028.0,2.832839,7.798442,1,1027.7167161107063,ENSG00000181631
ENSG00000112146,1031.0,26.71377,3.0791512,1,1028.3286230564115,ENSG00000112146
ENSG00000224137,1029.0,2.823072,5.6822824,1,1028.7176927924156,LINC01857
ENSG00000144218,1032.0,26.67447,3.2321684,1,1029.332552909851,ENSG00000144218
ENSG00000111331,1030.0,2.8146613,0.8639381,1,1029.718533873558,ENSG00000111331
ENSG00000184076,1033.0,26.674093,8.7146845,1,1030.3325905799866,ENSG00000184076
ENSG00000159733,1031.0,2.8115344,0.51502806,1,1030.7188465595243,ENSG00000159733
ENSG00000116539,1034.0,26.67261,2.1358185,1,1031.3327391147614,ENSG00000116539
ENSG00000177464,1032.0,2.805287,2.5677888,1,1031.7194713056087,ENSG00000177464
ENSG00000147649,1035.0,26.669937,8.980377,1,1032.3330063819883,ENSG00000147649
ENSG00000213088,1033.0,2.796957,6.442593,1,1032.7203043103218,ACKR1
ENSG00000119280,1036.0,26.667068,7.8624153,1,1033.3332931995392,ENSG00000119280
ENSG00000274020,1034.0,2.7962685,3.287772,1,1033.7203731536863,ENSG00000274020
ENSG00000074410,1037.0,26.648499,5.6955786,1,1034.3351502418518,ENSG00000074410
ENSG00000152784,1035.0,2.7800813,3.2935634,1,1034.721991866827,ENSG00000152784
ENSG00000101166,1038.0,26.61489,4.1204443,1,1035.3385109901428,ENSG00000101166
ENSG00000211817,1036.0,2.7796094,11.597841,1,1035.7220390439034,TRAV38-2DV8
ENSG00000176105,1039.0,26.611223,3.9810781,1,1036.3388776779177,ENSG00000176105
ENSG00000166002,1037.0,2.777783,0.8259587,1,1036.7222217023373,ENSG00000166002
ENSG00000134248,1040.0,26.60759,16.41073,1,1037.339241027832,ENSG00000134248
ENSG00000271614,1038.0,2.7775736,0.88013583,1,1037.72224265337,ENSG00000271614
ENSG00000164830,1041.0,26.584028,4.702052,1,1038.3415970802307,ENSG00000164830
ENSG00000174885,1039.0,2.770099,6.8882766,1,1038.7229900956154,ENSG00000174885
ENSG00000138385,1042.0,26.576765,13.424808,1,1039.3423235416412,ENSG00000138385
ENSG00000152766,1040.0,2.7554135,5.1277475,1,1039.7244586348534,ENSG00000152766
ENSG00000136718,1043.0,26.576698,6.8308573,1,1040.3423302173617,ENSG00000136718
ENSG00000211698,1041.0,2.7526138,9.797608,1,1040.7247386276722,TRGV4
ENSG00000170027,1044.0,26.570515,3.9935021,1,1041.342948436737,ENSG00000170027
ENSG00000164220,1042.0,2.7450745,0.7777874,1,1041.7254925370216,ENSG00000164220
ENSG00000133027,1045.0,26.560347,6.0078425,1,1042.343965291977,ENSG00000133027
ENSG00000123360,1043.0,2.7304723,3.0175824,1,1042.7269527614117,ENSG00000123360
ENSG00000023572,1046.0,26.548756,5.165461,1,1043.3451244831083,ENSG00000023572
ENSG00000185482,1044.0,2.7059622,1.6632763,1,1043.7294037938118,ENSG00000185482
ENSG00000168958,1047.0,26.547722,8.258263,1,1044.3452277183533,ENSG00000168958
ENSG00000276231,1045.0,2.7047076,3.4804807,1,1044.7295292317867,ENSG00000276231
ENSG00000126653,1048.0,26.539755,5.9572573,1,1045.3460245132446,ENSG00000126653
ENSG00000211796,1046.0,2.7035496,9.812093,1,1045.7296450436115,TRAV16
ENSG00000006042,1049.0,26.537666,11.386089,1,1046.34623336792,ENSG00000006042
ENSG00000164530,1047.0,2.6861572,7.166073,1,1046.7313842773438,PI16
ENSG00000145919,1050.0,26.536215,3.236296,1,1047.3463785648346,ENSG00000145919
ENSG00000048462,1048.0,2.6841047,6.8958488,1,1047.731589525938,TNFRSF17
ENSG00000095906,1051.0,26.535582,5.6951876,1,1048.346441745758,ENSG00000095906
ENSG00000152213,1049.0,2.6819086,2.6285732,1,1048.7318091392517,ENSG00000152213
ENSG00000135624,1052.0,26.533958,20.741783,1,1049.3466041088104,ENSG00000135624
ENSG00000237702,1050.0,2.672975,12.500736,1,1049.7327024936676,TRBV3-1
ENSG00000140350,1053.0,26.523764,3.7434652,1,1050.347623586655,ENSG00000140350
ENSG00000119922,1051.0,2.657771,0.60098356,1,1050.7342228889463,ENSG00000119922
ENSG00000046653,1054.0,26.519228,35.562893,1,1051.3480772972107,ENSG00000046653
ENSG00000211727,1052.0,2.6552038,9.47394,1,1051.7344796061516,TRBV7-6
ENSG00000099282,1055.0,26.512663,6.009035,1,1052.348733663559,ENSG00000099282
ENSG00000235304,1053.0,2.6503386,9.40997,1,1052.7349661290646,ENSG00000235304
ENSG00000117461,1056.0,26.501526,5.082618,1,1053.349847316742,ENSG00000117461
ENSG00000174123,1054.0,2.6479776,4.739531,1,1053.7352022528648,ENSG00000174123
ENSG00000090621,1057.0,26.492828,6.05223,1,1054.3507170677185,ENSG00000090621
ENSG00000005102,1055.0,2.6311264,5.5959926,1,1054.7368873655796,MEOX1
ENSG00000100129,1058.0,26.488914,56.10822,1,1055.3511085510254,ENSG00000100129
ENSG00000108700,1056.0,2.6069534,7.6071444,1,1055.7393046617508,CCL8
ENSG00000086065,1059.0,26.480299,7.0929475,1,1056.3519701957705,ENSG00000086065
ENSG00000154165,1057.0,2.6016695,13.481449,1,1056.7398330569267,GPR15
ENSG00000130985,1060.0,26.450796,7.792442,1,1057.354920387268,ENSG00000130985
ENSG00000213186,1058.0,2.598596,0.7015392,1,1057.7401403784752,ENSG00000213186
ENSG00000178057,1061.0,26.44546,8.17351,1,1058.355453968048,ENSG00000178057
ENSG00000120279,1059.0,2.5623624,3.1886554,1,1058.743763744831,ENSG00000120279
ENSG00000163655,1062.0,26.442823,6.6652875,1,1059.3557176589966,ENSG00000163655
ENSG00000145088,1060.0,2.5367122,1.2855082,1,1059.7463287711143,ENSG00000145088
ENSG00000171316,1063.0,26.44234,5.5322633,1,1060.3557658195496,ENSG00000171316
ENSG00000129038,1061.0,2.5351024,1.1993184,1,1060.74648976326,ENSG00000129038
ENSG00000035141,1064.0,26.440262,5.8963833,1,1061.3559737205503,ENSG00000035141
ENSG00000205809,1062.0,2.5299022,2.6840603,1,1061.7470097839832,KLRC2
ENSG00000184117,1065.0,26.439325,4.5688553,1,1062.356067419052,ENSG00000184117
ENSG00000211745,1063.0,2.526213,14.3792715,1,1062.747378706932,TRBV4-2
ENSG00000213639,1066.0,26.434177,8.93394,1,1063.3565821647644,ENSG00000213639
ENSG00000254415,1064.0,2.517983,7.595972,1,1063.7482016980648,ENSG00000254415
ENSG00000158417,1067.0,26.427746,4.5434127,1,1064.3572254180908,ENSG00000158417
ENSG00000211794,1065.0,2.507628,10.486375,1,1064.7492372095585,TRAV12-3
ENSG00000088986,1068.0,26.393198,20.993092,1,1065.360680103302,ENSG00000088986
ENSG00000083454,1066.0,2.5064292,7.404491,1,1065.7493570744991,ENSG00000083454
ENSG00000126067,1069.0,26.383194,7.363365,1,1066.36168050766,ENSG00000126067
ENSG00000124772,1067.0,2.5052965,1.1626581,1,1066.7494703531263,ENSG00000124772
ENSG00000143486,1070.0,26.376987,5.2065864,1,1067.36230134964,ENSG00000143486
ENSG00000100721,1068.0,2.4994533,12.748337,1,1067.7500546723604,TCL1A
ENSG00000188976,1071.0,26.376307,7.7522116,1,1068.362369298935,ENSG00000188976
ENSG00000108405,1069.0,2.4942517,9.442648,1,1068.7505748271942,ENSG00000108405
ENSG00000233016,1072.0,26.371151,3.5825307,1,1069.3628849983215,ENSG00000233016
ENSG00000158481,1070.0,2.4900603,11.543848,1,1069.7509939670565,CD1C
ENSG00000157778,1073.0,26.370771,4.872806,1,1070.3629229068756,ENSG00000157778
ENSG00000169429,1071.0,2.4897456,0.5704651,1,1070.7510254383087,CXCL8
ENSG00000136518,1074.0,26.339754,8.446825,1,1071.3660244941711,ENSG00000136518
ENSG00000145365,1072.0,2.4868345,0.8524478,1,1071.7513165473938,ENSG00000145365
ENSG00000149136,1075.0,26.326033,3.659437,1,1072.3673968315125,ENSG00000149136
ENSG00000109472,1073.0,2.4747634,0.8454226,1,1072.7525236606598,ENSG00000109472
ENSG00000134825,1076.0,26.32283,9.05054,1,1073.3677170276642,ENSG00000134825
ENSG00000186642,1074.0,2.4744923,1.0820616,1,1073.752550765872,ENSG00000186642
ENSG00000214706,1077.0,26.320507,7.597911,1,1074.3679492473602,ENSG00000214706
ENSG00000122641,1075.0,2.4307418,0.93929195,1,1074.7569258213043,INHBA
ENSG00000167862,1078.0,26.316095,4.2315903,1,1075.36839056015,ENSG00000167862
ENSG00000169385,1076.0,2.4182334,9.375863,1,1075.7581766545773,ENSG00000169385
ENSG00000135525,1079.0,26.314337,5.592833,1,1076.368566274643,ENSG00000135525
ENSG00000165633,1077.0,2.4146988,0.560301,1,1076.7585301101208,ENSG00000165633
ENSG00000172301,1080.0,26.29662,5.9445906,1,1077.3703379631042,ENSG00000172301
ENSG00000124496,1078.0,2.4094474,3.0118172,1,1077.7590552568436,ENSG00000124496
ENSG00000163428,1081.0,26.287365,3.8777435,1,1078.3712635040283,ENSG00000163428
ENSG00000246223,1079.0,2.3931804,2.8588288,1,1078.7606819570065,ENSG00000246223
ENSG00000075785,1082.0,26.285444,21.178867,1,1079.371455669403,ENSG00000075785
ENSG00000203710,1080.0,2.3779707,7.5830817,1,1079.762202933431,ENSG00000203710
ENSG00000089597,1083.0,26.278557,7.994048,1,1080.3721442222595,ENSG00000089597
ENSG00000186407,1081.0,2.3773012,3.355622,1,1080.762269884348,ENSG00000186407
ENSG00000141385,1084.0,26.27144,5.7225723,1,1081.372855901718,ENSG00000141385
ENSG00000211696,1082.0,2.373474,9.665297,1,1081.762652605772,TRGV8
ENSG00000163738,1085.0,26.270544,4.174695,1,1082.372945547104,ENSG00000163738
ENSG00000105664,1083.0,2.365087,3.6583333,1,1082.7634913027289,COMP
ENSG00000121900,1086.0,26.258007,6.6634717,1,1083.3741993904114,ENSG00000121900
ENSG00000204866,1084.0,2.3529098,3.69917,1,1083.7647090256214,IGFL2
ENSG00000166426,1087.0,26.257307,10.433112,1,1084.374269247055,CRABP1
ENSG00000120156,1085.0,2.320817,2.8244672,1,1084.767918303609,ENSG00000120156
ENSG00000138674,1088.0,26.252535,8.965204,1,1085.3747465610504,ENSG00000138674
ENSG00000092871,1086.0,2.3109057,1.6621056,1,1085.7689094245434,ENSG00000092871
ENSG00000009307,1089.0,26.249653,16.570137,1,1086.3750348091123,ENSG00000009307
ENSG00000180549,1087.0,2.3073018,8.692567,1,1086.769269824028,ENSG00000180549
ENSG00000090487,1090.0,26.242804,9.994054,1,1087.3757195472715,ENSG00000090487
ENSG00000205358,1088.0,2.2898998,7.2508354,1,1087.7710100114346,MT1H
ENSG00000130545,1091.0,26.23312,6.3023696,1,1088.37668800354,ENSG00000130545
ENSG00000100379,1089.0,2.2843876,1.2723961,1,1088.7715612351894,ENSG00000100379
ENSG00000169692,1092.0,26.206217,7.307683,1,1089.3793783187866,ENSG00000169692
ENSG00000211728,1090.0,2.2805684,11.581195,1,1089.771943166852,TRBV5-6
ENSG00000163444,1093.0,26.200241,4.2920675,1,1090.3799757957458,ENSG00000163444
ENSG00000269220,1091.0,2.2702749,5.489982,1,1090.772972509265,ENSG00000269220
ENSG00000150787,1094.0,26.178028,5.7673235,1,1091.382197141647,ENSG00000150787
ENSG00000187037,1092.0,2.2689972,4.1964955,1,1091.7731002867222,ENSG00000187037
ENSG00000134352,1095.0,26.175617,2.638584,1,1092.3824381828308,ENSG00000134352
ENSG00000174718,1093.0,2.2638671,3.5438519,1,1092.7736132889986,RESF1
ENSG00000198625,1096.0,26.173506,3.2254689,1,1093.382649421692,ENSG00000198625
ENSG00000166927,1094.0,2.257657,2.5560958,1,1093.7742342948914,MS4A7
ENSG00000181704,1097.0,26.170856,4.952299,1,1094.3829143047333,ENSG00000181704
ENSG00000211710,1095.0,2.2454176,18.529268,1,1094.7754582464695,TRBV4-1
ENSG00000123200,1098.0,26.16892,8.528334,1,1095.3831079006195,ENSG00000123200
ENSG00000211706,1096.0,2.2408755,12.424551,1,1095.7759124487638,TRBV6-1
ENSG00000108468,1099.0,26.167696,4.557817,1,1096.3832304477692,ENSG00000108468
ENSG00000196616,1097.0,2.2392704,4.356508,1,1096.776072949171,ADH1B
ENSG00000143442,1100.0,26.166893,4.805686,1,1097.3833107948303,ENSG00000143442
ENSG00000196092,1098.0,2.2386343,6.593468,1,1097.7761365622282,PAX5
ENSG00000157916,1101.0,26.164288,7.9512815,1,1098.3835711479187,ENSG00000157916
ENSG00000215190,1099.0,2.2379782,2.5267267,1,1098.776202172041,ENSG00000215190
ENSG00000100577,1102.0,26.163963,5.165645,1,1099.3836035728457,ENSG00000100577
ENSG00000235831,1100.0,2.2359936,4.758861,1,1099.7764006406069,ENSG00000235831
ENSG00000120306,1103.0,26.162548,9.90343,1,1100.3837451934814,ENSG00000120306
ENSG00000134443,1101.0,2.2135744,2.2328858,1,1100.778642565012,GRP
ENSG00000090273,1104.0,26.15771,9.850572,1,1101.384229183197,ENSG00000090273
ENSG00000213923,1105.0,26.157656,5.402302,1,1102.3842344284058,ENSG00000213923
ENSG00000173334,1106.0,26.149149,4.255205,1,1103.385085105896,ENSG00000173334
ENSG00000065000,1107.0,26.13299,4.3739753,1,1104.3867011070251,ENSG00000065000
ENSG00000162433,1108.0,26.132467,5.7483087,1,1105.386753320694,ENSG00000162433
ENSG00000053372,1109.0,26.122292,6.6398664,1,1106.3877708911896,ENSG00000053372
ENSG00000041357,1110.0,26.117533,12.90907,1,1107.3882467746737,ENSG00000041357
ENSG00000137267,1111.0,26.11471,14.368377,1,1108.3885290622711,ENSG00000137267
ENSG00000214194,1112.0,26.113302,7.499906,1,1109.3886697292328,ENSG00000214194
ENSG00000167700,1113.0,26.102625,6.1785545,1,1110.3897376060486,ENSG00000167700
ENSG00000187164,1114.0,26.071114,4.699606,1,1111.39288854599,ENSG00000187164
ENSG00000146416,1115.0,26.070478,4.321801,1,1112.3929522037506,ENSG00000146416
ENSG00000139726,1116.0,26.068127,5.908988,1,1113.3931872844696,ENSG00000139726
ENSG00000147889,1117.0,26.067488,6.38433,1,1114.3932511806488,ENSG00000147889
ENSG00000168300,1118.0,26.059511,3.6209347,1,1115.3940489292145,ENSG00000168300
ENSG00000154174,1119.0,26.03595,3.674488,1,1116.3964049816132,ENSG00000154174
ENSG00000124006,1120.0,26.0332,6.958982,1,1117.3966801166534,ENSG00000124006
ENSG00000167553,1121.0,26.02801,10.903798,1,1118.3971991539,ENSG00000167553
ENSG00000163923,1122.0,26.026411,4.3858786,1,1119.397358894348,ENSG00000163923
ENSG00000120509,1123.0,26.002409,6.127417,1,1120.399759054184,ENSG00000120509
ENSG00000147274,1124.0,26.001038,17.216898,1,1121.399896144867,ENSG00000147274
ENSG00000129514,1125.0,25.98338,10.347383,1,1122.4016621112823,ENSG00000129514
ENSG00000116288,1126.0,25.981977,21.273422,1,1123.4018023014069,ENSG00000116288
ENSG00000180822,1127.0,25.98185,3.6933825,1,1124.4018149375916,ENSG00000180822
ENSG00000130707,1128.0,25.976479,6.3753004,1,1125.4023520946505,ENSG00000130707
ENSG00000117479,1129.0,25.971611,7.985366,1,1126.4028389453888,ENSG00000117479
ENSG00000205707,1130.0,25.952906,4.4182544,1,1127.4047093391418,ENSG00000205707
ENSG00000163811,1131.0,25.950508,7.399473,1,1128.4049491882324,ENSG00000163811
ENSG00000124570,1132.0,25.945797,7.7877183,1,1129.4054203033447,ENSG00000124570
ENSG00000124171,1133.0,25.924444,3.2996914,1,1130.4075555801392,ENSG00000124171
ENSG00000005075,1134.0,25.923874,5.2621307,1,1131.4076125621796,ENSG00000005075
ENSG00000155506,1135.0,25.923645,4.217515,1,1132.4076354503632,ENSG00000155506
ENSG00000161981,1136.0,25.92239,4.7338123,1,1133.4077610969543,ENSG00000161981
ENSG00000130821,1137.0,25.915276,6.477282,1,1134.4084725379944,ENSG00000130821
ENSG00000065057,1138.0,25.900509,7.123638,1,1135.4099490642548,ENSG00000065057
ENSG00000156928,1139.0,25.897852,7.887778,1,1136.4102149009705,ENSG00000156928
ENSG00000115884,1140.0,25.894354,3.2692065,1,1137.410564661026,ENSG00000115884
ENSG00000104442,1141.0,25.864202,5.2776294,1,1138.413579702377,ENSG00000104442
ENSG00000170632,1142.0,25.849804,2.8428087,1,1139.4150195121765,ENSG00000170632
ENSG00000218739,1143.0,25.843397,3.9333446,1,1140.4156603813171,ENSG00000218739
ENSG00000141756,1144.0,25.832092,5.7289944,1,1141.416790723801,ENSG00000141756
ENSG00000106052,1145.0,25.822617,13.887024,1,1142.4177384376526,ENSG00000106052
ENSG00000176623,1146.0,25.81695,5.6298695,1,1143.4183049201963,ENSG00000176623
ENSG00000166171,1147.0,25.811338,7.3160667,1,1144.4188661575315,ENSG00000166171
ENSG00000163001,1148.0,25.788054,5.126314,1,1145.4211945533752,ENSG00000163001
ENSG00000171135,1149.0,25.780172,5.959591,1,1146.4219827651978,ENSG00000171135
ENSG00000243056,1150.0,25.767624,6.034697,1,1147.4232375621796,ENSG00000243056
ENSG00000144567,1151.0,25.765484,3.701844,1,1148.4234516620636,ENSG00000144567
ENSG00000109606,1152.0,25.758091,7.376472,1,1149.4241909980774,ENSG00000109606
ENSG00000160753,1153.0,25.751593,4.59938,1,1150.4248406887054,ENSG00000160753
ENSG00000102024,1154.0,25.724012,13.928842,1,1151.4275987148285,ENSG00000102024
ENSG00000129351,1155.0,25.720778,11.565704,1,1152.4279222488403,ENSG00000129351
ENSG00000109654,1156.0,25.703844,10.552173,1,1153.429615497589,ENSG00000109654
ENSG00000111726,1157.0,25.690659,5.6585555,1,1154.43093419075,ENSG00000111726
ENSG00000143155,1158.0,25.681044,6.27659,1,1155.4318957328796,ENSG00000143155
ENSG00000178952,1159.0,25.661457,16.327707,1,1156.433854341507,ENSG00000178952
ENSG00000213619,1160.0,25.65819,9.494997,1,1157.4341809749603,ENSG00000213619
ENSG00000167196,1161.0,25.651892,4.7984996,1,1158.4348108768463,ENSG00000167196
ENSG00000225470,1162.0,25.62866,3.3435798,1,1159.437134027481,ENSG00000225470
ENSG00000175455,1163.0,25.626303,4.146284,1,1160.4373698234558,ENSG00000175455
ENSG00000137962,1164.0,25.622952,3.6225922,1,1161.4377048015594,ENSG00000137962
ENSG00000152104,1165.0,25.61867,5.8123403,1,1162.4381330013275,ENSG00000152104
ENSG00000211460,1166.0,25.603647,8.836403,1,1163.4396352767944,ENSG00000211460
ENSG00000049245,1167.0,25.6018,7.743945,1,1164.4398198127749,ENSG00000049245
ENSG00000104517,1168.0,25.597343,3.5708961,1,1165.4402656555176,ENSG00000104517
ENSG00000116641,1169.0,25.591623,7.108048,1,1166.4408376216888,ENSG00000116641
ENSG00000100116,1170.0,25.588293,8.060369,1,1167.4411706924438,ENSG00000100116
ENSG00000125356,1171.0,25.576038,8.909352,1,1168.4423961639404,ENSG00000125356
ENSG00000130338,1172.0,25.575104,10.287881,1,1169.4424896240234,ENSG00000130338
ENSG00000160691,1173.0,25.567852,11.106763,1,1170.443214893341,ENSG00000160691
ENSG00000131473,1174.0,25.553957,6.384966,1,1171.44460439682,ENSG00000131473
ENSG00000180228,1175.0,25.553638,5.364923,1,1172.444636106491,ENSG00000180228
ENSG00000175166,1176.0,25.54851,12.276872,1,1173.4451489448547,ENSG00000175166
ENSG00000047249,1177.0,25.5419,8.988502,1,1174.445809841156,ENSG00000047249
ENSG00000147654,1178.0,25.536438,3.6235623,1,1175.4463562965393,ENSG00000147654
ENSG00000062038,1179.0,25.512785,15.455048,1,1176.448721408844,ENSG00000062038
ENSG00000115183,1180.0,25.508305,5.8004313,1,1177.4491696357727,ENSG00000115183
ENSG00000197982,1181.0,25.485237,3.7397823,1,1178.4514763355255,ENSG00000197982
ENSG00000114062,1182.0,25.476334,3.9157145,1,1179.4523665905,ENSG00000114062
ENSG00000103152,1183.0,25.475058,6.533681,1,1180.4524941444397,ENSG00000103152
ENSG00000187051,1184.0,25.454056,6.6413045,1,1181.454594373703,ENSG00000187051
ENSG00000128524,1185.0,25.438002,12.82948,1,1182.456199884415,ENSG00000128524
ENSG00000163463,1186.0,25.435411,12.599567,1,1183.4564588069916,ENSG00000163463
ENSG00000178127,1187.0,25.426031,10.57544,1,1184.4573969841003,ENSG00000178127
ENSG00000186184,1188.0,25.422277,9.05131,1,1185.4577722549438,ENSG00000186184
ENSG00000088833,1189.0,25.414364,4.938703,1,1186.458563566208,ENSG00000088833
ENSG00000169018,1190.0,25.414047,4.7236323,1,1187.458595275879,ENSG00000169018
ENSG00000179262,1191.0,25.405346,5.9513545,1,1188.4594655036926,ENSG00000179262
ENSG00000109084,1192.0,25.404818,8.137559,1,1189.4595181941986,ENSG00000109084
ENSG00000080845,1193.0,25.399137,3.754694,1,1190.4600863456726,ENSG00000080845
ENSG00000174132,1194.0,25.394886,4.8256736,1,1191.4605114459991,ENSG00000174132
ENSG00000064651,1195.0,25.394209,4.091697,1,1192.4605791568756,ENSG00000064651
ENSG00000224032,1196.0,25.386316,9.875645,1,1193.4613683223724,ENSG00000224032
ENSG00000147535,1197.0,25.37037,3.8119671,1,1194.4629628658297,ENSG00000147535
ENSG00000147475,1198.0,25.367966,3.4555972,1,1195.4632034301758,ENSG00000147475
ENSG00000180304,1199.0,25.351742,10.239597,1,1196.4648258686066,ENSG00000180304
ENSG00000124177,1200.0,25.351553,4.2687163,1,1197.4648447036743,ENSG00000124177
ENSG00000087842,1201.0,25.350132,21.447905,1,1198.4649868011477,ENSG00000087842
ENSG00000197170,1202.0,25.347006,6.59027,1,1199.465299367905,ENSG00000197170
ENSG00000100983,1203.0,25.342295,6.7311063,1,1200.465770483017,ENSG00000100983
ENSG00000136026,1204.0,25.33981,3.6980298,1,1201.466019153595,ENSG00000136026
ENSG00000131368,1205.0,25.329958,6.9174876,1,1202.4670042991638,ENSG00000131368
ENSG00000122642,1206.0,25.328201,10.553159,1,1203.467179775238,ENSG00000122642
ENSG00000100246,1207.0,25.320698,4.5382333,1,1204.467930316925,ENSG00000100246
ENSG00000143179,1208.0,25.303165,6.9525967,1,1205.4696834087372,ENSG00000143179
ENSG00000131174,1209.0,25.295918,7.973401,1,1206.4704082012177,ENSG00000131174
ENSG00000117528,1210.0,25.287857,5.0922637,1,1207.4712142944336,ENSG00000117528
ENSG00000114902,1211.0,25.281885,17.784279,1,1208.4718115329742,ENSG00000114902
ENSG00000132541,1212.0,25.27082,5.068198,1,1209.4729180336,ENSG00000132541
ENSG00000100554,1213.0,25.264013,9.226748,1,1210.4735987186432,ENSG00000100554
ENSG00000111142,1214.0,25.251635,8.370436,1,1211.474836587906,ENSG00000111142
ENSG00000004864,1215.0,25.240814,8.666777,1,1212.4759185314178,ENSG00000004864
ENSG00000008441,1216.0,25.234066,3.7484486,1,1213.4765934944153,ENSG00000008441
ENSG00000101546,1217.0,25.231499,4.422007,1,1214.4768500328064,ENSG00000101546
ENSG00000141425,1218.0,25.223942,4.7922964,1,1215.477605819702,ENSG00000141425
ENSG00000114631,1219.0,25.223228,6.7636867,1,1216.4776771068573,ENSG00000114631
ENSG00000154447,1220.0,25.222431,4.2279944,1,1217.4777569770813,ENSG00000154447
ENSG00000006453,1221.0,25.220358,6.9357963,1,1218.4779641628263,ENSG00000006453
ENSG00000132128,1222.0,25.218334,6.6251044,1,1219.4781665802002,ENSG00000132128
ENSG00000126457,1223.0,25.215956,7.317404,1,1220.478404521942,ENSG00000126457
ENSG00000131495,1224.0,25.201502,5.688581,1,1221.4798498153689,ENSG00000131495
ENSG00000081154,1225.0,25.19428,8.886868,1,1222.4805719852448,ENSG00000081154
ENSG00000116120,1226.0,25.194023,6.826552,1,1223.4805977344513,ENSG00000116120
ENSG00000108344,1227.0,25.189968,4.012318,1,1224.4810032844543,ENSG00000108344
ENSG00000147955,1228.0,25.189884,8.742933,1,1225.4810116291046,ENSG00000147955
ENSG00000168056,1229.0,25.172358,2.5686233,1,1226.4827642440796,ENSG00000168056
ENSG00000117448,1230.0,25.172003,5.5709295,1,1227.482799768448,ENSG00000117448
ENSG00000109180,1231.0,25.156088,8.201843,1,1228.4843912124634,ENSG00000109180
ENSG00000213625,1232.0,25.142876,4.924013,1,1229.4857125282288,ENSG00000213625
ENSG00000241837,1233.0,25.14126,10.90782,1,1230.4858739376068,ENSG00000241837
ENSG00000143376,1234.0,25.14025,6.5821567,1,1231.4859750270844,ENSG00000143376
ENSG00000162735,1235.0,25.126076,7.6311398,1,1232.487392425537,ENSG00000162735
ENSG00000143315,1236.0,25.126,4.3391156,1,1233.4874000549316,ENSG00000143315
ENSG00000143797,1237.0,25.123617,5.671838,1,1234.4876382350922,ENSG00000143797
ENSG00000166900,1238.0,25.117094,5.7255473,1,1235.4882905483246,ENSG00000166900
ENSG00000123066,1239.0,25.113462,3.43301,1,1236.4886536598206,ENSG00000123066
ENSG00000111676,1240.0,25.111315,2.8096635,1,1237.4888684749603,ENSG00000111676
ENSG00000082641,1241.0,25.109495,4.5254717,1,1238.4890503883362,ENSG00000082641
ENSG00000104205,1242.0,25.10144,6.7888947,1,1239.489856004715,ENSG00000104205
ENSG00000169189,1243.0,25.096138,5.40329,1,1240.490386247635,ENSG00000169189
ENSG00000181991,1244.0,25.095001,5.5863967,1,1241.4904999732971,ENSG00000181991
ENSG00000083444,1245.0,25.087639,8.322051,1,1242.4912362098694,ENSG00000083444
ENSG00000204237,1246.0,25.086655,4.0801926,1,1243.491334438324,ENSG00000204237
ENSG00000170515,1247.0,25.083208,12.270656,1,1244.4916791915894,ENSG00000170515
ENSG00000166326,1248.0,25.078602,3.13563,1,1245.4921398162842,ENSG00000166326
ENSG00000133835,1249.0,25.065254,7.452081,1,1246.49347448349,ENSG00000133835
ENSG00000164062,1250.0,25.059612,8.526282,1,1247.4940388202667,ENSG00000164062
ENSG00000091164,1251.0,25.058254,7.7667646,1,1248.4941744804382,ENSG00000091164
ENSG00000181458,1252.0,25.055376,5.6674805,1,1249.4944624900818,ENSG00000181458
ENSG00000126803,1253.0,25.039963,8.444603,1,1250.496003627777,ENSG00000126803
ENSG00000137100,1254.0,25.038612,5.21453,1,1251.4961388111117,ENSG00000137100
ENSG00000197894,1255.0,25.038244,9.164306,1,1252.4961755275726,ENSG00000197894
ENSG00000105552,1256.0,25.03604,4.3613367,1,1253.4963960647583,ENSG00000105552
ENSG00000091409,1257.0,25.025074,3.574774,1,1254.4974925518036,ENSG00000091409
ENSG00000054116,1258.0,25.01825,6.4331784,1,1255.4981751441956,ENSG00000054116
ENSG00000068912,1259.0,25.01606,4.662755,1,1256.4983940124512,ENSG00000068912
ENSG00000116191,1260.0,25.002386,3.7495356,1,1257.4997613430023,ENSG00000116191
ENSG00000196636,1261.0,24.99684,6.7962737,1,1258.500316143036,ENSG00000196636
ENSG00000182827,1262.0,24.995993,3.5776489,1,1259.5004007816317,ENSG00000182827
ENSG00000073584,1263.0,24.994587,6.5049443,1,1260.5005412101746,ENSG00000073584
ENSG00000134644,1264.0,24.99158,3.8241615,1,1261.5008420944214,ENSG00000134644
ENSG00000096080,1265.0,24.990595,4.580996,1,1262.5009405612946,ENSG00000096080
ENSG00000085998,1266.0,24.984818,4.731852,1,1263.5015182495115,ENSG00000085998
ENSG00000100387,1267.0,24.983223,6.0198565,1,1264.5016777515411,ENSG00000100387
ENSG00000185442,1268.0,24.980106,8.696534,1,1265.501989364624,ENSG00000185442
ENSG00000161203,1269.0,24.971916,10.932319,1,1266.5028083324432,ENSG00000161203
ENSG00000138495,1270.0,24.959238,3.7412913,1,1267.504076242447,ENSG00000138495
ENSG00000157181,1271.0,24.957344,5.409878,1,1268.5042655467987,ENSG00000157181
ENSG00000107485,1272.0,24.95332,7.0608745,1,1269.5046679973602,ENSG00000107485
ENSG00000095380,1273.0,24.950397,7.106969,1,1270.5049602985382,ENSG00000095380
ENSG00000205339,1274.0,24.939796,5.279682,1,1271.506020307541,ENSG00000205339
ENSG00000053501,1275.0,24.931637,4.7644916,1,1272.5068364143372,ENSG00000053501
ENSG00000138604,1276.0,24.908688,5.143333,1,1273.509131193161,ENSG00000138604
ENSG00000100075,1277.0,24.891304,5.317726,1,1274.5108695030212,ENSG00000100075
ENSG00000123560,1278.0,24.889175,44.703865,1,1275.5110824108124,ENSG00000123560
ENSG00000134809,1279.0,24.886791,4.556055,1,1276.5113208293917,ENSG00000134809
ENSG00000106245,1280.0,24.884102,12.228023,1,1277.5115897655487,ENSG00000106245
ENSG00000100099,1281.0,24.854944,9.04581,1,1278.5145056247711,ENSG00000100099
ENSG00000136888,1282.0,24.854534,22.421719,1,1279.5145466327667,ENSG00000136888
ENSG00000227500,1283.0,24.84926,2.9699225,1,1280.5150740146637,ENSG00000227500
ENSG00000168653,1284.0,24.848581,16.802345,1,1281.5151419639587,ENSG00000168653
ENSG00000189077,1285.0,24.838179,6.7624736,1,1282.5161821842194,ENSG00000189077
ENSG00000163993,1286.0,24.833761,9.468501,1,1283.5166239738464,S100P
ENSG00000093167,1287.0,24.817934,6.269126,1,1284.5182065963745,ENSG00000093167
ENSG00000089157,1288.0,24.796545,192.84584,1,1285.5203454494476,ENSG00000089157
ENSG00000117118,1289.0,24.78302,10.979692,1,1286.5216979980469,ENSG00000117118
ENSG00000120963,1290.0,24.765678,14.976045,1,1287.5234322547913,ENSG00000120963
ENSG00000105427,1291.0,24.76478,3.8571157,1,1288.523521900177,ENSG00000105427
ENSG00000126247,1292.0,24.7641,4.4301333,1,1289.5235900878906,ENSG00000126247
ENSG00000065243,1293.0,24.753555,2.5884511,1,1290.5246443748474,ENSG00000065243
ENSG00000128272,1294.0,24.749289,18.535877,1,1291.525071144104,ENSG00000128272
ENSG00000100320,1295.0,24.748173,7.2899303,1,1292.525182723999,ENSG00000100320
ENSG00000048544,1296.0,24.739485,6.8920865,1,1293.5260515213013,ENSG00000048544
ENSG00000131788,1297.0,24.734594,3.9080648,1,1294.526540517807,ENSG00000131788
ENSG00000184831,1298.0,24.725462,6.7555165,1,1295.5274538993835,ENSG00000184831
ENSG00000214046,1299.0,24.724337,5.651208,1,1296.5275664329529,ENSG00000214046
ENSG00000174628,1300.0,24.723827,6.593715,1,1297.5276172161102,ENSG00000174628
ENSG00000135250,1301.0,24.721537,5.051281,1,1298.5278463363647,ENSG00000135250
ENSG00000182195,1302.0,24.712963,3.8351412,1,1299.5287036895752,ENSG00000182195
ENSG00000083099,1303.0,24.709213,4.9065084,1,1300.529078722,ENSG00000083099
ENSG00000168350,1304.0,24.707844,7.029239,1,1301.5292155742643,ENSG00000168350
ENSG00000123684,1305.0,24.700562,2.9168034,1,1302.5299439430237,ENSG00000123684
ENSG00000029993,1306.0,24.675478,5.208396,1,1303.5324521064758,ENSG00000029993
ENSG00000103266,1307.0,24.674429,4.6257806,1,1304.5325570106506,ENSG00000103266
ENSG00000175792,1308.0,24.6544,7.7935367,1,1305.5345599651337,ENSG00000175792
ENSG00000160049,1309.0,24.646345,5.098474,1,1306.5353655815125,ENSG00000160049
ENSG00000095059,1310.0,24.64161,6.027051,1,1307.5358390808103,ENSG00000095059
ENSG00000109881,1311.0,24.632973,3.8645267,1,1308.536702632904,ENSG00000109881
ENSG00000100575,1312.0,24.629591,6.7223163,1,1309.5370409488678,ENSG00000100575
ENSG00000127947,1313.0,24.626623,4.8905168,1,1310.5373377799988,ENSG00000127947
ENSG00000180818,1314.0,24.622492,8.297107,1,1311.5377507209778,ENSG00000180818
ENSG00000213563,1315.0,24.620977,4.562441,1,1312.537902355194,ENSG00000213563
ENSG00000174547,1316.0,24.604088,4.5537114,1,1313.5395913124084,ENSG00000174547
ENSG00000134779,1317.0,24.602047,5.9988513,1,1314.5397953987122,ENSG00000134779
ENSG00000110315,1318.0,24.598597,3.7559927,1,1315.540140390396,ENSG00000110315
ENSG00000152952,1319.0,24.59752,4.832161,1,1316.5402479171753,ENSG00000152952
ENSG00000169727,1320.0,24.595362,9.730912,1,1317.540463924408,ENSG00000169727
ENSG00000149084,1321.0,24.584982,5.788445,1,1318.5415017604828,ENSG00000149084
ENSG00000123892,1322.0,24.581429,20.429304,1,1319.5418572425842,ENSG00000123892
ENSG00000243147,1323.0,24.575274,4.423227,1,1320.542472600937,ENSG00000243147
ENSG00000162736,1324.0,24.575073,8.592158,1,1321.5424926280975,ENSG00000162736
ENSG00000168701,1325.0,24.573767,6.9284744,1,1322.5426232814789,ENSG00000168701
ENSG00000162368,1326.0,24.56257,3.7987115,1,1323.5437428951263,ENSG00000162368
ENSG00000198740,1327.0,24.55633,2.9430254,1,1324.5443670749664,ENSG00000198740
ENSG00000198856,1328.0,24.54168,11.575306,1,1325.545832157135,ENSG00000198856
ENSG00000136854,1329.0,24.53251,22.308266,1,1326.5467488765717,ENSG00000136854
ENSG00000128829,1330.0,24.53164,4.334211,1,1327.5468361377716,ENSG00000128829
ENSG00000164898,1331.0,24.529675,6.052448,1,1328.5470325946808,ENSG00000164898
ENSG00000132849,1332.0,24.522121,3.122334,1,1329.5477879047394,ENSG00000132849
ENSG00000156011,1333.0,24.519867,5.4096456,1,1330.5480132102966,ENSG00000156011
ENSG00000075711,1334.0,24.516323,3.8225338,1,1331.5483677387238,ENSG00000075711
ENSG00000128309,1335.0,24.514174,4.223324,1,1332.5485825538635,ENSG00000128309
ENSG00000170899,1336.0,24.505346,10.102413,1,1333.549465417862,ENSG00000170899
ENSG00000023734,1337.0,24.503836,16.396992,1,1334.5496163368225,ENSG00000023734
ENSG00000204843,1338.0,24.50146,6.094307,1,1335.549854040146,ENSG00000204843
ENSG00000198700,1339.0,24.494717,7.319146,1,1336.5505282878876,ENSG00000198700
ENSG00000157224,1340.0,24.493649,7.060586,1,1337.550635099411,ENSG00000157224
ENSG00000104881,1341.0,24.48895,3.7070065,1,1338.5511050224304,ENSG00000104881
ENSG00000075239,1342.0,24.48856,7.4488273,1,1339.5511441230774,ENSG00000075239
ENSG00000089177,1343.0,24.472656,3.1030672,1,1340.552734375,ENSG00000089177
ENSG00000141378,1344.0,24.469152,6.126786,1,1341.5530848503113,ENSG00000141378
ENSG00000106591,1345.0,24.468521,7.1457505,1,1342.5531477928162,ENSG00000106591
ENSG00000182473,1346.0,24.457743,5.8249693,1,1343.5542256832125,ENSG00000182473
ENSG00000198715,1347.0,24.423252,10.947785,1,1344.557674884796,ENSG00000198715
ENSG00000162819,1348.0,24.420134,4.7911353,1,1345.5579867362976,ENSG00000162819
ENSG00000196935,1349.0,24.41026,6.810469,1,1346.5589740276337,ENSG00000196935
ENSG00000173848,1350.0,24.405487,3.2002132,1,1347.559451341629,ENSG00000173848
ENSG00000100211,1351.0,24.402855,6.2663736,1,1348.5597145557404,ENSG00000100211
ENSG00000162300,1352.0,24.401987,4.0722985,1,1349.5598013401031,ENSG00000162300
ENSG00000113758,1353.0,24.401453,6.8061743,1,1350.5598547458649,ENSG00000113758
ENSG00000198420,1354.0,24.397804,4.569126,1,1351.560219526291,ENSG00000198420
ENSG00000168393,1355.0,24.391861,5.8789077,1,1352.5608139038086,ENSG00000168393
ENSG00000072210,1356.0,24.387892,5.5126967,1,1353.5612108707428,ENSG00000072210
ENSG00000278540,1357.0,24.381918,5.0501823,1,1354.5618081092834,ENSG00000278540
ENSG00000140612,1358.0,24.375875,14.330493,1,1355.5624125003817,ENSG00000140612
ENSG00000157110,1359.0,24.37475,3.733099,1,1356.5625250339508,ENSG00000157110
ENSG00000214087,1360.0,24.374508,4.4387026,1,1357.5625491142273,ENSG00000214087
ENSG00000185475,1361.0,24.367952,6.560829,1,1358.5632047653198,ENSG00000185475
ENSG00000178096,1362.0,24.364174,4.6759396,1,1359.5635826587677,ENSG00000178096
ENSG00000119711,1363.0,24.362888,5.393673,1,1360.5637111663818,ENSG00000119711
ENSG00000074319,1364.0,24.362635,10.427725,1,1361.5637364387512,ENSG00000074319
ENSG00000116729,1365.0,24.346588,9.270239,1,1362.5653412342072,ENSG00000116729
ENSG00000130147,1366.0,24.337278,5.818,1,1363.5662722587583,ENSG00000130147
ENSG00000214517,1367.0,24.331015,5.2072334,1,1364.5668985843658,ENSG00000214517
ENSG00000116030,1368.0,24.320362,9.414761,1,1365.5679638385773,ENSG00000116030
ENSG00000107262,1369.0,24.317759,3.8668044,1,1366.5682241916656,ENSG00000107262
ENSG00000105355,1370.0,24.316532,4.3377914,1,1367.5683467388153,ENSG00000105355
ENSG00000177200,1371.0,24.310833,4.978454,1,1368.568916797638,ENSG00000177200
ENSG00000141504,1372.0,24.308771,5.9757586,1,1369.5691227912905,ENSG00000141504
ENSG00000131828,1373.0,24.308508,12.010052,1,1370.5691492557526,ENSG00000131828
ENSG00000117859,1374.0,24.308374,9.255477,1,1371.569162607193,ENSG00000117859
ENSG00000197498,1375.0,24.304653,5.88131,1,1372.569534778595,ENSG00000197498
ENSG00000149357,1376.0,24.301619,8.026436,1,1373.5698380470276,ENSG00000149357
ENSG00000116918,1377.0,24.300575,8.8509245,1,1374.5699424743652,ENSG00000116918
ENSG00000165795,1378.0,24.29611,5.953824,1,1375.570389032364,ENSG00000165795
ENSG00000099817,1379.0,24.292362,10.727651,1,1376.5707638263702,ENSG00000099817
ENSG00000198231,1380.0,24.285408,3.7001834,1,1377.5714592933657,ENSG00000198231
ENSG00000135316,1381.0,24.280273,4.0003176,1,1378.5719726085665,ENSG00000135316
ENSG00000242265,1382.0,24.265398,10.517286,1,1379.5734601020813,ENSG00000242265
ENSG00000004059,1383.0,24.248804,8.029737,1,1380.5751194953918,ENSG00000004059
ENSG00000117394,1384.0,24.248562,4.912673,1,1381.575143814087,ENSG00000117394
ENSG00000119318,1385.0,24.247932,2.4882193,1,1382.5752067565918,ENSG00000119318
ENSG00000130203,1386.0,24.247278,21.427132,1,1383.5752720832825,APOE
ENSG00000115457,1387.0,24.24336,6.1692996,1,1384.5756640434265,ENSG00000115457
ENSG00000068120,1388.0,24.210938,4.4901304,1,1385.5789062976835,ENSG00000068120
ENSG00000145293,1389.0,24.181812,6.826892,1,1386.581818819046,ENSG00000145293
ENSG00000140307,1390.0,24.176249,10.180848,1,1387.582375049591,ENSG00000140307
ENSG00000188725,1391.0,24.164188,4.595388,1,1388.5835812091827,ENSG00000188725
ENSG00000113811,1392.0,24.161463,4.43962,1,1389.5838537216189,ENSG00000113811
ENSG00000106330,1393.0,24.15543,4.030143,1,1390.5844569206238,ENSG00000106330
ENSG00000100815,1394.0,24.152327,3.488629,1,1391.5847673416138,ENSG00000100815
ENSG00000106682,1395.0,24.148443,16.611488,1,1392.5851557254791,ENSG00000106682
ENSG00000159788,1396.0,24.147474,9.104624,1,1393.5852525234222,ENSG00000159788
ENSG00000172292,1397.0,24.137506,3.7231028,1,1394.5862493515017,ENSG00000172292
ENSG00000100266,1398.0,24.129705,5.900215,1,1395.5870294570925,ENSG00000100266
ENSG00000064115,1399.0,24.129616,6.007788,1,1396.5870385169983,ENSG00000064115
ENSG00000169083,1400.0,24.12866,6.5574865,1,1397.58713388443,ENSG00000169083
ENSG00000167635,1401.0,24.127728,5.001361,1,1398.587227344513,ENSG00000167635
ENSG00000123992,1402.0,24.121624,3.5598125,1,1399.5878376960754,ENSG00000123992
ENSG00000108465,1403.0,24.116535,6.2525268,1,1400.5883464813232,ENSG00000108465
ENSG00000128923,1404.0,24.115011,5.8895226,1,1401.5884988307953,ENSG00000128923
ENSG00000075142,1405.0,24.111963,10.254213,1,1402.588803768158,ENSG00000075142
ENSG00000181315,1406.0,24.106743,5.3463492,1,1403.5893256664276,ENSG00000181315
ENSG00000133678,1407.0,24.104084,4.304436,1,1404.5895915031433,ENSG00000133678
ENSG00000121410,1408.0,24.09708,3.407421,1,1405.5902919769287,ENSG00000121410
ENSG00000014824,1409.0,24.094488,4.3435893,1,1406.5905511379242,ENSG00000014824
ENSG00000125877,1410.0,24.083113,6.3249125,1,1407.591688632965,ENSG00000125877
ENSG00000100413,1411.0,24.079388,6.0543623,1,1408.5920612812042,ENSG00000100413
ENSG00000187079,1412.0,24.065521,6.283618,1,1409.5934479236605,ENSG00000187079
ENSG00000126777,1413.0,24.054766,5.024538,1,1410.5945234298706,ENSG00000126777
ENSG00000131238,1414.0,24.029665,11.089503,1,1411.5970335006714,ENSG00000131238
ENSG00000003249,1415.0,24.029121,4.9851418,1,1412.5970878601074,ENSG00000003249
ENSG00000197756,1416.0,24.014034,99.47381,1,1413.598596572876,ENSG00000197756
ENSG00000139343,1417.0,23.99064,4.170372,1,1414.600935935974,ENSG00000139343
ENSG00000214022,1418.0,23.985832,3.5357473,1,1415.6014168262482,ENSG00000214022
ENSG00000101084,1419.0,23.984911,3.8045337,1,1416.6015088558197,ENSG00000101084
ENSG00000143398,1420.0,23.982386,8.231148,1,1417.601761341095,ENSG00000143398
ENSG00000173457,1421.0,23.979992,3.7106323,1,1418.6020007133484,ENSG00000173457
ENSG00000118600,1422.0,23.976173,5.259351,1,1419.602382659912,ENSG00000118600
ENSG00000168734,1423.0,23.975874,5.662763,1,1420.602412700653,ENSG00000168734
ENSG00000135829,1424.0,23.975702,6.7118864,1,1421.6024298667908,ENSG00000135829
ENSG00000151366,1425.0,23.948841,13.407063,1,1422.605115890503,ENSG00000151366
ENSG00000101132,1426.0,23.948233,4.6759224,1,1423.6051766872406,ENSG00000101132
ENSG00000135373,1427.0,23.918573,7.885388,1,1424.6081426143646,ENSG00000135373
ENSG00000165156,1428.0,23.917763,4.4113126,1,1425.6082236766815,ENSG00000165156
ENSG00000184840,1429.0,23.913572,7.1396494,1,1426.6086428165436,ENSG00000184840
ENSG00000114770,1430.0,23.908237,4.465684,1,1427.609176158905,ENSG00000114770
ENSG00000115286,1431.0,23.901705,7.493132,1,1428.6098294258118,ENSG00000115286
ENSG00000105514,1432.0,23.900074,3.9545481,1,1429.60999250412,ENSG00000105514
ENSG00000105373,1433.0,23.898186,5.104471,1,1430.6101813316343,ENSG00000105373
ENSG00000125304,1434.0,23.896992,8.195702,1,1431.6103007793429,ENSG00000125304
ENSG00000198380,1435.0,23.896416,3.8624396,1,1432.6103584766388,ENSG00000198380
ENSG00000129292,1436.0,23.891113,3.5768657,1,1433.6108887195587,ENSG00000129292
ENSG00000125676,1437.0,23.889801,5.527308,1,1434.6110198497772,ENSG00000125676
ENSG00000136271,1438.0,23.884838,6.725526,1,1435.611516237259,ENSG00000136271
ENSG00000107104,1439.0,23.860342,6.3647532,1,1436.6139657497406,ENSG00000107104
ENSG00000140740,1440.0,23.854012,10.916341,1,1437.614598751068,ENSG00000140740
ENSG00000183077,1441.0,23.842318,5.306579,1,1438.6157681941986,ENSG00000183077
ENSG00000104325,1442.0,23.824411,6.817094,1,1439.6175589561462,ENSG00000104325
ENSG00000160688,1443.0,23.820715,5.235549,1,1440.6179285049438,ENSG00000160688
ENSG00000137955,1444.0,23.818155,10.625142,1,1441.6181845664978,ENSG00000137955
ENSG00000107438,1445.0,23.790451,3.7534308,1,1442.620954990387,ENSG00000107438
ENSG00000149743,1446.0,23.789963,3.9645426,1,1443.621003627777,ENSG00000149743
ENSG00000144320,1447.0,23.786062,5.845818,1,1444.6213936805725,ENSG00000144320
ENSG00000133104,1448.0,23.77801,7.8658953,1,1445.6221990585327,ENSG00000133104
ENSG00000169021,1449.0,23.757019,7.1087303,1,1446.6242980957031,ENSG00000169021
ENSG00000070731,1450.0,23.756062,12.393476,1,1447.624393939972,ENSG00000070731
ENSG00000132466,1451.0,23.756023,4.229436,1,1448.6243977546692,ENSG00000132466
ENSG00000117625,1452.0,23.750568,3.7036002,1,1449.6249432563782,ENSG00000117625
ENSG00000160813,1453.0,23.749147,3.2480876,1,1450.625085353851,ENSG00000160813
ENSG00000114956,1454.0,23.739315,5.4995856,1,1451.6260685920715,ENSG00000114956
ENSG00000172340,1455.0,23.733593,4.66004,1,1452.6266407966614,ENSG00000172340
ENSG00000131876,1456.0,23.721426,5.4900503,1,1453.6278574466703,ENSG00000131876
ENSG00000126088,1457.0,23.707764,7.4852877,1,1454.6292235851288,ENSG00000126088
ENSG00000014216,1458.0,23.69108,3.3883612,1,1455.630892038345,ENSG00000014216
ENSG00000184787,1459.0,23.68444,5.154907,1,1456.631556034088,ENSG00000184787
ENSG00000116750,1460.0,23.66257,5.700825,1,1457.6337428092957,ENSG00000116750
ENSG00000132485,1461.0,23.655682,4.8167696,1,1458.6344318389893,ENSG00000132485
ENSG00000172465,1462.0,23.653265,5.1584454,1,1459.6346735954285,ENSG00000172465
ENSG00000198087,1463.0,23.634819,2.5771348,1,1460.6365180015564,ENSG00000198087
ENSG00000134533,1464.0,23.626797,4.142287,1,1461.637320280075,ENSG00000134533
ENSG00000120697,1465.0,23.626562,4.6731324,1,1462.6373438835144,ENSG00000120697
ENSG00000058262,1466.0,23.619818,8.90327,1,1463.638018131256,ENSG00000058262
ENSG00000064490,1467.0,23.614182,5.0354395,1,1464.638581752777,ENSG00000064490
ENSG00000166598,1468.0,23.608917,28.047712,1,1465.6391081809998,ENSG00000166598
ENSG00000143845,1469.0,23.60028,9.378765,1,1466.6399719715118,ENSG00000143845
ENSG00000179115,1470.0,23.590378,8.148846,1,1467.6409621238708,ENSG00000179115
ENSG00000167978,1471.0,23.58345,4.5798035,1,1468.6416549682615,ENSG00000167978
ENSG00000168894,1472.0,23.572664,4.930065,1,1469.6427335739136,ENSG00000168894
ENSG00000119431,1473.0,23.564997,2.6017337,1,1470.643500328064,ENSG00000119431
ENSG00000178372,1474.0,23.56342,10.206137,1,1471.643658161163,CALML5
ENSG00000186665,1475.0,23.54731,5.4886208,1,1472.6452689170835,ENSG00000186665
ENSG00000184709,1476.0,23.534184,8.508739,1,1473.6465816497805,ENSG00000184709
ENSG00000104472,1477.0,23.53365,4.1329584,1,1474.646635055542,ENSG00000104472
ENSG00000111775,1478.0,23.529118,20.932842,1,1475.6470882892609,ENSG00000111775
ENSG00000119878,1479.0,23.511433,4.3294587,1,1476.648856639862,ENSG00000119878
ENSG00000105855,1480.0,23.508965,4.727312,1,1477.64910364151,ENSG00000105855
ENSG00000142089,1481.0,23.5046,31.777977,1,1478.6495399475098,IFITM3
ENSG00000156990,1482.0,23.49796,6.309137,1,1479.6502041816711,ENSG00000156990
ENSG00000136451,1483.0,23.474865,4.748507,1,1480.6525135040283,ENSG00000136451
ENSG00000171703,1484.0,23.46239,4.200011,1,1481.6537609100342,ENSG00000171703
ENSG00000078140,1485.0,23.462233,4.6502857,1,1482.6537766456604,ENSG00000078140
ENSG00000134755,1486.0,23.461826,5.06238,1,1483.6538174152374,ENSG00000134755
ENSG00000092201,1487.0,23.45547,6.35958,1,1484.6544530391693,ENSG00000092201
ENSG00000106603,1488.0,23.449642,4.1983867,1,1485.6550357341766,ENSG00000106603
ENSG00000150403,1489.0,23.441317,3.5121489,1,1486.6558682918549,ENSG00000150403
ENSG00000135903,1490.0,23.426098,16.995636,1,1487.6573901176453,ENSG00000135903
ENSG00000099203,1491.0,23.416462,5.268338,1,1488.658353805542,ENSG00000099203
ENSG00000137710,1492.0,23.413902,10.37987,1,1489.658609867096,ENSG00000137710
ENSG00000135912,1493.0,23.41324,9.661147,1,1490.6586759090424,ENSG00000135912
ENSG00000105887,1494.0,23.411642,5.78165,1,1491.658835887909,ENSG00000105887
ENSG00000078674,1495.0,23.409527,4.4904504,1,1492.6590473651886,ENSG00000078674
ENSG00000075292,1496.0,23.40654,4.437564,1,1493.6593461036682,ENSG00000075292
ENSG00000080608,1497.0,23.39878,4.7912903,1,1494.6601219177246,ENSG00000080608
ENSG00000143761,1498.0,23.397995,34.798782,1,1495.6602005958557,ENSG00000143761
ENSG00000198721,1499.0,23.393421,6.123742,1,1496.6606578826904,ENSG00000198721
ENSG00000171302,1500.0,23.391281,2.8644974,1,1497.6608719825745,ENSG00000171302
ENSG00000164081,1501.0,23.389448,4.758185,1,1498.6610550880432,ENSG00000164081
ENSG00000099246,1502.0,23.380867,4.288462,1,1499.661913394928,ENSG00000099246
ENSG00000124466,1503.0,23.379715,5.442831,1,1500.6620285511017,ENSG00000124466
ENSG00000112559,1504.0,23.378103,6.3539114,1,1501.6621897220612,ENSG00000112559
ENSG00000130702,1505.0,23.371504,5.0105286,1,1502.662849664688,ENSG00000130702
ENSG00000188706,1506.0,23.356125,6.2825785,1,1503.664387464523,ENSG00000188706
ENSG00000105048,1507.0,23.352024,7.642536,1,1504.6647975444794,ENSG00000105048
ENSG00000113552,1508.0,23.344973,7.608668,1,1505.6655027866364,ENSG00000113552
ENSG00000164889,1509.0,23.343924,6.097307,1,1506.6656076908112,ENSG00000164889
ENSG00000170677,1510.0,23.34335,7.719667,1,1507.6656651496887,ENSG00000170677
ENSG00000137216,1511.0,23.337109,4.703715,1,1508.6662890911102,ENSG00000137216
ENSG00000187446,1512.0,23.335594,15.106225,1,1509.666440486908,ENSG00000187446
ENSG00000288701,1513.0,23.331009,2.5974526,1,1510.6668992042542,ENSG00000288701
ENSG00000184903,1514.0,23.329126,6.4018826,1,1511.667087316513,ENSG00000184903
ENSG00000143774,1515.0,23.3141,19.953815,1,1512.6685900688171,ENSG00000143774
ENSG00000261236,1516.0,23.308983,5.3396497,1,1513.669101715088,ENSG00000261236
ENSG00000120137,1517.0,23.308254,3.1755605,1,1514.669174671173,ENSG00000120137
ENSG00000115053,1518.0,23.306507,33.879288,1,1515.669349193573,ENSG00000115053
ENSG00000101850,1519.0,23.305836,25.018515,1,1516.6694164276123,ENSG00000101850
ENSG00000164961,1520.0,23.298033,5.046061,1,1517.6701967716217,ENSG00000164961
ENSG00000102054,1521.0,23.289759,9.233042,1,1518.6710240840912,ENSG00000102054
ENSG00000112651,1522.0,23.279968,4.7591186,1,1519.6720032691956,ENSG00000112651
ENSG00000083937,1523.0,23.271942,4.405112,1,1520.6728057861328,ENSG00000083937
ENSG00000167232,1524.0,23.264975,2.53705,1,1521.673502445221,ENSG00000167232
ENSG00000139835,1525.0,23.262589,6.3331084,1,1522.6737411022186,ENSG00000139835
ENSG00000133265,1526.0,23.261497,6.2476907,1,1523.673850297928,ENSG00000133265
ENSG00000114547,1527.0,23.257492,13.678979,1,1524.6742508411407,ENSG00000114547
ENSG00000144677,1528.0,23.256702,7.888081,1,1525.6743297576904,ENSG00000144677
ENSG00000109736,1529.0,23.256115,4.0123706,1,1526.674388408661,ENSG00000109736
ENSG00000196914,1530.0,23.250628,3.3560002,1,1527.67493724823,ENSG00000196914
ENSG00000167986,1531.0,23.240444,7.4082117,1,1528.675955533981,ENSG00000167986
ENSG00000106305,1532.0,23.235361,5.69101,1,1529.676463842392,ENSG00000106305
ENSG00000196712,1533.0,23.232042,3.0026011,1,1530.676795721054,ENSG00000196712
ENSG00000196262,1534.0,23.211048,113.304306,1,1531.6788952350616,ENSG00000196262
ENSG00000225921,1535.0,23.210861,8.514045,1,1532.6789138317108,ENSG00000225921
ENSG00000075415,1536.0,23.208275,59.747868,1,1533.6791725158691,ENSG00000075415
ENSG00000088247,1537.0,23.189478,2.9789507,1,1534.6810522079468,ENSG00000088247
ENSG00000124207,1538.0,23.176798,8.052991,1,1535.6823201179504,ENSG00000124207
ENSG00000101150,1539.0,23.17581,8.0078125,1,1536.6824190616608,ENSG00000101150
ENSG00000167904,1540.0,23.168953,4.863973,1,1537.6831047534945,ENSG00000167904
ENSG00000006607,1541.0,23.168179,9.317782,1,1538.6831822395325,ENSG00000006607
ENSG00000086758,1542.0,23.163921,3.6366162,1,1539.6836078166962,ENSG00000086758
ENSG00000164434,1543.0,23.162996,13.418319,1,1540.6837003231049,FABP7
ENSG00000124193,1544.0,23.144262,9.782393,1,1541.6855738162994,ENSG00000124193
ENSG00000067248,1545.0,23.13421,4.519452,1,1542.686578989029,ENSG00000067248
ENSG00000152904,1546.0,23.110092,4.3791094,1,1543.6889908313751,ENSG00000152904
ENSG00000267100,1547.0,23.108831,3.3652484,1,1544.6891169548037,ENSG00000267100
ENSG00000132646,1548.0,23.10832,9.3790045,1,1545.6891679763794,ENSG00000132646
ENSG00000133313,1549.0,23.098108,5.873494,1,1546.6901891231537,ENSG00000133313
ENSG00000155959,1550.0,23.086395,6.9716864,1,1547.6913604736328,ENSG00000155959
ENSG00000069998,1551.0,23.071842,5.379676,1,1548.6928157806396,ENSG00000069998
ENSG00000105829,1552.0,23.069775,5.856966,1,1549.6930224895475,ENSG00000105829
ENSG00000120725,1553.0,23.056505,4.452969,1,1550.694349527359,ENSG00000120725
ENSG00000125826,1554.0,23.054083,3.7031283,1,1551.6945917606354,ENSG00000125826
ENSG00000108528,1555.0,23.036207,4.9885297,1,1552.696379184723,ENSG00000108528
ENSG00000105254,1556.0,23.034626,8.172952,1,1553.6965374946594,ENSG00000105254
ENSG00000139318,1557.0,23.034565,20.769562,1,1554.696543455124,ENSG00000139318
ENSG00000128422,1558.0,23.03338,18.854774,1,1555.6966619491575,KRT17
ENSG00000103507,1559.0,23.031122,6.718388,1,1556.696887731552,ENSG00000103507
ENSG00000107874,1560.0,23.02668,5.9371514,1,1557.697331905365,ENSG00000107874
ENSG00000143157,1561.0,23.025152,4.3699,1,1558.6974847316742,ENSG00000143157
ENSG00000169895,1562.0,23.025032,4.462825,1,1559.6974968910215,ENSG00000169895
ENSG00000180185,1563.0,23.019379,6.0939527,1,1560.6980621814728,ENSG00000180185
ENSG00000109436,1564.0,23.015085,2.5073326,1,1561.6984915733335,ENSG00000109436
ENSG00000185664,1565.0,23.00784,459.60214,1,1562.6992161273956,PMEL
ENSG00000165475,1566.0,23.005262,10.63368,1,1563.6994738578796,ENSG00000165475
ENSG00000102241,1567.0,22.99486,4.570504,1,1564.7005140781405,ENSG00000102241
ENSG00000082701,1568.0,22.991297,2.5324562,1,1565.7008702754974,ENSG00000082701
ENSG00000131149,1569.0,22.983215,3.2049255,1,1566.7016785144806,ENSG00000131149
ENSG00000101421,1570.0,22.977924,2.1947713,1,1567.7022075653076,ENSG00000101421
ENSG00000196704,1571.0,22.966934,7.083763,1,1568.7033066749573,ENSG00000196704
ENSG00000112304,1572.0,22.96586,4.264436,1,1569.703413963318,ENSG00000112304
ENSG00000114115,1573.0,22.961868,6.6844625,1,1570.7038130760193,ENSG00000114115
ENSG00000147789,1574.0,22.946697,6.1299033,1,1571.7053303718567,ENSG00000147789
ENSG00000181163,1575.0,22.94356,109.29921,1,1572.7056441307068,ENSG00000181163
ENSG00000100412,1576.0,22.942932,7.840587,1,1573.705706834793,ENSG00000100412
ENSG00000173409,1577.0,22.900625,5.2883306,1,1574.7099375724792,ENSG00000173409
ENSG00000138668,1578.0,22.897987,3.2064586,1,1575.7102012634275,ENSG00000138668
ENSG00000122512,1579.0,22.892408,3.849616,1,1576.7107591629028,ENSG00000122512
ENSG00000237190,1580.0,22.892084,3.9106667,1,1577.7107915878296,ENSG00000237190
ENSG00000114054,1581.0,22.885988,4.915101,1,1578.7114012241364,ENSG00000114054
ENSG00000146476,1582.0,22.870699,4.717142,1,1579.712930202484,ENSG00000146476
ENSG00000101361,1583.0,22.858183,14.896069,1,1580.7141816616058,ENSG00000101361
ENSG00000148450,1584.0,22.852165,4.4199185,1,1581.7147834300995,ENSG00000148450
ENSG00000104320,1585.0,22.850807,3.4710793,1,1582.7149193286896,ENSG00000104320
ENSG00000187024,1586.0,22.84969,4.2195253,1,1583.7150311470032,ENSG00000187024
ENSG00000122970,1587.0,22.844738,7.276258,1,1584.7155261039734,ENSG00000122970
ENSG00000124356,1588.0,22.837305,4.303483,1,1585.716269493103,ENSG00000124356
ENSG00000156467,1589.0,22.83029,20.219225,1,1586.7169709205627,ENSG00000156467
ENSG00000143776,1590.0,22.81975,6.0965853,1,1587.718024969101,ENSG00000143776
ENSG00000168938,1591.0,22.807205,1.6792734,1,1588.7192795276642,ENSG00000168938
ENSG00000109534,1592.0,22.804811,4.840686,1,1589.7195188999176,ENSG00000109534
ENSG00000103994,1593.0,22.80098,13.860315,1,1590.7199020385742,ENSG00000103994
ENSG00000064225,1594.0,22.787704,15.419884,1,1591.7212295532229,ENSG00000064225
ENSG00000102030,1595.0,22.762375,7.9654922,1,1592.723762512207,ENSG00000102030
ENSG00000100353,1596.0,22.76046,17.383795,1,1593.723953962326,ENSG00000100353
ENSG00000182552,1597.0,22.760044,3.88708,1,1594.7239956855774,ENSG00000182552
ENSG00000171163,1598.0,22.756277,5.8174987,1,1595.7243723869324,ENSG00000171163
ENSG00000104979,1599.0,22.752487,8.383037,1,1596.7247512340546,ENSG00000104979
ENSG00000157500,1600.0,22.738194,3.1723344,1,1597.7261805534365,ENSG00000157500
ENSG00000112695,1601.0,22.737034,15.657774,1,1598.7262966632843,ENSG00000112695
ENSG00000100836,1602.0,22.736092,4.420751,1,1599.726390838623,ENSG00000100836
ENSG00000171603,1603.0,22.731888,2.1974595,1,1600.726811170578,ENSG00000171603
ENSG00000102103,1604.0,22.726976,4.1641917,1,1601.727302312851,ENSG00000102103
ENSG00000159131,1605.0,22.724796,7.186823,1,1602.7275204658508,ENSG00000159131
ENSG00000157911,1606.0,22.72028,5.4362755,1,1603.7279720306396,ENSG00000157911
ENSG00000103423,1607.0,22.71855,6.637837,1,1604.728145122528,ENSG00000103423
ENSG00000196208,1608.0,22.71554,4.859133,1,1605.728446006775,ENSG00000196208
ENSG00000178585,1609.0,22.705088,3.158481,1,1606.7294912338257,ENSG00000178585
ENSG00000116212,1610.0,22.704103,5.3676453,1,1607.7295897006989,ENSG00000116212
ENSG00000103253,1611.0,22.694035,5.415025,1,1608.7305965423584,ENSG00000103253
ENSG00000156675,1612.0,22.681705,1.9443299,1,1609.731829404831,ENSG00000156675
ENSG00000164930,1613.0,22.668959,4.5746675,1,1610.7331042289734,ENSG00000164930
ENSG00000120215,1614.0,22.66322,87.6197,1,1611.7336781024933,MLANA
ENSG00000175782,1615.0,22.649895,3.5831337,1,1612.735010623932,ENSG00000175782
ENSG00000113460,1616.0,22.646067,4.7241983,1,1613.7353932857511,ENSG00000113460
ENSG00000164808,1617.0,22.645998,3.3080628,1,1614.73540019989,ENSG00000164808
ENSG00000164896,1618.0,22.629747,4.528538,1,1615.7370252609253,ENSG00000164896
ENSG00000171552,1619.0,22.625372,3.5945616,1,1616.737462759018,ENSG00000171552
ENSG00000221869,1620.0,22.623999,4.959726,1,1617.7376000881195,ENSG00000221869
ENSG00000141582,1621.0,22.620735,4.0075407,1,1618.7379264831543,ENSG00000141582
ENSG00000017260,1622.0,22.614967,5.136635,1,1619.7385032176971,ENSG00000017260
ENSG00000182154,1623.0,22.603848,4.1373663,1,1620.73961520195,ENSG00000182154
ENSG00000070756,1624.0,22.596441,134.62598,1,1621.7403559684751,ENSG00000070756
ENSG00000112237,1625.0,22.595312,4.861181,1,1622.7404687404633,ENSG00000112237
ENSG00000051620,1626.0,22.593107,3.3401566,1,1623.740689277649,ENSG00000051620
ENSG00000161654,1627.0,22.588156,5.7113385,1,1624.7411844730375,ENSG00000161654
ENSG00000213015,1628.0,22.587234,2.3676617,1,1625.7412765026093,ENSG00000213015
ENSG00000131462,1629.0,22.586445,6.7887254,1,1626.741355419159,ENSG00000131462
ENSG00000101255,1630.0,22.5854,7.4692197,1,1627.7414600849152,ENSG00000101255
ENSG00000101193,1631.0,22.582539,2.4594433,1,1628.74174618721,ENSG00000101193
ENSG00000143933,1632.0,22.572594,49.733047,1,1629.7427406311035,ENSG00000143933
ENSG00000235169,1633.0,22.565079,6.970015,1,1630.7434921264648,ENSG00000235169
ENSG00000105176,1634.0,22.558157,3.3029685,1,1631.7441842556,ENSG00000105176
ENSG00000138175,1635.0,22.550558,3.8662279,1,1632.7449440956116,ENSG00000138175
ENSG00000113328,1636.0,22.544512,14.120513,1,1633.7455487251282,ENSG00000113328
ENSG00000111530,1637.0,22.541304,7.459711,1,1634.7458696365356,ENSG00000111530
ENSG00000118689,1638.0,22.53911,3.5078516,1,1635.7460889816284,ENSG00000118689
ENSG00000137409,1639.0,22.533615,6.1174245,1,1636.7466385364532,ENSG00000137409
ENSG00000105443,1640.0,22.531391,4.603771,1,1637.7468609809875,ENSG00000105443
ENSG00000110435,1641.0,22.531357,5.1287527,1,1638.7468643188477,ENSG00000110435
ENSG00000160182,1642.0,22.517195,20.835209,1,1639.7482805252075,TFF1
ENSG00000167112,1643.0,22.512518,5.0491743,1,1640.7487483024595,ENSG00000167112
ENSG00000108671,1644.0,22.506138,9.721285,1,1641.7493863105774,ENSG00000108671
ENSG00000048162,1645.0,22.500216,6.329053,1,1642.749978542328,ENSG00000048162
ENSG00000005884,1646.0,22.490263,5.690799,1,1643.750973701477,ENSG00000005884
ENSG00000088682,1647.0,22.489895,8.506836,1,1644.7510104179382,ENSG00000088682
ENSG00000134909,1648.0,22.480715,5.657318,1,1645.7519285678864,ENSG00000134909
ENSG00000116209,1649.0,22.45996,24.469633,1,1646.7540040016174,ENSG00000116209
ENSG00000056097,1650.0,22.456093,3.7755897,1,1647.7543907165527,ENSG00000056097
ENSG00000128951,1651.0,22.45323,6.824033,1,1648.7546770572662,ENSG00000128951
ENSG00000143543,1652.0,22.450457,6.8009853,1,1649.7549543380735,ENSG00000143543
ENSG00000125967,1653.0,22.442379,4.74721,1,1650.7557621002195,ENSG00000125967
ENSG00000070214,1654.0,22.442253,2.7286196,1,1651.7557747364044,ENSG00000070214
ENSG00000131187,1655.0,22.441174,7.4450603,1,1652.7558827400208,ENSG00000131187
ENSG00000162664,1656.0,22.437391,3.9936469,1,1653.7562608718872,ENSG00000162664
ENSG00000181392,1657.0,22.421515,6.1333456,1,1654.7578485012054,ENSG00000181392
ENSG00000186812,1658.0,22.418335,3.3524492,1,1655.75816655159,ENSG00000186812
ENSG00000134215,1659.0,22.408417,2.8978822,1,1656.759158372879,ENSG00000134215
ENSG00000078369,1660.0,22.403341,3.4272418,1,1657.759665966034,ENSG00000078369
ENSG00000115084,1661.0,22.403063,5.350758,1,1658.759693622589,ENSG00000115084
ENSG00000164182,1662.0,22.397907,5.161162,1,1659.7602093219757,ENSG00000164182
ENSG00000167470,1663.0,22.381882,2.5337715,1,1660.7618117332458,ENSG00000167470
ENSG00000125871,1664.0,22.376078,4.3249893,1,1661.762392282486,ENSG00000125871
ENSG00000108861,1665.0,22.372438,7.001647,1,1662.7627561092377,ENSG00000108861
ENSG00000138036,1666.0,22.365376,6.877958,1,1663.7634625434875,ENSG00000138036
ENSG00000217930,1667.0,22.361528,5.8789344,1,1664.7638471126556,ENSG00000217930
ENSG00000124596,1668.0,22.360245,4.9056787,1,1665.7639756202698,ENSG00000124596
ENSG00000147471,1669.0,22.350399,3.9801567,1,1666.7649600505829,ENSG00000147471
ENSG00000104332,1670.0,22.344439,8.579457,1,1667.7655560970306,SFRP1
ENSG00000108848,1671.0,22.343412,9.236905,1,1668.7656588554382,ENSG00000108848
ENSG00000086504,1672.0,22.339035,4.9017334,1,1669.7660965919497,ENSG00000086504
ENSG00000121073,1673.0,22.33596,7.4677296,1,1670.766403913498,ENSG00000121073
ENSG00000249859,1674.0,22.330608,3.7968857,1,1671.766939163208,ENSG00000249859
ENSG00000055950,1675.0,22.330105,5.815583,1,1672.7669894695282,ENSG00000055950
ENSG00000185728,1676.0,22.32751,5.1465826,1,1673.7672488689425,ENSG00000185728
ENSG00000178149,1677.0,22.323492,6.773237,1,1674.7676508426666,ENSG00000178149
ENSG00000104852,1678.0,22.316324,2.314081,1,1675.7683675289154,ENSG00000104852
ENSG00000065150,1679.0,22.314684,5.09374,1,1676.7685315608978,ENSG00000065150
ENSG00000102401,1680.0,22.31183,4.2269883,1,1677.768816947937,ENSG00000102401
ENSG00000173960,1681.0,22.307732,3.819248,1,1678.7692267894745,ENSG00000173960
ENSG00000243156,1682.0,22.303555,4.4623284,1,1679.769644498825,ENSG00000243156
ENSG00000107581,1683.0,22.294329,6.2697678,1,1680.7705671787262,ENSG00000107581
ENSG00000183520,1684.0,22.293613,4.9108396,1,1681.7706387043,ENSG00000183520
ENSG00000174021,1685.0,22.288021,16.387392,1,1682.771197795868,ENSG00000174021
ENSG00000100462,1686.0,22.28665,9.68469,1,1683.7713351249697,ENSG00000100462
ENSG00000147679,1687.0,22.284222,3.3215594,1,1684.771577835083,ENSG00000147679
ENSG00000172115,1688.0,22.28397,20.283041,1,1685.7716031074524,ENSG00000172115
ENSG00000204673,1689.0,22.27825,2.8808923,1,1686.7721750736237,ENSG00000204673
ENSG00000151665,1690.0,22.272203,5.243417,1,1687.7727797031405,ENSG00000151665
ENSG00000132470,1691.0,22.270718,6.1511726,1,1688.772928237915,ENSG00000132470
ENSG00000163479,1692.0,22.268965,28.000908,1,1689.773103475571,ENSG00000163479
ENSG00000170430,1693.0,22.267979,1.9687631,1,1690.7732021808624,ENSG00000170430
ENSG00000198860,1694.0,22.24798,5.97268,1,1691.775202035904,ENSG00000198860
ENSG00000149257,1695.0,22.239674,9.119879,1,1692.7760326862335,ENSG00000149257
ENSG00000077232,1696.0,22.237103,3.5847135,1,1693.7762897014618,ENSG00000077232
ENSG00000205629,1697.0,22.226812,5.9241557,1,1694.7773187160492,ENSG00000205629
ENSG00000066855,1698.0,22.225752,3.4686146,1,1695.777424812317,ENSG00000066855
ENSG00000137876,1699.0,22.224598,6.4970655,1,1696.7775402069092,ENSG00000137876
ENSG00000169696,1700.0,22.223202,3.8636603,1,1697.7776799201963,ENSG00000169696
ENSG00000115504,1701.0,22.216036,5.7374167,1,1698.7783963680267,ENSG00000115504
ENSG00000071991,1702.0,22.213108,13.949261,1,1699.778689146042,ENSG00000071991
ENSG00000143457,1703.0,22.210049,3.9491506,1,1700.7789950370789,ENSG00000143457
ENSG00000164172,1704.0,22.208464,4.832849,1,1701.779153585434,ENSG00000164172
ENSG00000111540,1705.0,22.206486,3.094597,1,1702.7793514728546,ENSG00000111540
ENSG00000163956,1706.0,22.205116,15.598391,1,1703.779488325119,ENSG00000163956
ENSG00000158850,1707.0,22.203928,5.0340776,1,1704.77960729599,ENSG00000158850
ENSG00000162772,1708.0,22.195932,8.738254,1,1705.7804067134855,ENSG00000162772
ENSG00000132716,1709.0,22.186897,4.8455987,1,1706.7813103199005,ENSG00000132716
ENSG00000144455,1710.0,22.184479,2.6418068,1,1707.7815520763395,ENSG00000144455
ENSG00000171453,1711.0,22.172626,5.9167686,1,1708.7827372550964,ENSG00000171453
ENSG00000070540,1712.0,22.170847,11.956366,1,1709.782915353775,ENSG00000070540
ENSG00000136270,1713.0,22.163666,7.3964415,1,1710.7836334705353,ENSG00000136270
ENSG00000103197,1714.0,22.162344,5.2265983,1,1711.783765554428,ENSG00000103197
ENSG00000089335,1715.0,22.161217,4.198561,1,1712.783878326416,ENSG00000089335
ENSG00000118873,1716.0,22.154905,4.009355,1,1713.784509420395,ENSG00000118873
ENSG00000166503,1717.0,22.149609,4.563232,1,1714.7850391864777,ENSG00000166503
ENSG00000174891,1718.0,22.148993,3.8858669,1,1715.785100698471,ENSG00000174891
ENSG00000117054,1719.0,22.147587,5.016418,1,1716.7852413654327,ENSG00000117054
ENSG00000173065,1720.0,22.144842,3.698888,1,1717.7855157852173,ENSG00000173065
ENSG00000120925,1721.0,22.144548,3.2047482,1,1718.7855451107023,ENSG00000120925
ENSG00000185033,1722.0,22.14221,3.912627,1,1719.7857789993286,ENSG00000185033
ENSG00000185619,1723.0,22.14065,2.8052773,1,1720.7859349250791,ENSG00000185619
ENSG00000153914,1724.0,22.139187,4.2559977,1,1721.786081314087,ENSG00000153914
ENSG00000075945,1725.0,22.138262,5.482446,1,1722.7861738204956,ENSG00000075945
ENSG00000047849,1726.0,22.115726,7.2915754,1,1723.7884273529053,ENSG00000047849
ENSG00000122741,1727.0,22.111267,2.2058434,1,1724.7888731956482,ENSG00000122741
ENSG00000128641,1728.0,22.092733,4.586891,1,1725.790726661682,ENSG00000128641
ENSG00000159200,1729.0,22.086655,12.434083,1,1726.7913346290588,ENSG00000159200
ENSG00000023697,1730.0,22.080256,9.064906,1,1727.7919745445251,ENSG00000023697
ENSG00000139842,1731.0,22.073572,3.772358,1,1728.7926428318024,ENSG00000139842
ENSG00000132153,1732.0,22.066315,4.3862615,1,1729.7933685779572,ENSG00000132153
ENSG00000162851,1733.0,22.062252,6.701361,1,1730.793774843216,ENSG00000162851
ENSG00000141738,1734.0,22.025791,5.375177,1,1731.797420978546,ENSG00000141738
ENSG00000015676,1735.0,22.024483,5.8335104,1,1732.7975516319275,ENSG00000015676
ENSG00000167183,1736.0,22.017263,9.178312,1,1733.798273563385,ENSG00000167183
ENSG00000112379,1737.0,22.013758,8.0274515,1,1734.7986242771149,ENSG00000112379
ENSG00000236618,1738.0,22.011978,4.89677,1,1735.7988021373749,ENSG00000236618
ENSG00000048828,1739.0,22.01167,1.789527,1,1736.7988331317902,ENSG00000048828
ENSG00000143294,1740.0,22.003048,3.6598885,1,1737.7996952533722,ENSG00000143294
ENSG00000104853,1741.0,21.999668,5.06417,1,1738.8000330924988,ENSG00000104853
ENSG00000118217,1742.0,21.994255,2.8123422,1,1739.800574541092,ENSG00000118217
ENSG00000125166,1743.0,21.991705,5.9939704,1,1740.800829410553,ENSG00000125166
ENSG00000150687,1744.0,21.990719,5.880594,1,1741.8009281158447,PRSS23
ENSG00000177971,1745.0,21.977327,6.255417,1,1742.8022673130035,ENSG00000177971
ENSG00000157259,1746.0,21.968987,2.3714027,1,1743.8031013011932,ENSG00000157259
ENSG00000160209,1747.0,21.959896,2.9200058,1,1744.8040103912354,ENSG00000160209
ENSG00000115233,1748.0,21.956802,8.251305,1,1745.804319858551,ENSG00000115233
ENSG00000136522,1749.0,21.946312,5.482548,1,1746.805368900299,ENSG00000136522
ENSG00000121774,1750.0,21.94053,3.8403065,1,1747.8059468269348,ENSG00000121774
ENSG00000185721,1751.0,21.929775,8.667975,1,1748.8070225715635,ENSG00000185721
ENSG00000134250,1752.0,21.92921,3.1486442,1,1749.8070788383484,ENSG00000134250
ENSG00000100504,1753.0,21.922226,10.923992,1,1750.8077774047852,ENSG00000100504
ENSG00000145022,1754.0,21.918417,2.9879045,1,1751.8081583976746,ENSG00000145022
ENSG00000159593,1755.0,21.915705,6.951771,1,1752.808429479599,ENSG00000159593
ENSG00000006282,1756.0,21.912205,5.7477565,1,1753.8087794780731,ENSG00000006282
ENSG00000204120,1757.0,21.907696,4.624941,1,1754.8092303276062,ENSG00000204120
ENSG00000137497,1758.0,21.907372,2.7977788,1,1755.809262752533,ENSG00000137497
ENSG00000021300,1759.0,21.905174,8.079914,1,1756.809482574463,ENSG00000021300
ENSG00000164713,1760.0,21.903568,3.9284985,1,1757.8096432685852,ENSG00000164713
ENSG00000182196,1761.0,21.89992,7.2547045,1,1758.8100080490112,ENSG00000182196
ENSG00000120948,1762.0,21.899107,9.763211,1,1759.8100893497467,ENSG00000120948
ENSG00000104980,1763.0,21.898588,5.8297234,1,1760.8101410865784,ENSG00000104980
ENSG00000149582,1764.0,21.887333,3.9470012,1,1761.8112666606903,ENSG00000149582
ENSG00000132640,1765.0,21.88463,8.254603,1,1762.811537027359,ENSG00000132640
ENSG00000147419,1766.0,21.876755,4.823275,1,1763.8123245239258,ENSG00000147419
ENSG00000140553,1767.0,21.872795,5.883066,1,1764.8127205371857,ENSG00000140553
ENSG00000163875,1768.0,21.853817,5.500737,1,1765.814618349075,ENSG00000163875
ENSG00000175203,1769.0,21.851923,9.760016,1,1766.8148076534271,ENSG00000175203
ENSG00000127952,1770.0,21.849758,5.240932,1,1767.815024137497,ENSG00000127952
ENSG00000214941,1771.0,21.848536,4.4286013,1,1768.815146446228,ENSG00000214941
ENSG00000166197,1772.0,21.83792,5.8112144,1,1769.8162081241608,ENSG00000166197
ENSG00000179632,1773.0,21.835663,5.5924563,1,1770.8164336681366,ENSG00000179632
ENSG00000088888,1774.0,21.83255,1.9966178,1,1771.816745042801,ENSG00000088888
ENSG00000196476,1775.0,21.806587,5.0826077,1,1772.8193411827087,ENSG00000196476
ENSG00000137692,1776.0,21.795858,5.4208646,1,1773.8204140663147,ENSG00000137692
ENSG00000176155,1777.0,21.793383,3.729493,1,1774.8206617832184,ENSG00000176155
ENSG00000169919,1778.0,21.79194,4.789859,1,1775.8208060264587,ENSG00000169919
ENSG00000127774,1779.0,21.784557,3.9530642,1,1776.8215441703796,ENSG00000127774
ENSG00000105402,1780.0,21.75612,5.937389,1,1777.8243880271912,ENSG00000105402
ENSG00000033627,1781.0,21.749777,7.9695115,1,1778.8250222206116,ENSG00000033627
ENSG00000131724,1782.0,21.74272,2.3440568,1,1779.8257279396057,ENSG00000131724
ENSG00000141542,1783.0,21.74051,4.2473707,1,1780.8259489536283,ENSG00000141542
ENSG00000184007,1784.0,21.73952,5.897162,1,1781.8260481357574,ENSG00000184007
ENSG00000105281,1785.0,21.73531,5.603613,1,1782.8264689445496,ENSG00000105281
ENSG00000048649,1786.0,21.733995,5.2745986,1,1783.8266005516052,ENSG00000048649
ENSG00000132912,1787.0,21.72565,4.4711084,1,1784.827435016632,ENSG00000132912
ENSG00000101843,1788.0,21.711187,5.704141,1,1785.828881263733,ENSG00000101843
ENSG00000135845,1789.0,21.71061,4.9127407,1,1786.828938961029,ENSG00000135845
ENSG00000144867,1790.0,21.710386,6.435081,1,1787.8289613723755,ENSG00000144867
ENSG00000105357,1791.0,21.697906,7.845238,1,1788.8302092552185,ENSG00000105357
ENSG00000117640,1792.0,21.688272,6.946814,1,1789.8311727046969,ENSG00000117640
ENSG00000203880,1793.0,21.686176,5.6739817,1,1790.8313822746277,ENSG00000203880
ENSG00000123374,1794.0,21.683664,15.696416,1,1791.83163356781,ENSG00000123374
ENSG00000172379,1795.0,21.682972,8.355885,1,1792.831702709198,ENSG00000172379
ENSG00000133026,1796.0,21.681553,10.1372175,1,1793.8318448066711,ENSG00000133026
ENSG00000100281,1797.0,21.66802,3.9139993,1,1794.833198070526,ENSG00000100281
ENSG00000123636,1798.0,21.66587,4.6178646,1,1795.833412885666,ENSG00000123636
ENSG00000119820,1799.0,21.658463,3.999679,1,1796.8341536521912,ENSG00000119820
ENSG00000065548,1800.0,21.64975,6.4106913,1,1797.8350250720978,ENSG00000065548
ENSG00000227036,1801.0,21.648972,11.671012,1,1798.8351027965546,ENSG00000227036
ENSG00000137693,1802.0,21.64776,4.0275,1,1799.8352239131927,ENSG00000137693
ENSG00000189337,1803.0,21.642048,6.545408,1,1800.8357951641085,ENSG00000189337
ENSG00000087338,1804.0,21.64199,3.3601348,1,1801.8358008861544,ENSG00000087338
ENSG00000244038,1805.0,21.639494,16.624535,1,1802.8360505104065,ENSG00000244038
ENSG00000180329,1806.0,21.638182,5.4038157,1,1803.836181879044,ENSG00000180329
ENSG00000107937,1807.0,21.636806,6.0473185,1,1804.836319446564,ENSG00000107937
ENSG00000122042,1808.0,21.629927,9.840013,1,1805.8370072841644,ENSG00000122042
ENSG00000187098,1809.0,21.627907,41.86997,1,1806.837209224701,ENSG00000187098
ENSG00000122873,1810.0,21.624874,4.337665,1,1807.837512493133,ENSG00000122873
ENSG00000105221,1811.0,21.622465,3.2062683,1,1808.837753534317,ENSG00000105221
ENSG00000185950,1812.0,21.607214,4.3471265,1,1809.8392786979675,ENSG00000185950
ENSG00000074219,1813.0,21.60334,4.308878,1,1810.83966588974,ENSG00000074219
ENSG00000178252,1814.0,21.601423,2.763027,1,1811.8398575782776,ENSG00000178252
ENSG00000188229,1815.0,21.594423,12.270259,1,1812.8405575752256,ENSG00000188229
ENSG00000003989,1816.0,21.579647,5.9395785,1,1813.842035293579,ENSG00000003989
ENSG00000132824,1817.0,21.569057,6.3131523,1,1814.8430943489077,ENSG00000132824
ENSG00000105971,1818.0,21.56477,10.052937,1,1815.8435230255127,ENSG00000105971
ENSG00000197746,1819.0,21.557579,38.504566,1,1816.8442420959475,PSAP
ENSG00000140374,1820.0,21.545248,7.814339,1,1817.8454751968384,ENSG00000140374
ENSG00000156831,1821.0,21.542849,4.999175,1,1818.845715045929,ENSG00000156831
ENSG00000175387,1822.0,21.539467,5.177672,1,1819.8460533618927,ENSG00000175387
ENSG00000092978,1823.0,21.538483,2.767992,1,1820.8461518287656,ENSG00000092978
ENSG00000180530,1824.0,21.534231,3.6404076,1,1821.8465769290924,ENSG00000180530
ENSG00000136160,1825.0,21.521542,38.564957,1,1822.8478457927704,ENSG00000136160
ENSG00000092068,1826.0,21.521433,8.476135,1,1823.847856760025,ENSG00000092068
ENSG00000118200,1827.0,21.50579,4.360583,1,1824.8494210243225,ENSG00000118200
ENSG00000158769,1828.0,21.504436,2.406369,1,1825.8495564460757,ENSG00000158769
ENSG00000124588,1829.0,21.49488,5.8917646,1,1826.8505120277405,ENSG00000124588
ENSG00000204178,1830.0,21.486988,3.0856216,1,1827.8513011932373,ENSG00000204178
ENSG00000167515,1831.0,21.485718,4.553436,1,1828.85142827034,ENSG00000167515
ENSG00000161980,1832.0,21.483648,3.6098065,1,1829.8516352176664,ENSG00000161980
ENSG00000173692,1833.0,21.483238,8.486772,1,1830.8516762256625,ENSG00000173692
ENSG00000069509,1834.0,21.471663,4.30361,1,1831.852833747864,ENSG00000069509
ENSG00000101365,1835.0,21.470541,9.230116,1,1832.852945804596,ENSG00000101365
ENSG00000106344,1836.0,21.469524,5.4736466,1,1833.8530476093288,ENSG00000106344
ENSG00000106605,1837.0,21.461828,5.6375237,1,1834.8538172245023,ENSG00000106605
ENSG00000112186,1838.0,21.46164,7.214007,1,1835.8538360595703,ENSG00000112186
ENSG00000047410,1839.0,21.457022,5.7365017,1,1836.854297876358,ENSG00000047410
ENSG00000167191,1840.0,21.456417,9.5642395,1,1837.8543581962583,ENSG00000167191
ENSG00000169925,1841.0,21.444456,3.6104965,1,1838.85555434227,ENSG00000169925
ENSG00000149541,1842.0,21.420387,4.1094856,1,1839.857961177826,ENSG00000149541
ENSG00000109133,1843.0,21.413273,5.984534,1,1840.858672618866,ENSG00000109133
ENSG00000198130,1844.0,21.39776,9.143157,1,1841.86022400856,ENSG00000198130
ENSG00000118939,1845.0,21.397324,4.5260386,1,1842.86026763916,ENSG00000118939
ENSG00000159214,1846.0,21.397175,5.5761113,1,1843.860282421112,ENSG00000159214
ENSG00000198931,1847.0,21.382162,7.038648,1,1844.861783742905,ENSG00000198931
ENSG00000108176,1848.0,21.380577,7.055827,1,1845.86194229126,ENSG00000108176
ENSG00000160214,1849.0,21.379736,4.92037,1,1846.8620264530184,ENSG00000160214
ENSG00000244405,1850.0,21.376404,9.737189,1,1847.8623595237727,ENSG00000244405
ENSG00000116580,1851.0,21.375813,4.1274657,1,1848.8624186515808,ENSG00000116580
ENSG00000129197,1852.0,21.366232,4.4591475,1,1849.8633768558504,ENSG00000129197
ENSG00000204713,1853.0,21.36609,7.2260656,1,1850.8633909225464,ENSG00000204713
ENSG00000184508,1854.0,21.364199,3.3475595,1,1851.8635802268984,ENSG00000184508
ENSG00000096063,1855.0,21.354513,3.913574,1,1852.8645486831665,ENSG00000096063
ENSG00000197102,1856.0,21.339363,8.096288,1,1853.866063594818,ENSG00000197102
ENSG00000079616,1857.0,21.333265,1.4855405,1,1854.8666734695437,ENSG00000079616
ENSG00000167930,1858.0,21.331886,6.795842,1,1855.8668112754824,ENSG00000167930
ENSG00000189046,1859.0,21.300123,5.8170123,1,1856.8699877262115,ENSG00000189046
ENSG00000136235,1860.0,21.299187,62.172695,1,1857.870081424713,ENSG00000136235
ENSG00000163902,1861.0,21.291763,9.979908,1,1858.8708236217497,ENSG00000163902
ENSG00000105671,1862.0,21.286676,6.4613137,1,1859.8713324069977,ENSG00000105671
ENSG00000052126,1863.0,21.269224,9.717093,1,1860.8730776309967,ENSG00000052126
ENSG00000134077,1864.0,21.259462,4.7554746,1,1861.8740537166595,ENSG00000134077
ENSG00000217128,1865.0,21.25903,4.299588,1,1862.874097108841,ENSG00000217128
ENSG00000156052,1866.0,21.234457,2.7170033,1,1863.8765542507167,ENSG00000156052
ENSG00000100138,1867.0,21.234024,12.348442,1,1864.8765976428983,ENSG00000100138
ENSG00000163050,1868.0,21.232637,4.2224402,1,1865.876736164093,ENSG00000163050
ENSG00000128463,1869.0,21.225088,11.940859,1,1866.877491235733,ENSG00000128463
ENSG00000137073,1870.0,21.205463,3.2278314,1,1867.8794536590576,ENSG00000137073
ENSG00000108064,1871.0,21.205227,3.5953963,1,1868.879477262497,ENSG00000108064
ENSG00000122203,1872.0,21.202822,4.982063,1,1869.8797178268435,ENSG00000122203
ENSG00000116906,1873.0,21.193224,5.3077655,1,1870.8806777000427,ENSG00000116906
ENSG00000105700,1874.0,21.177275,4.0544786,1,1871.8822724819183,ENSG00000105700
ENSG00000185658,1875.0,21.168703,1.8022815,1,1872.8831295967104,ENSG00000185658
ENSG00000100722,1876.0,21.163933,4.508292,1,1873.883606672287,ENSG00000100722
ENSG00000071889,1877.0,21.161577,3.097929,1,1874.8838422298431,ENSG00000071889
ENSG00000164163,1878.0,21.159418,5.9614806,1,1875.884058237076,ENSG00000164163
ENSG00000172586,1879.0,21.15344,3.1757832,1,1876.8846559524536,ENSG00000172586
ENSG00000204574,1880.0,21.149086,6.6193013,1,1877.885091304779,ENSG00000204574
ENSG00000132305,1881.0,21.133574,7.0733037,1,1878.8866426944733,ENSG00000132305
ENSG00000117472,1882.0,21.12644,8.940919,1,1879.887356042862,ENSG00000117472
ENSG00000115109,1883.0,21.125671,4.4132943,1,1880.8874328136444,ENSG00000115109
ENSG00000107020,1884.0,21.122383,3.9704506,1,1881.887761592865,ENSG00000107020
ENSG00000113583,1885.0,21.120947,5.7856035,1,1882.887905359268,ENSG00000113583
ENSG00000124383,1886.0,21.120209,3.6180189,1,1883.887979030609,ENSG00000124383
ENSG00000128607,1887.0,21.118242,4.491024,1,1884.888175725937,ENSG00000128607
ENSG00000126261,1888.0,21.116228,5.0095205,1,1885.888377189636,ENSG00000126261
ENSG00000134049,1889.0,21.113903,5.3701897,1,1886.8886096477509,ENSG00000134049
ENSG00000164244,1890.0,21.100018,3.9863987,1,1887.8899981975555,ENSG00000164244
ENSG00000185359,1891.0,21.081028,8.148044,1,1888.891897201538,ENSG00000185359
ENSG00000126934,1892.0,21.075703,3.9262598,1,1889.892429828644,ENSG00000126934
ENSG00000103485,1893.0,21.073387,12.937589,1,1890.892661333084,ENSG00000103485
ENSG00000167721,1894.0,21.069447,6.843428,1,1891.8930554389956,ENSG00000167721
ENSG00000173890,1895.0,21.065655,3.8306508,1,1892.893434524536,ENSG00000173890
ENSG00000196470,1896.0,21.064608,4.930665,1,1893.8935391902924,ENSG00000196470
ENSG00000097021,1897.0,21.052032,9.212471,1,1894.894796848297,ENSG00000097021
ENSG00000143977,1898.0,21.048967,8.223659,1,1895.8951032161715,ENSG00000143977
ENSG00000160803,1899.0,21.047106,3.4649684,1,1896.895289421081,ENSG00000160803
ENSG00000169740,1900.0,21.044285,3.4345224,1,1897.8955714702608,ENSG00000169740
ENSG00000012171,1901.0,21.033335,8.62634,1,1898.8966665267944,ENSG00000012171
ENSG00000148950,1902.0,21.031464,3.9977927,1,1899.896853685379,ENSG00000148950
ENSG00000106399,1903.0,21.029757,3.5806806,1,1900.8970243930817,ENSG00000106399
ENSG00000120742,1904.0,21.027344,9.053151,1,1901.897265672684,ENSG00000120742
ENSG00000164144,1905.0,21.020792,3.4810636,1,1902.897920846939,ENSG00000164144
ENSG00000077498,1906.0,21.017872,50.684452,1,1903.8982129096985,ENSG00000077498
ENSG00000101654,1907.0,21.010849,4.222683,1,1904.898915052414,ENSG00000101654
ENSG00000169223,1908.0,21.004774,8.36459,1,1905.8995225429533,ENSG00000169223
ENSG00000221914,1909.0,20.987324,2.3370204,1,1906.901267528534,ENSG00000221914
ENSG00000125841,1910.0,20.983587,7.1425962,1,1907.901641368866,ENSG00000125841
ENSG00000084754,1911.0,20.983027,7.618489,1,1908.901697397232,ENSG00000084754
ENSG00000131771,1912.0,20.97616,10.061606,1,1909.90238404274,PPP1R1B
ENSG00000138442,1913.0,20.975094,9.395014,1,1910.9024906158447,ENSG00000138442
ENSG00000173786,1914.0,20.955599,13.235928,1,1911.904440164566,ENSG00000173786
ENSG00000157020,1915.0,20.950861,10.776473,1,1912.9049139022827,ENSG00000157020
ENSG00000100196,1916.0,20.943544,8.639608,1,1913.905645608902,ENSG00000100196
ENSG00000134490,1917.0,20.935043,4.589834,1,1914.9064955711365,ENSG00000134490
ENSG00000076043,1918.0,20.929615,8.438061,1,1915.907038450241,ENSG00000076043
ENSG00000165916,1919.0,20.927807,9.677451,1,1916.9072194099424,ENSG00000165916
ENSG00000101294,1920.0,20.927643,9.1291,1,1917.907235622406,ENSG00000101294
ENSG00000213593,1921.0,20.921614,9.149721,1,1918.9078385829928,ENSG00000213593
ENSG00000159063,1922.0,20.912506,6.7827263,1,1919.9087493419647,ENSG00000159063
ENSG00000182220,1923.0,20.90674,11.996501,1,1920.909326076508,ENSG00000182220
ENSG00000181404,1924.0,20.906174,3.1640518,1,1921.9093825817108,ENSG00000181404
ENSG00000166508,1925.0,20.904757,8.818843,1,1922.9095244407652,ENSG00000166508
ENSG00000127540,1926.0,20.899754,12.510283,1,1923.9100246429443,ENSG00000127540
ENSG00000134709,1927.0,20.894714,4.601315,1,1924.9105286598208,ENSG00000134709
ENSG00000125743,1928.0,20.885176,22.64511,1,1925.911482334137,ENSG00000125743
ENSG00000104738,1929.0,20.879276,9.657214,1,1926.91207242012,ENSG00000104738
ENSG00000064042,1930.0,20.87729,5.5277205,1,1927.9122710227969,ENSG00000064042
ENSG00000105519,1931.0,20.866972,3.4879892,1,1928.913302898407,ENSG00000105519
ENSG00000108349,1932.0,20.865488,3.6410027,1,1929.9134511947632,ENSG00000108349
ENSG00000169251,1933.0,20.86501,4.930162,1,1930.9134991168976,ENSG00000169251
ENSG00000206573,1934.0,20.853947,5.6343737,1,1931.9146053791048,ENSG00000206573
ENSG00000099875,1935.0,20.845118,2.0208833,1,1932.915488243103,ENSG00000099875
ENSG00000130312,1936.0,20.842539,4.920192,1,1933.9157462120056,ENSG00000130312
ENSG00000001631,1937.0,20.841698,3.656551,1,1934.9158301353452,ENSG00000001631
ENSG00000109270,1938.0,20.839445,5.4630256,1,1935.9160554409027,ENSG00000109270
ENSG00000185420,1939.0,20.83595,7.0148616,1,1936.91640496254,ENSG00000185420
ENSG00000091947,1940.0,20.831306,5.446533,1,1937.916869401932,ENSG00000091947
ENSG00000110651,1941.0,20.830147,5.0943556,1,1938.9169852733608,ENSG00000110651
ENSG00000102471,1942.0,20.820251,3.4733176,1,1939.917974948883,ENSG00000102471
ENSG00000171148,1943.0,20.814325,3.21183,1,1940.918567419052,ENSG00000171148
ENSG00000144451,1944.0,20.807026,3.522914,1,1941.919297456741,ENSG00000144451
ENSG00000131779,1945.0,20.795671,4.331162,1,1942.920432806015,ENSG00000131779
ENSG00000103855,1946.0,20.790869,6.3882995,1,1943.920913219452,ENSG00000103855
ENSG00000188112,1947.0,20.78305,4.0589356,1,1944.9216949939728,ENSG00000188112
ENSG00000179041,1948.0,20.78203,5.5186906,1,1945.9217970371249,ENSG00000179041
ENSG00000176853,1949.0,20.780432,3.4083378,1,1946.9219567775729,ENSG00000176853
ENSG00000163913,1950.0,20.780329,5.562376,1,1947.9219670295715,ENSG00000163913
ENSG00000065183,1951.0,20.765879,5.920552,1,1948.9234120845797,ENSG00000065183
ENSG00000214063,1952.0,20.7643,10.34057,1,1949.9235701560972,ENSG00000214063
ENSG00000163374,1953.0,20.757402,3.6166022,1,1950.924259662628,ENSG00000163374
ENSG00000132122,1954.0,20.748718,7.2960453,1,1951.925128221512,ENSG00000132122
ENSG00000198612,1955.0,20.74571,12.713989,1,1952.92542886734,ENSG00000198612
ENSG00000153317,1956.0,20.727795,5.5670524,1,1953.927220582962,ENSG00000153317
ENSG00000006125,1957.0,20.727144,4.9430943,1,1954.927285671234,ENSG00000006125
ENSG00000167193,1958.0,20.722342,3.1604013,1,1955.9277658462524,ENSG00000167193
ENSG00000104866,1959.0,20.719799,3.2085214,1,1956.9280200004575,ENSG00000104866
ENSG00000119396,1960.0,20.706787,2.3233373,1,1957.9293212890625,ENSG00000119396
ENSG00000204138,1961.0,20.696774,2.1195953,1,1958.9303226470947,ENSG00000204138
ENSG00000102409,1962.0,20.694628,5.310216,1,1959.930537223816,ENSG00000102409
ENSG00000127663,1963.0,20.688026,2.617687,1,1960.9311974048612,ENSG00000127663
ENSG00000116353,1964.0,20.679913,5.711525,1,1961.932008743286,ENSG00000116353
ENSG00000143393,1965.0,20.671978,5.45047,1,1962.9328022003172,ENSG00000143393
ENSG00000113269,1966.0,20.664633,3.7068982,1,1963.93353676796,ENSG00000113269
ENSG00000225733,1967.0,20.664515,4.1743326,1,1964.93354845047,ENSG00000225733
ENSG00000179403,1968.0,20.664452,2.923301,1,1965.933554887772,ENSG00000179403
ENSG00000180488,1969.0,20.656872,3.6557758,1,1966.9343128204343,ENSG00000180488
ENSG00000164880,1970.0,20.656063,4.1370206,1,1967.9343936443329,ENSG00000164880
ENSG00000168906,1971.0,20.65514,13.203893,1,1968.934485912323,ENSG00000168906
ENSG00000013561,1972.0,20.647013,6.360554,1,1969.9352986812592,ENSG00000013561
ENSG00000142856,1973.0,20.646822,3.8806813,1,1970.9353177547453,ENSG00000142856
ENSG00000067836,1974.0,20.646324,3.858428,1,1971.9353675842283,ENSG00000067836
ENSG00000084652,1975.0,20.637854,5.6986384,1,1972.93621468544,ENSG00000084652
ENSG00000106348,1976.0,20.63456,4.711146,1,1973.9365439414976,ENSG00000106348
ENSG00000125520,1977.0,20.63321,2.56204,1,1974.936679124832,ENSG00000125520
ENSG00000198952,1978.0,20.632286,4.1678214,1,1975.9367713928225,ENSG00000198952
ENSG00000108641,1979.0,20.629515,6.20849,1,1976.9370484352112,ENSG00000108641
ENSG00000133059,1980.0,20.623152,4.5046763,1,1977.9376847743988,ENSG00000133059
ENSG00000106723,1981.0,20.620483,4.037805,1,1978.9379515647888,ENSG00000106723
ENSG00000174437,1982.0,20.616385,2.7351067,1,1979.9383616447449,ENSG00000174437
ENSG00000136883,1983.0,20.613216,9.067206,1,1980.938678264618,ENSG00000136883
ENSG00000181061,1984.0,20.606215,9.473134,1,1981.9393784999847,ENSG00000181061
ENSG00000121057,1985.0,20.602358,3.4334376,1,1982.9397642612455,ENSG00000121057
ENSG00000196236,1986.0,20.60208,2.5620043,1,1983.9397921562197,ENSG00000196236
ENSG00000167658,1987.0,20.59111,46.971153,1,1984.9408888816836,ENSG00000167658
ENSG00000122140,1988.0,20.58714,6.033659,1,1985.941286087036,ENSG00000122140
ENSG00000006015,1989.0,20.58033,3.1935115,1,1986.941967010498,ENSG00000006015
ENSG00000122884,1990.0,20.573786,7.3944416,1,1987.9426214694977,ENSG00000122884
ENSG00000172500,1991.0,20.56882,5.254384,1,1988.9431178569796,ENSG00000172500
ENSG00000011260,1992.0,20.56877,7.2287803,1,1989.943123102188,ENSG00000011260
ENSG00000115461,1993.0,20.563917,7.3745327,1,1990.9436082839968,IGFBP5
ENSG00000155115,1994.0,20.562557,6.1644616,1,1991.943744182587,ENSG00000155115
ENSG00000170584,1995.0,20.555635,2.6250858,1,1992.9444365501404,ENSG00000170584
ENSG00000163848,1996.0,20.553965,3.1444244,1,1993.9446034431455,ENSG00000163848
ENSG00000082898,1997.0,20.551394,3.7898555,1,1994.9448606967928,ENSG00000082898
ENSG00000186847,1998.0,20.5502,20.62827,1,1995.9449801445007,KRT14
ENSG00000205155,1999.0,20.547436,3.675539,1,1996.945256471634,ENSG00000205155
ENSG00000159128,2000.0,20.532856,4.7010417,1,1997.946714401245,ENSG00000159128
ENSG00000174307,2001.0,20.52779,4.6844606,1,1998.9472210407257,ENSG00000174307
ENSG00000112851,2002.0,20.525782,3.7373455,1,1999.9474217891693,ENSG00000112851
ENSG00000168000,2003.0,20.525345,7.297929,1,2000.9474654197693,ENSG00000168000
ENSG00000134531,2004.0,20.51601,7.740503,1,2001.948399066925,ENSG00000134531
ENSG00000160007,2005.0,20.51367,1.8404629,1,2002.9486329555511,ENSG00000160007
ENSG00000100347,2006.0,20.512705,9.592158,1,2003.948729515076,ENSG00000100347
ENSG00000105819,2007.0,20.511276,9.464546,1,2004.9488723278048,ENSG00000105819
ENSG00000124198,2008.0,20.511223,2.5626907,1,2005.948877811432,ENSG00000124198
ENSG00000158793,2009.0,20.510483,5.065676,1,2006.9489517211916,ENSG00000158793
ENSG00000213064,2010.0,20.510443,3.1490753,1,2007.9489557743077,ENSG00000213064
ENSG00000198900,2011.0,20.50696,3.793701,1,2008.9493041038515,ENSG00000198900
ENSG00000123395,2012.0,20.504124,4.229218,1,2009.9495875835416,ENSG00000123395
ENSG00000004487,2013.0,20.497587,4.4497943,1,2010.9502413272855,ENSG00000004487
ENSG00000198125,2014.0,20.496288,8.123412,1,2011.9503712654116,ENSG00000198125
ENSG00000102554,2015.0,20.494154,6.2593203,1,2012.95058465004,ENSG00000102554
ENSG00000133048,2016.0,20.489714,7.920068,1,2013.951028585434,CHI3L1
ENSG00000114107,2017.0,20.487146,6.877117,1,2014.951285362244,ENSG00000114107
ENSG00000025800,2018.0,20.477884,4.330471,1,2015.9522116184237,ENSG00000025800
ENSG00000111196,2019.0,20.476572,4.06254,1,2016.952342748642,ENSG00000111196
ENSG00000139579,2020.0,20.472147,4.652638,1,2017.9527852535248,ENSG00000139579
ENSG00000147592,2021.0,20.456062,6.199869,1,2018.954393863678,ENSG00000147592
ENSG00000091140,2022.0,20.455667,8.584773,1,2019.9544332027435,ENSG00000091140
ENSG00000213465,2023.0,20.455587,8.85733,1,2020.9544413089752,ENSG00000213465
ENSG00000115339,2024.0,20.450993,5.176012,1,2021.9549007415767,ENSG00000115339
ENSG00000115350,2025.0,20.447966,4.2968173,1,2022.9552035331728,ENSG00000115350
ENSG00000136045,2026.0,20.445225,10.426545,1,2023.95547747612,ENSG00000136045
ENSG00000169371,2027.0,20.444353,4.513338,1,2024.95556473732,ENSG00000169371
ENSG00000055609,2028.0,20.442404,2.4501565,1,2025.955759525299,ENSG00000055609
ENSG00000107949,2029.0,20.438189,5.2813096,1,2026.956181049347,ENSG00000107949
ENSG00000123091,2030.0,20.429302,2.6585464,1,2027.9570698738096,ENSG00000123091
ENSG00000155876,2031.0,20.4283,5.623116,1,2028.957170009613,ENSG00000155876
ENSG00000168575,2032.0,20.41967,3.0913403,1,2029.9580330848692,ENSG00000168575
ENSG00000162441,2033.0,20.418436,4.283208,1,2030.9581563472748,ENSG00000162441
ENSG00000087111,2034.0,20.410501,4.7564793,1,2031.958949804306,ENSG00000087111
ENSG00000151893,2035.0,20.409723,4.213813,1,2032.9590277671812,ENSG00000151893
ENSG00000177888,2036.0,20.407593,3.6573205,1,2033.9592406749723,ENSG00000177888
ENSG00000158195,2037.0,20.405811,4.4015665,1,2034.9594187736511,ENSG00000158195
ENSG00000005156,2038.0,20.397852,5.123651,1,2035.9602148532867,ENSG00000005156
ENSG00000141013,2039.0,20.395233,6.3748746,1,2036.9604766368864,ENSG00000141013
ENSG00000172830,2040.0,20.388908,3.9855497,1,2037.961109161377,ENSG00000172830
ENSG00000131100,2041.0,20.386814,12.153403,1,2038.9613184928892,ENSG00000131100
ENSG00000084073,2042.0,20.384007,3.042636,1,2039.961599349976,ENSG00000084073
ENSG00000116698,2043.0,20.374685,4.2344484,1,2040.96253156662,ENSG00000116698
ENSG00000206527,2044.0,20.370996,3.4015324,1,2041.9629004001615,ENSG00000206527
ENSG00000127483,2045.0,20.361977,5.68034,1,2042.9638023376465,ENSG00000127483
ENSG00000171634,2046.0,20.353617,3.164893,1,2043.9646382331848,ENSG00000171634
ENSG00000141696,2047.0,20.35325,4.316972,1,2044.964674949646,ENSG00000141696
ENSG00000196504,2048.0,20.350563,8.163921,1,2045.9649436473849,ENSG00000196504
ENSG00000114779,2049.0,20.349585,3.9093218,1,2046.9650416374209,ENSG00000114779
ENSG00000146425,2050.0,20.344435,3.9091368,1,2047.9655566215515,ENSG00000146425
ENSG00000171824,2051.0,20.339418,5.2979302,1,2048.966058254242,ENSG00000171824
ENSG00000185189,2052.0,20.335546,5.5990005,1,2049.9664454460144,ENSG00000185189
ENSG00000243989,2053.0,20.335072,8.790553,1,2050.966492891312,ENSG00000243989
ENSG00000131467,2054.0,20.321241,7.748801,1,2051.967875957489,ENSG00000131467
ENSG00000135506,2055.0,20.31915,7.812561,1,2052.9680848121643,ENSG00000135506
ENSG00000085871,2056.0,20.316595,3.267557,1,2053.968340396881,ENSG00000085871
ENSG00000064995,2057.0,20.316591,4.672744,1,2054.9683408737183,ENSG00000064995
ENSG00000130396,2058.0,20.310932,3.6890845,1,2055.968906879425,ENSG00000130396
ENSG00000204435,2059.0,20.306305,11.402599,1,2056.9693694114685,ENSG00000204435
ENSG00000196411,2060.0,20.299372,4.9784174,1,2057.9700627326965,ENSG00000196411
ENSG00000062582,2061.0,20.283966,8.368921,1,2058.9716033935547,ENSG00000062582
ENSG00000106992,2062.0,20.28295,5.7053685,1,2059.9717049598694,ENSG00000106992
ENSG00000161542,2063.0,20.274519,4.7542925,1,2060.972548007965,ENSG00000161542
ENSG00000130204,2064.0,20.270563,3.0582573,1,2061.9729437828064,ENSG00000130204
ENSG00000083857,2065.0,20.260695,4.470334,1,2062.9739305973053,ENSG00000083857
ENSG00000116670,2066.0,20.251385,4.9216638,1,2063.9748616218567,ENSG00000116670
ENSG00000130529,2067.0,20.249773,2.6842415,1,2064.975022792816,ENSG00000130529
ENSG00000168522,2068.0,20.248114,3.5818682,1,2065.975188732147,ENSG00000168522
ENSG00000130177,2069.0,20.248081,5.225174,1,2066.9751918315887,ENSG00000130177
ENSG00000100417,2070.0,20.244371,5.0405707,1,2067.975562810898,ENSG00000100417
ENSG00000085760,2071.0,20.237852,4.283606,1,2068.976214885712,ENSG00000085760
ENSG00000111605,2072.0,20.237736,5.3720775,1,2069.9762263298035,ENSG00000111605
ENSG00000103351,2073.0,20.233328,4.6071177,1,2070.976667165756,ENSG00000103351
ENSG00000019549,2074.0,20.223858,16.509531,1,2071.9776141643524,ENSG00000019549
ENSG00000138768,2075.0,20.212696,3.6954975,1,2072.97873044014,ENSG00000138768
ENSG00000135775,2076.0,20.211815,3.9246485,1,2073.9788184165955,ENSG00000135775
ENSG00000131558,2077.0,20.207825,5.717833,1,2074.979217529297,ENSG00000131558
ENSG00000103148,2078.0,20.20782,2.6191785,1,2075.979218006134,ENSG00000103148
ENSG00000166562,2079.0,20.207651,10.122605,1,2076.979234933853,ENSG00000166562
ENSG00000179134,2080.0,20.20604,3.9210508,1,2077.9793961048126,ENSG00000179134
ENSG00000292334,2081.0,20.205727,44.912663,1,2078.9794273376465,ENSG00000292334
ENSG00000103249,2082.0,20.193483,6.071454,1,2079.98065161705,ENSG00000103249
ENSG00000184924,2083.0,20.191448,4.1743236,1,2080.9808552265167,ENSG00000184924
ENSG00000110066,2084.0,20.186422,2.9567945,1,2081.981357812881,ENSG00000110066
ENSG00000111328,2085.0,20.184973,7.045881,1,2082.9815027713776,ENSG00000111328
ENSG00000134697,2086.0,20.16359,6.418683,1,2083.983641147613,ENSG00000134697
ENSG00000035928,2087.0,20.163006,3.2646995,1,2084.983699321747,ENSG00000035928
ENSG00000169871,2088.0,20.16233,1.5249488,1,2085.9837670326237,ENSG00000169871
ENSG00000035403,2089.0,20.160501,3.6475337,1,2086.983949899673,ENSG00000035403
ENSG00000124783,2090.0,20.160423,8.9505,1,2087.9839577674866,ENSG00000124783
ENSG00000198898,2091.0,20.15959,11.92161,1,2088.9840409755707,ENSG00000198898
ENSG00000126945,2092.0,20.154903,7.257687,1,2089.984509706497,ENSG00000126945
ENSG00000109099,2093.0,20.154156,15.093131,1,2090.9845843315125,ENSG00000109099
ENSG00000087191,2094.0,20.151756,10.724019,1,2091.9848244190216,ENSG00000087191
ENSG00000117305,2095.0,20.150085,4.971054,1,2092.9849915504456,ENSG00000117305
ENSG00000137177,2096.0,20.146898,5.716816,1,2093.9853100776672,ENSG00000137177
ENSG00000100360,2097.0,20.146515,3.5292492,1,2094.9853484630585,ENSG00000100360
ENSG00000080166,2098.0,20.14173,50.181488,1,2095.9858269691467,DCT
ENSG00000081692,2099.0,20.140917,3.335943,1,2096.985908269882,ENSG00000081692
ENSG00000104218,2100.0,20.13917,3.2750893,1,2097.9860830307007,ENSG00000104218
ENSG00000139514,2101.0,20.137123,3.9420295,1,2098.9862875938416,ENSG00000139514
ENSG00000140943,2102.0,20.134203,2.7792995,1,2099.986579656601,ENSG00000140943
ENSG00000116062,2103.0,20.130928,4.9318957,1,2100.9869072437286,ENSG00000116062
ENSG00000179295,2104.0,20.128859,3.283113,1,2101.9871141910558,ENSG00000179295
ENSG00000105778,2105.0,20.120768,2.8131158,1,2102.987923145294,ENSG00000105778
ENSG00000070010,2106.0,20.11873,4.648421,1,2103.98812699318,ENSG00000070010
ENSG00000117597,2107.0,20.112738,4.427551,1,2104.9887261390686,ENSG00000117597
ENSG00000115159,2108.0,20.104847,4.080055,1,2105.989515304565,ENSG00000115159
ENSG00000076924,2109.0,20.102982,3.3031397,1,2106.9897017478943,ENSG00000076924
ENSG00000006715,2110.0,20.099108,6.473681,1,2107.9900891780853,ENSG00000006715
ENSG00000101460,2111.0,20.09865,3.1953166,1,2108.9901349544525,ENSG00000101460
ENSG00000197183,2112.0,20.095974,4.5294843,1,2109.990402698517,ENSG00000197183
ENSG00000158106,2113.0,20.090734,3.6915343,1,2110.990926504135,ENSG00000158106
ENSG00000146676,2114.0,20.085423,1.9714468,1,2111.9914577007294,ENSG00000146676
ENSG00000184220,2115.0,20.081572,4.485293,1,2112.9918427467346,ENSG00000184220
ENSG00000162545,2116.0,20.070982,4.5107713,1,2113.992901802063,ENSG00000162545
ENSG00000135679,2117.0,20.065863,16.297314,1,2114.9934136867523,ENSG00000135679
ENSG00000143633,2118.0,20.04787,3.1538725,1,2115.995213031769,ENSG00000143633
ENSG00000102158,2119.0,20.040424,4.017565,1,2116.995957612992,ENSG00000102158
ENSG00000117713,2120.0,20.0403,2.4831953,1,2117.995970010757,ENSG00000117713
ENSG00000189283,2121.0,20.037674,4.8967977,1,2118.996232509613,ENSG00000189283
ENSG00000153207,2122.0,20.037525,2.997113,1,2119.9962475299835,ENSG00000153207
ENSG00000108604,2123.0,20.037312,2.6094387,1,2120.996268749237,ENSG00000108604
ENSG00000156709,2124.0,20.036564,3.9565098,1,2121.996343612671,ENSG00000156709
ENSG00000158234,2125.0,20.03468,5.333748,1,2122.9965319633484,ENSG00000158234
ENSG00000113742,2126.0,20.033287,3.8007176,1,2123.9966711997986,ENSG00000113742
ENSG00000054793,2127.0,20.032715,3.0174108,1,2124.9967284202576,ENSG00000054793
ENSG00000144224,2128.0,20.026253,5.765969,1,2125.997374773025,ENSG00000144224
ENSG00000085365,2129.0,20.025412,4.255686,1,2126.997458934784,ENSG00000085365
ENSG00000101966,2130.0,20.005249,2.0689692,1,2127.999475002289,ENSG00000101966
ENSG00000126773,2131.0,19.996616,4.508718,1,2129.000338315964,ENSG00000126773
ENSG00000102038,2132.0,19.992027,8.411444,1,2130.0007972717285,ENSG00000102038
ENSG00000187231,2133.0,19.988195,3.8337908,1,2131.001180410385,ENSG00000187231
ENSG00000221978,2134.0,19.98733,5.7028823,1,2132.001267075538,ENSG00000221978
ENSG00000111667,2135.0,19.98354,4.243171,1,2133.00164604187,ENSG00000111667
ENSG00000160551,2136.0,19.980772,1.7828045,1,2134.0019228458405,ENSG00000160551
ENSG00000155906,2137.0,19.978966,4.0948324,1,2135.002103447914,ENSG00000155906
ENSG00000114544,2138.0,19.973377,4.289101,1,2136.0026623010635,ENSG00000114544
ENSG00000100764,2139.0,19.97319,7.8613467,1,2137.002681016922,ENSG00000100764
ENSG00000160075,2140.0,19.972631,3.9465575,1,2138.002736806869,ENSG00000160075
ENSG00000251141,2141.0,19.966436,8.458727,1,2139.0033563375478,ENSG00000251141
ENSG00000066933,2142.0,19.96521,3.4732244,1,2140.0034790039062,ENSG00000066933
ENSG00000102317,2143.0,19.960363,25.652735,1,2141.0039637088776,ENSG00000102317
ENSG00000100997,2144.0,19.95226,3.499733,1,2142.004774093628,ENSG00000100997
ENSG00000079739,2145.0,19.950434,4.79368,1,2143.0049566030502,ENSG00000079739
ENSG00000054523,2146.0,19.945513,3.1773627,1,2144.005448698997,ENSG00000054523
ENSG00000125037,2147.0,19.944023,6.75561,1,2145.005597710609,ENSG00000125037
ENSG00000071189,2148.0,19.94029,3.7866802,1,2146.005970954895,ENSG00000071189
ENSG00000165644,2149.0,19.939215,3.027895,1,2147.006078481674,ENSG00000165644
ENSG00000144029,2150.0,19.939102,5.229246,1,2148.0060898065567,ENSG00000144029
ENSG00000182923,2151.0,19.921919,3.92738,1,2149.0078080892563,ENSG00000182923
ENSG00000122257,2152.0,19.917768,3.4440565,1,2150.0082231760025,ENSG00000122257
ENSG00000141258,2153.0,19.917612,4.3170147,1,2151.0082387924194,ENSG00000141258
ENSG00000137449,2154.0,19.91742,4.848985,1,2152.0082581043243,ENSG00000137449
ENSG00000082515,2155.0,19.913841,5.1903987,1,2153.0086158514023,ENSG00000082515
ENSG00000100522,2156.0,19.912945,4.716737,1,2154.008705496788,ENSG00000100522
ENSG00000100865,2157.0,19.90706,5.478305,1,2155.009293913841,ENSG00000100865
ENSG00000100029,2158.0,19.90047,4.4939795,1,2156.009952902794,ENSG00000100029
ENSG00000145439,2159.0,19.898272,3.0681372,1,2157.010172843933,ENSG00000145439
ENSG00000163879,2160.0,19.894215,6.06142,1,2158.010578513145,ENSG00000163879
ENSG00000113194,2161.0,19.890936,3.2205343,1,2159.010906457901,ENSG00000113194
ENSG00000127445,2162.0,19.889406,4.6539087,1,2160.0110594034195,ENSG00000127445
ENSG00000122482,2163.0,19.885569,3.7079766,1,2161.0114431381226,ENSG00000122482
ENSG00000243364,2164.0,19.8802,5.7333345,1,2162.0119800567627,ENSG00000243364
ENSG00000115661,2165.0,19.870731,2.2591224,1,2163.0129268169403,ENSG00000115661
ENSG00000170634,2166.0,19.856836,3.0990741,1,2164.0143163204198,ENSG00000170634
ENSG00000142186,2167.0,19.848362,4.43682,1,2165.0151637792587,ENSG00000142186
ENSG00000213614,2168.0,19.844929,15.624852,1,2166.0155071020126,ENSG00000213614
ENSG00000166483,2169.0,19.839725,3.6508508,1,2167.016027450561,ENSG00000166483
ENSG00000165898,2170.0,19.833746,3.9156013,1,2168.016625404358,ENSG00000165898
ENSG00000124299,2171.0,19.829597,8.7925005,1,2169.017040252685,ENSG00000124299
ENSG00000060749,2172.0,19.817171,2.704296,1,2170.01828289032,ENSG00000060749
ENSG00000143499,2173.0,19.81206,4.5319777,1,2171.0187940597534,ENSG00000143499
ENSG00000083307,2174.0,19.80649,7.7091312,1,2172.019351005554,ENSG00000083307
ENSG00000011405,2175.0,19.805534,2.3039396,1,2173.0194466114044,ENSG00000011405
ENSG00000163900,2176.0,19.805367,2.8290997,1,2174.019463300705,ENSG00000163900
ENSG00000133739,2177.0,19.799833,4.1195126,1,2175.020016670227,ENSG00000133739
ENSG00000041353,2178.0,19.796724,4.089899,1,2176.020327568054,ENSG00000041353
ENSG00000149196,2179.0,19.79479,3.6164849,1,2177.020520925522,ENSG00000149196
ENSG00000134504,2180.0,19.793036,7.0179796,1,2178.020696401596,ENSG00000134504
ENSG00000170088,2181.0,19.792269,3.695451,1,2179.0207731723785,ENSG00000170088
ENSG00000118363,2182.0,19.792158,13.055079,1,2180.020784139633,ENSG00000118363
ENSG00000101417,2183.0,19.790487,2.3042548,1,2181.020951271057,ENSG00000101417
ENSG00000132746,2184.0,19.785324,10.964233,1,2182.02146756649,ENSG00000132746
ENSG00000178425,2185.0,19.78488,3.082033,1,2183.021512031555,ENSG00000178425
ENSG00000122644,2186.0,19.78224,6.2428374,1,2184.0217759609222,ENSG00000122644
ENSG00000169609,2187.0,19.769247,2.8952842,1,2185.0230753421783,ENSG00000169609
ENSG00000142208,2188.0,19.768288,2.0607767,1,2186.023171186447,ENSG00000142208
ENSG00000104177,2189.0,19.762793,7.3355002,1,2187.023720741272,ENSG00000104177
ENSG00000137815,2190.0,19.761854,2.6090038,1,2188.023814558983,ENSG00000137815
ENSG00000152102,2191.0,19.748962,3.4468265,1,2189.0251038074493,ENSG00000152102
ENSG00000124532,2192.0,19.748777,5.35351,1,2190.025122284889,ENSG00000124532
ENSG00000144115,2193.0,19.746618,5.893481,1,2191.0253381729126,ENSG00000144115
ENSG00000108557,2194.0,19.74365,4.83012,1,2192.025635004044,ENSG00000108557
ENSG00000143409,2195.0,19.741686,6.0431952,1,2193.0258314609528,ENSG00000143409
ENSG00000228288,2196.0,19.74055,6.191507,1,2194.0259450674057,ENSG00000228288
ENSG00000262814,2197.0,19.740517,6.986456,1,2195.0259482860565,ENSG00000262814
ENSG00000167645,2198.0,19.740294,4.6572495,1,2196.025970697403,ENSG00000167645
ENSG00000000419,2199.0,19.739876,6.400064,1,2197.0260124206543,ENSG00000000419
ENSG00000165233,2200.0,19.73885,3.0191445,1,2198.0261150598526,ENSG00000165233
ENSG00000167004,2201.0,19.73147,26.411362,1,2199.026852965355,ENSG00000167004
ENSG00000120438,2202.0,19.708477,13.079941,1,2200.029152274132,ENSG00000120438
ENSG00000125870,2203.0,19.707787,6.1508865,1,2201.0292212963104,ENSG00000125870
ENSG00000172315,2204.0,19.703367,5.5461926,1,2202.029663324356,ENSG00000172315
ENSG00000176102,2205.0,19.702774,2.930997,1,2203.029722571373,ENSG00000176102
ENSG00000100304,2206.0,19.700542,4.201768,1,2204.029945731163,ENSG00000100304
ENSG00000138764,2207.0,19.695356,2.428475,1,2205.030464410782,ENSG00000138764
ENSG00000161671,2208.0,19.688686,2.0134964,1,2206.031131386757,ENSG00000161671
ENSG00000167272,2209.0,19.687567,5.187608,1,2207.03124332428,ENSG00000167272
ENSG00000164695,2210.0,19.66857,5.1784215,1,2208.033143043518,ENSG00000164695
ENSG00000032742,2211.0,19.658041,5.2653775,1,2209.0341958999634,ENSG00000032742
ENSG00000099968,2212.0,19.641655,5.6776476,1,2210.035834550857,ENSG00000099968
ENSG00000119408,2213.0,19.62629,6.716882,1,2211.0373710393906,ENSG00000119408
ENSG00000164953,2214.0,19.61828,6.279099,1,2212.038172006607,ENSG00000164953
ENSG00000167699,2215.0,19.616154,4.844239,1,2213.03838467598,ENSG00000167699
ENSG00000110911,2216.0,19.607552,4.4751387,1,2214.039244890213,ENSG00000110911
ENSG00000214113,2217.0,19.600481,6.238522,1,2215.0399519205093,ENSG00000214113
ENSG00000168137,2218.0,19.590809,3.3344715,1,2216.0409190654755,ENSG00000168137
ENSG00000110696,2219.0,19.588781,10.694411,1,2217.041121840477,ENSG00000110696
ENSG00000175274,2220.0,19.585287,7.276185,1,2218.0414712429047,ENSG00000175274
ENSG00000084693,2221.0,19.584084,6.206803,1,2219.041591644287,ENSG00000084693
ENSG00000173467,2222.0,19.58258,10.529178,1,2220.041741967201,AGR3
ENSG00000164134,2223.0,19.579336,5.19497,1,2221.042066335678,ENSG00000164134
ENSG00000138867,2224.0,19.575306,5.772702,1,2222.042469382286,ENSG00000138867
ENSG00000168002,2225.0,19.574854,5.0963798,1,2223.042514562607,ENSG00000168002
ENSG00000136143,2226.0,19.571186,5.2324295,1,2224.0428813695908,ENSG00000136143
ENSG00000139926,2227.0,19.56076,5.4745502,1,2225.043923974037,ENSG00000139926
ENSG00000123415,2228.0,19.552252,5.7028093,1,2226.0447747707367,ENSG00000123415
ENSG00000105974,2229.0,19.547812,21.448233,1,2227.0452188253403,CAV1
ENSG00000149809,2230.0,19.547142,3.60696,1,2228.045285820961,ENSG00000149809
ENSG00000175707,2231.0,19.543493,6.968009,1,2229.0456507205963,ENSG00000175707
ENSG00000157985,2232.0,19.538565,5.52429,1,2230.0461435317998,ENSG00000157985
ENSG00000159166,2233.0,19.53626,5.498905,1,2231.046373963356,ENSG00000159166
ENSG00000161677,2234.0,19.531841,3.2787313,1,2232.0468158721924,ENSG00000161677
ENSG00000155957,2235.0,19.530523,10.927438,1,2233.0469477176666,ENSG00000155957
ENSG00000101557,2236.0,19.523111,3.832156,1,2234.04768884182,ENSG00000101557
ENSG00000145916,2237.0,19.522655,3.713452,1,2235.0477344989777,ENSG00000145916
ENSG00000132313,2238.0,19.520937,4.54066,1,2236.047906279564,ENSG00000132313
ENSG00000148154,2239.0,19.510536,4.485082,1,2237.0489463806152,ENSG00000148154
ENSG00000175832,2240.0,19.500042,10.745486,1,2238.049995779991,ENSG00000175832
ENSG00000138074,2241.0,19.499235,4.7058377,1,2239.05007648468,ENSG00000138074
ENSG00000136205,2242.0,19.489641,4.7374797,1,2240.0510358810425,ENSG00000136205
ENSG00000198162,2243.0,19.479374,1.5752718,1,2241.0520626306534,ENSG00000198162
ENSG00000141867,2244.0,19.476454,2.8647454,1,2242.0523545742035,ENSG00000141867
ENSG00000169230,2245.0,19.473343,15.776765,1,2243.052665710449,ENSG00000169230
ENSG00000188342,2246.0,19.471546,5.8183575,1,2244.052845358849,ENSG00000188342
ENSG00000136371,2247.0,19.470558,5.085099,1,2245.0529441833496,ENSG00000136371
ENSG00000083312,2248.0,19.466145,5.752537,1,2246.0533854961395,ENSG00000083312
ENSG00000178568,2249.0,19.46564,9.566377,1,2247.0534360408783,ENSG00000178568
ENSG00000156603,2250.0,19.464554,3.5001297,1,2248.053544640541,ENSG00000156603
ENSG00000143217,2251.0,19.463104,8.392543,1,2249.053689599037,ENSG00000143217
ENSG00000100445,2252.0,19.461176,4.348752,1,2250.0538823604584,ENSG00000100445
ENSG00000126522,2253.0,19.456179,3.5165906,1,2251.0543820858,ENSG00000126522
ENSG00000100124,2254.0,19.453049,6.978414,1,2252.0546951293945,ENSG00000100124
ENSG00000187742,2255.0,19.450073,4.078282,1,2253.054992675781,ENSG00000187742
ENSG00000213699,2256.0,19.449333,5.4462476,1,2254.05506670475,ENSG00000213699
ENSG00000122687,2257.0,19.444994,4.8578053,1,2255.055500626564,ENSG00000122687
ENSG00000142188,2258.0,19.444668,4.341561,1,2256.0555331707,ENSG00000142188
ENSG00000057019,2259.0,19.44445,5.9571652,1,2257.055554986,ENSG00000057019
ENSG00000159596,2260.0,19.437529,4.2478795,1,2258.056247115135,ENSG00000159596
ENSG00000106571,2261.0,19.436804,6.3758173,1,2259.0563195943832,ENSG00000106571
ENSG00000119669,2262.0,19.436573,2.2629318,1,2260.0563427209854,ENSG00000119669
ENSG00000073792,2263.0,19.433443,8.653651,1,2261.0566556453705,ENSG00000073792
ENSG00000119285,2264.0,19.418697,4.1041245,1,2262.058130264282,ENSG00000119285
ENSG00000115946,2265.0,19.41854,4.605278,1,2263.0581461191177,ENSG00000115946
ENSG00000221838,2266.0,19.415506,4.7103124,1,2264.0584493875504,ENSG00000221838
ENSG00000145335,2267.0,19.413456,25.344296,1,2265.0586544275284,ENSG00000145335
ENSG00000205189,2268.0,19.410545,3.284476,1,2266.058945417404,ENSG00000205189
ENSG00000125459,2269.0,19.405869,5.7912445,1,2267.0594131946564,ENSG00000125459
ENSG00000160886,2270.0,19.395477,8.523775,1,2268.060452222824,LY6K
ENSG00000129521,2271.0,19.378769,4.778892,1,2269.0621230602264,ENSG00000129521
ENSG00000177694,2272.0,19.377184,6.8238726,1,2270.062281608581,ENSG00000177694
ENSG00000082996,2273.0,19.376497,7.145011,1,2271.0623502731323,ENSG00000082996
ENSG00000089053,2274.0,19.3731,9.502694,1,2272.0626900196075,ENSG00000089053
ENSG00000132405,2275.0,19.36296,3.2870085,1,2273.063703894615,ENSG00000132405
ENSG00000105612,2276.0,19.356964,2.9488585,1,2274.064303636551,ENSG00000105612
ENSG00000114520,2277.0,19.355755,4.454242,1,2275.0644245147705,ENSG00000114520
ENSG00000117984,2278.0,19.341282,22.657722,1,2276.065871834755,CTSD
ENSG00000090581,2279.0,19.339445,5.236178,1,2277.06605553627,ENSG00000090581
ENSG00000196642,2280.0,19.334171,3.0388126,1,2278.066582918167,ENSG00000196642
ENSG00000131778,2281.0,19.331991,5.4940395,1,2279.0668008327484,ENSG00000131778
ENSG00000126947,2282.0,19.327127,8.2203865,1,2280.06728720665,ENSG00000126947
ENSG00000198563,2283.0,19.323753,9.966586,1,2281.0676246881485,ENSG00000198563
ENSG00000171109,2284.0,19.322594,3.9699051,1,2282.0677406787872,ENSG00000171109
ENSG00000148143,2285.0,19.317974,7.8622355,1,2283.068202614784,ENSG00000148143
ENSG00000111615,2286.0,19.312729,4.4772215,1,2284.0687271356583,ENSG00000111615
ENSG00000171428,2287.0,19.312336,4.047766,1,2285.0687663555145,ENSG00000171428
ENSG00000163558,2288.0,19.302317,2.7574668,1,2286.069768309593,ENSG00000163558
ENSG00000083845,2289.0,19.295084,145.3695,1,2287.070491552353,ENSG00000083845
ENSG00000075914,2290.0,19.287207,5.306853,1,2288.0712792873383,ENSG00000075914
ENSG00000212747,2291.0,19.283676,4.3864326,1,2289.071632385254,ENSG00000212747
ENSG00000178935,2292.0,19.277771,3.2229807,1,2290.0722229480743,ENSG00000178935
ENSG00000134330,2293.0,19.276638,5.166498,1,2291.0723361968994,ENSG00000134330
ENSG00000166526,2294.0,19.268835,5.20149,1,2292.073116540909,ENSG00000166526
ENSG00000007541,2295.0,19.264812,4.2571983,1,2293.073518753052,ENSG00000007541
ENSG00000114573,2296.0,19.264235,5.7946453,1,2294.073576569557,ENSG00000114573
ENSG00000129083,2297.0,19.262129,6.472533,1,2295.0737870931625,ENSG00000129083
ENSG00000020426,2298.0,19.254114,3.6224685,1,2296.074588537216,ENSG00000020426
ENSG00000138162,2299.0,19.247602,4.3625255,1,2297.075239777565,ENSG00000138162
ENSG00000132963,2300.0,19.245943,8.957644,1,2298.075405716896,ENSG00000132963
ENSG00000108774,2301.0,19.243717,7.6886363,1,2299.07562828064,ENSG00000108774
ENSG00000126581,2302.0,19.243286,5.3294206,1,2300.0756714344025,ENSG00000126581
ENSG00000151882,2303.0,19.240545,5.752045,1,2301.075945496559,ENSG00000151882
ENSG00000270629,2304.0,19.232141,2.5668716,1,2302.076785802841,ENSG00000270629
ENSG00000083807,2305.0,19.22983,3.9953542,1,2303.077017068863,ENSG00000083807
ENSG00000204842,2306.0,19.228516,4.0744476,1,2304.0771484375,ENSG00000204842
ENSG00000280789,2307.0,19.222534,2.5466576,1,2305.077746629715,ENSG00000280789
ENSG00000196177,2308.0,19.217846,2.3048356,1,2306.078215360641,ENSG00000196177
ENSG00000147509,2309.0,19.206863,16.503008,1,2307.079313635826,ENSG00000147509
ENSG00000106266,2310.0,19.206554,7.527835,1,2308.079344511032,ENSG00000106266
ENSG00000039123,2311.0,19.20054,3.2283893,1,2309.079945921898,ENSG00000039123
ENSG00000133606,2312.0,19.195932,3.037549,1,2310.0804067850117,ENSG00000133606
ENSG00000134970,2313.0,19.195183,4.008088,1,2311.0804817676544,ENSG00000134970
ENSG00000229807,2314.0,19.18934,1.1955066,1,2312.081065893173,ENSG00000229807
ENSG00000103549,2315.0,19.187426,4.7477083,1,2313.081257462501,ENSG00000103549
ENSG00000168268,2316.0,19.185833,7.219632,1,2314.0814167261124,ENSG00000168268
ENSG00000088256,2317.0,19.176493,4.870746,1,2315.082350730896,ENSG00000088256
ENSG00000127337,2318.0,19.174742,6.374717,1,2316.0825258493423,ENSG00000127337
ENSG00000115486,2319.0,19.173687,3.0604057,1,2317.082631349564,ENSG00000115486
ENSG00000198498,2320.0,19.16551,2.847838,1,2318.0834490060806,ENSG00000198498
ENSG00000163703,2321.0,19.164534,3.7945309,1,2319.0835466384888,ENSG00000163703
ENSG00000119787,2322.0,19.16423,5.2768316,1,2320.0835769176483,ENSG00000119787
ENSG00000131067,2323.0,19.162416,3.500949,1,2321.083758354187,ENSG00000131067
ENSG00000248092,2324.0,19.159822,3.4599948,1,2322.084017753601,ENSG00000248092
ENSG00000143322,2325.0,19.15704,7.3509107,1,2323.084295988083,ENSG00000143322
ENSG00000179178,2326.0,19.152668,9.540829,1,2324.084733247757,ENSG00000179178
ENSG00000122033,2327.0,19.151722,4.0536904,1,2325.084827780724,ENSG00000122033
ENSG00000168765,2328.0,19.15106,5.4869604,1,2326.0848939418797,ENSG00000168765
ENSG00000142937,2329.0,19.150137,172.78831,1,2327.0849863290787,ENSG00000142937
ENSG00000099326,2330.0,19.14597,3.3385568,1,2328.085403084755,ENSG00000099326
ENSG00000100568,2331.0,19.145256,6.2486386,1,2329.08547437191,ENSG00000100568
ENSG00000155008,2332.0,19.144997,4.528443,1,2330.085500359535,ENSG00000155008
ENSG00000189227,2333.0,19.143587,3.0030954,1,2331.0856412649155,ENSG00000189227
ENSG00000175768,2334.0,19.143341,7.7884374,1,2332.0856659412384,ENSG00000175768
ENSG00000165322,2335.0,19.139822,3.4927874,1,2333.086017847061,ENSG00000165322
ENSG00000089006,2336.0,19.131098,5.623556,1,2334.086890220642,ENSG00000089006
ENSG00000196781,2337.0,19.125343,5.6201487,1,2335.0874656438828,ENSG00000196781
ENSG00000039319,2338.0,19.115452,5.7931523,1,2336.0884548425674,ENSG00000039319
ENSG00000115947,2339.0,19.10988,0.9329969,1,2337.089011907577,ENSG00000115947
ENSG00000114439,2340.0,19.10938,3.962666,1,2338.089061975479,ENSG00000114439
ENSG00000087502,2341.0,19.101978,7.517116,1,2339.089802145958,ENSG00000087502
ENSG00000108587,2342.0,19.096426,2.9997966,1,2340.0903574228287,ENSG00000108587
ENSG00000096401,2343.0,19.094492,3.7533786,1,2341.0905507802963,ENSG00000096401
ENSG00000114302,2344.0,19.07596,2.8399928,1,2342.092404007912,ENSG00000114302
ENSG00000067829,2345.0,19.068844,5.2624116,1,2343.093115568161,ENSG00000067829
ENSG00000125835,2346.0,19.061634,12.472829,1,2344.093836545944,ENSG00000125835
ENSG00000080189,2347.0,19.049547,4.448044,1,2345.0950453281403,ENSG00000080189
ENSG00000110536,2348.0,19.047192,5.148012,1,2346.0952808856964,ENSG00000110536
ENSG00000167861,2349.0,19.040743,4.433874,1,2347.095925688744,ENSG00000167861
ENSG00000163319,2350.0,19.035032,4.618359,1,2348.09649682045,ENSG00000163319
ENSG00000162069,2351.0,19.03094,8.292172,1,2349.096906065941,ENSG00000162069
ENSG00000188895,2352.0,19.029,2.4198053,1,2350.097100019455,ENSG00000188895
ENSG00000092199,2353.0,19.025965,31.094873,1,2351.097403526306,ENSG00000092199
ENSG00000132670,2354.0,19.021608,3.0576727,1,2352.09783911705,ENSG00000132670
ENSG00000080345,2355.0,19.02136,2.7835646,1,2353.0978639125824,ENSG00000080345
ENSG00000075275,2356.0,19.011845,3.2973237,1,2354.098815560341,ENSG00000075275
ENSG00000182362,2357.0,19.009413,2.4973056,1,2355.099058747292,ENSG00000182362
ENSG00000173166,2358.0,19.006773,4.463167,1,2356.099322676658,ENSG00000173166
ENSG00000163939,2359.0,19.003809,4.4176416,1,2357.0996191501617,ENSG00000163939
ENSG00000113068,2360.0,19.002523,5.636734,1,2358.099747657776,ENSG00000113068
ENSG00000104695,2361.0,19.001125,4.9174643,1,2359.0998874902725,ENSG00000104695
ENSG00000099385,2362.0,18.993362,2.7760987,1,2360.100663781166,ENSG00000099385
ENSG00000159210,2363.0,18.993023,3.1921043,1,2361.1006977558136,ENSG00000159210
ENSG00000028528,2364.0,18.990362,5.5156364,1,2362.100963830948,ENSG00000028528
ENSG00000137574,2365.0,18.987661,3.6748044,1,2363.1012338399887,ENSG00000137574
ENSG00000174903,2366.0,18.98717,3.436888,1,2364.1012830734253,ENSG00000174903
ENSG00000198752,2367.0,18.986252,3.4601245,1,2365.1013748645782,ENSG00000198752
ENSG00000168291,2368.0,18.980682,7.3746486,1,2366.101931810379,ENSG00000168291
ENSG00000170619,2369.0,18.978477,3.9278038,1,2367.1021522283554,ENSG00000170619
ENSG00000115816,2370.0,18.976458,4.4252977,1,2368.102354288101,ENSG00000115816
ENSG00000128928,2371.0,18.967709,2.9142535,1,2369.103229165077,ENSG00000128928
ENSG00000170345,2372.0,18.958534,57.55161,1,2370.1041465997696,FOS
ENSG00000101191,2373.0,18.957012,2.340739,1,2371.1042988300323,ENSG00000101191
ENSG00000062485,2374.0,18.956846,5.7341666,1,2372.104315400124,ENSG00000062485
ENSG00000204217,2375.0,18.948517,3.177957,1,2373.1051483154297,ENSG00000204217
ENSG00000149476,2376.0,18.947422,3.4047368,1,2374.105257749557,ENSG00000149476
ENSG00000170275,2377.0,18.94664,26.503157,1,2375.1053359508514,ENSG00000170275
ENSG00000100105,2378.0,18.946018,2.7154894,1,2376.1053981781006,ENSG00000100105
ENSG00000110693,2379.0,18.945677,11.311526,1,2377.1054322719574,ENSG00000110693
ENSG00000150776,2380.0,18.935017,3.290147,1,2378.106498360634,ENSG00000150776
ENSG00000182253,2381.0,18.93473,3.989604,1,2379.106526970864,ENSG00000182253
ENSG00000163785,2382.0,18.93381,3.236846,1,2380.106619119644,ENSG00000163785
ENSG00000132481,2383.0,18.923344,3.4631414,1,2381.107665657997,ENSG00000132481
ENSG00000072778,2384.0,18.916616,6.908273,1,2382.108338356018,ENSG00000072778
ENSG00000119772,2385.0,18.905025,3.5338871,1,2383.1094974279404,ENSG00000119772
ENSG00000161202,2386.0,18.897957,3.7893019,1,2384.1102043390274,ENSG00000161202
ENSG00000114446,2387.0,18.89659,4.3627224,1,2385.1103410720825,ENSG00000114446
ENSG00000158526,2388.0,18.8758,3.7419276,1,2386.1124200820923,ENSG00000158526
ENSG00000006007,2389.0,18.848637,4.422333,1,2387.115136384964,ENSG00000006007
ENSG00000120686,2390.0,18.842628,5.054485,1,2388.115737199784,ENSG00000120686
ENSG00000124702,2391.0,18.840036,8.400026,1,2389.115996360779,ENSG00000124702
ENSG00000170873,2392.0,18.83725,2.5719256,1,2390.116275072098,ENSG00000170873
ENSG00000102878,2393.0,18.836931,10.720176,1,2391.116306900978,ENSG00000102878
ENSG00000113649,2394.0,18.834759,3.0411808,1,2392.116524100304,ENSG00000113649
ENSG00000101337,2395.0,18.832218,3.4540477,1,2393.1167781353,ENSG00000101337
ENSG00000162430,2396.0,18.830864,2.9258425,1,2394.1169135570526,ENSG00000162430
ENSG00000123908,2397.0,18.830307,2.0610726,1,2395.116969347,ENSG00000123908
ENSG00000168827,2398.0,18.829197,4.1494083,1,2396.1170803308487,ENSG00000168827
ENSG00000176410,2399.0,18.828243,3.205551,1,2397.1171756982803,ENSG00000176410
ENSG00000173818,2400.0,18.826494,4.7079234,1,2398.117350578308,ENSG00000173818
ENSG00000135766,2401.0,18.817366,3.2281744,1,2399.1182634830475,ENSG00000135766
ENSG00000135378,2402.0,18.81179,1.803813,1,2400.1188209056854,ENSG00000135378
ENSG00000263753,2403.0,18.809069,2.9095263,1,2401.1190931797028,ENSG00000263753
ENSG00000095321,2404.0,18.80696,3.6639202,1,2402.119304060936,ENSG00000095321
ENSG00000078114,2405.0,18.79097,4.3382897,1,2403.1209030151367,ENSG00000078114
ENSG00000173992,2406.0,18.789013,3.2868443,1,2404.12109875679,ENSG00000173992
ENSG00000130159,2407.0,18.788715,4.387375,1,2405.1211284399037,ENSG00000130159
ENSG00000146963,2408.0,18.782303,2.5759103,1,2406.121769666672,ENSG00000146963
ENSG00000148498,2409.0,18.777205,5.954458,1,2407.122279524803,ENSG00000148498
ENSG00000090097,2410.0,18.758303,5.461646,1,2408.1241697072983,ENSG00000090097
ENSG00000088356,2411.0,18.754663,5.956144,1,2409.1245336532597,ENSG00000088356
ENSG00000197045,2412.0,18.74971,4.6238627,1,2410.1250289678574,ENSG00000197045
ENSG00000123358,2413.0,18.749332,8.217423,1,2411.125066757202,ENSG00000123358
ENSG00000117475,2414.0,18.748123,4.2351007,1,2412.1251876354218,ENSG00000117475
ENSG00000110721,2415.0,18.746708,4.7675004,1,2413.1253292560577,ENSG00000110721
ENSG00000179832,2416.0,18.740551,3.17047,1,2414.125944852829,ENSG00000179832
ENSG00000050426,2417.0,18.736076,5.0776954,1,2415.126392364502,ENSG00000050426
ENSG00000185022,2418.0,18.734167,6.2555866,1,2416.126583337784,ENSG00000185022
ENSG00000265241,2419.0,18.734121,11.543997,1,2417.126587867737,ENSG00000265241
ENSG00000139405,2420.0,18.73384,4.0069413,1,2418.12661588192,ENSG00000139405
ENSG00000234545,2421.0,18.729898,3.8494718,1,2419.1270101070404,ENSG00000234545
ENSG00000102178,2422.0,18.72777,5.0356765,1,2420.1272230148315,ENSG00000102178
ENSG00000167565,2423.0,18.722023,3.5810096,1,2421.1277977228165,ENSG00000167565
ENSG00000115392,2424.0,18.72086,6.484926,1,2422.127914071083,ENSG00000115392
ENSG00000136813,2425.0,18.720184,2.7157948,1,2423.127981543541,ENSG00000136813
ENSG00000261824,2426.0,18.716957,4.561399,1,2424.128304243088,ENSG00000261824
ENSG00000110107,2427.0,18.706892,2.362693,1,2425.1293108463287,ENSG00000110107
ENSG00000170791,2428.0,18.700216,4.8369617,1,2426.12997841835,ENSG00000170791
ENSG00000175662,2429.0,18.695671,3.5365298,1,2427.130432844162,ENSG00000175662
ENSG00000134313,2430.0,18.681002,3.5203707,1,2428.131899833679,ENSG00000134313
ENSG00000168092,2431.0,18.676285,5.526687,1,2429.132371544838,ENSG00000168092
ENSG00000115211,2432.0,18.669788,5.7743545,1,2430.1330211162567,ENSG00000115211
ENSG00000137871,2433.0,18.667936,2.6981082,1,2431.1332063674927,ENSG00000137871
ENSG00000137269,2434.0,18.666573,5.5450077,1,2432.13334274292,ENSG00000137269
ENSG00000188488,2435.0,18.662277,9.462497,1,2433.13377225399,ENSG00000188488
ENSG00000078618,2436.0,18.66045,4.3019443,1,2434.133955001831,ENSG00000078618
ENSG00000198146,2437.0,18.655853,3.20244,1,2435.134414672852,ENSG00000198146
ENSG00000119729,2438.0,18.654697,5.246683,1,2436.1345303058624,ENSG00000119729
ENSG00000181192,2439.0,18.653189,2.3940868,1,2437.1346811056137,ENSG00000181192
ENSG00000167543,2440.0,18.650349,3.6795561,1,2438.1349651813507,ENSG00000167543
ENSG00000143375,2441.0,18.649872,8.18988,1,2439.1350128650665,ENSG00000143375
ENSG00000132471,2442.0,18.647337,5.3747845,1,2440.135266304016,ENSG00000132471
ENSG00000077147,2443.0,18.64593,2.1652184,1,2441.135407090187,ENSG00000077147
ENSG00000132591,2444.0,18.642088,5.498677,1,2442.135791182518,ENSG00000132591
ENSG00000171865,2445.0,18.634401,4.6082263,1,2443.136559844017,ENSG00000171865
ENSG00000047457,2446.0,18.633299,6.226239,1,2444.13667011261,CP
ENSG00000230590,2447.0,18.631878,3.856118,1,2445.136812210083,ENSG00000230590
ENSG00000149089,2448.0,18.6278,3.895858,1,2446.1372200250626,ENSG00000149089
ENSG00000150667,2449.0,18.626337,8.429761,1,2447.137366294861,ENSG00000150667
ENSG00000122958,2450.0,18.626093,5.2076793,1,2448.137390732765,ENSG00000122958
ENSG00000166225,2451.0,18.623102,4.7549624,1,2449.1376898288727,ENSG00000166225
ENSG00000159445,2452.0,18.61598,5.6760893,1,2450.1384019851685,ENSG00000159445
ENSG00000185813,2453.0,18.612007,4.9311886,1,2451.1387993097305,ENSG00000185813
ENSG00000159231,2454.0,18.604397,6.113027,1,2452.139560341835,ENSG00000159231
ENSG00000161813,2455.0,18.604328,4.33662,1,2453.1395671367645,ENSG00000161813
ENSG00000171130,2456.0,18.595142,3.7019923,1,2454.14048576355,ENSG00000171130
ENSG00000104870,2457.0,18.585775,3.8464227,1,2455.141422510147,ENSG00000104870
ENSG00000039560,2458.0,18.584806,5.3591657,1,2456.14151930809,ENSG00000039560
ENSG00000196365,2459.0,18.584494,4.8473954,1,2457.1415506601334,ENSG00000196365
ENSG00000133983,2460.0,18.567888,3.2889879,1,2458.1432111263275,ENSG00000133983
ENSG00000158669,2461.0,18.56154,8.08836,1,2459.1438459157944,ENSG00000158669
ENSG00000117266,2462.0,18.559523,5.971631,1,2460.1440477371216,ENSG00000117266
ENSG00000120705,2463.0,18.555113,5.281592,1,2461.144488692284,ENSG00000120705
ENSG00000124486,2464.0,18.554918,3.7917967,1,2462.144508123398,ENSG00000124486
ENSG00000115464,2465.0,18.543392,2.2503254,1,2463.1456607580185,ENSG00000115464
ENSG00000125648,2466.0,18.540752,4.4658165,1,2464.145924806595,ENSG00000125648
ENSG00000203485,2467.0,18.539284,3.213511,1,2465.14607167244,ENSG00000203485
ENSG00000066777,2468.0,18.530525,2.222182,1,2466.14694750309,ENSG00000066777
ENSG00000166200,2469.0,18.523157,6.686951,1,2467.1476843357086,ENSG00000166200
ENSG00000124226,2470.0,18.518446,7.973306,1,2468.148155450821,ENSG00000124226
ENSG00000109189,2471.0,18.513887,3.709403,1,2469.148611307144,ENSG00000109189
ENSG00000100106,2472.0,18.511412,2.5768142,1,2470.1488587856293,ENSG00000100106
ENSG00000139613,2473.0,18.50992,2.8601632,1,2471.14900803566,ENSG00000139613
ENSG00000164346,2474.0,18.504608,5.878527,1,2472.149539232254,ENSG00000164346
ENSG00000011007,2475.0,18.504318,3.526348,1,2473.1495682001114,ENSG00000011007
ENSG00000277443,2476.0,18.484907,1.6987791,1,2474.151509284973,ENSG00000277443
ENSG00000203879,2477.0,18.47852,4.8023424,1,2475.1521480083466,ENSG00000203879
ENSG00000143013,2478.0,18.473755,3.986093,1,2476.152624487877,ENSG00000143013
ENSG00000100201,2479.0,18.467283,5.7313466,1,2477.15327167511,ENSG00000100201
ENSG00000160310,2480.0,18.466866,9.290729,1,2478.153313398361,ENSG00000160310
ENSG00000169718,2481.0,18.464592,2.7384894,1,2479.1535408496857,ENSG00000169718
ENSG00000196937,2482.0,18.460537,1.9211403,1,2480.1539462804794,ENSG00000196937
ENSG00000165609,2483.0,18.455795,4.6620817,1,2481.1544204950333,ENSG00000165609
ENSG00000183569,2484.0,18.452162,6.0353217,1,2482.154783844948,ENSG00000183569
ENSG00000121716,2485.0,18.45149,2.304808,1,2483.154850959778,ENSG00000121716
ENSG00000166233,2486.0,18.45013,3.5414536,1,2484.154986977577,ENSG00000166233
ENSG00000131966,2487.0,18.44841,9.091482,1,2485.155158996582,ENSG00000131966
ENSG00000126254,2488.0,18.440569,4.067229,1,2486.1559431552887,ENSG00000126254
ENSG00000120915,2489.0,18.439497,1.89626,1,2487.15605032444,ENSG00000120915
ENSG00000112245,2490.0,18.434565,14.633749,1,2488.156543493271,ENSG00000112245
ENSG00000084774,2491.0,18.434319,4.838383,1,2489.156568169594,ENSG00000084774
ENSG00000152556,2492.0,18.433731,9.665191,1,2490.1566269397736,ENSG00000152556
ENSG00000068878,2493.0,18.431839,2.0961065,1,2491.156816124916,ENSG00000068878
ENSG00000088367,2494.0,18.425053,4.512804,1,2492.157494783401,ENSG00000088367
ENSG00000163257,2495.0,18.418837,3.4136581,1,2493.158116340637,ENSG00000163257
ENSG00000142657,2496.0,18.416452,7.208751,1,2494.1583547592163,ENSG00000142657
ENSG00000135862,2497.0,18.415031,5.1338162,1,2495.158496856689,ENSG00000135862
ENSG00000129691,2498.0,18.414637,5.1015587,1,2496.1585363149643,ENSG00000129691
ENSG00000184162,2499.0,18.413055,3.6253293,1,2497.1586945056915,ENSG00000184162
ENSG00000173581,2500.0,18.41095,4.5287037,1,2498.158905029297,ENSG00000173581
ENSG00000181929,2501.0,18.40017,6.370209,1,2499.1599830389023,ENSG00000181929
ENSG00000107341,2502.0,18.39562,3.5799546,1,2500.160437941551,ENSG00000107341
ENSG00000188554,2503.0,18.387985,4.2162695,1,2501.161201477051,ENSG00000188554
ENSG00000142687,2504.0,18.38736,2.4185622,1,2502.161264061928,ENSG00000142687
ENSG00000108175,2505.0,18.371809,4.118927,1,2503.16281914711,ENSG00000108175
ENSG00000125458,2506.0,18.366066,3.1011124,1,2504.1633933782578,ENSG00000125458
ENSG00000197713,2507.0,18.36055,5.1163874,1,2505.1639449596405,ENSG00000197713
ENSG00000125818,2508.0,18.348125,8.429559,1,2506.165187478065,ENSG00000125818
ENSG00000100519,2509.0,18.337074,7.9727063,1,2507.16629254818,ENSG00000100519
ENSG00000182704,2510.0,18.335348,5.841568,1,2508.166465163231,ENSG00000182704
ENSG00000130304,2511.0,18.33516,5.242647,1,2509.166484117508,ENSG00000130304
ENSG00000184990,2512.0,18.331337,4.4825945,1,2510.1668663024902,ENSG00000184990
ENSG00000108424,2513.0,18.324297,5.05325,1,2511.1675703525543,ENSG00000108424
ENSG00000165533,2514.0,18.320766,8.415218,1,2512.1679233312607,ENSG00000165533
ENSG00000049860,2515.0,18.315454,12.028758,1,2513.168454527855,ENSG00000049860
ENSG00000143740,2516.0,18.315159,0.9001971,1,2514.1684840917587,ENSG00000143740
ENSG00000151240,2517.0,18.310835,5.6408477,1,2515.168916463852,ENSG00000151240
ENSG00000104915,2518.0,18.310093,3.59935,1,2516.16899073124,ENSG00000104915
ENSG00000160058,2519.0,18.301407,2.7892022,1,2517.169859290123,ENSG00000160058
ENSG00000198466,2520.0,18.296263,2.889422,1,2518.1703736782074,ENSG00000198466
ENSG00000134852,2521.0,18.289845,3.0950427,1,2519.1710155010223,ENSG00000134852
ENSG00000011485,2522.0,18.28125,4.442518,1,2520.171875,ENSG00000011485
ENSG00000134508,2523.0,18.281197,8.960701,1,2521.171880364418,ENSG00000134508
ENSG00000213676,2524.0,18.277445,3.585192,1,2522.172255516052,ENSG00000213676
ENSG00000143374,2525.0,18.275621,4.1947975,1,2523.1724379062653,ENSG00000143374
ENSG00000135108,2526.0,18.272284,4.05645,1,2524.172771692276,ENSG00000135108
ENSG00000162623,2527.0,18.269413,3.457845,1,2525.173058748245,ENSG00000162623
ENSG00000164615,2528.0,18.266891,4.65573,1,2526.1733108758926,ENSG00000164615
ENSG00000104365,2529.0,18.26666,1.8022271,1,2527.173333883285,ENSG00000104365
ENSG00000152147,2530.0,18.26507,3.9358656,1,2528.173493027687,ENSG00000152147
ENSG00000108406,2531.0,18.258186,5.31355,1,2529.174181342125,ENSG00000108406
ENSG00000076248,2532.0,18.256145,5.124783,1,2530.1743854284286,ENSG00000076248
ENSG00000130305,2533.0,18.25561,3.542372,1,2531.174439072609,ENSG00000130305
ENSG00000131941,2534.0,18.253222,7.3978634,1,2532.174677848816,ENSG00000131941
ENSG00000116661,2535.0,18.251225,4.216668,1,2533.174877524376,ENSG00000116661
ENSG00000109586,2536.0,18.246325,2.831082,1,2534.1753675937653,ENSG00000109586
ENSG00000102786,2537.0,18.24288,2.2754722,1,2535.1757119894028,ENSG00000102786
ENSG00000108479,2538.0,18.234764,5.615543,1,2536.176523566246,ENSG00000108479
ENSG00000174173,2539.0,18.233433,4.1727676,1,2537.1766567230225,ENSG00000174173
ENSG00000177239,2540.0,18.2332,3.4373434,1,2538.176679968834,ENSG00000177239
ENSG00000198791,2541.0,18.231802,5.6803393,1,2539.1768198013306,ENSG00000198791
ENSG00000113558,2542.0,18.22051,37.34502,1,2540.177948951721,ENSG00000113558
ENSG00000110987,2543.0,18.22011,4.7926393,1,2541.1779890060425,ENSG00000110987
ENSG00000176532,2544.0,18.215282,7.331798,1,2542.178471803665,ENSG00000176532
ENSG00000105835,2545.0,18.212643,9.368116,1,2543.178735733032,ENSG00000105835
ENSG00000166619,2546.0,18.21041,4.0259485,1,2544.178959131241,ENSG00000166619
ENSG00000169439,2547.0,18.206985,6.5219755,1,2545.1793015003204,ENSG00000169439
ENSG00000163517,2548.0,18.202898,6.3932385,1,2546.179710149765,ENSG00000163517
ENSG00000134910,2549.0,18.194956,7.5220966,1,2547.1805044412613,ENSG00000134910
ENSG00000148985,2550.0,18.193785,3.2834287,1,2548.180621504784,ENSG00000148985
ENSG00000156735,2551.0,18.193216,3.824495,1,2549.1806783676147,ENSG00000156735
ENSG00000175582,2552.0,18.187147,4.6315036,1,2550.181285262108,ENSG00000175582
ENSG00000018189,2553.0,18.185095,3.4601262,1,2551.1814905405045,ENSG00000018189
ENSG00000124222,2554.0,18.184885,2.5066895,1,2552.1815115213394,ENSG00000124222
ENSG00000132823,2555.0,18.167284,5.2490425,1,2553.1832716465,ENSG00000132823
ENSG00000198892,2556.0,18.162859,5.3972054,1,2554.1837141513824,ENSG00000198892
ENSG00000205937,2557.0,18.161135,10.288032,1,2555.183886528015,ENSG00000205937
ENSG00000131263,2558.0,18.14812,2.3295543,1,2556.185187935829,ENSG00000131263
ENSG00000253313,2559.0,18.142326,2.8166356,1,2557.1857674121857,ENSG00000253313
ENSG00000163964,2560.0,18.142082,1.5408671,1,2558.1857917308807,ENSG00000163964
ENSG00000136770,2561.0,18.131104,3.8721325,1,2559.186889648437,ENSG00000136770
ENSG00000198663,2562.0,18.125336,3.4143481,1,2560.1874663829803,ENSG00000198663
ENSG00000128973,2563.0,18.121124,4.8617826,1,2561.1878875494003,ENSG00000128973
ENSG00000168101,2564.0,18.117079,3.333785,1,2562.188292145729,ENSG00000168101
ENSG00000156515,2565.0,18.114695,3.4384282,1,2563.188530564308,ENSG00000156515
ENSG00000082805,2566.0,18.11452,5.230801,1,2564.1885480880737,ENSG00000082805
ENSG00000126822,2567.0,18.110481,4.1992755,1,2565.188951849937,ENSG00000126822
ENSG00000121481,2568.0,18.107937,5.946917,1,2566.18920636177,ENSG00000121481
ENSG00000168824,2569.0,18.10619,15.339131,1,2567.18938100338,ENSG00000168824
ENSG00000175356,2570.0,18.105854,8.538012,1,2568.1894146203995,ENSG00000175356
ENSG00000176087,2571.0,18.1052,3.9000344,1,2569.1894800662994,ENSG00000176087
ENSG00000100234,2572.0,18.092098,3.0363681,1,2570.190790176392,TIMP3
ENSG00000167733,2573.0,18.091026,5.787819,1,2571.190897345543,ENSG00000167733
ENSG00000063660,2574.0,18.081202,3.4033446,1,2572.1918798685074,ENSG00000063660
ENSG00000101350,2575.0,18.079454,1.6686031,1,2573.1920545101166,ENSG00000101350
ENSG00000183605,2576.0,18.060463,4.8724256,1,2574.1939537525177,ENSG00000183605
ENSG00000006118,2577.0,18.057035,4.977318,1,2575.194296479225,ENSG00000006118
ENSG00000101236,2578.0,18.054024,5.286635,1,2576.1945976018906,ENSG00000101236
ENSG00000114019,2579.0,18.052557,5.8431635,1,2577.194744348526,ENSG00000114019
ENSG00000180879,2580.0,18.051908,16.181883,1,2578.1948091983795,ENSG00000180879
ENSG00000162923,2581.0,18.04778,3.0575726,1,2579.1952221393585,ENSG00000162923
ENSG00000213463,2582.0,18.046103,3.6271045,1,2580.19538974762,ENSG00000213463
ENSG00000177576,2583.0,18.04453,5.753656,1,2581.1955468654637,ENSG00000177576
ENSG00000164967,2584.0,18.04121,2.5398521,1,2582.195878982544,ENSG00000164967
ENSG00000152492,2585.0,18.040817,6.4943657,1,2583.195918321609,ENSG00000152492
ENSG00000072501,2586.0,18.039082,2.7503452,1,2584.196091890335,ENSG00000072501
ENSG00000029364,2587.0,18.024725,2.8333957,1,2585.197527527809,ENSG00000029364
ENSG00000143162,2588.0,18.023926,3.001641,1,2586.197607398033,ENSG00000143162
ENSG00000117122,2589.0,18.022106,4.1490407,1,2587.1977894306183,ENSG00000117122
ENSG00000093183,2590.0,18.019415,3.5667853,1,2588.198058485985,ENSG00000093183
ENSG00000182612,2591.0,18.01585,6.3601503,1,2589.19841504097,ENSG00000182612
ENSG00000109083,2592.0,18.011578,4.199762,1,2590.198842287064,ENSG00000109083
ENSG00000175066,2593.0,18.004984,1.9700478,1,2591.199501633644,ENSG00000175066
ENSG00000078246,2594.0,18.002924,5.0895295,1,2592.1997076272964,ENSG00000078246
ENSG00000109445,2595.0,18.000109,6.60416,1,2593.199989080429,ENSG00000109445
ENSG00000168569,2596.0,17.997543,3.2680094,1,2594.20024561882,ENSG00000168569
ENSG00000099940,2597.0,17.994276,5.50933,1,2595.200572371483,ENSG00000099940
ENSG00000007384,2598.0,17.993979,5.803194,1,2596.200602173805,ENSG00000007384
ENSG00000112655,2599.0,17.98275,5.178766,1,2597.2017250061035,ENSG00000112655
ENSG00000151338,2600.0,17.980818,4.2914248,1,2598.201918244362,ENSG00000151338
ENSG00000078043,2601.0,17.966875,3.2182877,1,2599.2033125162125,ENSG00000078043
ENSG00000100941,2602.0,17.961039,3.5296075,1,2600.203896164894,ENSG00000100941
ENSG00000113048,2603.0,17.960102,5.1819468,1,2601.2039897441864,ENSG00000113048
ENSG00000265491,2604.0,17.955772,2.858,1,2602.204422712326,ENSG00000265491
ENSG00000258947,2605.0,17.95549,12.173472,1,2603.204450964928,ENSG00000258947
ENSG00000143319,2606.0,17.954752,3.8088574,1,2604.204524755478,ENSG00000143319
ENSG00000143363,2607.0,17.95084,4.3895073,1,2605.204916000366,ENSG00000143363
ENSG00000151135,2608.0,17.943686,5.2289624,1,2606.205631494522,ENSG00000151135
ENSG00000104343,2609.0,17.943668,4.082668,1,2607.205633163452,ENSG00000104343
ENSG00000106009,2610.0,17.939384,3.6762354,1,2608.206061601639,ENSG00000106009
ENSG00000070614,2611.0,17.936928,6.8516874,1,2609.2063071727757,ENSG00000070614
ENSG00000186010,2612.0,17.934826,11.840769,1,2610.206517457962,ENSG00000186010
ENSG00000197119,2613.0,17.934286,4.2570915,1,2611.206571340561,ENSG00000197119
ENSG00000112972,2614.0,17.934067,4.386012,1,2612.20659327507,ENSG00000112972
ENSG00000170854,2615.0,17.93115,4.9163857,1,2613.2068849802017,ENSG00000170854
ENSG00000185129,2616.0,17.929464,2.1888921,1,2614.207053542137,ENSG00000185129
ENSG00000123353,2617.0,17.923119,3.264026,1,2615.2076880931854,ENSG00000123353
ENSG00000103591,2618.0,17.91804,4.4543934,1,2616.208196043968,ENSG00000103591
ENSG00000164951,2619.0,17.912931,3.6046817,1,2617.208706855774,ENSG00000164951
ENSG00000116128,2620.0,17.909178,6.056126,1,2618.2090822458267,ENSG00000116128
ENSG00000142675,2621.0,17.903866,4.5518265,1,2619.209613442421,ENSG00000142675
ENSG00000088766,2622.0,17.902258,3.25122,1,2620.209774255753,ENSG00000088766
ENSG00000140718,2623.0,17.899405,5.4093633,1,2621.2100595235825,ENSG00000140718
ENSG00000130940,2624.0,17.89756,2.1653514,1,2622.2102439403534,ENSG00000130940
ENSG00000001497,2625.0,17.895187,4.924178,1,2623.210481286049,ENSG00000001497
ENSG00000085415,2626.0,17.892756,4.9199195,1,2624.210724473,ENSG00000085415
ENSG00000175575,2627.0,17.887152,5.0620794,1,2625.2112848758698,ENSG00000175575
ENSG00000090686,2628.0,17.882828,6.5510144,1,2626.211717247963,ENSG00000090686
ENSG00000106078,2629.0,17.88131,7.0400825,1,2627.2118690013885,ENSG00000106078
ENSG00000071537,2630.0,17.871872,2.3599148,1,2628.212812781334,ENSG00000071537
ENSG00000164885,2631.0,17.869726,4.282906,1,2629.213027358055,ENSG00000164885
ENSG00000066084,2632.0,17.86944,3.629186,1,2630.2130559682846,ENSG00000066084
ENSG00000111786,2633.0,17.868193,3.3655,1,2631.2131807804108,ENSG00000111786
ENSG00000196187,2634.0,17.858807,1.6594492,1,2632.2141193151474,ENSG00000196187
ENSG00000144591,2635.0,17.853725,3.8075042,1,2633.2146275043488,ENSG00000144591
ENSG00000136631,2636.0,17.852991,4.6181912,1,2634.214700937271,ENSG00000136631
ENSG00000174456,2637.0,17.850893,4.5876613,1,2635.2149107456207,ENSG00000174456
ENSG00000150459,2638.0,17.841873,14.507259,1,2636.215812683105,ENSG00000150459
ENSG00000128915,2639.0,17.836433,2.9020529,1,2637.2163566350937,ENSG00000128915
ENSG00000162607,2640.0,17.830431,3.142103,1,2638.2169568538666,ENSG00000162607
ENSG00000085224,2641.0,17.829515,3.5994692,1,2639.217048406601,ENSG00000085224
ENSG00000011009,2642.0,17.826897,6.489078,1,2640.21731030941,ENSG00000011009
ENSG00000123213,2643.0,17.818666,5.551309,1,2641.218133330345,ENSG00000123213
ENSG00000182446,2644.0,17.816278,3.5440056,1,2642.218372106552,ENSG00000182446
ENSG00000072682,2645.0,17.814663,6.0268197,1,2643.2185337543488,ENSG00000072682
ENSG00000063245,2646.0,17.808266,1.5643739,1,2644.2191734313965,ENSG00000063245
ENSG00000114554,2647.0,17.789927,7.158369,1,2645.221007347107,ENSG00000114554
ENSG00000101199,2648.0,17.786188,5.5374904,1,2646.221381187439,ENSG00000101199
ENSG00000132463,2649.0,17.778849,6.929829,1,2647.2221151590347,ENSG00000132463
ENSG00000148396,2650.0,17.778122,1.9199381,1,2648.222187757492,ENSG00000148396
ENSG00000175216,2651.0,17.77574,4.3519435,1,2649.222426056862,ENSG00000175216
ENSG00000128311,2652.0,17.771002,3.8921885,1,2650.2228997945786,ENSG00000128311
ENSG00000171067,2653.0,17.770977,7.4906464,1,2651.2229022979736,ENSG00000171067
ENSG00000198960,2654.0,17.76894,3.4502685,1,2652.223106026649,ENSG00000198960
ENSG00000144120,2655.0,17.764774,6.0247655,1,2653.223522543907,ENSG00000144120
ENSG00000250722,2656.0,17.764563,1.4422098,1,2654.2235437631607,SELENOP
ENSG00000054118,2657.0,17.762154,5.1171136,1,2655.223784685135,ENSG00000054118
ENSG00000164106,2658.0,17.761278,8.736182,1,2656.2238721847534,SCRG1
ENSG00000141401,2659.0,17.760668,4.6601224,1,2657.2239332199097,ENSG00000141401
ENSG00000185515,2660.0,17.758997,3.8323865,1,2658.2241003513336,ENSG00000185515
ENSG00000257084,2661.0,17.75754,9.988571,1,2659.224246025085,ENSG00000257084
ENSG00000104611,2662.0,17.752216,5.140314,1,2660.2247784137726,ENSG00000104611
ENSG00000186918,2663.0,17.750586,2.4920557,1,2661.2249414920807,ENSG00000186918
ENSG00000105576,2664.0,17.745108,5.0012465,1,2662.225489258766,ENSG00000105576
ENSG00000245532,2665.0,17.742392,21.792816,1,2663.225760817528,NEAT1
ENSG00000231789,2666.0,17.740368,7.6492667,1,2664.225963234901,ENSG00000231789
ENSG00000121005,2667.0,17.729479,10.571029,1,2665.227052092552,ENSG00000121005
ENSG00000128585,2668.0,17.726484,3.8051832,1,2666.2273515462875,ENSG00000128585
ENSG00000142273,2669.0,17.723297,9.987558,1,2667.227670311928,ENSG00000142273
ENSG00000167969,2670.0,17.721447,3.6805687,1,2668.227855324745,ENSG00000167969
ENSG00000154553,2671.0,17.721046,5.3015685,1,2669.2278953790665,ENSG00000154553
ENSG00000010803,2672.0,17.710093,4.3474603,1,2670.228990793228,ENSG00000010803
ENSG00000169764,2673.0,17.709572,7.1648903,1,2671.2290427684784,ENSG00000169764
ENSG00000117360,2674.0,17.707094,4.4146156,1,2672.229290604592,ENSG00000117360
ENSG00000175581,2675.0,17.704422,4.3856997,1,2673.2295577526093,ENSG00000175581
ENSG00000082146,2676.0,17.703684,8.803608,1,2674.229631662369,ENSG00000082146
ENSG00000170921,2677.0,17.70292,3.5428677,1,2675.229707956314,ENSG00000170921
ENSG00000011105,2678.0,17.698362,3.6032996,1,2676.2301638126373,ENSG00000011105
ENSG00000162512,2679.0,17.698118,4.1019034,1,2677.2301881313324,ENSG00000162512
ENSG00000116251,2680.0,17.688164,27.402763,1,2678.231183648109,ENSG00000116251
ENSG00000166266,2681.0,17.685486,3.017104,1,2679.2314513921738,ENSG00000166266
ENSG00000198276,2682.0,17.685308,4.738852,1,2680.231469154358,ENSG00000198276
ENSG00000115806,2683.0,17.675787,5.624578,1,2681.2324212789536,ENSG00000115806
ENSG00000115694,2684.0,17.674463,4.3907294,1,2682.2325537204742,ENSG00000115694
ENSG00000166170,2685.0,17.667252,1.8219054,1,2683.2332748174667,ENSG00000166170
ENSG00000075407,2686.0,17.664417,2.3593874,1,2684.2335582971573,ENSG00000075407
ENSG00000176842,2687.0,17.664253,5.331426,1,2685.23357462883,ENSG00000176842
ENSG00000165140,2688.0,17.663322,0.6429681,1,2686.233667731285,ENSG00000165140
ENSG00000138449,2689.0,17.661858,3.2221878,1,2687.233814239502,ENSG00000138449
ENSG00000127526,2690.0,17.661665,1.2301579,1,2688.233833551407,ENSG00000127526
ENSG00000122783,2691.0,17.657469,4.9656982,1,2689.234253168106,ENSG00000122783
ENSG00000148334,2692.0,17.65703,2.818541,1,2690.2342970371246,ENSG00000148334
ENSG00000106638,2693.0,17.655577,4.4075317,1,2691.2344423532486,ENSG00000106638
ENSG00000157837,2694.0,17.645107,2.7249146,1,2692.235489249229,ENSG00000157837
ENSG00000117480,2695.0,17.642529,4.4054146,1,2693.2357470989227,ENSG00000117480
ENSG00000174953,2696.0,17.637964,3.287572,1,2694.2362035512924,ENSG00000174953
ENSG00000155755,2697.0,17.634039,6.123646,1,2695.236596107483,ENSG00000155755
ENSG00000130511,2698.0,17.63149,2.415568,1,2696.236850976944,ENSG00000130511
ENSG00000247271,2699.0,17.629126,4.5715213,1,2697.2370874881744,ENSG00000247271
ENSG00000168887,2700.0,17.628117,2.6612818,1,2698.2371883392334,ENSG00000168887
ENSG00000180198,2701.0,17.627598,4.056678,1,2699.2372401952744,ENSG00000180198
ENSG00000172889,2702.0,17.623215,2.9096444,1,2700.237678527832,EGFL7
ENSG00000162337,2703.0,17.62192,4.763028,1,2701.2378079891205,ENSG00000162337
ENSG00000135837,2704.0,17.613827,2.4965134,1,2702.2386173009872,ENSG00000135837
ENSG00000131037,2705.0,17.613104,5.2712445,1,2703.238689661026,ENSG00000131037
ENSG00000173163,2706.0,17.604918,4.050962,1,2704.2395082712173,ENSG00000173163
ENSG00000137831,2707.0,17.593998,6.214987,1,2705.2406002283096,ENSG00000137831
ENSG00000167535,2708.0,17.589785,5.8238697,1,2706.241021513939,ENSG00000167535
ENSG00000254635,2709.0,17.587557,2.8410366,1,2707.241244316101,ENSG00000254635
ENSG00000106636,2710.0,17.587137,3.936259,1,2708.241286277771,ENSG00000106636
ENSG00000141510,2711.0,17.584932,3.8343182,1,2709.2415068149567,ENSG00000141510
ENSG00000204569,2712.0,17.583143,4.6962314,1,2710.241685628891,ENSG00000204569
ENSG00000101773,2713.0,17.580158,2.7510996,1,2711.241984128952,ENSG00000101773
ENSG00000150316,2714.0,17.579647,4.6330957,1,2712.242035269737,ENSG00000150316
ENSG00000081479,2715.0,17.579567,10.799998,1,2713.24204325676,ENSG00000081479
ENSG00000079950,2716.0,17.575241,9.433071,1,2714.2424758672714,ENSG00000079950
ENSG00000197375,2717.0,17.574326,3.4454687,1,2715.242567420006,ENSG00000197375
ENSG00000105976,2718.0,17.562513,9.176251,1,2716.243748664856,ENSG00000105976
ENSG00000124209,2719.0,17.551462,1.8015829,1,2717.24485373497,ENSG00000124209
ENSG00000088205,2720.0,17.550646,4.559743,1,2718.244935393333,ENSG00000088205
ENSG00000123178,2721.0,17.545334,3.7957838,1,2719.245466589928,ENSG00000123178
ENSG00000107816,2722.0,17.5368,5.1570487,1,2720.246320009232,ENSG00000107816
ENSG00000128059,2723.0,17.53278,4.834599,1,2721.246721982956,ENSG00000128059
ENSG00000015171,2724.0,17.530283,1.8549925,1,2722.246971726417,ENSG00000015171
ENSG00000134463,2725.0,17.527332,4.771693,1,2723.247266769409,ENSG00000134463
ENSG00000130165,2726.0,17.523333,3.546349,1,2724.247666716576,ENSG00000130165
ENSG00000104872,2727.0,17.521246,4.3184495,1,2725.2478754520416,ENSG00000104872
ENSG00000114491,2728.0,17.515734,5.456166,1,2726.2484266757965,ENSG00000114491
ENSG00000138398,2729.0,17.5138,4.2251644,1,2727.248620033264,ENSG00000138398
ENSG00000162734,2730.0,17.510994,2.751452,1,2728.248900651932,ENSG00000162734
ENSG00000138002,2731.0,17.509964,5.2229166,1,2729.249003648758,ENSG00000138002
ENSG00000130255,2732.0,17.498089,53.43195,1,2730.250191092491,ENSG00000130255
ENSG00000102890,2733.0,17.497059,4.8549724,1,2731.2502940893173,ENSG00000102890
ENSG00000164978,2734.0,17.494904,3.1611776,1,2732.250509619713,ENSG00000164978
ENSG00000116001,2735.0,17.494669,4.3358035,1,2733.250533103943,ENSG00000116001
ENSG00000103534,2736.0,17.490927,5.6560326,1,2734.2509073019028,ENSG00000103534
ENSG00000061936,2737.0,17.486385,2.600358,1,2735.251361489296,ENSG00000061936
ENSG00000112081,2738.0,17.485365,20.664042,1,2736.251463532448,ENSG00000112081
ENSG00000140650,2739.0,17.481815,4.436424,1,2737.251818418503,ENSG00000140650
ENSG00000244879,2740.0,17.481152,3.3332283,1,2738.251884818077,ENSG00000244879
ENSG00000108312,2741.0,17.475504,2.6713827,1,2739.252449631691,ENSG00000108312
ENSG00000108375,2742.0,17.466433,7.1731005,1,2740.253356695175,ENSG00000108375
ENSG00000162702,2743.0,17.456722,3.4474807,1,2741.254327774048,ENSG00000162702
ENSG00000119812,2744.0,17.454374,5.5688624,1,2742.2545626163483,ENSG00000119812
ENSG00000108582,2745.0,17.453932,1.4685899,1,2743.2546068429947,ENSG00000108582
ENSG00000001630,2746.0,17.452143,8.010434,1,2744.2547857761383,ENSG00000001630
ENSG00000162813,2747.0,17.442482,3.95734,1,2745.255751848221,ENSG00000162813
ENSG00000138119,2748.0,17.441008,1.2453382,1,2746.2558991909027,ENSG00000138119
ENSG00000147164,2749.0,17.439959,3.5374393,1,2747.256004095077,ENSG00000147164
ENSG00000147155,2750.0,17.43268,3.2888477,1,2748.2567319869995,ENSG00000147155
ENSG00000099330,2751.0,17.43239,3.2797866,1,2749.256760954857,ENSG00000099330
ENSG00000108256,2752.0,17.429928,1.9432689,1,2750.257007241249,ENSG00000108256
ENSG00000113384,2753.0,17.429626,2.4305615,1,2751.2570374012,ENSG00000113384
ENSG00000137364,2754.0,17.42889,4.3068905,1,2752.257110953331,ENSG00000137364
ENSG00000166173,2755.0,17.425217,5.021996,1,2753.2574783563614,ENSG00000166173
ENSG00000183741,2756.0,17.423672,2.359516,1,2754.2576328516006,ENSG00000183741
ENSG00000073350,2757.0,17.423105,1.3969184,1,2755.257689476013,ENSG00000073350
ENSG00000258890,2758.0,17.418974,4.626782,1,2756.2581026554108,ENSG00000258890
ENSG00000158623,2759.0,17.415474,3.9292095,1,2757.258452653885,ENSG00000158623
ENSG00000052841,2760.0,17.410608,3.7627065,1,2758.2589391469955,ENSG00000052841
ENSG00000134317,2761.0,17.408148,7.197333,1,2759.259185194969,ENSG00000134317
ENSG00000155850,2762.0,17.406748,6.140201,1,2760.2593252658844,ENSG00000155850
ENSG00000130779,2763.0,17.405828,2.5956678,1,2761.259417176246,ENSG00000130779
ENSG00000172262,2764.0,17.404087,3.6669197,1,2762.2595913410187,ENSG00000172262
ENSG00000118564,2765.0,17.401592,4.2701626,1,2763.2598407268524,ENSG00000118564
ENSG00000172339,2766.0,17.39921,3.653768,1,2764.2600790262222,ENSG00000172339
ENSG00000109065,2767.0,17.397884,5.659129,1,2765.260211586952,ENSG00000109065
ENSG00000104267,2768.0,17.393154,4.6106596,1,2766.260684609413,ENSG00000104267
ENSG00000171105,2769.0,17.390404,2.472969,1,2767.260959625244,ENSG00000171105
ENSG00000275052,2770.0,17.388641,2.9031749,1,2768.261135816574,ENSG00000275052
ENSG00000109079,2771.0,17.386549,5.0617485,1,2769.2613451480865,ENSG00000109079
ENSG00000134146,2772.0,17.383814,5.7028008,1,2770.261618614197,ENSG00000134146
ENSG00000063322,2773.0,17.38149,3.1546905,1,2771.261850953102,ENSG00000063322
ENSG00000156531,2774.0,17.379053,3.3986323,1,2772.2620947360992,ENSG00000156531
ENSG00000164610,2775.0,17.37839,4.4830914,1,2773.262161016464,ENSG00000164610
ENSG00000120549,2776.0,17.377548,2.4969504,1,2774.2622451782227,ENSG00000120549
ENSG00000108883,2777.0,17.377077,9.710626,1,2775.262292265892,ENSG00000108883
ENSG00000132294,2778.0,17.373138,1.539969,1,2776.2626861333847,ENSG00000132294
ENSG00000116199,2779.0,17.368193,2.8540754,1,2777.263180732727,ENSG00000116199
ENSG00000143801,2780.0,17.36484,7.2042093,1,2778.2635160684586,ENSG00000143801
ENSG00000131437,2781.0,17.364426,3.9542663,1,2779.263557434082,ENSG00000131437
ENSG00000108384,2782.0,17.363106,6.0909157,1,2780.2636893987656,ENSG00000108384
ENSG00000126217,2783.0,17.361593,6.3046684,1,2781.263840675354,ENSG00000126217
ENSG00000107833,2784.0,17.353615,4.396579,1,2782.264638543129,ENSG00000107833
ENSG00000103194,2785.0,17.350643,4.5550675,1,2783.264935731888,ENSG00000103194
ENSG00000100003,2786.0,17.347595,2.7055244,1,2784.265240430832,ENSG00000100003
ENSG00000136868,2787.0,17.344868,3.2269738,1,2785.2655131816864,ENSG00000136868
ENSG00000165698,2788.0,17.33891,4.855322,1,2786.266109108925,ENSG00000165698
ENSG00000153714,2789.0,17.336252,4.9979076,1,2787.2663748264317,ENSG00000153714
ENSG00000156642,2790.0,17.335531,3.8946614,1,2788.266446828842,ENSG00000156642
ENSG00000091640,2791.0,17.333464,4.9422812,1,2789.2666536569595,ENSG00000091640
ENSG00000186834,2792.0,17.332172,1.670778,1,2790.26678276062,ENSG00000186834
ENSG00000125962,2793.0,17.330866,3.620975,1,2791.266913414001,ENSG00000125962
ENSG00000213523,2794.0,17.325335,3.6154082,1,2792.267466545105,ENSG00000213523
ENSG00000173327,2795.0,17.325138,3.3207917,1,2793.2674862146378,ENSG00000173327
ENSG00000177225,2796.0,17.32145,3.984768,1,2794.26785504818,ENSG00000177225
ENSG00000188612,2797.0,17.320223,25.756878,1,2795.2679777145386,ENSG00000188612
ENSG00000069248,2798.0,17.312607,4.4743133,1,2796.268739342689,ENSG00000069248
ENSG00000186501,2799.0,17.31177,3.610301,1,2797.268823027611,ENSG00000186501
ENSG00000036257,2800.0,17.308342,4.0238185,1,2798.2691657543182,ENSG00000036257
ENSG00000167671,2801.0,17.308062,3.6975365,1,2799.2691938877106,ENSG00000167671
ENSG00000073711,2802.0,17.303072,4.588616,1,2800.269692778588,ENSG00000073711
ENSG00000143368,2803.0,17.302853,4.617663,1,2801.2697147130966,ENSG00000143368
ENSG00000115446,2804.0,17.301634,5.6447444,1,2802.2698366642,ENSG00000115446
ENSG00000181396,2805.0,17.295925,3.3008087,1,2803.270407438278,ENSG00000181396
ENSG00000005194,2806.0,17.294577,6.238743,1,2804.270542383194,ENSG00000005194
ENSG00000100316,2807.0,17.292484,265.5767,1,2805.270751595497,ENSG00000100316
ENSG00000182606,2808.0,17.284224,2.9528358,1,2806.2715775966644,ENSG00000182606
ENSG00000178913,2809.0,17.28399,5.405928,1,2807.271600961685,ENSG00000178913
ENSG00000166532,2810.0,17.281878,5.999688,1,2808.2718122005463,ENSG00000166532
ENSG00000130725,2811.0,17.280308,3.299497,1,2809.2719691991806,ENSG00000130725
ENSG00000136826,2812.0,17.279524,3.075111,1,2810.272047638893,ENSG00000136826
ENSG00000145725,2813.0,17.278002,4.284014,1,2811.272199869156,ENSG00000145725
ENSG00000163040,2814.0,17.275528,4.232585,1,2812.272447228432,ENSG00000163040
ENSG00000077097,2815.0,17.27528,2.629516,1,2813.272472023964,ENSG00000077097
ENSG00000064545,2816.0,17.273067,3.8235056,1,2814.2726932764053,ENSG00000064545
ENSG00000183808,2817.0,17.269768,3.455876,1,2815.273023247719,ENSG00000183808
ENSG00000165732,2818.0,17.269691,3.612015,1,2816.2730308771133,ENSG00000165732
ENSG00000134001,2819.0,17.268303,7.90565,1,2817.273169755936,ENSG00000134001
ENSG00000118579,2820.0,17.26149,3.3111815,1,2818.273851037025,ENSG00000118579
ENSG00000205758,2821.0,17.25706,4.024054,1,2819.2742941379547,ENSG00000205758
ENSG00000100372,2822.0,17.252554,5.593433,1,2820.27474462986,ENSG00000100372
ENSG00000168890,2823.0,17.250938,4.5066714,1,2821.2749061584477,ENSG00000168890
ENSG00000037042,2824.0,17.247164,4.653707,1,2822.275283575058,ENSG00000037042
ENSG00000179523,2825.0,17.237516,2.8301861,1,2823.2762483358383,ENSG00000179523
ENSG00000105520,2826.0,17.235888,3.8049743,1,2824.276411294937,ENSG00000105520
ENSG00000124784,2827.0,17.235296,4.062451,1,2825.2764704227448,ENSG00000124784
ENSG00000151748,2828.0,17.234156,3.2372859,1,2826.2765843868256,ENSG00000151748
ENSG00000160685,2829.0,17.225943,2.7328663,1,2827.2774057388306,ENSG00000160685
ENSG00000184436,2830.0,17.224474,4.4567327,1,2828.2775526046757,ENSG00000184436
ENSG00000101146,2831.0,17.223022,5.721136,1,2829.27769780159,ENSG00000101146
ENSG00000064313,2832.0,17.22121,4.1786056,1,2830.27787899971,ENSG00000064313
ENSG00000129187,2833.0,17.221144,4.128655,1,2831.2778856754303,ENSG00000129187
ENSG00000163125,2834.0,17.218657,1.6583656,1,2832.2781343460083,ENSG00000163125
ENSG00000065268,2835.0,17.215466,5.807825,1,2833.2784534692764,ENSG00000065268
ENSG00000106588,2836.0,17.211695,13.155954,1,2834.2788305282597,ENSG00000106588
ENSG00000160746,2837.0,17.210083,5.505035,1,2835.2789916992188,ENSG00000160746
ENSG00000109519,2838.0,17.207996,4.208506,1,2836.2792003154755,ENSG00000109519
ENSG00000114383,2839.0,17.202822,3.067538,1,2837.2797178030014,ENSG00000114383
ENSG00000114744,2840.0,17.197678,3.0824568,1,2838.280232191086,ENSG00000114744
ENSG00000132300,2841.0,17.195435,6.089173,1,2839.2804565429688,ENSG00000132300
ENSG00000158710,2842.0,17.192152,28.629421,1,2840.280784845352,TAGLN2
ENSG00000137074,2843.0,17.191185,3.8031714,1,2841.280881524086,ENSG00000137074
ENSG00000138614,2844.0,17.189157,4.293859,1,2842.2810842990875,ENSG00000138614
ENSG00000165209,2845.0,17.188507,1.5989944,1,2843.2811492681503,ENSG00000165209
ENSG00000117620,2846.0,17.187445,3.0420198,1,2844.281255483628,ENSG00000117620
ENSG00000170142,2847.0,17.186207,2.6746964,1,2845.281379342079,ENSG00000170142
ENSG00000162613,2848.0,17.184685,5.624531,1,2846.281531572342,ENSG00000162613
ENSG00000109775,2849.0,17.182953,4.29766,1,2847.2817046642303,ENSG00000109775
ENSG00000188690,2850.0,17.17895,4.656979,1,2848.282105088234,ENSG00000188690
ENSG00000183530,2851.0,17.178349,2.6531966,1,2849.282165169716,ENSG00000183530
ENSG00000123064,2852.0,17.175587,4.658497,1,2850.28244137764,ENSG00000123064
ENSG00000188938,2853.0,17.173334,2.9262023,1,2851.282666563988,ENSG00000188938
ENSG00000166164,2854.0,17.171488,2.8890517,1,2852.282851219177,ENSG00000166164
ENSG00000145191,2855.0,17.169834,3.3288863,1,2853.283016562462,ENSG00000145191
ENSG00000116791,2856.0,17.16189,4.383135,1,2854.2838109731674,ENSG00000116791
ENSG00000075151,2857.0,17.160557,2.3777664,1,2855.2839443683624,ENSG00000075151
ENSG00000172765,2858.0,17.160046,3.8056848,1,2856.2839953899384,ENSG00000172765
ENSG00000085982,2859.0,17.151836,3.97996,1,2857.2848163843155,ENSG00000085982
ENSG00000108091,2860.0,17.15181,1.3129647,1,2858.28481900692,ENSG00000108091
ENSG00000124782,2861.0,17.148846,2.6875246,1,2859.285115480423,ENSG00000124782
ENSG00000145741,2862.0,17.148277,52.334564,1,2860.285172224045,ENSG00000145741
ENSG00000149100,2863.0,17.146736,18.40213,1,2861.285326361656,ENSG00000149100
ENSG00000175110,2864.0,17.146097,5.76212,1,2862.2853902578354,ENSG00000175110
ENSG00000100220,2865.0,17.136011,6.2602744,1,2863.2863988876343,ENSG00000100220
ENSG00000156162,2866.0,17.131231,4.1471224,1,2864.2868769168854,ENSG00000156162
ENSG00000167987,2867.0,17.12994,3.202006,1,2865.287006020546,ENSG00000167987
ENSG00000134371,2868.0,17.12901,3.209208,1,2866.287099123001,ENSG00000134371
ENSG00000116984,2869.0,17.124338,3.8720117,1,2867.2875661849976,ENSG00000116984
ENSG00000115289,2870.0,17.118378,3.6723604,1,2868.2881622314453,ENSG00000115289
ENSG00000072274,2871.0,17.118357,2.4621904,1,2869.2881643772125,ENSG00000072274
ENSG00000143748,2872.0,17.112001,4.185107,1,2870.288799881935,ENSG00000143748
ENSG00000087470,2873.0,17.106865,3.7973223,1,2871.289313554764,ENSG00000087470
ENSG00000147601,2874.0,17.100965,3.1095004,1,2872.2899034023285,ENSG00000147601
ENSG00000065883,2875.0,17.099752,2.8587606,1,2873.2900247573853,ENSG00000065883
ENSG00000143156,2876.0,17.095518,5.4785004,1,2874.2904481887817,ENSG00000143156
ENSG00000174136,2877.0,17.089415,6.8740225,1,2875.291058540344,ENSG00000174136
ENSG00000121940,2878.0,17.088024,2.8316188,1,2876.291197538376,ENSG00000121940
ENSG00000109501,2879.0,17.086063,5.7790937,1,2877.291393637657,ENSG00000109501
ENSG00000168724,2880.0,17.083942,2.5142746,1,2878.2916057109837,ENSG00000168724
ENSG00000129636,2881.0,17.07995,5.649163,1,2879.292004942894,ENSG00000129636
ENSG00000160131,2882.0,17.07979,4.3527975,1,2880.292021036148,ENSG00000160131
ENSG00000102100,2883.0,17.079275,3.8175936,1,2881.292072534561,ENSG00000102100
ENSG00000124370,2884.0,17.074293,3.957236,1,2882.292570710182,ENSG00000124370
ENSG00000092203,2885.0,17.070984,3.4471219,1,2883.29290163517,ENSG00000092203
ENSG00000198301,2886.0,17.06951,5.3360605,1,2884.293049097061,ENSG00000198301
ENSG00000174444,2887.0,17.059858,202.47514,1,2885.2940142154694,ENSG00000174444
ENSG00000259494,2888.0,17.056763,4.2329283,1,2886.294323682785,ENSG00000259494
ENSG00000101052,2889.0,17.053667,5.911009,1,2887.29463326931,ENSG00000101052
ENSG00000175324,2890.0,17.051512,4.0295434,1,2888.294848799705,ENSG00000175324
ENSG00000106608,2891.0,17.048012,3.4450877,1,2889.29519879818,ENSG00000106608
ENSG00000142507,2892.0,17.047903,10.248886,1,2890.295209646225,ENSG00000142507
ENSG00000119673,2893.0,17.043863,4.6019254,1,2891.2956136465077,ENSG00000119673
ENSG00000123416,2894.0,17.041687,77.41992,1,2892.29583132267,TUBA1B
ENSG00000118257,2895.0,17.037262,7.8021197,1,2893.296273827553,ENSG00000118257
ENSG00000125740,2896.0,17.034588,5.0630083,1,2894.2965412139893,ENSG00000125740
ENSG00000044090,2897.0,17.034317,4.7268515,1,2895.296568274498,ENSG00000044090
ENSG00000028203,2898.0,17.032097,2.0882595,1,2896.2967903614044,ENSG00000028203
ENSG00000197312,2899.0,17.028442,3.3141043,1,2897.297155737877,ENSG00000197312
ENSG00000166348,2900.0,17.027817,6.345486,1,2898.297218322754,ENSG00000166348
ENSG00000175197,2901.0,17.024164,9.583331,1,2899.297583580017,ENSG00000175197
ENSG00000197961,2902.0,17.017342,3.6513705,1,2900.298265814781,ENSG00000197961
ENSG00000105058,2903.0,17.015348,7.067257,1,2901.2984651327133,ENSG00000105058
ENSG00000050820,2904.0,17.01207,5.185773,1,2902.298793077469,ENSG00000050820
ENSG00000101197,2905.0,17.00834,15.5647135,1,2903.2991659641266,ENSG00000101197
ENSG00000102595,2906.0,17.005478,5.462718,1,2904.299452185631,ENSG00000102595
ENSG00000115207,2907.0,16.999287,5.6776214,1,2905.3000713586807,ENSG00000115207
ENSG00000141101,2908.0,16.990822,4.844362,1,2906.300917863846,ENSG00000141101
ENSG00000162458,2909.0,16.9904,1.1272178,1,2907.300959944725,ENSG00000162458
ENSG00000103544,2910.0,16.989458,3.8604891,1,2908.301054239273,ENSG00000103544
ENSG00000025293,2911.0,16.988747,3.773677,1,2909.3011252880096,ENSG00000025293
ENSG00000256269,2912.0,16.982033,5.2123437,1,2910.3017966747284,ENSG00000256269
ENSG00000135452,2913.0,16.978403,2.5441377,1,2911.302159667015,ENSG00000135452
ENSG00000170606,2914.0,16.97591,8.825822,1,2912.3024089336395,ENSG00000170606
ENSG00000265354,2915.0,16.968277,4.448286,1,2913.30317234993,ENSG00000265354
ENSG00000105755,2916.0,16.96787,3.8092182,1,2914.3032128810883,ENSG00000105755
ENSG00000213337,2917.0,16.962389,4.8979945,1,2915.303761124611,ENSG00000213337
ENSG00000114790,2918.0,16.959782,4.4130063,1,2916.304021835327,ENSG00000114790
ENSG00000104969,2919.0,16.95977,4.960881,1,2917.30402302742,ENSG00000104969
ENSG00000161179,2920.0,16.956015,3.195762,1,2918.304398536682,ENSG00000161179
ENSG00000008952,2921.0,16.951902,4.754137,1,2919.304809808731,ENSG00000008952
ENSG00000122386,2922.0,16.951866,4.1196346,1,2920.3048133850098,ENSG00000122386
ENSG00000196510,2923.0,16.949175,5.718036,1,2921.3050825595856,ENSG00000196510
ENSG00000102858,2924.0,16.94414,3.4438717,1,2922.3055860996246,ENSG00000102858
ENSG00000124802,2925.0,16.938866,6.969886,1,2923.3061134815216,ENSG00000124802
ENSG00000198755,2926.0,16.937084,101.6675,1,2924.3062915802,ENSG00000198755
ENSG00000100290,2927.0,16.935986,3.5150247,1,2925.306401491165,ENSG00000100290
ENSG00000106290,2928.0,16.93516,3.5932763,1,2926.306483983993,ENSG00000106290
ENSG00000183864,2929.0,16.934202,2.949373,1,2927.3065798282623,ENSG00000183864
ENSG00000010626,2930.0,16.930954,4.280415,1,2928.306904554367,ENSG00000010626
ENSG00000059588,2931.0,16.930851,2.8779716,1,2929.3069149255757,ENSG00000059588
ENSG00000113522,2932.0,16.918648,3.0232377,1,2930.3081352710724,ENSG00000113522
ENSG00000008710,2933.0,16.91798,3.9474995,1,2931.3082020282745,ENSG00000008710
ENSG00000147364,2934.0,16.917427,3.9824884,1,2932.308257341385,ENSG00000147364
ENSG00000163611,2935.0,16.916803,3.0863261,1,2933.308319687844,ENSG00000163611
ENSG00000084092,2936.0,16.909317,3.758113,1,2934.3090683221817,ENSG00000084092
ENSG00000100567,2937.0,16.907873,9.927726,1,2935.309212684632,ENSG00000100567
ENSG00000145354,2938.0,16.902481,4.8362737,1,2936.309751868248,ENSG00000145354
ENSG00000121058,2939.0,16.901133,4.297561,1,2937.3098866939545,ENSG00000121058
ENSG00000187720,2940.0,16.899406,5.8281274,1,2938.3100593090057,ENSG00000187720
ENSG00000007341,2941.0,16.898594,4.775089,1,2939.310140609741,ENSG00000007341
ENSG00000105698,2942.0,16.89429,2.774836,1,2940.3105709552765,ENSG00000105698
ENSG00000067167,2943.0,16.893854,7.4041524,1,2941.3106145858765,ENSG00000067167
ENSG00000134258,2944.0,16.890797,7.1097574,1,2942.310920357704,ENSG00000134258
ENSG00000010361,2945.0,16.885023,5.0815825,1,2943.311497688293,ENSG00000010361
ENSG00000233041,2946.0,16.884295,12.921216,1,2944.3115705251694,PHGR1
ENSG00000172992,2947.0,16.883577,4.002541,1,2945.3116422891617,ENSG00000172992
ENSG00000170144,2948.0,16.881504,7.867954,1,2946.311849594116,ENSG00000170144
ENSG00000106080,2949.0,16.880516,3.295021,1,2947.311948418617,ENSG00000106080
ENSG00000116754,2950.0,16.88037,8.185041,1,2948.31196308136,ENSG00000116754
ENSG00000124571,2951.0,16.878796,7.205466,1,2949.312120437622,ENSG00000124571
ENSG00000105341,2952.0,16.876827,3.8887265,1,2950.312317252159,ENSG00000105341
ENSG00000112118,2953.0,16.874233,7.2081203,1,2951.312576651573,ENSG00000112118
ENSG00000158290,2954.0,16.865469,2.5860353,1,2952.31345307827,ENSG00000158290
ENSG00000143379,2955.0,16.8632,4.4295936,1,2953.3136800527573,ENSG00000143379
ENSG00000174446,2956.0,16.86227,4.25841,1,2954.313772916794,ENSG00000174446
ENSG00000196498,2957.0,16.86141,2.3830557,1,2955.313858985901,ENSG00000196498
ENSG00000177150,2958.0,16.853043,6.2988424,1,2956.314695715904,ENSG00000177150
ENSG00000052802,2959.0,16.852337,3.9574127,1,2957.314766287804,ENSG00000052802
ENSG00000059573,2960.0,16.849712,3.728161,1,2958.3150287866592,ENSG00000059573
ENSG00000139793,2961.0,16.847202,5.339283,1,2959.3152797222137,ENSG00000139793
ENSG00000069956,2962.0,16.845104,3.9493484,1,2960.315489530564,ENSG00000069956
ENSG00000104976,2963.0,16.844975,3.8343027,1,2961.315502524376,ENSG00000104976
ENSG00000197321,2964.0,16.844608,3.4130893,1,2962.315539121628,ENSG00000197321
ENSG00000091127,2965.0,16.838638,5.658676,1,2963.31613612175,ENSG00000091127
ENSG00000198836,2966.0,16.829525,3.3202698,1,2964.3170474767685,ENSG00000198836
ENSG00000040341,2967.0,16.818232,3.2468443,1,2965.3181768655777,ENSG00000040341
ENSG00000148187,2968.0,16.816452,3.922916,1,2966.318354845047,ENSG00000148187
ENSG00000169047,2969.0,16.816423,4.582205,1,2967.31835770607,ENSG00000169047
ENSG00000167186,2970.0,16.8111,4.370878,1,2968.318889975548,ENSG00000167186
ENSG00000115234,2971.0,16.808113,7.5510364,1,2969.3191887140274,ENSG00000115234
ENSG00000100209,2972.0,16.805906,3.3520675,1,2970.3194093704224,ENSG00000100209
ENSG00000101882,2973.0,16.805258,2.5892298,1,2971.319474220276,ENSG00000101882
ENSG00000171444,2974.0,16.805044,8.394531,1,2972.3194955587387,ENSG00000171444
ENSG00000185909,2975.0,16.794842,8.589348,1,2973.320515871048,ENSG00000185909
ENSG00000140463,2976.0,16.789104,4.287381,1,2974.3210895061493,ENSG00000140463
ENSG00000181722,2977.0,16.784239,3.1120615,1,2975.321576118469,ENSG00000181722
ENSG00000139697,2978.0,16.783178,4.625643,1,2976.321682214737,ENSG00000139697
ENSG00000113282,2979.0,16.782969,2.7155108,1,2977.321703195572,ENSG00000113282
ENSG00000149187,2980.0,16.769703,2.3217874,1,2978.323029756546,ENSG00000149187
ENSG00000137285,2981.0,16.76568,10.6399355,1,2979.323431968689,ENSG00000137285
ENSG00000062725,2982.0,16.765556,3.5125296,1,2980.323444366455,ENSG00000062725
ENSG00000197912,2983.0,16.763916,3.7400963,1,2981.323608398437,ENSG00000197912
ENSG00000198408,2984.0,16.759394,1.3727944,1,2982.324060678482,ENSG00000198408
ENSG00000164818,2985.0,16.75743,5.933309,1,2983.3242571353912,ENSG00000164818
ENSG00000186432,2986.0,16.756845,1.2684792,1,2984.324315428734,ENSG00000186432
ENSG00000145740,2987.0,16.75403,2.8732698,1,2985.324597001076,ENSG00000145740
ENSG00000198937,2988.0,16.753721,3.6445875,1,2986.3246278762817,ENSG00000198937
ENSG00000146463,2989.0,16.746819,3.8407586,1,2987.325318098068,ENSG00000146463
ENSG00000142606,2990.0,16.74652,5.586473,1,2988.325348138809,ENSG00000142606
ENSG00000161057,2991.0,16.74191,8.139541,1,2989.3258088827133,ENSG00000161057
ENSG00000164066,2992.0,16.73404,5.6274567,1,2990.326596021652,ENSG00000164066
ENSG00000154265,2993.0,16.73207,5.5735354,1,2991.3267929553986,ENSG00000154265
ENSG00000130703,2994.0,16.729221,3.2075865,1,2992.3270778656006,ENSG00000130703
ENSG00000247516,2995.0,16.729073,5.753781,1,2993.327092766762,ENSG00000247516
ENSG00000090615,2996.0,16.727991,1.764086,1,2994.3272008895874,ENSG00000090615
ENSG00000132600,2997.0,16.72752,5.668264,1,2995.327247977257,ENSG00000132600
ENSG00000203697,2998.0,16.721825,6.829917,1,2996.3278175592422,ENSG00000203697
ENSG00000159363,2999.0,16.715778,2.4266016,1,2997.328422188759,ENSG00000159363
ENSG00000008838,3000.0,16.71424,4.809338,1,2998.328576087952,ENSG00000008838
ENSG00000122484,3001.0,16.713997,3.0047045,1,2999.328600287437,ENSG00000122484
ENSG00000173546,3002.0,16.712172,9.570671,1,3000.32878279686,ENSG00000173546
ENSG00000140992,3003.0,16.71185,3.6699219,1,3001.328815102577,ENSG00000140992
ENSG00000171612,3004.0,16.711552,3.2246947,1,3002.3288447856903,ENSG00000171612
ENSG00000160284,3005.0,16.709042,3.4383729,1,3003.329095840454,ENSG00000160284
ENSG00000105393,3006.0,16.707127,5.796234,1,3004.329287290573,ENSG00000105393
ENSG00000100883,3007.0,16.701197,4.742157,1,3005.3298803567886,ENSG00000100883
ENSG00000196792,3008.0,16.699959,2.7815864,1,3006.330004096031,ENSG00000196792
ENSG00000010244,3009.0,16.69762,10.072655,1,3007.3302379846573,ENSG00000010244
ENSG00000171475,3010.0,16.697104,2.2078626,1,3008.33028960228,ENSG00000171475
ENSG00000150760,3011.0,16.696892,4.5584526,1,3009.330310821533,ENSG00000150760
ENSG00000183258,3012.0,16.694923,5.158811,1,3010.3305076360703,ENSG00000183258
ENSG00000131981,3013.0,16.689602,43.060547,1,3011.331039786339,LGALS3
ENSG00000112578,3014.0,16.689177,6.5432615,1,3012.331082344055,ENSG00000112578
ENSG00000178307,3015.0,16.686539,5.1981616,1,3013.331346154213,ENSG00000178307
ENSG00000130939,3016.0,16.68351,3.6892998,1,3014.3316490650177,ENSG00000130939
ENSG00000166821,3017.0,16.680311,5.33109,1,3015.3319689035416,ENSG00000166821
ENSG00000197182,3018.0,16.676855,2.479038,1,3016.332314491272,ENSG00000197182
ENSG00000184743,3019.0,16.670597,2.4569802,1,3017.332940340042,ENSG00000184743
ENSG00000159399,3020.0,16.662207,5.073324,1,3018.333779335022,ENSG00000159399
ENSG00000111237,3021.0,16.660961,7.2968035,1,3019.3339039087296,ENSG00000111237
ENSG00000146733,3022.0,16.657335,4.77609,1,3020.334266424179,ENSG00000146733
ENSG00000163904,3023.0,16.656973,4.034366,1,3021.334302663803,ENSG00000163904
ENSG00000134265,3024.0,16.64759,3.3820667,1,3022.335240960121,ENSG00000134265
ENSG00000107175,3025.0,16.642365,3.6857255,1,3023.3357635736465,ENSG00000107175
ENSG00000129518,3026.0,16.639149,2.9490385,1,3024.3360850811005,ENSG00000129518
ENSG00000100243,3027.0,16.637796,9.780105,1,3025.336220383644,ENSG00000100243
ENSG00000119041,3028.0,16.634157,5.439456,1,3026.336584329605,ENSG00000119041
ENSG00000186106,3029.0,16.632954,3.8013256,1,3027.3367046117783,ENSG00000186106
ENSG00000197308,3030.0,16.61941,9.635559,1,3028.338059067726,ENSG00000197308
ENSG00000128833,3031.0,16.617931,4.027863,1,3029.338206887245,ENSG00000128833
ENSG00000144028,3032.0,16.61458,6.729661,1,3030.338541984558,ENSG00000144028
ENSG00000100603,3033.0,16.613903,3.8792357,1,3031.3386096954346,ENSG00000100603
ENSG00000072135,3034.0,16.612799,2.31926,1,3032.3387200832367,ENSG00000072135
ENSG00000161960,3035.0,16.611288,58.08599,1,3033.338871240616,ENSG00000161960
ENSG00000176407,3036.0,16.606524,1.7111529,1,3034.339347600937,ENSG00000176407
ENSG00000172831,3037.0,16.592482,2.8236277,1,3035.340751886368,ENSG00000172831
ENSG00000137824,3038.0,16.590631,3.947006,1,3036.340936899185,ENSG00000137824
ENSG00000164051,3039.0,16.590092,6.3826284,1,3037.340990781784,ENSG00000164051
ENSG00000178234,3040.0,16.590082,3.517557,1,3038.3409917354584,ENSG00000178234
ENSG00000086300,3041.0,16.585186,5.7134786,1,3039.34148144722,ENSG00000086300
ENSG00000126351,3042.0,16.583645,3.0021296,1,3040.341635465622,ENSG00000126351
ENSG00000005206,3043.0,16.5817,3.2448332,1,3041.3418300151825,ENSG00000005206
ENSG00000254726,3044.0,16.578375,7.074394,1,3042.342162489891,ENSG00000254726
ENSG00000196372,3045.0,16.56643,5.2094455,1,3043.3433570861816,ENSG00000196372
ENSG00000064102,3046.0,16.5646,5.7606134,1,3044.343539953232,ENSG00000064102
ENSG00000118960,3047.0,16.563595,5.2689543,1,3045.343640565872,ENSG00000118960
ENSG00000115548,3048.0,16.560875,3.958902,1,3046.3439124822617,ENSG00000115548
ENSG00000116478,3049.0,16.556778,4.829179,1,3047.34432220459,ENSG00000116478
ENSG00000158321,3050.0,16.552723,2.3665087,1,3048.344727754593,ENSG00000158321
ENSG00000101181,3051.0,16.539303,3.6078963,1,3049.3460696935654,ENSG00000101181
ENSG00000095002,3052.0,16.538858,4.516867,1,3050.3461141586304,ENSG00000095002
ENSG00000171202,3053.0,16.53488,3.268073,1,3051.346512079239,ENSG00000171202
ENSG00000092148,3054.0,16.53159,2.176092,1,3052.346841096878,ENSG00000092148
ENSG00000161533,3055.0,16.521584,3.347554,1,3053.3478416204453,ENSG00000161533
ENSG00000127463,3056.0,16.52084,4.2676716,1,3054.347916007042,ENSG00000127463
ENSG00000105821,3057.0,16.515312,6.4815736,1,3055.3484687805176,ENSG00000105821
ENSG00000196715,3058.0,16.512068,3.0433648,1,3056.348793268204,ENSG00000196715
ENSG00000267855,3059.0,16.50603,4.677506,1,3057.3493970632558,ENSG00000267855
ENSG00000140832,3060.0,16.503738,1.9175742,1,3058.34962618351,ENSG00000140832
ENSG00000188811,3061.0,16.503525,2.9222662,1,3059.3496475219727,ENSG00000188811
ENSG00000144848,3062.0,16.502874,6.744094,1,3060.3497126102448,ENSG00000144848
ENSG00000157741,3063.0,16.492895,2.3672853,1,3061.350710511208,ENSG00000157741
ENSG00000100697,3064.0,16.492228,1.1081307,1,3062.3507772684097,ENSG00000100697
ENSG00000074582,3065.0,16.492138,6.434658,1,3063.3507862091064,ENSG00000074582
ENSG00000056998,3066.0,16.491838,12.368296,1,3064.350816130638,ENSG00000056998
ENSG00000134318,3067.0,16.486168,2.9927213,1,3065.3513832092285,ENSG00000134318
ENSG00000110104,3068.0,16.48595,5.7504587,1,3066.351404905319,ENSG00000110104
ENSG00000163818,3069.0,16.485569,4.231773,1,3067.351443052292,ENSG00000163818
ENSG00000110200,3070.0,16.481958,2.465773,1,3068.35180413723,ENSG00000110200
ENSG00000185591,3071.0,16.481337,1.9628657,1,3069.351866364479,ENSG00000185591
ENSG00000127946,3072.0,16.47792,2.5791116,1,3070.3522078990936,ENSG00000127946
ENSG00000163141,3073.0,16.475666,3.072196,1,3071.352433443069,ENSG00000163141
ENSG00000166123,3074.0,16.475554,4.8759084,1,3072.3524446487427,ENSG00000166123
ENSG00000104131,3075.0,16.474514,4.250861,1,3073.352548599243,ENSG00000104131
ENSG00000155099,3076.0,16.4718,7.5157547,1,3074.3528200387955,ENSG00000155099
ENSG00000165669,3077.0,16.464958,2.8958933,1,3075.353504180908,ENSG00000165669
ENSG00000198815,3078.0,16.464046,3.1204095,1,3076.3535953760147,ENSG00000198815
ENSG00000016864,3079.0,16.44444,4.7135806,1,3077.3555558919907,ENSG00000016864
ENSG00000081307,3080.0,16.44414,4.8611417,1,3078.355586051941,ENSG00000081307
ENSG00000019144,3081.0,16.439096,5.5544086,1,3079.356090307236,ENSG00000019144
ENSG00000102580,3082.0,16.434643,2.0782444,1,3080.356535673141,ENSG00000102580
ENSG00000178401,3083.0,16.43353,3.7300653,1,3081.3566468954086,ENSG00000178401
ENSG00000103275,3084.0,16.430489,8.246991,1,3082.356951117516,ENSG00000103275
ENSG00000186081,3085.0,16.42967,9.371952,1,3083.357033014297,KRT5
ENSG00000143842,3086.0,16.425861,5.6772246,1,3084.3574138879776,ENSG00000143842
ENSG00000113456,3087.0,16.418312,4.1432166,1,3085.3581688404083,ENSG00000113456
ENSG00000149485,3088.0,16.415762,7.6611905,1,3086.3584238290787,ENSG00000149485
ENSG00000100714,3089.0,16.415213,5.8735666,1,3087.358478784561,ENSG00000100714
ENSG00000153140,3090.0,16.41195,4.414956,1,3088.3588050603867,ENSG00000153140
ENSG00000138448,3091.0,16.409613,2.4429822,1,3089.359038710594,ENSG00000138448
ENSG00000163701,3092.0,16.408995,3.7835307,1,3090.3591005802155,ENSG00000163701
ENSG00000011198,3093.0,16.406918,3.4974024,1,3091.359308242798,ENSG00000011198
ENSG00000154102,3094.0,16.394472,5.363609,1,3092.3605527877808,ENSG00000154102
ENSG00000114473,3095.0,16.38901,3.4398081,1,3093.361099004745,ENSG00000114473
ENSG00000174720,3096.0,16.388767,2.5975327,1,3094.361123323441,ENSG00000174720
ENSG00000080802,3097.0,16.387283,2.4105392,1,3095.3612716197968,ENSG00000080802
ENSG00000161091,3098.0,16.386108,6.8828516,1,3096.361389160156,ENSG00000161091
ENSG00000140632,3099.0,16.382154,3.6212788,1,3097.3617845773697,ENSG00000140632
ENSG00000138663,3100.0,16.380886,6.6215234,1,3098.3619114160538,ENSG00000138663
ENSG00000147853,3101.0,16.378887,3.6632545,1,3099.3621113300323,ENSG00000147853
ENSG00000116455,3102.0,16.377237,6.515907,1,3100.362276315689,ENSG00000116455
ENSG00000188647,3103.0,16.376005,3.0174403,1,3101.362399458885,ENSG00000188647
ENSG00000156469,3104.0,16.372917,5.252665,1,3102.3627083301544,ENSG00000156469
ENSG00000143811,3105.0,16.370054,3.3353121,1,3103.362994551658,ENSG00000143811
ENSG00000071626,3106.0,16.365396,1.8655657,1,3104.363460302353,ENSG00000071626
ENSG00000124380,3107.0,16.354992,3.4836617,1,3105.364500761032,ENSG00000124380
ENSG00000092758,3108.0,16.352339,6.8583426,1,3106.36476612091,ENSG00000092758
ENSG00000134278,3109.0,16.350666,5.375361,1,3107.364933371544,ENSG00000134278
ENSG00000135900,3110.0,16.350538,7.4918923,1,3108.364946126938,ENSG00000135900
ENSG00000162733,3111.0,16.350498,5.5511203,1,3109.3649501800537,ENSG00000162733
ENSG00000100227,3112.0,16.344215,5.1296563,1,3110.3655784130096,ENSG00000100227
ENSG00000111596,3113.0,16.343199,11.657559,1,3111.3656800985336,ENSG00000111596
ENSG00000044574,3114.0,16.332426,18.547888,1,3112.3667573928838,ENSG00000044574
ENSG00000169302,3115.0,16.327957,15.011694,1,3113.36720430851,ENSG00000169302
ENSG00000115993,3116.0,16.327847,5.966287,1,3114.3672153949738,ENSG00000115993
ENSG00000055917,3117.0,16.327442,2.3516524,1,3115.367255806923,ENSG00000055917
ENSG00000126062,3118.0,16.325932,4.3952513,1,3116.367406845093,ENSG00000126062
ENSG00000131089,3119.0,16.325314,2.1563811,1,3117.3674685955048,ENSG00000131089
ENSG00000139746,3120.0,16.323816,2.0029109,1,3118.3676183223724,ENSG00000139746
ENSG00000070785,3121.0,16.32251,5.1283073,1,3119.367748975754,ENSG00000070785
ENSG00000163347,3122.0,16.322033,8.07209,1,3120.3677966594696,CLDN1
ENSG00000145687,3123.0,16.320705,7.0375004,1,3121.367929458618,ENSG00000145687
ENSG00000116406,3124.0,16.313892,2.6029274,1,3122.368610739708,ENSG00000116406
ENSG00000105426,3125.0,16.306831,5.410859,1,3123.36931681633,ENSG00000105426
ENSG00000176946,3126.0,16.304693,2.9686224,1,3124.3695306777954,ENSG00000176946
ENSG00000167644,3127.0,16.302334,7.0179486,1,3125.3697665929794,ENSG00000167644
ENSG00000001629,3128.0,16.29647,3.3961139,1,3126.3703529834747,ENSG00000001629
ENSG00000106484,3129.0,16.296396,9.472501,1,3127.3703603744507,ENSG00000106484
ENSG00000185634,3130.0,16.29364,10.100426,1,3128.370635986328,ENSG00000185634
ENSG00000148444,3131.0,16.289675,4.775361,1,3129.371032476425,ENSG00000148444
ENSG00000107679,3132.0,16.28421,2.5726829,1,3130.3715789318085,ENSG00000107679
ENSG00000179833,3133.0,16.277426,1.5289317,1,3131.3722574710846,ENSG00000179833
ENSG00000100263,3134.0,16.277,5.220419,1,3132.372299909592,ENSG00000100263
ENSG00000064607,3135.0,16.27188,1.9105245,1,3133.3728120327,ENSG00000064607
ENSG00000183665,3136.0,16.270914,5.1744294,1,3134.372908592224,ENSG00000183665
ENSG00000173511,3137.0,16.270908,4.2892976,1,3135.3729091882706,ENSG00000173511
ENSG00000203499,3138.0,16.265404,7.1060996,1,3136.3734595775604,ENSG00000203499
ENSG00000104886,3139.0,16.263891,4.26021,1,3137.373610854149,ENSG00000104886
ENSG00000104805,3140.0,16.26388,6.30206,1,3138.3736120462418,ENSG00000104805
ENSG00000187555,3141.0,16.256454,2.553902,1,3139.3743546009064,ENSG00000187555
ENSG00000057608,3142.0,16.254286,12.011968,1,3140.374571442604,ENSG00000057608
ENSG00000165688,3143.0,16.248384,5.277401,1,3141.375161528588,ENSG00000165688
ENSG00000088832,3144.0,16.247982,25.710253,1,3142.375201821327,ENSG00000088832
ENSG00000198911,3145.0,16.247803,3.3465257,1,3143.3752197027206,ENSG00000198911
ENSG00000150556,3146.0,16.239634,8.561212,1,3144.376036643982,ENSG00000150556
ENSG00000148341,3147.0,16.239101,2.7065902,1,3145.376089811325,ENSG00000148341
ENSG00000147044,3148.0,16.2334,2.4279263,1,3146.376659989357,ENSG00000147044
ENSG00000162601,3149.0,16.228823,2.628152,1,3147.377117753029,ENSG00000162601
ENSG00000124228,3150.0,16.22426,4.350599,1,3148.37757396698,ENSG00000124228
ENSG00000117697,3151.0,16.222692,3.5530484,1,3149.377730727196,ENSG00000117697
ENSG00000182095,3152.0,16.221153,2.1434565,1,3150.3778846263885,ENSG00000182095
ENSG00000112167,3153.0,16.217829,2.1398683,1,3151.378217101097,ENSG00000112167
ENSG00000101473,3154.0,16.217539,4.458018,1,3152.3782460689545,ENSG00000101473
ENSG00000111300,3155.0,16.213463,4.4868383,1,3153.3786537647247,ENSG00000111300
ENSG00000079332,3156.0,16.210686,4.50194,1,3154.37893140316,ENSG00000079332
ENSG00000132361,3157.0,16.21041,3.8670876,1,3155.3789590597157,ENSG00000132361
ENSG00000078070,3158.0,16.201952,2.625269,1,3156.3798048496246,ENSG00000078070
ENSG00000113716,3159.0,16.200249,4.2760663,1,3157.37997508049,ENSG00000113716
ENSG00000118894,3160.0,16.199669,3.963334,1,3158.380033135414,ENSG00000118894
ENSG00000101346,3161.0,16.197351,4.6057024,1,3159.380264878273,ENSG00000101346
ENSG00000170471,3162.0,16.195477,1.8387983,1,3160.380452394485,ENSG00000170471
ENSG00000127328,3163.0,16.190825,2.8863783,1,3161.3809175491333,ENSG00000127328
ENSG00000185236,3164.0,16.189205,2.7843485,1,3162.3810794353485,ENSG00000185236
ENSG00000111911,3165.0,16.188133,2.903728,1,3163.381186723709,ENSG00000111911
ENSG00000177646,3166.0,16.186617,3.7806537,1,3164.3813383579254,ENSG00000177646
ENSG00000160888,3167.0,16.18459,14.228451,1,3165.3815410137177,ENSG00000160888
ENSG00000147421,3168.0,16.18353,4.162823,1,3166.3816468715668,ENSG00000147421
ENSG00000117174,3169.0,16.181166,3.663646,1,3167.381883382797,ENSG00000117174
ENSG00000114796,3170.0,16.175146,3.2503645,1,3168.382485389709,ENSG00000114796
ENSG00000027001,3171.0,16.174795,6.264477,1,3169.3825204372406,ENSG00000027001
ENSG00000186395,3172.0,16.17383,4.2536674,1,3170.382616996765,ENSG00000186395
ENSG00000197223,3173.0,16.173592,3.1874993,1,3171.382640838623,ENSG00000197223
ENSG00000092421,3174.0,16.173496,10.328468,1,3172.382650375366,ENSG00000092421
ENSG00000170871,3175.0,16.172178,2.8608081,1,3173.3827822208405,ENSG00000170871
ENSG00000100564,3176.0,16.171076,6.09394,1,3174.382892370224,ENSG00000100564
ENSG00000168283,3177.0,16.168938,4.2891717,1,3175.383106231689,ENSG00000168283
ENSG00000125912,3178.0,16.159937,3.874924,1,3176.3840062618256,ENSG00000125912
ENSG00000119640,3179.0,16.15728,4.517249,1,3177.384271979332,ENSG00000119640
ENSG00000127990,3180.0,16.15623,7.235444,1,3178.384376883507,ENSG00000127990
ENSG00000130382,3181.0,16.152313,3.6224349,1,3179.384768724441,ENSG00000130382
ENSG00000112983,3182.0,16.151562,4.8711433,1,3180.384843826294,ENSG00000112983
ENSG00000166847,3183.0,16.1494,5.321426,1,3181.385059952736,ENSG00000166847
ENSG00000185633,3184.0,16.146482,7.7430077,1,3182.3853517770767,NDUFA4L2
ENSG00000121644,3185.0,16.144524,3.4588435,1,3183.3855476379395,ENSG00000121644
ENSG00000132406,3186.0,16.142702,4.7261767,1,3184.385729789734,ENSG00000132406
ENSG00000167766,3187.0,16.142206,0.9003274,1,3185.3857793807983,ENSG00000167766
ENSG00000167258,3188.0,16.141586,2.1197305,1,3186.385841369629,ENSG00000167258
ENSG00000197323,3189.0,16.141132,1.7293984,1,3187.385886788368,ENSG00000197323
ENSG00000154305,3190.0,16.140589,2.7753756,1,3188.3859411478043,ENSG00000154305
ENSG00000264364,3191.0,16.133904,2.3831887,1,3189.3866096735,ENSG00000264364
ENSG00000112699,3192.0,16.133171,3.897618,1,3190.386682868004,ENSG00000112699
ENSG00000170540,3193.0,16.13289,7.4342155,1,3191.386710882187,ENSG00000170540
ENSG00000070718,3194.0,16.131277,5.162893,1,3192.386872291565,ENSG00000070718
ENSG00000131435,3195.0,16.1295,5.111463,1,3193.387050032616,ENSG00000131435
ENSG00000092108,3196.0,16.127554,5.380471,1,3194.387244582176,ENSG00000092108
ENSG00000120526,3197.0,16.127134,4.9734106,1,3195.387286543846,ENSG00000120526
ENSG00000198917,3198.0,16.12366,3.8742917,1,3196.387634038925,ENSG00000198917
ENSG00000100605,3199.0,16.120853,3.000694,1,3197.387914657593,ENSG00000100605
ENSG00000107186,3200.0,16.11886,5.7002287,1,3198.388113975525,ENSG00000107186
ENSG00000104635,3201.0,16.118525,5.1450973,1,3199.388147592545,ENSG00000104635
ENSG00000100726,3202.0,16.117117,3.8288825,1,3200.388288259506,ENSG00000100726
ENSG00000106012,3203.0,16.1144,3.7139704,1,3201.388559937477,ENSG00000106012
ENSG00000162928,3204.0,16.11191,2.2800646,1,3202.388808965683,ENSG00000162928
ENSG00000174695,3205.0,16.106401,6.16612,1,3203.38935983181,ENSG00000174695
ENSG00000071575,3206.0,16.102999,11.105312,1,3204.389700174332,ENSG00000071575
ENSG00000128989,3207.0,16.100645,6.7090826,1,3205.389935493469,ENSG00000128989
ENSG00000214078,3208.0,16.096272,8.053741,1,3206.3903728723526,ENSG00000214078
ENSG00000134597,3209.0,16.093904,2.9597182,1,3207.3906095027924,ENSG00000134597
ENSG00000171466,3210.0,16.083574,3.1289623,1,3208.391642570496,ENSG00000171466
ENSG00000102882,3211.0,16.082693,3.088689,1,3209.3917306661606,ENSG00000102882
ENSG00000137168,3212.0,16.073376,8.1875925,1,3210.392662405968,ENSG00000137168
ENSG00000142230,3213.0,16.072,6.5227137,1,3211.392799973488,ENSG00000142230
ENSG00000162688,3214.0,16.07169,2.6754606,1,3212.3928310871124,ENSG00000162688
ENSG00000140382,3215.0,16.07157,6.450495,1,3213.3928430080414,ENSG00000140382
ENSG00000159479,3216.0,16.069178,4.857918,1,3214.393082261085,ENSG00000159479
ENSG00000131188,3217.0,16.069073,2.7153764,1,3215.393092751503,ENSG00000131188
ENSG00000132749,3218.0,16.066298,5.8062496,1,3216.393370270729,ENSG00000132749
ENSG00000011304,3219.0,16.064545,7.118292,1,3217.3935455083847,ENSG00000011304
ENSG00000122515,3220.0,16.06229,1.7677164,1,3218.3937709331512,ENSG00000122515
ENSG00000137845,3221.0,16.06213,7.3432403,1,3219.3937870264053,ENSG00000137845
ENSG00000159763,3222.0,16.060085,15.130105,1,3220.393991470337,PIP
ENSG00000060339,3223.0,16.059078,3.475101,1,3221.3940922021866,ENSG00000060339
ENSG00000090905,3224.0,16.058235,2.8496256,1,3222.3941764831543,ENSG00000090905
ENSG00000125755,3225.0,16.057705,2.3559716,1,3223.394229531288,ENSG00000125755
ENSG00000198961,3226.0,16.05628,3.973051,1,3224.394371986389,ENSG00000198961
ENSG00000067369,3227.0,16.05099,4.184885,1,3225.394901037216,ENSG00000067369
ENSG00000138035,3228.0,16.050886,4.4439735,1,3226.3949114084244,ENSG00000138035
ENSG00000106780,3229.0,16.048506,2.8892245,1,3227.395149469376,ENSG00000106780
ENSG00000051382,3230.0,16.048065,4.334368,1,3228.3951934576035,ENSG00000051382
ENSG00000123472,3231.0,16.04761,1.2478755,1,3229.3952391147614,ENSG00000123472
ENSG00000183888,3232.0,16.043436,9.84687,1,3230.395656347275,ENSG00000183888
ENSG00000119203,3233.0,16.039883,5.611211,1,3231.396011710167,ENSG00000119203
ENSG00000165516,3234.0,16.031752,6.049456,1,3232.396824836731,ENSG00000165516
ENSG00000136504,3235.0,16.029009,3.6911767,1,3233.397099137306,ENSG00000136504
ENSG00000145545,3236.0,16.025023,3.6709466,1,3234.3974977731705,ENSG00000145545
ENSG00000078967,3237.0,16.02097,4.9973993,1,3235.397903084755,ENSG00000078967
ENSG00000160714,3238.0,16.016983,2.401569,1,3236.398301720619,ENSG00000160714
ENSG00000153721,3239.0,16.016565,4.423472,1,3237.3983434438705,ENSG00000153721
ENSG00000095015,3240.0,16.015093,0.55249196,1,3238.398490667343,ENSG00000095015
ENSG00000133789,3241.0,16.003424,2.920059,1,3239.3996576070786,ENSG00000133789
ENSG00000130299,3242.0,15.997792,3.0940688,1,3240.4002207517624,ENSG00000130299
ENSG00000094755,3243.0,15.996848,6.669919,1,3241.40031516552,GABRP
ENSG00000101019,3244.0,15.993929,5.1995745,1,3242.40060710907,ENSG00000101019
ENSG00000150712,3245.0,15.989898,2.6212435,1,3243.401010274887,ENSG00000150712
ENSG00000159461,3246.0,15.98499,2.7515628,1,3244.401500940323,ENSG00000159461
ENSG00000148737,3247.0,15.9840765,3.553168,1,3245.401592373848,ENSG00000148737
ENSG00000163697,3248.0,15.9802475,3.7115405,1,3246.401975274086,ENSG00000163697
ENSG00000198431,3249.0,15.976062,6.206661,1,3247.4023938179016,ENSG00000198431
ENSG00000100294,3250.0,15.975493,5.0281744,1,3248.4024506807327,ENSG00000100294
ENSG00000167702,3251.0,15.972876,3.7962718,1,3249.4027124643326,ENSG00000167702
ENSG00000101928,3252.0,15.972274,6.1551538,1,3250.402772665024,ENSG00000101928
ENSG00000197070,3253.0,15.97181,0.96971875,1,3251.402818918228,ENSG00000197070
ENSG00000141699,3254.0,15.962319,2.793876,1,3252.403768062592,ENSG00000141699
ENSG00000141076,3255.0,15.961292,5.8564806,1,3253.403870820999,ENSG00000141076
ENSG00000163681,3256.0,15.95807,2.5898864,1,3254.404193043709,ENSG00000163681
ENSG00000082781,3257.0,15.9546795,2.7822294,1,3255.4045320749283,ENSG00000082781
ENSG00000005100,3258.0,15.945671,3.2391865,1,3256.4054329395294,ENSG00000005100
ENSG00000125651,3259.0,15.945489,5.1149306,1,3257.405451059341,ENSG00000125651
ENSG00000180902,3260.0,15.941094,2.389068,1,3258.405890583992,ENSG00000180902
ENSG00000137699,3261.0,15.940303,10.7448,1,3259.4059697389603,ENSG00000137699
ENSG00000198876,3262.0,15.936106,4.586274,1,3260.406389474869,ENSG00000198876
ENSG00000169567,3263.0,15.930013,19.885487,1,3261.406998753548,ENSG00000169567
ENSG00000134851,3264.0,15.926808,4.8715096,1,3262.407319188118,ENSG00000134851
ENSG00000196227,3265.0,15.924099,3.030002,1,3263.407590150833,ENSG00000196227
ENSG00000159202,3266.0,15.912181,2.1608243,1,3264.4087818861008,ENSG00000159202
ENSG00000006704,3267.0,15.902481,7.4247656,1,3265.40975189209,ENSG00000006704
ENSG00000108840,3268.0,15.902003,4.323426,1,3266.409799695015,ENSG00000108840
ENSG00000066322,3269.0,15.90182,3.2709484,1,3267.4098179340363,ENSG00000066322
ENSG00000050405,3270.0,15.898316,6.083073,1,3268.4101684093475,ENSG00000050405
ENSG00000077235,3271.0,15.898091,1.9625403,1,3269.410190820694,ENSG00000077235
ENSG00000123106,3272.0,15.896504,2.9003563,1,3270.410349607468,ENSG00000123106
ENSG00000117153,3273.0,15.892093,4.6985397,1,3271.410790681839,ENSG00000117153
ENSG00000008196,3274.0,15.892053,7.6927295,1,3272.410794734955,ENSG00000008196
ENSG00000131652,3275.0,15.890948,3.4458551,1,3273.410905122757,ENSG00000131652
ENSG00000166855,3276.0,15.889673,3.1319687,1,3274.411032676697,ENSG00000166855
ENSG00000101310,3277.0,15.888896,3.1010299,1,3275.4111104011536,ENSG00000101310
ENSG00000165102,3278.0,15.87799,2.5204115,1,3276.412201046944,ENSG00000165102
ENSG00000119537,3279.0,15.870975,4.095898,1,3277.4129025936127,ENSG00000119537
ENSG00000111361,3280.0,15.87039,5.566702,1,3278.412961006165,ENSG00000111361
ENSG00000072042,3281.0,15.870186,5.8986993,1,3279.412981390953,ENSG00000072042
ENSG00000152137,3282.0,15.866961,7.05067,1,3280.4133039712906,ENSG00000152137
ENSG00000160783,3283.0,15.866572,4.7453704,1,3281.4133427143097,ENSG00000160783
ENSG00000151247,3284.0,15.865824,5.8923492,1,3282.4134175777435,ENSG00000151247
ENSG00000169851,3285.0,15.864797,7.723779,1,3283.413520336151,ENSG00000169851
ENSG00000185896,3286.0,15.863891,1.6552186,1,3284.413610935211,ENSG00000185896
ENSG00000197603,3287.0,15.863449,3.3414702,1,3285.4136550426483,ENSG00000197603
ENSG00000136933,3288.0,15.860626,3.4360695,1,3286.413937330246,ENSG00000136933
ENSG00000069535,3289.0,15.855545,5.0531397,1,3287.414445519448,ENSG00000069535
ENSG00000100083,3290.0,15.853902,4.632855,1,3288.4146097898483,ENSG00000100083
ENSG00000213366,3291.0,15.851599,5.324367,1,3289.414840102196,ENSG00000213366
ENSG00000115307,3292.0,15.841956,8.361023,1,3290.415804386139,ENSG00000115307
ENSG00000146433,3293.0,15.83864,1.710052,1,3291.4161360263824,ENSG00000146433
ENSG00000198168,3294.0,15.837652,2.3865387,1,3292.416234731674,ENSG00000198168
ENSG00000111696,3295.0,15.837267,8.032743,1,3293.416273355484,ENSG00000111696
ENSG00000142694,3296.0,15.830283,4.3571496,1,3294.416971683502,ENSG00000142694
ENSG00000173638,3297.0,15.8299055,5.0911613,1,3295.417009472847,ENSG00000173638
ENSG00000170473,3298.0,15.824948,2.0281765,1,3296.417505145073,ENSG00000170473
ENSG00000172893,3299.0,15.821666,3.8203228,1,3297.4178334474564,ENSG00000172893
ENSG00000060971,3300.0,15.82156,3.5591397,1,3298.417844057083,ENSG00000060971
ENSG00000101972,3301.0,15.816985,3.3971434,1,3299.418301463127,ENSG00000101972
ENSG00000188529,3302.0,15.814635,7.9589176,1,3300.418536424637,ENSG00000188529
ENSG00000046647,3303.0,15.814006,3.5462465,1,3301.4185993671417,ENSG00000046647
ENSG00000189091,3304.0,15.81368,9.038559,1,3302.418632030487,ENSG00000189091
ENSG00000014123,3305.0,15.811567,1.7031274,1,3303.418843269348,ENSG00000014123
ENSG00000108010,3306.0,15.809135,4.8757033,1,3304.419086456299,ENSG00000108010
ENSG00000144580,3307.0,15.808077,2.187494,1,3305.419192314148,ENSG00000144580
ENSG00000068654,3308.0,15.807256,4.29753,1,3306.4192744493484,ENSG00000068654
ENSG00000155975,3309.0,15.800829,3.6589856,1,3307.4199171066284,ENSG00000155975
ENSG00000198369,3310.0,15.797343,6.3951716,1,3308.420265674591,ENSG00000198369
ENSG00000148218,3311.0,15.794243,3.8244212,1,3309.420575737953,ENSG00000148218
ENSG00000166823,3312.0,15.789994,6.3926888,1,3310.421000599861,ENSG00000166823
ENSG00000126012,3313.0,15.7819605,2.8612297,1,3311.4218039512634,ENSG00000126012
ENSG00000204634,3314.0,15.773561,2.076334,1,3312.4226438999176,ENSG00000204634
ENSG00000140264,3315.0,15.77295,38.31222,1,3313.422704935074,ENSG00000140264
ENSG00000009335,3316.0,15.770936,2.6144762,1,3314.422906398773,ENSG00000009335
ENSG00000126953,3317.0,15.763697,4.4416175,1,3315.4236303567886,ENSG00000126953
ENSG00000122912,3318.0,15.758344,3.7834282,1,3316.4241656064987,ENSG00000122912
ENSG00000131759,3319.0,15.757301,2.5504768,1,3317.424269914627,ENSG00000131759
ENSG00000163608,3320.0,15.755983,4.641922,1,3318.424401640892,ENSG00000163608
ENSG00000125656,3321.0,15.747227,4.8042417,1,3319.425277352333,ENSG00000125656
ENSG00000102531,3322.0,15.744897,3.1307836,1,3320.425510287285,ENSG00000102531
ENSG00000134108,3323.0,15.739662,4.8653316,1,3321.4260337352757,ENSG00000134108
ENSG00000123815,3324.0,15.737773,3.8652523,1,3322.426222681999,ENSG00000123815
ENSG00000136478,3325.0,15.731277,3.9997785,1,3323.426872253418,ENSG00000136478
ENSG00000012223,3326.0,15.730061,14.713522,1,3324.4269939661026,LTF
ENSG00000129625,3327.0,15.729703,5.183859,1,3325.427029728889,ENSG00000129625
ENSG00000164877,3328.0,15.729211,4.5560293,1,3326.427078962326,ENSG00000164877
ENSG00000214293,3329.0,15.728158,4.5472665,1,3327.4271842241287,ENSG00000214293
ENSG00000167118,3330.0,15.721966,3.3593154,1,3328.427803397178,ENSG00000167118
ENSG00000100784,3331.0,15.716096,2.9346893,1,3329.4283903837204,ENSG00000100784
ENSG00000198894,3332.0,15.715744,5.262816,1,3330.428425550461,ENSG00000198894
ENSG00000153048,3333.0,15.71114,2.46755,1,3331.4288860559464,ENSG00000153048
ENSG00000091436,3334.0,15.705485,2.7532437,1,3332.4294514656067,ENSG00000091436
ENSG00000139180,3335.0,15.698969,7.7676826,1,3333.4301030635834,ENSG00000139180
ENSG00000170035,3336.0,15.697754,6.631809,1,3334.4302246570587,ENSG00000170035
ENSG00000130706,3337.0,15.695426,8.996184,1,3335.430457353592,ENSG00000130706
ENSG00000159216,3338.0,15.694876,0.76061726,1,3336.430512428284,ENSG00000159216
ENSG00000171103,3339.0,15.694752,3.5110803,1,3337.43052482605,ENSG00000171103
ENSG00000151881,3340.0,15.69205,4.913761,1,3338.4307949543,ENSG00000151881
ENSG00000084463,3341.0,15.689148,3.110676,1,3339.43108522892,ENSG00000084463
ENSG00000101413,3342.0,15.688427,3.2692258,1,3340.43115735054,ENSG00000101413
ENSG00000168040,3343.0,15.681723,4.111704,1,3341.4318277835846,ENSG00000168040
ENSG00000203778,3344.0,15.679131,5.343081,1,3342.43208694458,ENSG00000203778
ENSG00000047315,3345.0,15.675924,4.280197,1,3343.432407617569,ENSG00000047315
ENSG00000085449,3346.0,15.6718855,8.920134,1,3344.432811498642,ENSG00000085449
ENSG00000105722,3347.0,15.6692915,3.1325743,1,3345.433070898056,ENSG00000105722
ENSG00000137776,3348.0,15.66826,4.088816,1,3346.4331740140915,ENSG00000137776
ENSG00000041802,3349.0,15.667453,4.1367216,1,3347.4332547187805,ENSG00000041802
ENSG00000005436,3350.0,15.667302,4.798214,1,3348.433269739151,ENSG00000005436
ENSG00000139354,3351.0,15.666692,8.61404,1,3349.4333307743077,ENSG00000139354
ENSG00000043093,3352.0,15.663083,3.1226928,1,3350.433691740036,ENSG00000043093
ENSG00000185049,3353.0,15.6598835,3.8739724,1,3351.434011697769,ENSG00000185049
ENSG00000166987,3354.0,15.658644,2.7057407,1,3352.4341356754303,ENSG00000166987
ENSG00000170242,3355.0,15.652055,3.315272,1,3353.4347945451736,ENSG00000170242
ENSG00000049618,3356.0,15.649764,2.13964,1,3354.435023546219,ENSG00000049618
ENSG00000258818,3357.0,15.647345,3.9755719,1,3355.4352655410767,ENSG00000258818
ENSG00000110442,3358.0,15.642233,6.3371224,1,3356.4357767105103,ENSG00000110442
ENSG00000139116,3359.0,15.641258,2.1884553,1,3357.435874223709,ENSG00000139116
ENSG00000144021,3360.0,15.64073,6.8289404,1,3358.4359270334244,ENSG00000144021
ENSG00000170502,3361.0,15.640057,4.2264323,1,3359.435994386673,ENSG00000170502
ENSG00000135018,3362.0,15.636829,4.700181,1,3360.43631708622,ENSG00000135018
ENSG00000109184,3363.0,15.630236,4.458167,1,3361.4369764328003,ENSG00000109184
ENSG00000130363,3364.0,15.625962,3.4341981,1,3362.437403798104,ENSG00000130363
ENSG00000141568,3365.0,15.624628,3.1712568,1,3363.4375371932983,ENSG00000141568
ENSG00000145781,3366.0,15.623149,4.6729403,1,3364.4376851320267,ENSG00000145781
ENSG00000261740,3367.0,15.615636,5.2335486,1,3365.4384363889694,ENSG00000261740
ENSG00000101457,3368.0,15.615019,2.9279234,1,3366.4384981393814,ENSG00000101457
ENSG00000168256,3369.0,15.614939,5.426161,1,3367.438506126404,ENSG00000168256
ENSG00000172354,3370.0,15.594157,3.02083,1,3368.4405843019485,ENSG00000172354
ENSG00000102897,3371.0,15.588905,2.164687,1,3369.441109418869,ENSG00000102897
ENSG00000145833,3372.0,15.588052,2.6728716,1,3370.4411947727203,ENSG00000145833
ENSG00000119541,3373.0,15.585479,2.3232584,1,3371.4414521455765,ENSG00000119541
ENSG00000138709,3374.0,15.583987,2.7131662,1,3372.4416012763977,ENSG00000138709
ENSG00000166471,3375.0,15.583145,2.6277773,1,3373.441685438156,ENSG00000166471
ENSG00000151576,3376.0,15.582048,4.962087,1,3374.4417951107025,ENSG00000151576
ENSG00000167740,3377.0,15.577106,3.3738058,1,3375.442289352417,ENSG00000167740
ENSG00000090060,3378.0,15.573522,6.27514,1,3376.4426478147507,ENSG00000090060
ENSG00000110844,3379.0,15.571869,2.5573094,1,3377.4428131580357,ENSG00000110844
ENSG00000145216,3380.0,15.5700245,5.0290923,1,3378.442997574806,ENSG00000145216
ENSG00000052723,3381.0,15.567298,3.5268242,1,3379.4432702064514,ENSG00000052723
ENSG00000130244,3382.0,15.566987,1.7967548,1,3380.443301320076,ENSG00000130244
ENSG00000121064,3383.0,15.562195,5.0622306,1,3381.44378054142,ENSG00000121064
ENSG00000121289,3384.0,15.561751,3.9692018,1,3382.443824887276,ENSG00000121289
ENSG00000079691,3385.0,15.561089,6.6142106,1,3383.4438911676407,ENSG00000079691
ENSG00000119777,3386.0,15.560387,3.3551219,1,3384.443961381912,ENSG00000119777
ENSG00000137513,3387.0,15.559021,7.660053,1,3385.4440978765488,ENSG00000137513
ENSG00000167799,3388.0,15.555333,4.131581,1,3386.44446671009,ENSG00000167799
ENSG00000214274,3389.0,15.551401,4.9546976,1,3387.444859862328,ENSG00000214274
ENSG00000056972,3390.0,15.548195,2.6445954,1,3388.4451805353165,ENSG00000056972
ENSG00000158528,3391.0,15.544524,7.0489388,1,3389.445547580719,ENSG00000158528
ENSG00000075336,3392.0,15.536507,4.734309,1,3390.4463493824005,ENSG00000075336
ENSG00000184216,3393.0,15.526026,2.2880187,1,3391.4473974704742,ENSG00000184216
ENSG00000153037,3394.0,15.522613,3.9126828,1,3392.44773876667,ENSG00000153037
ENSG00000163605,3395.0,15.516852,2.9591796,1,3393.4483147859573,ENSG00000163605
ENSG00000168172,3396.0,15.516724,1.7902371,1,3394.4483276605606,ENSG00000168172
ENSG00000114767,3397.0,15.516362,4.8772607,1,3395.448363780976,ENSG00000114767
ENSG00000158186,3398.0,15.514864,8.652385,1,3396.4485136270523,ENSG00000158186
ENSG00000112308,3399.0,15.51479,14.599185,1,3397.4485210180283,ENSG00000112308
ENSG00000081026,3400.0,15.514241,3.8897378,1,3398.448575854301,ENSG00000081026
ENSG00000099810,3401.0,15.513435,4.6412764,1,3399.448656439781,ENSG00000099810
ENSG00000151693,3402.0,15.511658,5.837445,1,3400.448834180832,ENSG00000151693
ENSG00000168758,3403.0,15.508872,4.673635,1,3401.4491127729416,ENSG00000168758
ENSG00000115685,3404.0,15.506401,4.012641,1,3402.449359893799,ENSG00000115685
ENSG00000172534,3405.0,15.502112,3.5393033,1,3403.449788808822,ENSG00000172534
ENSG00000185088,3406.0,15.498146,11.850379,1,3404.450185418129,ENSG00000185088
ENSG00000136044,3407.0,15.490756,5.02711,1,3405.450924396515,ENSG00000136044
ENSG00000079482,3408.0,15.484948,1.7536428,1,3406.4515051841736,ENSG00000079482
ENSG00000067208,3409.0,15.484278,3.4459915,1,3407.4515721797943,ENSG00000067208
ENSG00000128563,3410.0,15.4825735,2.8506246,1,3408.4517426490784,ENSG00000128563
ENSG00000067606,3411.0,15.476899,4.262003,1,3409.4523100852966,ENSG00000067606
ENSG00000065534,3412.0,15.475952,5.4120812,1,3410.4524047374725,ENSG00000065534
ENSG00000083520,3413.0,15.466536,2.5922155,1,3411.45334649086,ENSG00000083520
ENSG00000146830,3414.0,15.466153,1.5056288,1,3412.4533846378326,ENSG00000146830
ENSG00000170653,3415.0,15.466088,3.1008775,1,3413.453391194344,ENSG00000170653
ENSG00000089159,3416.0,15.461388,2.331712,1,3414.4538612365723,ENSG00000089159
ENSG00000198034,3417.0,15.459788,152.92429,1,3415.454021215439,ENSG00000198034
ENSG00000112701,3418.0,15.451613,2.5886638,1,3416.4548386335373,ENSG00000112701
ENSG00000147905,3419.0,15.449595,2.1318414,1,3417.4550404548645,ENSG00000147905
ENSG00000198585,3420.0,15.447746,2.485046,1,3418.4552253484726,ENSG00000198585
ENSG00000079999,3421.0,15.444071,3.5898848,1,3419.4555928707123,ENSG00000079999
ENSG00000125746,3422.0,15.4420805,2.8566883,1,3420.455791950226,ENSG00000125746
ENSG00000079385,3423.0,15.439602,6.2057924,1,3421.456039786339,ENSG00000079385
ENSG00000132688,3424.0,15.435331,5.7109723,1,3422.4564669132237,ENSG00000132688
ENSG00000112200,3425.0,15.433727,2.9277442,1,3423.4566272497177,ENSG00000112200
ENSG00000136100,3426.0,15.433155,3.051185,1,3424.4566844701767,ENSG00000136100
ENSG00000161999,3427.0,15.432977,3.3058288,1,3425.45670235157,ENSG00000161999
ENSG00000176101,3428.0,15.431865,2.7781653,1,3426.4568135738373,ENSG00000176101
ENSG00000163472,3429.0,15.430132,3.7436519,1,3427.456986784935,ENSG00000163472
ENSG00000139631,3430.0,15.425328,3.1157172,1,3428.457467198372,ENSG00000139631
ENSG00000198646,3431.0,15.422878,1.7043997,1,3429.457712173462,ENSG00000198646
ENSG00000141380,3432.0,15.422306,4.163536,1,3430.457769393921,ENSG00000141380
ENSG00000179965,3433.0,15.422229,4.457416,1,3431.4577771425247,ENSG00000179965
ENSG00000081760,3434.0,15.4221945,2.5987954,1,3432.457780599594,ENSG00000081760
ENSG00000135823,3435.0,15.420047,3.157246,1,3433.4579952955246,ENSG00000135823
ENSG00000104613,3436.0,15.419059,5.890996,1,3434.4580941200256,ENSG00000104613
ENSG00000156697,3437.0,15.418384,4.2681375,1,3435.4581615924835,ENSG00000156697
ENSG00000170855,3438.0,15.414482,4.347837,1,3436.458551764488,ENSG00000170855
ENSG00000196419,3439.0,15.411566,23.59975,1,3437.45884346962,ENSG00000196419
ENSG00000089289,3440.0,15.403729,4.893988,1,3438.45962703228,ENSG00000089289
ENSG00000186063,3441.0,15.401293,3.5994728,1,3439.459870696068,ENSG00000186063
ENSG00000163539,3442.0,15.398649,5.5466943,1,3440.460135102272,ENSG00000163539
ENSG00000151612,3443.0,15.396632,2.6758654,1,3441.46033680439,ENSG00000151612
ENSG00000061337,3444.0,15.394602,9.609508,1,3442.46053981781,ENSG00000061337
ENSG00000167005,3445.0,15.389153,3.465806,1,3443.4610847234726,ENSG00000167005
ENSG00000134369,3446.0,15.384947,5.4714036,1,3444.461505293846,ENSG00000134369
ENSG00000196961,3447.0,15.383975,2.622103,1,3445.461602449417,ENSG00000196961
ENSG00000168924,3448.0,15.383023,2.5080452,1,3446.4616976976395,ENSG00000168924
ENSG00000187097,3449.0,15.379892,3.7624743,1,3447.462010741234,ENSG00000187097
ENSG00000037474,3450.0,15.373313,4.6329527,1,3448.462668657303,ENSG00000037474
ENSG00000167107,3451.0,15.371447,3.441161,1,3449.4628553390503,ENSG00000167107
ENSG00000189339,3452.0,15.370463,2.753572,1,3450.462953686714,ENSG00000189339
ENSG00000084072,3453.0,15.367272,5.195406,1,3451.4632728099823,ENSG00000084072
ENSG00000196313,3454.0,15.366849,2.599327,1,3452.46331512928,ENSG00000196313
ENSG00000170270,3455.0,15.362962,2.9817502,1,3453.4637038707733,ENSG00000170270
ENSG00000130827,3456.0,15.362459,1.5158383,1,3454.463754057884,ENSG00000130827
ENSG00000184575,3457.0,15.361886,4.6544967,1,3455.4638113975525,ENSG00000184575
ENSG00000004975,3458.0,15.356105,4.4795547,1,3456.464389562607,ENSG00000004975
ENSG00000182919,3459.0,15.339349,3.243147,1,3457.4660651683807,ENSG00000182919
ENSG00000107223,3460.0,15.335074,11.38839,1,3458.466492533684,ENSG00000107223
ENSG00000107372,3461.0,15.332373,14.011608,1,3459.466762781143,ENSG00000107372
ENSG00000166260,3462.0,15.331486,4.0915146,1,3460.4668514728546,ENSG00000166260
ENSG00000148943,3463.0,15.3285675,2.7731993,1,3461.4671432971954,ENSG00000148943
ENSG00000144635,3464.0,15.326989,4.5621285,1,3462.467301130295,ENSG00000144635
ENSG00000170248,3465.0,15.3267565,6.902384,1,3463.4673243761063,ENSG00000170248
ENSG00000135931,3466.0,15.324757,7.935896,1,3464.467524290085,ENSG00000135931
ENSG00000138101,3467.0,15.323267,2.7379007,1,3465.467673301697,ENSG00000138101
ENSG00000129250,3468.0,15.318842,1.5957271,1,3466.46811580658,ENSG00000129250
ENSG00000171456,3469.0,15.318057,3.9122105,1,3467.468194246292,ENSG00000171456
ENSG00000131791,3470.0,15.311793,5.1145053,1,3468.4688206911087,ENSG00000131791
ENSG00000103353,3471.0,15.308827,4.039471,1,3469.469117283821,ENSG00000103353
ENSG00000167881,3472.0,15.306629,4.9789295,1,3470.469337105751,ENSG00000167881
ENSG00000140262,3473.0,15.302546,7.063058,1,3471.469745397568,ENSG00000140262
ENSG00000198642,3474.0,15.302404,1.5762327,1,3472.469759583473,ENSG00000198642
ENSG00000178718,3475.0,15.301391,4.0858912,1,3473.4698609113693,ENSG00000178718
ENSG00000116688,3476.0,15.3009405,4.4774857,1,3474.469905972481,ENSG00000116688
ENSG00000213462,3477.0,15.297961,3.0295556,1,3475.470203876496,ENSG00000213462
ENSG00000182158,3478.0,15.297021,2.160569,1,3476.470297932625,ENSG00000182158
ENSG00000179912,3479.0,15.294632,2.38918,1,3477.470536828041,ENSG00000179912
ENSG00000196754,3480.0,15.294233,14.973954,1,3478.470576643944,S100A2
ENSG00000176261,3481.0,15.288578,3.907573,1,3479.4711421728134,ENSG00000176261
ENSG00000133243,3482.0,15.284238,3.4936707,1,3480.4715762138367,ENSG00000133243
ENSG00000197563,3483.0,15.279399,3.7499886,1,3481.472060084343,ENSG00000197563
ENSG00000090520,3484.0,15.271812,5.673872,1,3482.4728187322617,ENSG00000090520
ENSG00000159692,3485.0,15.271108,1.7470361,1,3483.472889184952,ENSG00000159692
ENSG00000182903,3486.0,15.259206,2.4037282,1,3484.4740793704987,ENSG00000182903
ENSG00000172819,3487.0,15.25801,3.9109597,1,3485.4741990566254,ENSG00000172819
ENSG00000137817,3488.0,15.256021,3.458866,1,3486.4743978977203,ENSG00000137817
ENSG00000173041,3489.0,15.254834,3.4105406,1,3487.4745166301727,ENSG00000173041
ENSG00000158796,3490.0,15.253854,3.653509,1,3488.4746146202087,ENSG00000158796
ENSG00000172113,3491.0,15.251795,3.514877,1,3489.474820494652,ENSG00000172113
ENSG00000141560,3492.0,15.249528,4.761765,1,3490.4750472307205,ENSG00000141560
ENSG00000169592,3493.0,15.240566,1.8674667,1,3491.47594332695,ENSG00000169592
ENSG00000132635,3494.0,15.240352,3.3924916,1,3492.475964784622,ENSG00000132635
ENSG00000066455,3495.0,15.238995,2.0582607,1,3493.476100564003,ENSG00000066455
ENSG00000065485,3496.0,15.232738,3.8597941,1,3494.476726293564,ENSG00000065485
ENSG00000136448,3497.0,15.232022,3.9672341,1,3495.4767978191376,ENSG00000136448
ENSG00000250571,3498.0,15.22436,3.3143833,1,3496.477563977241,ENSG00000250571
ENSG00000197905,3499.0,15.22351,5.9118195,1,3497.477648973465,ENSG00000197905
ENSG00000178802,3500.0,15.221631,4.264851,1,3498.4778368473053,ENSG00000178802
ENSG00000123505,3501.0,15.2164135,9.334279,1,3499.4783586263657,ENSG00000123505
ENSG00000168904,3502.0,15.212009,5.0673823,1,3500.4787991046906,ENSG00000168904
ENSG00000177380,3503.0,15.207234,6.0821395,1,3501.479276537895,ENSG00000177380
ENSG00000010219,3504.0,15.206915,4.6580043,1,3502.479308485985,ENSG00000010219
ENSG00000152944,3505.0,15.204519,4.2041225,1,3503.479548096657,ENSG00000152944
ENSG00000152990,3506.0,15.200946,6.3374844,1,3504.4799053668976,ENSG00000152990
ENSG00000139433,3507.0,15.200046,1.8211651,1,3505.4799954891205,ENSG00000139433
ENSG00000136159,3508.0,15.193117,4.256599,1,3506.480688333512,ENSG00000136159
ENSG00000068137,3509.0,15.1885195,4.7013087,1,3507.481148004532,ENSG00000068137
ENSG00000147533,3510.0,15.186558,4.5980606,1,3508.4813442230225,ENSG00000147533
ENSG00000120896,3511.0,15.180357,3.057698,1,3509.4819643497467,ENSG00000120896
ENSG00000166411,3512.0,15.178449,6.2643614,1,3510.48215508461,ENSG00000166411
ENSG00000111319,3513.0,15.177395,3.7410076,1,3511.482260465622,ENSG00000111319
ENSG00000115414,3514.0,15.175132,28.979021,1,3512.482486844063,FN1
ENSG00000143514,3515.0,15.172763,4.0348196,1,3513.482723712921,ENSG00000143514
ENSG00000154153,3516.0,15.163726,3.6287005,1,3514.483627438545,ENSG00000154153
ENSG00000094631,3517.0,15.163151,3.7938313,1,3515.483684897423,ENSG00000094631
ENSG00000175287,3518.0,15.159333,5.044461,1,3516.484066724777,ENSG00000175287
ENSG00000066654,3519.0,15.1587305,1.8310924,1,3517.4841269254684,ENSG00000066654
ENSG00000151892,3520.0,15.15855,7.113461,1,3518.484144926071,ENSG00000151892
ENSG00000157800,3521.0,15.157247,5.227452,1,3519.484275341034,ENSG00000157800
ENSG00000132341,3522.0,15.153935,37.888214,1,3520.4846065044403,ENSG00000132341
ENSG00000130764,3523.0,15.15326,2.113818,1,3521.484673976898,ENSG00000130764
ENSG00000001036,3524.0,15.151353,5.001965,1,3522.484864711761,ENSG00000001036
ENSG00000141295,3525.0,15.151047,2.80592,1,3523.484895348549,ENSG00000141295
ENSG00000070413,3526.0,15.147693,2.7749152,1,3524.4852306842804,ENSG00000070413
ENSG00000100403,3527.0,15.144218,2.901674,1,3525.4855781793594,ENSG00000100403
ENSG00000006652,3528.0,15.142404,11.036386,1,3526.485759615898,ENSG00000006652
ENSG00000165487,3529.0,15.14193,4.0075197,1,3527.4858070611954,ENSG00000165487
ENSG00000160285,3530.0,15.136323,2.8676212,1,3528.486367702484,ENSG00000160285
ENSG00000139629,3531.0,15.127272,1.5578297,1,3529.48727285862,ENSG00000139629
ENSG00000089280,3532.0,15.126211,14.25135,1,3530.487378835678,ENSG00000089280
ENSG00000172551,3533.0,15.121588,61.067715,1,3531.4878412485123,MUCL1
ENSG00000156171,3534.0,15.120571,6.9111757,1,3532.4879429340363,ENSG00000156171
ENSG00000151806,3535.0,15.113115,3.7747462,1,3533.488688468933,ENSG00000151806
ENSG00000163960,3536.0,15.11134,3.2100437,1,3534.4888660907745,ENSG00000163960
ENSG00000119411,3537.0,15.111204,6.1447253,1,3535.4888795614243,ENSG00000119411
ENSG00000104889,3538.0,15.09719,5.404888,1,3536.490280985832,ENSG00000104889
ENSG00000096872,3539.0,15.093917,4.4945374,1,3537.4906083345413,ENSG00000096872
ENSG00000176894,3540.0,15.091946,3.6943622,1,3538.490805387497,ENSG00000176894
ENSG00000108439,3541.0,15.090408,1.472585,1,3539.4909591674805,ENSG00000108439
ENSG00000107959,3542.0,15.087528,4.1165514,1,3540.491247177124,ENSG00000107959
ENSG00000174827,3543.0,15.0862665,7.0496073,1,3541.4913733005524,ENSG00000174827
ENSG00000235823,3544.0,15.084333,4.4317684,1,3542.49156665802,ENSG00000235823
ENSG00000166908,3545.0,15.082817,3.972119,1,3543.4917182922363,ENSG00000166908
ENSG00000064999,3546.0,15.082471,6.470691,1,3544.4917528629303,ENSG00000064999
ENSG00000101752,3547.0,15.080965,2.3371196,1,3545.4919035434723,ENSG00000101752
ENSG00000136193,3548.0,15.075505,4.963559,1,3546.4924495220184,ENSG00000136193
ENSG00000203724,3549.0,15.073072,6.838666,1,3547.492692708969,ENSG00000203724
ENSG00000198718,3550.0,15.062848,3.007232,1,3548.4937151670456,ENSG00000198718
ENSG00000082153,3551.0,15.0609045,9.309038,1,3549.493909597397,ENSG00000082153
ENSG00000131069,3552.0,15.060097,6.1272783,1,3550.493990302086,ENSG00000131069
ENSG00000135924,3553.0,15.0588665,1.9611533,1,3551.4941133260727,ENSG00000135924
ENSG00000165055,3554.0,15.051115,4.452011,1,3552.494888544082,ENSG00000165055
ENSG00000101782,3555.0,15.04546,2.8763297,1,3553.4954540729523,ENSG00000101782
ENSG00000157538,3556.0,15.045324,4.05682,1,3554.495467543602,ENSG00000157538
ENSG00000100888,3557.0,15.043655,1.5016642,1,3555.495634436608,ENSG00000100888
ENSG00000051128,3558.0,15.042927,4.689115,1,3556.4957072734837,ENSG00000051128
ENSG00000132383,3559.0,15.041556,4.672842,1,3557.4958443641663,ENSG00000132383
ENSG00000070444,3560.0,15.040946,3.0692797,1,3558.4959053993225,ENSG00000070444
ENSG00000118242,3561.0,15.035821,3.0877345,1,3559.4964178800583,ENSG00000118242
ENSG00000136463,3562.0,15.024784,4.2603564,1,3560.4975216388702,ENSG00000136463
ENSG00000103494,3563.0,15.020651,4.0355926,1,3561.497934937477,ENSG00000103494
ENSG00000138660,3564.0,15.020287,4.1955857,1,3562.4979712963104,ENSG00000138660
ENSG00000169957,3565.0,15.0192585,4.3323283,1,3563.4980741739278,ENSG00000169957
ENSG00000197496,3566.0,15.018693,6.0546546,1,3564.4981306791306,ENSG00000197496
ENSG00000087076,3567.0,15.003378,7.3009505,1,3565.4996621608734,ENSG00000087076
ENSG00000140836,3568.0,15.002127,3.0804138,1,3566.4997873306274,ENSG00000140836
ENSG00000049283,3569.0,14.997242,8.096323,1,3567.500275850296,ENSG00000049283
ENSG00000183844,3570.0,14.993097,6.9863653,1,3568.5006902217865,ENSG00000183844
ENSG00000138081,3571.0,14.9924135,2.8731217,1,3569.5007586479187,ENSG00000138081
ENSG00000108389,3572.0,14.989353,2.650916,1,3570.501064658165,ENSG00000108389
ENSG00000111653,3573.0,14.987202,3.4971874,1,3571.5012798309326,ENSG00000111653
ENSG00000088002,3574.0,14.985727,7.0749397,1,3572.501427292824,ENSG00000088002
ENSG00000143756,3575.0,14.982292,4.0261993,1,3573.501770734787,ENSG00000143756
ENSG00000050130,3576.0,14.982053,4.9291916,1,3574.501794695854,ENSG00000050130
ENSG00000149313,3577.0,14.979764,4.3666096,1,3575.50202357769,ENSG00000149313
ENSG00000133612,3578.0,14.978345,4.4714155,1,3576.502165555954,ENSG00000133612
ENSG00000130935,3579.0,14.976978,4.765395,1,3577.5023021698,ENSG00000130935
ENSG00000196323,3580.0,14.976332,1.3097912,1,3578.5023667812347,ENSG00000196323
ENSG00000106278,3581.0,14.9719715,11.440344,1,3579.502802848816,ENSG00000106278
ENSG00000163636,3582.0,14.960803,8.987134,1,3580.5039197206497,ENSG00000163636
ENSG00000136709,3583.0,14.957867,1.9472594,1,3581.50421333313,ENSG00000136709
ENSG00000138772,3584.0,14.954318,6.8522305,1,3582.504568219185,ENSG00000138772
ENSG00000103342,3585.0,14.95018,1.9333888,1,3583.504981994629,ENSG00000103342
ENSG00000198040,3586.0,14.94091,2.4809506,1,3584.5059089660645,ENSG00000198040
ENSG00000122068,3587.0,14.934761,3.1498463,1,3585.50652384758,ENSG00000122068
ENSG00000163814,3588.0,14.934656,3.7120094,1,3586.506534337997,ENSG00000163814
ENSG00000056050,3589.0,14.93122,3.0275052,1,3587.506878018379,ENSG00000056050
ENSG00000153046,3590.0,14.929709,3.8432417,1,3588.507029056549,ENSG00000153046
ENSG00000235106,3591.0,14.926213,3.249956,1,3589.507378697396,ENSG00000235106
ENSG00000181038,3592.0,14.926077,4.5219064,1,3590.5073922872543,ENSG00000181038
ENSG00000181090,3593.0,14.921945,2.3379707,1,3591.507805585861,ENSG00000181090
ENSG00000139531,3594.0,14.91855,4.4660964,1,3592.508145093918,ENSG00000139531
ENSG00000139546,3595.0,14.916858,5.7547364,1,3593.5083142519,ENSG00000139546
ENSG00000142207,3596.0,14.9154825,3.3698082,1,3594.5084517002106,ENSG00000142207
ENSG00000058799,3597.0,14.903025,2.5067983,1,3595.509697556496,ENSG00000058799
ENSG00000162755,3598.0,14.894375,7.1024184,1,3596.5105625391006,ENSG00000162755
ENSG00000007923,3599.0,14.890112,4.8620963,1,3597.51098883152,ENSG00000007923
ENSG00000177683,3600.0,14.889642,3.0226202,1,3598.51103579998,ENSG00000177683
ENSG00000163512,3601.0,14.887297,4.7110043,1,3599.5112702846527,ENSG00000163512
ENSG00000198792,3602.0,14.885926,4.715022,1,3600.511407375336,ENSG00000198792
ENSG00000196502,3603.0,14.884548,4.6169553,1,3601.5115451812744,ENSG00000196502
ENSG00000143207,3604.0,14.881232,2.735571,1,3602.511876821518,ENSG00000143207
ENSG00000198467,3605.0,14.879878,5.6418724,1,3603.512012243271,TPM2
ENSG00000081721,3606.0,14.879139,4.881162,1,3604.5120861530304,ENSG00000081721
ENSG00000197892,3607.0,14.878934,1.7148556,1,3605.512106657028,ENSG00000197892
ENSG00000148337,3608.0,14.875679,3.3226922,1,3606.5124320983887,ENSG00000148337
ENSG00000119471,3609.0,14.867482,3.7355747,1,3607.513251781464,ENSG00000119471
ENSG00000105669,3610.0,14.864975,8.062122,1,3608.5135024786,ENSG00000105669
ENSG00000144366,3611.0,14.864722,8.097984,1,3609.513527750969,ENSG00000144366
ENSG00000039650,3612.0,14.863943,3.1323073,1,3610.513605713844,ENSG00000039650
ENSG00000071282,3613.0,14.863758,4.991096,1,3611.513624191284,ENSG00000071282
ENSG00000005889,3614.0,14.856965,3.2637422,1,3612.514303445816,ENSG00000005889
ENSG00000196428,3615.0,14.8561945,3.0997136,1,3613.5143805742255,ENSG00000196428
ENSG00000166068,3616.0,14.854574,2.2383437,1,3614.514542579651,ENSG00000166068
ENSG00000112796,3617.0,14.853868,2.2821279,1,3615.51461327076,ENSG00000112796
ENSG00000178691,3618.0,14.851823,1.7969921,1,3616.514817714691,ENSG00000178691
ENSG00000087274,3619.0,14.851735,3.681115,1,3617.5148265361786,ENSG00000087274
ENSG00000149218,3620.0,14.846734,3.2613628,1,3618.515326619148,ENSG00000149218
ENSG00000142892,3621.0,14.840232,4.448614,1,3619.5159767866135,ENSG00000142892
ENSG00000143258,3622.0,14.837101,3.542967,1,3620.516289949417,ENSG00000143258
ENSG00000089123,3623.0,14.836809,3.4354467,1,3621.516319036484,ENSG00000089123
ENSG00000047230,3624.0,14.834374,5.774026,1,3622.5165625810623,ENSG00000047230
ENSG00000174684,3625.0,14.833027,6.0905786,1,3623.51669728756,ENSG00000174684
ENSG00000111144,3626.0,14.830401,3.816265,1,3624.516959905624,ENSG00000111144
ENSG00000117862,3627.0,14.8279295,3.7395563,1,3625.5172070264816,ENSG00000117862
ENSG00000167491,3628.0,14.826549,2.2957616,1,3626.517345190048,ENSG00000167491
ENSG00000163156,3629.0,14.825318,5.026129,1,3627.517468214035,ENSG00000163156
ENSG00000255737,3630.0,14.8251,4.295901,1,3628.517490029335,ENSG00000255737
ENSG00000164933,3631.0,14.824882,4.406492,1,3629.517511844635,ENSG00000164933
ENSG00000132879,3632.0,14.814489,2.3873994,1,3630.518551111221,ENSG00000132879
ENSG00000159592,3633.0,14.813683,2.354534,1,3631.518631696701,ENSG00000159592
ENSG00000188467,3634.0,14.810435,20.659521,1,3632.518956422806,ENSG00000188467
ENSG00000102893,3635.0,14.80738,2.1948428,1,3633.519262075424,ENSG00000102893
ENSG00000186141,3636.0,14.805344,5.5900135,1,3634.5194656848903,ENSG00000186141
ENSG00000135441,3637.0,14.790829,2.8229938,1,3635.5209171772,ENSG00000135441
ENSG00000117262,3638.0,14.787253,4.3153863,1,3636.52127468586,ENSG00000117262
ENSG00000182580,3639.0,14.785874,4.5189586,1,3637.521412611008,ENSG00000182580
ENSG00000198176,3640.0,14.781671,2.4839785,1,3638.521832942962,ENSG00000198176
ENSG00000177732,3641.0,14.777259,5.332827,1,3639.5222741365433,ENSG00000177732
ENSG00000164631,3642.0,14.776832,3.45811,1,3640.522316813469,ENSG00000164631
ENSG00000118900,3643.0,14.774468,1.5813406,1,3641.52255320549,ENSG00000118900
ENSG00000176720,3644.0,14.774039,4.8552794,1,3642.5225961208334,ENSG00000176720
ENSG00000169733,3645.0,14.771319,3.589819,1,3643.522868037224,ENSG00000169733
ENSG00000129255,3646.0,14.770402,5.20849,1,3644.5229598283768,ENSG00000129255
ENSG00000132382,3647.0,14.76923,4.9217896,1,3645.523077011109,ENSG00000132382
ENSG00000169375,3648.0,14.765992,2.3097107,1,3646.523400783539,ENSG00000169375
ENSG00000010165,3649.0,14.764146,4.956139,1,3647.523585438728,ENSG00000010165
ENSG00000101079,3650.0,14.763663,3.645231,1,3648.5236337184906,ENSG00000101079
ENSG00000086102,3651.0,14.76095,2.4159067,1,3649.5239050388336,ENSG00000086102
ENSG00000164096,3652.0,14.76093,6.911404,1,3650.5239069461823,ENSG00000164096
ENSG00000182512,3653.0,14.757945,2.72812,1,3651.5242054462433,ENSG00000182512
ENSG00000187325,3654.0,14.7568035,4.053213,1,3652.524319648743,ENSG00000187325
ENSG00000113161,3655.0,14.754137,4.598646,1,3653.5245863199234,ENSG00000113161
ENSG00000100596,3656.0,14.753775,2.006043,1,3654.5246225595474,ENSG00000100596
ENSG00000183615,3657.0,14.753425,8.900239,1,3655.524657487869,ENSG00000183615
ENSG00000143367,3658.0,14.75254,4.482246,1,3656.5247460603714,ENSG00000143367
ENSG00000136861,3659.0,14.752082,2.8240833,1,3657.5247918367386,ENSG00000136861
ENSG00000114735,3660.0,14.750399,2.817796,1,3658.524960160256,ENSG00000114735
ENSG00000158019,3661.0,14.747503,3.5094347,1,3659.52524971962,ENSG00000158019
ENSG00000133460,3662.0,14.741779,3.895539,1,3660.525822043419,ENSG00000133460
ENSG00000164932,3663.0,14.740679,4.044941,1,3661.525932073593,CTHRC1
ENSG00000171960,3664.0,14.73254,3.2301755,1,3662.526746034622,ENSG00000171960
ENSG00000138785,3665.0,14.73015,3.578155,1,3663.5269849300394,ENSG00000138785
ENSG00000110429,3666.0,14.728138,3.4232824,1,3664.527186155319,ENSG00000110429
ENSG00000105289,3667.0,14.7235565,3.4931858,1,3665.527644395828,ENSG00000105289
ENSG00000159167,3668.0,14.722942,6.032871,1,3666.527705788613,ENSG00000159167
ENSG00000086712,3669.0,14.7206135,3.4129083,1,3667.527938604355,ENSG00000086712
ENSG00000168916,3670.0,14.711507,5.5359635,1,3668.528849363327,ENSG00000168916
ENSG00000244462,3671.0,14.708508,3.438394,1,3669.5291492939,ENSG00000244462
ENSG00000083123,3672.0,14.70683,2.32691,1,3670.52931702137,ENSG00000083123
ENSG00000107929,3673.0,14.701877,1.6872607,1,3671.529812335968,ENSG00000107929
ENSG00000167315,3674.0,14.699865,4.8125734,1,3672.53001344204,ENSG00000167315
ENSG00000127527,3675.0,14.69783,2.7504487,1,3673.5302169322968,ENSG00000127527
ENSG00000129116,3676.0,14.6970825,1.0557773,1,3674.5302917957306,ENSG00000129116
ENSG00000105701,3677.0,14.693935,2.2803853,1,3675.530606508255,ENSG00000105701
ENSG00000164941,3678.0,14.692702,2.899286,1,3676.530729770661,ENSG00000164941
ENSG00000155542,3679.0,14.689584,6.032938,1,3677.531041622162,ENSG00000155542
ENSG00000153885,3680.0,14.686077,7.2407722,1,3678.531392335892,ENSG00000153885
ENSG00000188153,3681.0,14.6833515,7.0388618,1,3679.531664848328,ENSG00000188153
ENSG00000167632,3682.0,14.6799135,1.9986081,1,3680.532008647919,ENSG00000167632
ENSG00000196458,3683.0,14.67958,3.3869655,1,3681.53204202652,ENSG00000196458
ENSG00000173113,3684.0,14.679041,12.585096,1,3682.532095909119,ENSG00000173113
ENSG00000161513,3685.0,14.676157,4.447062,1,3683.53238427639,ENSG00000161513
ENSG00000101104,3686.0,14.673362,4.1351957,1,3684.532663822174,ENSG00000101104
ENSG00000184277,3687.0,14.672967,3.9103646,1,3685.532703280449,ENSG00000184277
ENSG00000244005,3688.0,14.669497,4.0818577,1,3686.533050298691,ENSG00000244005
ENSG00000132004,3689.0,14.668086,4.1963854,1,3687.5331914424896,ENSG00000132004
ENSG00000115514,3690.0,14.667894,3.8025804,1,3688.533210515976,ENSG00000115514
ENSG00000163743,3691.0,14.652201,3.4208322,1,3689.534779906273,ENSG00000163743
ENSG00000167674,3692.0,14.646265,2.7511175,1,3690.5353734493256,ENSG00000167674
ENSG00000157954,3693.0,14.645021,2.3337424,1,3691.535497903824,ENSG00000157954
ENSG00000114391,3694.0,14.638347,38.921413,1,3692.536165356636,ENSG00000114391
ENSG00000127863,3695.0,14.638259,7.421116,1,3693.536174058914,ENSG00000127863
ENSG00000114745,3696.0,14.6315975,5.9930115,1,3694.536840200424,ENSG00000114745
ENSG00000186350,3697.0,14.631104,2.082752,1,3695.53688955307,ENSG00000186350
ENSG00000049541,3698.0,14.6279745,4.7799706,1,3696.537202596664,ENSG00000049541
ENSG00000134905,3699.0,14.626702,2.9838822,1,3697.537329792976,ENSG00000134905
ENSG00000134748,3700.0,14.625552,4.5127897,1,3698.537444829941,ENSG00000134748
ENSG00000100350,3701.0,14.621852,8.002947,1,3699.537814855576,ENSG00000100350
ENSG00000153561,3702.0,14.618832,3.1508815,1,3700.538116812706,ENSG00000153561
ENSG00000095637,3703.0,14.614412,5.8352194,1,3701.5385587215424,ENSG00000095637
ENSG00000066044,3704.0,14.613198,3.103924,1,3702.538680195808,ENSG00000066044
ENSG00000090470,3705.0,14.613077,2.6829536,1,3703.538692235946,ENSG00000090470
ENSG00000162105,3706.0,14.610253,7.395848,1,3704.5389746427536,ENSG00000162105
ENSG00000140396,3707.0,14.607977,1.3206897,1,3705.5392023324966,ENSG00000140396
ENSG00000081923,3708.0,14.602888,1.5685815,1,3706.5397112369537,ENSG00000081923
ENSG00000115761,3709.0,14.600712,4.6359463,1,3707.539928793907,ENSG00000115761
ENSG00000127980,3710.0,14.600209,3.486504,1,3708.5399791002274,ENSG00000127980
ENSG00000206075,3711.0,14.599869,5.754722,1,3709.540013074875,SERPINB5
ENSG00000133226,3712.0,14.599242,6.6221395,1,3710.540075778961,ENSG00000133226
ENSG00000149418,3713.0,14.598556,0.8156441,1,3711.540144443512,ENSG00000149418
ENSG00000084764,3714.0,14.597623,4.2049375,1,3712.540237665176,ENSG00000084764
ENSG00000272602,3715.0,14.597558,5.5705175,1,3713.5402442216873,ENSG00000272602
ENSG00000122779,3716.0,14.596151,2.3223608,1,3714.540384888649,ENSG00000122779
ENSG00000114098,3717.0,14.592451,3.4791808,1,3715.540754914284,ENSG00000114098
ENSG00000172269,3718.0,14.589091,3.5487099,1,3716.5410908460617,ENSG00000172269
ENSG00000168439,3719.0,14.586845,12.726594,1,3717.541315436363,ENSG00000168439
ENSG00000100813,3720.0,14.584081,1.9778358,1,3718.5415918827057,ENSG00000100813
ENSG00000174606,3721.0,14.580696,2.8863995,1,3719.541930437088,ENSG00000174606
ENSG00000103490,3722.0,14.580478,4.399466,1,3720.541952252388,ENSG00000103490
ENSG00000167220,3723.0,14.569735,4.823734,1,3721.5430265665054,ENSG00000167220
ENSG00000163624,3724.0,14.569716,5.875478,1,3722.543028354645,ENSG00000163624
ENSG00000012174,3725.0,14.563465,5.080727,1,3723.543653488159,ENSG00000012174
ENSG00000120832,3726.0,14.563295,4.9873986,1,3724.5436704158783,ENSG00000120832
ENSG00000077254,3727.0,14.563084,3.1979363,1,3725.543691635132,ENSG00000077254
ENSG00000067141,3728.0,14.555309,3.7931974,1,3726.5444691181183,ENSG00000067141
ENSG00000146122,3729.0,14.554995,6.9454803,1,3727.5445005893703,ENSG00000146122
ENSG00000168495,3730.0,14.552936,5.372221,1,3728.544706463814,ENSG00000168495
ENSG00000066117,3731.0,14.551191,3.5320427,1,3729.544880867005,ENSG00000066117
ENSG00000144306,3732.0,14.54974,4.9984984,1,3730.545026063919,ENSG00000144306
ENSG00000168096,3733.0,14.545401,2.7820148,1,3731.545459985733,ENSG00000168096
ENSG00000108788,3734.0,14.5397625,4.0766106,1,3732.5460237264633,ENSG00000108788
ENSG00000213995,3735.0,14.536963,3.5628958,1,3733.546303629875,ENSG00000213995
ENSG00000139163,3736.0,14.535943,4.1956754,1,3734.546405673027,ENSG00000139163
ENSG00000170004,3737.0,14.535584,1.9354057,1,3735.546441555023,ENSG00000170004
ENSG00000089876,3738.0,14.534443,3.066239,1,3736.5465557575226,ENSG00000089876
ENSG00000111231,3739.0,14.534402,5.2608,1,3737.5465598106384,ENSG00000111231
ENSG00000187678,3740.0,14.533801,8.236947,1,3738.54661989212,ENSG00000187678
ENSG00000123575,3741.0,14.524658,3.0244386,1,3739.547534227371,ENSG00000123575
ENSG00000151413,3742.0,14.520023,4.808104,1,3740.547997713089,ENSG00000151413
ENSG00000088812,3743.0,14.5176,2.5068264,1,3741.548239946365,ENSG00000088812
ENSG00000143224,3744.0,14.516869,5.019753,1,3742.548313140869,ENSG00000143224
ENSG00000160606,3745.0,14.512779,7.3058906,1,3743.548722028732,ENSG00000160606
ENSG00000121892,3746.0,14.510631,1.9169397,1,3744.548936963082,ENSG00000121892
ENSG00000168259,3747.0,14.509631,6.3471146,1,3745.549036860466,ENSG00000168259
ENSG00000138018,3748.0,14.504368,2.9324083,1,3746.54956316948,ENSG00000138018
ENSG00000124444,3749.0,14.50411,3.5467274,1,3747.549588918686,ENSG00000124444
ENSG00000134532,3750.0,14.503687,7.895599,1,3748.549631357193,ENSG00000134532
ENSG00000187147,3751.0,14.503194,2.2331653,1,3749.5496805906296,ENSG00000187147
ENSG00000076864,3752.0,14.496975,12.604568,1,3750.550302505493,ENSG00000076864
ENSG00000117222,3753.0,14.492029,3.0404572,1,3751.550797104836,ENSG00000117222
ENSG00000155827,3754.0,14.488531,4.6606774,1,3752.551146864891,ENSG00000155827
ENSG00000166387,3755.0,14.487732,4.6427183,1,3753.551226854324,ENSG00000166387
ENSG00000160211,3756.0,14.486867,2.8390794,1,3754.5513132810593,ENSG00000160211
ENSG00000115365,3757.0,14.486011,3.5749094,1,3755.5513989925385,ENSG00000115365
ENSG00000115839,3758.0,14.481923,2.0467386,1,3756.551807641983,ENSG00000115839
ENSG00000119596,3759.0,14.476617,1.4863534,1,3757.55233836174,ENSG00000119596
ENSG00000197930,3760.0,14.476416,3.6402674,1,3758.5523583889008,ENSG00000197930
ENSG00000169599,3761.0,14.469108,4.0004168,1,3759.553089261055,ENSG00000169599
ENSG00000101213,3762.0,14.461691,3.2019498,1,3760.553830862045,ENSG00000101213
ENSG00000168434,3763.0,14.461028,3.3759794,1,3761.55389714241,ENSG00000168434
ENSG00000188959,3764.0,14.457246,9.881322,1,3762.554275393486,ENSG00000188959
ENSG00000121741,3765.0,14.4510765,1.8263196,1,3763.55489230156,ENSG00000121741
ENSG00000164902,3766.0,14.445476,3.4449632,1,3764.555452466011,ENSG00000164902
ENSG00000090447,3767.0,14.4389715,2.801583,1,3765.556102871895,ENSG00000090447
ENSG00000164366,3768.0,14.43692,2.2628977,1,3766.556308031082,ENSG00000164366
ENSG00000203668,3769.0,14.436889,3.244134,1,3767.556311130524,ENSG00000203668
ENSG00000232956,3770.0,14.433648,3.863511,1,3768.5566351413727,ENSG00000232956
ENSG00000001167,3771.0,14.432467,5.1843324,1,3769.5567532777786,ENSG00000001167
ENSG00000104833,3772.0,14.429466,9.462008,1,3770.55705332756,ENSG00000104833
ENSG00000155090,3773.0,14.428041,4.1054482,1,3771.557195901871,ENSG00000155090
ENSG00000108666,3774.0,14.4250145,2.4025984,1,3772.557498574257,ENSG00000108666
ENSG00000101464,3775.0,14.422892,4.5339656,1,3773.5577108860016,ENSG00000101464
ENSG00000027847,3776.0,14.422291,3.5094793,1,3774.557770967484,ENSG00000027847
ENSG00000099622,3777.0,14.418194,12.382367,1,3775.5581805706015,ENSG00000099622
ENSG00000149823,3778.0,14.417245,3.4675207,1,3776.558275461197,ENSG00000149823
ENSG00000157216,3779.0,14.412392,3.9124987,1,3777.558760881424,ENSG00000157216
ENSG00000239789,3780.0,14.411879,4.5004954,1,3778.5588121414185,ENSG00000239789
ENSG00000213977,3781.0,14.405928,4.9968853,1,3779.559407234192,ENSG00000213977
ENSG00000084090,3782.0,14.405507,4.145671,1,3780.559449315071,ENSG00000084090
ENSG00000162086,3783.0,14.404322,2.5326858,1,3781.559567809105,ENSG00000162086
ENSG00000105559,3784.0,14.404057,4.774107,1,3782.559594392777,ENSG00000105559
ENSG00000125744,3785.0,14.400945,4.540842,1,3783.559905529022,ENSG00000125744
ENSG00000136527,3786.0,14.395329,7.4010544,1,3784.560467004776,ENSG00000136527
ENSG00000163348,3787.0,14.393399,3.0294802,1,3785.560660123825,ENSG00000163348
ENSG00000119723,3788.0,14.388372,4.300556,1,3786.56116271019,ENSG00000119723
ENSG00000101888,3789.0,14.387465,3.2566817,1,3787.561253547669,ENSG00000101888
ENSG00000204977,3790.0,14.386147,2.5912457,1,3788.561385393143,ENSG00000204977
ENSG00000120688,3791.0,14.376748,2.4730597,1,3789.5623252391815,ENSG00000120688
ENSG00000196998,3792.0,14.375533,4.1734915,1,3790.562446713448,ENSG00000196998
ENSG00000135372,3793.0,14.373793,3.1022027,1,3791.5626207590094,ENSG00000135372
ENSG00000065526,3794.0,14.370752,1.9589031,1,3792.562924742698,ENSG00000065526
ENSG00000163584,3795.0,14.366129,6.3137574,1,3793.563387155533,ENSG00000163584
ENSG00000113312,3796.0,14.362694,3.6357615,1,3794.563730597496,ENSG00000113312
ENSG00000104140,3797.0,14.361927,9.398795,1,3795.563807249069,ENSG00000104140
ENSG00000232838,3798.0,14.361414,5.0596814,1,3796.563858628273,ENSG00000232838
ENSG00000164403,3799.0,14.358521,2.7696147,1,3797.5641478300095,ENSG00000164403
ENSG00000198818,3800.0,14.355954,3.3009608,1,3798.564404606819,ENSG00000198818
ENSG00000103051,3801.0,14.355248,4.134307,1,3799.564475178719,ENSG00000103051
ENSG00000102978,3802.0,14.355201,4.677301,1,3800.56447994709,ENSG00000102978
ENSG00000108433,3803.0,14.3499,4.626532,1,3801.565009951592,ENSG00000108433
ENSG00000153827,3804.0,14.346967,1.9930209,1,3802.565303325653,ENSG00000153827
ENSG00000163930,3805.0,14.346199,3.9241862,1,3803.565380096436,ENSG00000163930
ENSG00000198947,3806.0,14.344811,5.4386177,1,3804.5655188560486,ENSG00000198947
ENSG00000198157,3807.0,14.342796,5.228725,1,3805.565720319748,ENSG00000198157
ENSG00000102390,3808.0,14.342267,3.9777114,1,3806.565773248673,ENSG00000102390
ENSG00000215440,3809.0,14.340157,2.5596368,1,3807.565984368324,ENSG00000215440
ENSG00000168883,3810.0,14.335549,4.956271,1,3808.566445112229,ENSG00000168883
ENSG00000141376,3811.0,14.334681,7.333405,1,3809.566531896591,ENSG00000141376
ENSG00000154358,3812.0,14.328873,2.447016,1,3810.56711268425,ENSG00000154358
ENSG00000135535,3813.0,14.325069,5.901707,1,3811.567493081093,ENSG00000135535
ENSG00000111684,3814.0,14.324632,2.121106,1,3812.567536830902,ENSG00000111684
ENSG00000196083,3815.0,14.324221,6.9334793,1,3813.567577958107,ENSG00000196083
ENSG00000152977,3816.0,14.320483,10.574909,1,3814.5679516792297,ENSG00000152977
ENSG00000007866,3817.0,14.317448,4.135059,1,3815.568255186081,ENSG00000007866
ENSG00000180425,3818.0,14.316826,3.1516626,1,3816.56831741333,ENSG00000180425
ENSG00000266028,3819.0,14.3147135,5.4595613,1,3817.568528652191,ENSG00000266028
ENSG00000137944,3820.0,14.309156,3.9724507,1,3818.569084405899,ENSG00000137944
ENSG00000102900,3821.0,14.304958,6.604127,1,3819.569504141808,ENSG00000102900
ENSG00000166140,3822.0,14.302455,3.1852343,1,3820.569754481316,ENSG00000166140
ENSG00000157426,3823.0,14.302068,3.1535199,1,3821.569793224335,ENSG00000157426
ENSG00000198763,3824.0,14.299367,213.77364,1,3822.570063352585,ENSG00000198763
ENSG00000189306,3825.0,14.298864,5.3449054,1,3823.570113539696,ENSG00000189306
ENSG00000178449,3826.0,14.297372,3.2931786,1,3824.5702627897263,ENSG00000178449
ENSG00000151657,3827.0,14.295144,3.5610116,1,3825.570485591888,ENSG00000151657
ENSG00000133812,3828.0,14.29458,3.2592669,1,3826.5705419778815,ENSG00000133812
ENSG00000091513,3829.0,14.293328,7.7055154,1,3827.570667147637,TF
ENSG00000133316,3830.0,14.290562,3.7254066,1,3828.5709438323975,ENSG00000133316
ENSG00000107537,3831.0,14.287636,3.2188942,1,3829.571236371994,ENSG00000107537
ENSG00000172201,3832.0,14.285966,5.3011246,1,3830.5714033842087,ENSG00000172201
ENSG00000090054,3833.0,14.274856,4.6502323,1,3831.5725144147873,ENSG00000090054
ENSG00000148308,3834.0,14.274109,3.4240336,1,3832.572589159012,ENSG00000148308
ENSG00000162836,3835.0,14.261496,3.7220309,1,3833.5738503932953,ENSG00000162836
ENSG00000120709,3836.0,14.258295,2.6866865,1,3834.5741704702377,ENSG00000120709
ENSG00000150456,3837.0,14.256925,3.8652453,1,3835.5743075609207,ENSG00000150456
ENSG00000135972,3838.0,14.254935,3.0927458,1,3836.574506521225,ENSG00000135972
ENSG00000168395,3839.0,14.254513,2.353218,1,3837.5745487213135,ENSG00000168395
ENSG00000183161,3840.0,14.251786,2.93603,1,3838.574821352959,ENSG00000183161
ENSG00000109458,3841.0,14.251647,6.6478786,1,3839.5748353004456,ENSG00000109458
ENSG00000130818,3842.0,14.243977,3.6482904,1,3840.575602293015,ENSG00000130818
ENSG00000143337,3843.0,14.243112,2.7284987,1,3841.575688838959,ENSG00000143337
ENSG00000127124,3844.0,14.24142,2.0967143,1,3842.5758579969406,ENSG00000127124
ENSG00000130640,3845.0,14.230555,2.739706,1,3843.576944589615,ENSG00000130640
ENSG00000101182,3846.0,14.228716,32.89382,1,3844.5771284103394,ENSG00000101182
ENSG00000176533,3847.0,14.227597,2.6053452,1,3845.577240228653,ENSG00000176533
ENSG00000184470,3848.0,14.224319,3.7404394,1,3846.577568054199,ENSG00000184470
ENSG00000104290,3849.0,14.222773,3.9973161,1,3847.577722787857,ENSG00000104290
ENSG00000135069,3850.0,14.213463,8.825817,1,3848.578653693199,ENSG00000135069
ENSG00000164916,3851.0,14.211033,2.6503932,1,3849.578896760941,ENSG00000164916
ENSG00000101474,3852.0,14.209151,4.37908,1,3850.5790848732,ENSG00000101474
ENSG00000131153,3853.0,14.20496,4.509687,1,3851.5795040130615,ENSG00000131153
ENSG00000185414,3854.0,14.202525,4.543283,1,3852.579747438431,ENSG00000185414
ENSG00000078699,3855.0,14.201738,1.9808359,1,3853.579826116562,ENSG00000078699
ENSG00000125863,3856.0,14.2016,4.0628023,1,3854.57983994484,ENSG00000125863
ENSG00000198863,3857.0,14.199367,1.722207,1,3855.580063343048,ENSG00000198863
ENSG00000242616,3858.0,14.198356,5.539643,1,3856.5801644325256,ENSG00000242616
ENSG00000116685,3859.0,14.197975,2.6095738,1,3857.580202460289,ENSG00000116685
ENSG00000148335,3860.0,14.193191,3.5620203,1,3858.580680966377,ENSG00000148335
ENSG00000169490,3861.0,14.193002,3.964551,1,3859.580699801445,ENSG00000169490
ENSG00000109685,3862.0,14.188473,2.5302317,1,3860.581152677536,ENSG00000109685
ENSG00000132793,3863.0,14.18737,3.3506746,1,3861.581262946129,ENSG00000132793
ENSG00000135211,3864.0,14.179136,4.071872,1,3862.582086324692,ENSG00000135211
ENSG00000087995,3865.0,14.178954,3.5873313,1,3863.582104563713,ENSG00000087995
ENSG00000116044,3866.0,14.1782,7.274964,1,3864.582180023194,ENSG00000116044
ENSG00000170561,3867.0,14.175685,6.0439196,1,3865.5824315547934,ENSG00000170561
ENSG00000113360,3868.0,14.175288,3.1157205,1,3866.5824711322784,ENSG00000113360
ENSG00000138640,3869.0,14.170792,4.1503057,1,3867.582920789719,ENSG00000138640
ENSG00000168397,3870.0,14.167651,5.3470016,1,3868.5832349061966,ENSG00000168397
ENSG00000151276,3871.0,14.165601,4.1747403,1,3869.583439946175,ENSG00000151276
ENSG00000101911,3872.0,14.1637745,3.667626,1,3870.583622574806,ENSG00000101911
ENSG00000092847,3873.0,14.162826,3.1479876,1,3871.5837174654007,ENSG00000092847
ENSG00000127948,3874.0,14.156625,5.099508,1,3872.584337472916,ENSG00000127948
ENSG00000109111,3875.0,14.156611,2.7825963,1,3873.584338903427,ENSG00000109111
ENSG00000005339,3876.0,14.156171,1.731471,1,3874.584382891655,ENSG00000005339
ENSG00000185787,3877.0,14.154047,16.656887,1,3875.584595322609,ENSG00000185787
ENSG00000259431,3878.0,14.151508,3.190901,1,3876.5848491191855,ENSG00000259431
ENSG00000096433,3879.0,14.145949,0.5476473,1,3877.585405111313,ENSG00000096433
ENSG00000168061,3880.0,14.145558,2.505617,1,3878.58544421196,ENSG00000168061
ENSG00000181788,3881.0,14.141415,2.5007508,1,3879.5858585834494,ENSG00000181788
ENSG00000105447,3882.0,14.140936,5.367097,1,3880.585906386376,ENSG00000105447
ENSG00000178209,3883.0,14.140672,1.5330862,1,3881.5859328508377,ENSG00000178209
ENSG00000037897,3884.0,14.135056,6.3195653,1,3882.586494445801,ENSG00000037897
ENSG00000137166,3885.0,14.13218,2.602888,1,3883.586781978607,ENSG00000137166
ENSG00000172888,3886.0,14.130939,3.5639215,1,3884.586906194687,ENSG00000172888
ENSG00000204438,3887.0,14.127904,2.9373488,1,3885.587209582329,ENSG00000204438
ENSG00000119326,3888.0,14.127141,5.3394127,1,3886.587285876274,ENSG00000119326
ENSG00000125970,3889.0,14.1265955,5.2693453,1,3887.5873404741287,ENSG00000125970
ENSG00000151304,3890.0,14.125796,2.610511,1,3888.5874203443527,ENSG00000151304
ENSG00000157657,3891.0,14.122284,5.351104,1,3889.587771654129,ENSG00000157657
ENSG00000140479,3892.0,14.106131,5.3989024,1,3890.5893869400015,ENSG00000140479
ENSG00000065029,3893.0,14.093613,3.4195988,1,3891.590638756752,ENSG00000065029
ENSG00000178028,3894.0,14.090292,3.5000825,1,3892.590970754624,ENSG00000178028
ENSG00000251022,3895.0,14.088817,3.6510332,1,3893.591118335724,ENSG00000251022
ENSG00000134107,3896.0,14.086677,2.9760318,1,3894.591332316399,ENSG00000134107
ENSG00000055332,3897.0,14.085961,3.5545115,1,3895.591403841973,ENSG00000055332
ENSG00000162517,3898.0,14.085911,6.1766696,1,3896.591408967972,ENSG00000162517
ENSG00000146072,3899.0,14.084853,6.00289,1,3897.591514706612,ENSG00000146072
ENSG00000099377,3900.0,14.080326,4.970494,1,3898.591967344284,ENSG00000099377
ENSG00000254004,3901.0,14.079501,2.8239846,1,3899.592049837112,ENSG00000254004
ENSG00000132581,3902.0,14.078829,3.5370388,1,3900.592117071152,ENSG00000132581
ENSG00000204764,3903.0,14.077108,7.8707156,1,3901.592289209366,ENSG00000204764
ENSG00000133134,3904.0,14.075295,2.1658802,1,3902.592470407486,ENSG00000133134
ENSG00000131043,3905.0,14.075122,3.9447148,1,3903.592487812042,ENSG00000131043
ENSG00000177728,3906.0,14.071356,3.780557,1,3904.592864394188,ENSG00000177728
ENSG00000102081,3907.0,14.069505,1.7383463,1,3905.593049526215,ENSG00000102081
ENSG00000120800,3908.0,14.068994,3.292328,1,3906.593100667,ENSG00000120800
ENSG00000167657,3909.0,14.067288,4.0817766,1,3907.593271136284,ENSG00000167657
ENSG00000082175,3910.0,14.065919,7.9465995,1,3908.5934081077576,ENSG00000082175
ENSG00000176890,3911.0,14.065628,6.6990595,1,3909.593437194824,ENSG00000176890
ENSG00000125821,3912.0,14.063877,4.065202,1,3910.593612313271,ENSG00000125821
ENSG00000170293,3913.0,14.062978,2.4727688,1,3911.593702197075,ENSG00000170293
ENSG00000038219,3914.0,14.060145,1.5302402,1,3912.593985438347,ENSG00000038219
ENSG00000071082,3915.0,14.0592165,85.12033,1,3913.594078302384,ENSG00000071082
ENSG00000229833,3916.0,14.055085,2.891297,1,3914.594491481781,ENSG00000229833
ENSG00000119231,3917.0,14.050803,2.9597728,1,3915.594919681549,ENSG00000119231
ENSG00000135617,3918.0,14.050572,3.7094376,1,3916.5949428081512,ENSG00000135617
ENSG00000102189,3919.0,14.050103,2.9914775,1,3917.594989657402,ENSG00000102189
ENSG00000099814,3920.0,14.0462675,4.3468227,1,3918.595373272896,ENSG00000099814
ENSG00000118785,3921.0,14.043179,17.074865,1,3919.595682144165,SPP1
ENSG00000048392,3922.0,14.037499,3.0377207,1,3920.596250057221,ENSG00000048392
ENSG00000162377,3923.0,14.034347,4.6860228,1,3921.5965653657913,ENSG00000162377
ENSG00000165119,3924.0,14.034319,31.810846,1,3922.596568107605,ENSG00000165119
ENSG00000160633,3925.0,14.032893,6.174016,1,3923.5967106819153,ENSG00000160633
ENSG00000167772,3926.0,14.032517,4.57589,1,3924.5967482328415,ANGPTL4
ENSG00000131477,3927.0,14.023942,2.0229573,1,3925.597605824471,RAMP2
ENSG00000104946,3928.0,14.022081,2.7490382,1,3926.597791910172,ENSG00000104946
ENSG00000157693,3929.0,14.016761,4.328137,1,3927.598323941231,ENSG00000157693
ENSG00000165678,3930.0,14.0118065,9.171583,1,3928.598819375038,ENSG00000165678
ENSG00000090932,3931.0,14.008484,10.042531,1,3929.599151611328,ENSG00000090932
ENSG00000099783,3932.0,14.007553,14.308925,1,3930.5992447137833,ENSG00000099783
ENSG00000104671,3933.0,14.006074,4.524029,1,3931.599392652512,ENSG00000104671
ENSG00000127184,3934.0,14.005519,28.063095,1,3932.5994480848312,ENSG00000127184
ENSG00000160216,3935.0,14.001304,2.387194,1,3933.599869608879,ENSG00000160216
ENSG00000173145,3936.0,13.999826,3.9422834,1,3934.600017309189,ENSG00000173145
ENSG00000108773,3937.0,13.99634,3.2034035,1,3935.600365996361,ENSG00000108773
ENSG00000178538,3938.0,13.988492,8.409095,1,3936.601150751114,ENSG00000178538
ENSG00000172869,3939.0,13.98607,3.8853667,1,3937.6013929843903,ENSG00000172869
ENSG00000125686,3940.0,13.984286,2.6794508,1,3938.601571321488,ENSG00000125686
ENSG00000100461,3941.0,13.983291,4.419918,1,3939.6016709804535,ENSG00000100461
ENSG00000103942,3942.0,13.978318,4.4718847,1,3940.6021682024,ENSG00000103942
ENSG00000101901,3943.0,13.97293,3.0238993,1,3941.602707028389,ENSG00000101901
ENSG00000196878,3944.0,13.9718075,5.506861,1,3942.6028192043295,ENSG00000196878
ENSG00000165996,3945.0,13.968071,8.451159,1,3943.603192925453,ENSG00000165996
ENSG00000144228,3946.0,13.967437,2.150116,1,3944.603256344795,ENSG00000144228
ENSG00000105738,3947.0,13.965675,1.0955178,1,3945.603432416916,ENSG00000105738
ENSG00000154743,3948.0,13.963457,5.4610558,1,3946.603654265404,ENSG00000154743
ENSG00000118197,3949.0,13.962526,4.7688565,1,3947.603747367859,ENSG00000118197
ENSG00000118096,3950.0,13.95973,4.9934483,1,3948.604027032852,ENSG00000118096
ENSG00000166965,3951.0,13.956087,4.441054,1,3949.604391336441,ENSG00000166965
ENSG00000054690,3952.0,13.955255,5.438719,1,3950.604474544525,ENSG00000054690
ENSG00000103037,3953.0,13.947992,2.6770132,1,3951.605200767517,ENSG00000103037
ENSG00000157388,3954.0,13.947728,3.560021,1,3952.6052272319794,ENSG00000157388
ENSG00000113569,3955.0,13.947104,3.3402553,1,3953.605289578438,ENSG00000113569
ENSG00000118965,3956.0,13.946738,4.7712116,1,3954.6053261756897,ENSG00000118965
ENSG00000149761,3957.0,13.946611,1.779765,1,3955.6053388118735,ENSG00000149761
ENSG00000166902,3958.0,13.943136,3.9918277,1,3956.6056864261623,ENSG00000166902
ENSG00000100614,3959.0,13.940263,1.8706402,1,3957.605973720551,ENSG00000100614
ENSG00000145824,3960.0,13.93568,5.689335,1,3958.60643196106,CXCL14
ENSG00000185104,3961.0,13.9353485,2.0313656,1,3959.606465101242,ENSG00000185104
ENSG00000173068,3962.0,13.934747,7.884873,1,3960.606525301933,ENSG00000173068
ENSG00000130227,3963.0,13.933661,2.2049556,1,3961.606633901596,ENSG00000130227
ENSG00000162378,3964.0,13.931766,2.0828822,1,3962.6068234443674,ENSG00000162378
ENSG00000166477,3965.0,13.931466,3.2662423,1,3963.606853365898,ENSG00000166477
ENSG00000115368,3966.0,13.930026,4.536055,1,3964.60699737072,ENSG00000115368
ENSG00000187240,3967.0,13.928605,4.7863455,1,3965.607139468193,ENSG00000187240
ENSG00000197461,3968.0,13.92605,3.350144,1,3966.607394933701,ENSG00000197461
ENSG00000139910,3969.0,13.925743,5.0246143,1,3967.607425689697,ENSG00000139910
ENSG00000100528,3970.0,13.922525,9.299292,1,3968.6077474355698,ENSG00000100528
ENSG00000143412,3971.0,13.92136,5.68186,1,3969.607864022255,ENSG00000143412
ENSG00000166275,3972.0,13.919922,2.5077856,1,3970.608007788658,ENSG00000166275
ENSG00000125817,3973.0,13.907342,2.2880008,1,3971.6092658042903,ENSG00000125817
ENSG00000085872,3974.0,13.905558,2.8305297,1,3972.609444260597,ENSG00000085872
ENSG00000204899,3975.0,13.905409,4.518213,1,3973.6094591617584,ENSG00000204899
ENSG00000171055,3976.0,13.901577,1.9398186,1,3974.609842300415,ENSG00000171055
ENSG00000111674,3977.0,13.901105,7.931394,1,3975.6098895072937,ENSG00000111674
ENSG00000025772,3978.0,13.898053,4.1930614,1,3976.610194683075,ENSG00000025772
ENSG00000082068,3979.0,13.895404,3.3847802,1,3977.610459566116,ENSG00000082068
ENSG00000105793,3980.0,13.890437,2.546485,1,3978.610956311226,ENSG00000105793
ENSG00000155463,3981.0,13.889645,6.903105,1,3979.611035585403,ENSG00000155463
ENSG00000152749,3982.0,13.88883,3.1412163,1,3980.611117005348,ENSG00000152749
ENSG00000118246,3983.0,13.886181,5.0214725,1,3981.6113818883896,ENSG00000118246
ENSG00000138794,3984.0,13.885746,3.360717,1,3982.61142539978,ENSG00000138794
ENSG00000155324,3985.0,13.885366,4.9448037,1,3983.6114633083344,ENSG00000155324
ENSG00000120942,3986.0,13.885274,2.740261,1,3984.611472606659,ENSG00000120942
ENSG00000147383,3987.0,13.88404,4.7924433,1,3985.6115959882736,ENSG00000147383
ENSG00000162413,3988.0,13.88045,4.1050124,1,3986.611954927445,ENSG00000162413
ENSG00000132692,3989.0,13.879041,34.846004,1,3987.612095952034,ENSG00000132692
ENSG00000078403,3990.0,13.877407,3.3745155,1,3988.6122592687607,ENSG00000078403
ENSG00000144231,3991.0,13.876577,4.686242,1,3989.612342238426,ENSG00000144231
ENSG00000126858,3992.0,13.876158,2.6989634,1,3990.612384200096,ENSG00000126858
ENSG00000151743,3993.0,13.868363,4.4731364,1,3991.613163709641,ENSG00000151743
ENSG00000131732,3994.0,13.868187,4.5667624,1,3992.613181352616,ENSG00000131732
ENSG00000081791,3995.0,13.865709,2.6605656,1,3993.613429069519,ENSG00000081791
ENSG00000196136,3996.0,13.861167,8.271053,1,3994.613883256912,ENSG00000196136
ENSG00000013375,3997.0,13.852352,3.8975794,1,3995.614764809609,ENSG00000013375
ENSG00000230798,3998.0,13.851113,12.797548,1,3996.61488866806,ENSG00000230798
ENSG00000239900,3999.0,13.847504,14.273969,1,3997.615249633789,ENSG00000239900
ENSG00000130208,4000.0,13.84602,1.370668,1,3998.6153980493546,APOC1
ENSG00000163945,4001.0,13.845007,1.4219779,1,3999.6154992580414,ENSG00000163945
ENSG00000144566,4002.0,13.843541,4.654017,1,4000.615645885468,ENSG00000144566
ENSG00000157600,4003.0,13.842233,2.610786,1,4001.615776777268,ENSG00000157600
ENSG00000142453,4004.0,13.841488,2.665146,1,4002.615851163864,ENSG00000142453
ENSG00000157483,4005.0,13.839679,6.616058,1,4003.6160321235657,ENSG00000157483
ENSG00000092036,4006.0,13.8391285,4.345706,1,4004.6160871982574,ENSG00000092036
ENSG00000176871,4007.0,13.837464,3.4799008,1,4005.6162536144257,ENSG00000176871
ENSG00000065371,4008.0,13.834593,12.46406,1,4006.616540670395,ENSG00000065371
ENSG00000164219,4009.0,13.831646,3.0264966,1,4007.616835355759,ENSG00000164219
ENSG00000197386,4010.0,13.831345,0.7732299,1,4008.616865515709,ENSG00000197386
ENSG00000082213,4011.0,13.829349,6.5027018,1,4009.617065191269,ENSG00000082213
ENSG00000140983,4012.0,13.82665,4.1788473,1,4010.617335081101,ENSG00000140983
ENSG00000163975,4013.0,13.825061,6.6611776,1,4011.617493867874,ENSG00000163975
ENSG00000090674,4014.0,13.817039,3.255312,1,4012.618296146393,ENSG00000090674
ENSG00000077152,4015.0,13.816362,5.270254,1,4013.61836373806,ENSG00000077152
ENSG00000100359,4016.0,13.812676,4.6766615,1,4014.6187323331833,ENSG00000100359
ENSG00000087448,4017.0,13.811994,2.3680794,1,4015.618800640106,ENSG00000087448
ENSG00000140319,4018.0,13.810755,32.619667,1,4016.618924498558,ENSG00000140319
ENSG00000117682,4019.0,13.810033,3.870581,1,4017.618996739388,ENSG00000117682
ENSG00000155792,4020.0,13.8082485,5.634983,1,4018.619175195694,ENSG00000155792
ENSG00000229891,4021.0,13.807287,7.4017363,1,4019.619271278381,ENSG00000229891
ENSG00000186132,4022.0,13.806482,3.7351055,1,4020.619351744652,ENSG00000186132
ENSG00000145907,4023.0,13.80503,6.918386,1,4021.619497060776,ENSG00000145907
ENSG00000077312,4024.0,13.80264,3.7612085,1,4022.619735956192,ENSG00000077312
ENSG00000011454,4025.0,13.800461,2.6629672,1,4023.619953870773,ENSG00000011454
ENSG00000052749,4026.0,13.800352,4.541596,1,4024.619964838028,ENSG00000052749
ENSG00000176422,4027.0,13.792707,2.4520862,1,4025.620729207993,ENSG00000176422
ENSG00000135677,4028.0,13.790904,4.636471,1,4026.620909571648,ENSG00000135677
ENSG00000121691,4029.0,13.78685,3.7532785,1,4027.6213150024414,ENSG00000121691
ENSG00000167685,4030.0,13.784831,2.8438709,1,4028.621516942978,ENSG00000167685
ENSG00000169562,4031.0,13.784097,13.332889,1,4029.6215903759,ENSG00000169562
ENSG00000134824,4032.0,13.780159,5.401532,1,4030.621984124184,ENSG00000134824
ENSG00000164609,4033.0,13.777805,5.1978607,1,4031.622219443321,ENSG00000164609
ENSG00000165476,4034.0,13.775333,2.0158834,1,4032.622466683388,ENSG00000165476
ENSG00000153006,4035.0,13.769636,1.7259438,1,4033.623036384583,ENSG00000153006
ENSG00000153214,4036.0,13.769072,1.4113414,1,4034.6230928897858,ENSG00000153214
ENSG00000138073,4037.0,13.767645,4.071057,1,4035.623235464096,ENSG00000138073
ENSG00000134744,4038.0,13.764356,3.1415284,1,4036.6235644817352,ENSG00000134744
ENSG00000228474,4039.0,13.759424,13.575274,1,4037.624057531357,ENSG00000228474
ENSG00000109016,4040.0,13.759407,4.2808127,1,4038.624059319496,ENSG00000109016
ENSG00000101751,4041.0,13.759298,4.4154882,1,4039.6240701675415,ENSG00000101751
ENSG00000159579,4042.0,13.758593,3.4823418,1,4040.624140739441,ENSG00000159579
ENSG00000166166,4043.0,13.758474,3.3757253,1,4041.6241525411606,ENSG00000166166
ENSG00000122299,4044.0,13.755098,3.862545,1,4042.6244901418686,ENSG00000122299
ENSG00000174276,4045.0,13.75246,4.0812383,1,4043.624754071236,ENSG00000174276
ENSG00000165934,4046.0,13.74781,2.136838,1,4044.625218987465,ENSG00000165934
ENSG00000185567,4047.0,13.746387,3.6298032,1,4045.6253613233566,ENSG00000185567
ENSG00000118898,4048.0,13.746194,4.0441246,1,4046.6253806352615,ENSG00000118898
ENSG00000108592,4049.0,13.740404,5.278722,1,4047.625959634781,ENSG00000108592
ENSG00000185324,4050.0,13.739322,2.0105853,1,4048.626067876816,ENSG00000185324
ENSG00000143365,4051.0,13.736121,0.8690132,1,4049.626387834549,ENSG00000143365
ENSG00000110075,4052.0,13.735822,4.3408337,1,4050.62641787529,ENSG00000110075
ENSG00000139132,4053.0,13.7331295,3.928839,1,4051.6266870498657,ENSG00000139132
ENSG00000196950,4054.0,13.732447,2.9991095,1,4052.6267553567886,ENSG00000196950
ENSG00000111961,4055.0,13.72379,4.550661,1,4053.62762093544,ENSG00000111961
ENSG00000169446,4056.0,13.721875,2.8348002,1,4054.627812504768,ENSG00000169446
ENSG00000169016,4057.0,13.716918,5.270966,1,4055.6283081769934,ENSG00000169016
ENSG00000100335,4058.0,13.707586,3.7368855,1,4056.629241347313,ENSG00000100335
ENSG00000166747,4059.0,13.70531,2.1374521,1,4057.629469037056,ENSG00000166747
ENSG00000135930,4060.0,13.704279,4.361627,1,4058.629572153091,ENSG00000135930
ENSG00000081913,4061.0,13.703591,4.54048,1,4059.629640817642,ENSG00000081913
ENSG00000223496,4062.0,13.703271,2.63918,1,4060.629672884941,ENSG00000223496
ENSG00000089916,4063.0,13.691675,2.6932821,1,4061.630832433701,ENSG00000089916
ENSG00000107890,4064.0,13.691556,2.1166105,1,4062.6308443546295,ENSG00000107890
ENSG00000111011,4065.0,13.688086,4.7352195,1,4063.6311914920807,ENSG00000111011
ENSG00000223891,4066.0,13.686713,4.82941,1,4064.631328701973,ENSG00000223891
ENSG00000149573,4067.0,13.683651,4.3632083,1,4065.631634950638,ENSG00000149573
ENSG00000150540,4068.0,13.67659,5.039491,1,4066.63234102726,ENSG00000150540
ENSG00000072518,4069.0,13.674533,1.4878205,1,4067.632546663284,ENSG00000072518
ENSG00000001461,4070.0,13.67349,2.1688497,1,4068.632651090622,ENSG00000001461
ENSG00000119684,4071.0,13.672405,2.480023,1,4069.632759451866,ENSG00000119684
ENSG00000156453,4072.0,13.671883,4.4049473,1,4070.632811784744,ENSG00000156453
ENSG00000092529,4073.0,13.671503,30.049778,1,4071.6328496932974,ENSG00000092529
ENSG00000184402,4074.0,13.667707,4.04337,1,4072.633229255676,ENSG00000184402
ENSG00000104859,4075.0,13.6674595,2.9444087,1,4073.633254051209,ENSG00000104859
ENSG00000151465,4076.0,13.666977,6.157845,1,4074.6333023309703,ENSG00000151465
ENSG00000169976,4077.0,13.666862,4.2634873,1,4075.633313894272,ENSG00000169976
ENSG00000272391,4078.0,13.666323,3.198085,1,4076.633367776871,ENSG00000272391
ENSG00000089195,4079.0,13.666026,3.9237883,1,4077.633397340775,ENSG00000089195
ENSG00000103502,4080.0,13.664877,2.4232283,1,4078.6335122585297,ENSG00000103502
ENSG00000112992,4081.0,13.664437,5.705351,1,4079.6335562467575,ENSG00000112992
ENSG00000112312,4082.0,13.663514,6.296006,1,4080.633648633957,ENSG00000112312
ENSG00000151116,4083.0,13.65568,2.58077,1,4081.634432077408,ENSG00000151116
ENSG00000037757,4084.0,13.654981,1.0050331,1,4082.634501934052,ENSG00000037757
ENSG00000164758,4085.0,13.652727,2.3154197,1,4083.6347272396088,ENSG00000164758
ENSG00000177045,4086.0,13.647367,4.973224,1,4084.635263323784,ENSG00000177045
ENSG00000121578,4087.0,13.645142,4.6130085,1,4085.635485887528,ENSG00000121578
ENSG00000146007,4088.0,13.634296,2.9542856,1,4086.6365703344345,ENSG00000146007
ENSG00000169682,4089.0,13.617966,4.551784,1,4087.638203382492,ENSG00000169682
ENSG00000171566,4090.0,13.61302,5.542096,1,4088.6386979818335,ENSG00000171566
ENSG00000186815,4091.0,13.611231,2.9035285,1,4089.638876914978,ENSG00000186815
ENSG00000172009,4092.0,13.610083,4.696373,1,4090.638991713524,ENSG00000172009
ENSG00000156482,4093.0,13.607248,134.97514,1,4091.6392751932144,ENSG00000156482
ENSG00000165458,4094.0,13.595177,2.4647424,1,4092.64048230648,ENSG00000165458
ENSG00000143862,4095.0,13.590632,2.4617646,1,4093.640936732292,ENSG00000143862
ENSG00000174233,4096.0,13.587799,4.5762463,1,4094.641220092773,ENSG00000174233
ENSG00000198695,4097.0,13.586903,20.38916,1,4095.641309738159,MT-ND6
ENSG00000124535,4098.0,13.582114,2.9612744,1,4096.641788601875,ENSG00000124535
ENSG00000149658,4099.0,13.577764,3.0582469,1,4097.642223596573,ENSG00000149658
ENSG00000141873,4100.0,13.5775175,2.8175719,1,4098.642248272896,ENSG00000141873
ENSG00000111364,4101.0,13.575847,5.1180105,1,4099.642415285111,ENSG00000111364
ENSG00000116885,4102.0,13.572929,8.0310335,1,4100.642707109451,ENSG00000116885
ENSG00000079974,4103.0,13.57274,2.9666288,1,4101.642726063728,ENSG00000079974
ENSG00000241973,4104.0,13.572439,4.6582336,1,4102.642756104469,ENSG00000241973
ENSG00000101871,4105.0,13.572103,9.861087,1,4103.642789721489,ENSG00000101871
ENSG00000196683,4106.0,13.5694065,25.58284,1,4104.643059372902,ENSG00000196683
ENSG00000160959,4107.0,13.568627,4.0060673,1,4105.643137216568,ENSG00000160959
ENSG00000100225,4108.0,13.565961,18.958748,1,4106.643403887749,ENSG00000100225
ENSG00000008294,4109.0,13.564242,3.0687249,1,4107.643575787544,ENSG00000008294
ENSG00000117036,4110.0,13.560018,3.2249877,1,4108.643998265266,ENSG00000117036
ENSG00000152464,4111.0,13.552697,2.7742133,1,4109.644730329514,ENSG00000152464
ENSG00000033867,4112.0,13.549483,1.8870499,1,4110.645051717758,ENSG00000033867
ENSG00000011566,4113.0,13.547818,3.7244322,1,4111.645218133926,ENSG00000011566
ENSG00000203705,4114.0,13.545983,4.4777,1,4112.645401716232,ENSG00000203705
ENSG00000144036,4115.0,13.536444,4.9655957,1,4113.646355628967,ENSG00000144036
ENSG00000168679,4116.0,13.535372,6.4787135,1,4114.646462798119,ENSG00000168679
ENSG00000148719,4117.0,13.534497,1.6697274,1,4115.646550297737,ENSG00000148719
ENSG00000135698,4118.0,13.532044,3.4972284,1,4116.646795511246,ENSG00000135698
ENSG00000149929,4119.0,13.525886,2.3379822,1,4117.647411465645,ENSG00000149929
ENSG00000133028,4120.0,13.522933,4.259465,1,4118.647706747055,ENSG00000133028
ENSG00000146802,4121.0,13.521932,3.031323,1,4119.647806882858,ENSG00000146802
ENSG00000179388,4122.0,13.520059,4.4203973,1,4120.647994160652,ENSG00000179388
ENSG00000168952,4123.0,13.518759,7.542116,1,4121.648124098778,ENSG00000168952
ENSG00000143369,4124.0,13.518123,7.2479715,1,4122.648187756538,ENSG00000143369
ENSG00000179387,4125.0,13.516246,2.8789358,1,4123.64837539196,ENSG00000179387
ENSG00000172197,4126.0,13.510931,2.4040337,1,4124.648906946182,ENSG00000172197
ENSG00000071967,4127.0,13.509422,4.03769,1,4125.6490577459335,ENSG00000071967
ENSG00000116237,4128.0,13.506043,4.5446625,1,4126.649395704269,ENSG00000116237
ENSG00000071859,4129.0,13.504029,4.127434,1,4127.64959704876,ENSG00000071859
ENSG00000185340,4130.0,13.501638,2.510808,1,4128.649836182594,ENSG00000185340
ENSG00000160446,4131.0,13.501052,1.5026755,1,4129.649894833565,ENSG00000160446
ENSG00000072041,4132.0,13.498777,13.131412,1,4130.650122284889,ENSG00000072041
ENSG00000127481,4133.0,13.498541,2.89256,1,4131.650145888329,ENSG00000127481
ENSG00000182872,4134.0,13.49386,3.9408786,1,4132.650614023209,ENSG00000182872
ENSG00000162972,4135.0,13.491811,3.577371,1,4133.650818943977,ENSG00000162972
ENSG00000084710,4136.0,13.481591,7.512325,1,4134.651840925217,ENSG00000084710
ENSG00000163832,4137.0,13.479294,3.8818312,1,4135.652070641518,ENSG00000163832
ENSG00000244274,4138.0,13.474681,2.357351,1,4136.652531862259,ENSG00000244274
ENSG00000136710,4139.0,13.470775,2.525754,1,4137.652922511101,ENSG00000136710
ENSG00000120159,4140.0,13.469971,2.758001,1,4138.653002977371,ENSG00000120159
ENSG00000090971,4141.0,13.466151,5.5666685,1,4139.653384923935,ENSG00000090971
ENSG00000005469,4142.0,13.455576,3.0304742,1,4140.654442429543,ENSG00000005469
ENSG00000168802,4143.0,13.4551735,3.778654,1,4141.654482603073,ENSG00000168802
ENSG00000094880,4144.0,13.454512,4.4755497,1,4142.654548883438,ENSG00000094880
ENSG00000104427,4145.0,13.452931,4.4264927,1,4143.654706835747,ENSG00000104427
ENSG00000107779,4146.0,13.448478,3.7695353,1,4144.6551522016525,ENSG00000107779
ENSG00000173482,4147.0,13.4484005,6.242896,1,4145.655159950256,ENSG00000173482
ENSG00000125124,4148.0,13.446574,4.9907527,1,4146.655342578888,ENSG00000125124
ENSG00000234616,4149.0,13.443705,3.239755,1,4147.655629515648,ENSG00000234616
ENSG00000161996,4150.0,13.442768,4.7670884,1,4148.6557232141495,ENSG00000161996
ENSG00000141456,4151.0,13.43831,3.085149,1,4149.656169056892,ENSG00000141456
ENSG00000038382,4152.0,13.431828,3.524216,1,4150.6568171978,ENSG00000038382
ENSG00000011243,4153.0,13.431563,2.6315596,1,4151.656843662262,ENSG00000011243
ENSG00000128228,4154.0,13.43147,3.7218187,1,4152.656852960587,ENSG00000128228
ENSG00000182107,4155.0,13.430237,2.5995274,1,4153.656976342201,ENSG00000182107
ENSG00000159674,4156.0,13.429505,3.1459167,1,4154.657049417496,ENSG00000159674
ENSG00000162066,4157.0,13.428535,4.5664263,1,4155.657146453857,ENSG00000162066
ENSG00000159055,4158.0,13.425906,4.403097,1,4156.65740942955,ENSG00000159055
ENSG00000130311,4159.0,13.422858,1.791178,1,4157.657714128494,ENSG00000130311
ENSG00000114857,4160.0,13.416278,2.8596714,1,4158.658372163773,ENSG00000114857
ENSG00000136485,4161.0,13.415972,4.2085943,1,4159.65840280056,ENSG00000136485
ENSG00000171853,4162.0,13.415136,2.3793526,1,4160.658486366272,ENSG00000171853
ENSG00000167523,4163.0,13.414118,2.2739992,1,4161.658588171005,ENSG00000167523
ENSG00000164114,4164.0,13.4140005,3.0520537,1,4162.658599972725,ENSG00000164114
ENSG00000164024,4165.0,13.411494,3.4750137,1,4163.658850550652,ENSG00000164024
ENSG00000124523,4166.0,13.4105,2.4154904,1,4164.658950090408,ENSG00000124523
ENSG00000127603,4167.0,13.407339,0.5854962,1,4165.659266114235,ENSG00000127603
ENSG00000215114,4168.0,13.406283,2.549431,1,4166.659371614456,ENSG00000215114
ENSG00000117868,4169.0,13.401028,1.7952957,1,4167.659897208214,ENSG00000117868
ENSG00000010270,4170.0,13.398633,6.472432,1,4168.6601366996765,ENSG00000010270
ENSG00000123933,4171.0,13.391657,2.0608401,1,4169.660834312439,ENSG00000123933
ENSG00000153015,4172.0,13.390685,2.8628714,1,4170.66093146801,ENSG00000153015
ENSG00000131773,4173.0,13.387664,7.825858,1,4171.661233663559,ENSG00000131773
ENSG00000117155,4174.0,13.387494,4.450115,1,4172.661250591278,ENSG00000117155
ENSG00000180354,4175.0,13.387135,4.4938626,1,4173.661286592484,ENSG00000180354
ENSG00000103067,4176.0,13.382105,4.7630916,1,4174.661789536476,ENSG00000103067
ENSG00000146842,4177.0,13.380836,2.7872865,1,4175.6619164943695,ENSG00000146842
ENSG00000169228,4178.0,13.380529,4.0236406,1,4176.661947011948,ENSG00000169228
ENSG00000185917,4179.0,13.377839,4.4799466,1,4177.662216067314,ENSG00000185917
ENSG00000198258,4180.0,13.374558,10.111503,1,4178.662544131279,ENSG00000198258
ENSG00000163521,4181.0,13.373499,7.0141783,1,4179.662650108337,ENSG00000163521
ENSG00000120860,4182.0,13.371563,3.3968651,1,4180.662843704224,ENSG00000120860
ENSG00000131374,4183.0,13.3689,3.1896067,1,4181.6631100177765,ENSG00000131374
ENSG00000083750,4184.0,13.367225,4.287329,1,4182.663277506828,ENSG00000083750
ENSG00000147852,4185.0,13.365959,6.689623,1,4183.663404107094,ENSG00000147852
ENSG00000198929,4186.0,13.365954,6.6623774,1,4184.663404583931,ENSG00000198929
ENSG00000101343,4187.0,13.364788,3.4269195,1,4185.663521170616,ENSG00000101343
ENSG00000121957,4188.0,13.364691,3.7587657,1,4186.663530945778,ENSG00000121957
ENSG00000169299,4189.0,13.364264,4.721877,1,4187.663573622704,ENSG00000169299
ENSG00000165525,4190.0,13.355796,5.2054787,1,4188.664420366287,ENSG00000165525
ENSG00000175634,4191.0,13.354426,2.623595,1,4189.664557337761,ENSG00000175634
ENSG00000141002,4192.0,13.3500395,8.015495,1,4190.6649960279465,ENSG00000141002
ENSG00000146247,4193.0,13.349688,2.3243608,1,4191.665031194687,ENSG00000146247
ENSG00000112110,4194.0,13.347788,3.8613064,1,4192.665221214294,ENSG00000112110
ENSG00000187778,4195.0,13.345456,4.4771914,1,4193.665454387665,ENSG00000187778
ENSG00000149600,4196.0,13.335901,4.273029,1,4194.6664098501205,ENSG00000149600
ENSG00000179152,4197.0,13.33463,4.7004523,1,4195.6665370464325,ENSG00000179152
ENSG00000196214,4198.0,13.328241,2.754173,1,4196.667175889015,ENSG00000196214
ENSG00000162738,4199.0,13.324221,7.075128,1,4197.667577981949,ENSG00000162738
ENSG00000125484,4200.0,13.323215,2.8786027,1,4198.667678594589,ENSG00000125484
ENSG00000164253,4201.0,13.323053,5.2858057,1,4199.667694687843,ENSG00000164253
ENSG00000173875,4202.0,13.319161,2.135751,1,4200.668083906174,ENSG00000173875
ENSG00000148429,4203.0,13.315896,3.4529452,1,4201.668410420418,ENSG00000148429
ENSG00000186566,4204.0,13.315655,1.6139174,1,4202.668434500694,ENSG00000186566
ENSG00000204576,4205.0,13.314368,4.1621313,1,4203.668563127518,ENSG00000204576
ENSG00000155100,4206.0,13.312292,3.1621237,1,4204.6687707901,ENSG00000155100
ENSG00000272168,4207.0,13.311191,6.3229313,1,4205.668880939484,ENSG00000272168
ENSG00000100902,4208.0,13.306353,12.891328,1,4206.669364690781,ENSG00000100902
ENSG00000242259,4209.0,13.299784,4.929454,1,4207.670021653175,ENSG00000242259
ENSG00000074603,4210.0,13.298449,3.454887,1,4208.67015516758,ENSG00000074603
ENSG00000185278,4211.0,13.296714,3.4516375,1,4209.670328617096,ENSG00000185278
ENSG00000197063,4212.0,13.296491,3.4051602,1,4210.670350909233,ENSG00000197063
ENSG00000144043,4213.0,13.295526,2.2830005,1,4211.670447468758,ENSG00000144043
ENSG00000160208,4214.0,13.293255,2.9058115,1,4212.670674562454,ENSG00000160208
ENSG00000106392,4215.0,13.291686,3.758043,1,4213.670831441879,ENSG00000106392
ENSG00000102572,4216.0,13.289574,3.9021516,1,4214.67104268074,ENSG00000102572
ENSG00000152348,4217.0,13.284821,4.0502048,1,4215.671517968178,ENSG00000152348
ENSG00000103356,4218.0,13.282506,4.9871283,1,4216.671749353409,ENSG00000103356
ENSG00000142252,4219.0,13.278495,4.142885,1,4217.672150492668,ENSG00000142252
ENSG00000149923,4220.0,13.276905,3.463199,1,4218.67230951786,ENSG00000149923
ENSG00000136986,4221.0,13.271346,3.68237,1,4219.672865390778,ENSG00000136986
ENSG00000126226,4222.0,13.269388,3.7737036,1,4220.673061132431,ENSG00000126226
ENSG00000173545,4223.0,13.268131,3.828975,1,4221.673186898232,ENSG00000173545
ENSG00000101367,4224.0,13.265815,5.6913233,1,4222.673418521881,ENSG00000101367
ENSG00000111358,4225.0,13.265694,2.7108269,1,4223.673430681229,ENSG00000111358
ENSG00000126705,4226.0,13.264701,2.6692472,1,4224.6735298633575,ENSG00000126705
ENSG00000179151,4227.0,13.264183,4.5389495,1,4225.673581719399,ENSG00000179151
ENSG00000118482,4228.0,13.263847,0.8045038,1,4226.673615217209,ENSG00000118482
ENSG00000111581,4229.0,13.262701,6.4114604,1,4227.673729896545,ENSG00000111581
ENSG00000162600,4230.0,13.260974,2.9048593,1,4228.673902630806,ENSG00000162600
ENSG00000114030,4231.0,13.260164,3.7584944,1,4229.673983573914,ENSG00000114030
ENSG00000143437,4232.0,13.257367,2.9613547,1,4230.674263238907,ENSG00000143437
ENSG00000215012,4233.0,13.25534,4.652879,1,4231.674466013908,ENSG00000215012
ENSG00000132549,4234.0,13.252752,1.4407907,1,4232.674724817276,ENSG00000132549
ENSG00000154719,4235.0,13.249309,4.753142,1,4233.675069093704,ENSG00000154719
ENSG00000186687,4236.0,13.247975,1.3951662,1,4234.675202488899,ENSG00000186687
ENSG00000147099,4237.0,13.244629,3.4370422,1,4235.675537109375,ENSG00000147099
ENSG00000197150,4238.0,13.2439375,3.5058632,1,4236.675606250763,ENSG00000197150
ENSG00000126453,4239.0,13.240066,2.846554,1,4237.675993442535,ENSG00000126453
ENSG00000154001,4240.0,13.238084,1.5344342,1,4238.676191568375,ENSG00000154001
ENSG00000090372,4241.0,13.236007,3.0331507,1,4239.676399350166,ENSG00000090372
ENSG00000136731,4242.0,13.234988,0.75690645,1,4240.6765011549,ENSG00000136731
ENSG00000075420,4243.0,13.230696,2.1073637,1,4241.676930427551,ENSG00000075420
ENSG00000166575,4244.0,13.225221,3.2408812,1,4242.677477955818,ENSG00000166575
ENSG00000241878,4245.0,13.223647,2.8432486,1,4243.67763531208,ENSG00000241878
ENSG00000105429,4246.0,13.223459,4.6414795,1,4244.677654027939,ENSG00000105429
ENSG00000214193,4247.0,13.213801,5.8731017,1,4245.678619861603,ENSG00000214193
ENSG00000156873,4248.0,13.211407,1.9566236,1,4246.6788593530655,ENSG00000156873
ENSG00000115107,4249.0,13.210076,3.3363297,1,4247.678992390633,ENSG00000115107
ENSG00000134247,4250.0,13.203178,5.733299,1,4248.679682135582,ENSG00000134247
ENSG00000087053,4251.0,13.20159,4.1232915,1,4249.679841041565,ENSG00000087053
ENSG00000068001,4252.0,13.201144,3.0321555,1,4250.679885625839,ENSG00000068001
ENSG00000162496,4253.0,13.195027,1.8311538,1,4251.680497288704,ENSG00000162496
ENSG00000196739,4254.0,13.191524,4.2084293,1,4252.680847644806,ENSG00000196739
ENSG00000162909,4255.0,13.186383,5.0357084,1,4253.681361675262,ENSG00000162909
ENSG00000196290,4256.0,13.180197,5.2539153,1,4254.681980371475,ENSG00000196290
ENSG00000182985,4257.0,13.179734,4.0319667,1,4255.68202662468,ENSG00000182985
ENSG00000178567,4258.0,13.176859,1.239984,1,4256.682314157486,ENSG00000178567
ENSG00000108262,4259.0,13.167764,1.9476691,1,4257.683223605156,ENSG00000108262
ENSG00000219626,4260.0,13.166954,3.3747206,1,4258.683304548264,ENSG00000219626
ENSG00000163798,4261.0,13.162693,2.6501744,1,4259.683730721474,ENSG00000163798
ENSG00000121413,4262.0,13.158371,1.7033294,1,4260.684162855148,ENSG00000121413
ENSG00000066697,4263.0,13.157529,5.2112074,1,4261.684247136116,ENSG00000066697
ENSG00000076201,4264.0,13.157028,3.1598854,1,4262.684297204018,ENSG00000076201
ENSG00000196693,4265.0,13.155257,1.1010567,1,4263.684474229813,ENSG00000196693
ENSG00000140859,4266.0,13.153764,4.2166,1,4264.684623599052,ENSG00000140859
ENSG00000166770,4267.0,13.153624,5.589733,1,4265.684637665749,ENSG00000166770
ENSG00000171861,4268.0,13.152249,3.254785,1,4266.684775114059,ENSG00000171861
ENSG00000185298,4269.0,13.150082,3.0168316,1,4267.684991836548,ENSG00000185298
ENSG00000178105,4270.0,13.146826,3.522913,1,4268.685317397118,ENSG00000178105
ENSG00000149792,4271.0,13.14616,3.871562,1,4269.685384035111,ENSG00000149792
ENSG00000107404,4272.0,13.133478,3.8161144,1,4270.686652183533,ENSG00000107404
ENSG00000184110,4273.0,13.128056,24.905046,1,4271.687194466591,ENSG00000184110
ENSG00000162694,4274.0,13.125017,5.6686096,1,4272.68749833107,ENSG00000162694
ENSG00000133114,4275.0,13.124755,3.389268,1,4273.687524557114,ENSG00000133114
ENSG00000063854,4276.0,13.124078,3.022861,1,4274.68759226799,ENSG00000063854
ENSG00000269293,4277.0,13.121272,2.0521648,1,4275.687872767448,ENSG00000269293
ENSG00000089022,4278.0,13.119949,2.34823,1,4276.68800508976,ENSG00000089022
ENSG00000065978,4279.0,13.118264,8.661437,1,4277.688173532486,YBX1
ENSG00000250317,4280.0,13.107857,3.2166836,1,4278.689214348793,ENSG00000250317
ENSG00000113140,4281.0,13.099585,28.464548,1,4279.690041542053,SPARC
ENSG00000205726,4282.0,13.098595,4.344185,1,4280.690140485764,ENSG00000205726
ENSG00000009954,4283.0,13.094211,1.9383332,1,4281.6905789375305,ENSG00000009954
ENSG00000290292,4284.0,13.093591,2.6991236,1,4282.690640926361,ENSG00000290292
ENSG00000163516,4285.0,13.089801,2.465655,1,4283.691019892693,ENSG00000163516
ENSG00000125630,4286.0,13.089162,7.3969574,1,4284.691083788872,ENSG00000125630
ENSG00000158615,4287.0,13.085661,2.0385995,1,4285.691433906555,ENSG00000158615
ENSG00000165219,4288.0,13.0800495,2.1282537,1,4286.691995024681,ENSG00000165219
ENSG00000138593,4289.0,13.079208,4.7460117,1,4287.69207918644,ENSG00000138593
ENSG00000129317,4290.0,13.0783205,3.0562053,1,4288.69216799736,ENSG00000129317
ENSG00000104324,4291.0,13.077046,9.137388,1,4289.6922953128815,ENSG00000104324
ENSG00000167306,4292.0,13.076001,2.822449,1,4290.692399859428,ENSG00000167306
ENSG00000012983,4293.0,13.074634,3.5085428,1,4291.692536592484,ENSG00000012983
ENSG00000171132,4294.0,13.072707,4.5479393,1,4292.692729234695,ENSG00000171132
ENSG00000135124,4295.0,13.067311,2.5829284,1,4293.693268895149,ENSG00000135124
ENSG00000110048,4296.0,13.066199,1.9573965,1,4294.693380117416,ENSG00000110048
ENSG00000117593,4297.0,13.065089,3.9468164,1,4295.693491101265,ENSG00000117593
ENSG00000198131,4298.0,13.063165,2.6136234,1,4296.693683505058,ENSG00000198131
ENSG00000151422,4299.0,13.056995,5.518082,1,4297.694300413132,ENSG00000151422
ENSG00000136021,4300.0,13.054756,3.0017102,1,4298.694524407387,ENSG00000136021
ENSG00000163029,4301.0,13.053089,4.4604115,1,4299.694691061974,ENSG00000163029
ENSG00000108395,4302.0,13.049685,2.482809,1,4300.6950315237045,ENSG00000108395
ENSG00000146872,4303.0,13.045285,3.1510448,1,4301.695471525192,ENSG00000146872
ENSG00000104221,4304.0,13.039595,3.8992631,1,4302.696040511131,ENSG00000104221
ENSG00000198680,4305.0,13.032972,3.848641,1,4303.696702718735,ENSG00000198680
ENSG00000173744,4306.0,13.0313425,2.1354592,1,4304.696865797043,ENSG00000173744
ENSG00000239305,4307.0,13.029501,1.8806672,1,4305.697049856186,ENSG00000239305
ENSG00000156802,4308.0,13.024643,2.3598924,1,4306.69753575325,ENSG00000156802
ENSG00000107371,4309.0,13.023923,3.888535,1,4307.697607755661,ENSG00000107371
ENSG00000117543,4310.0,13.022236,4.8716226,1,4308.697776436806,ENSG00000117543
ENSG00000135040,4311.0,13.019839,3.7094305,1,4309.698016047478,ENSG00000135040
ENSG00000165092,4312.0,13.017793,11.394973,1,4310.698220729828,ENSG00000165092
ENSG00000173218,4313.0,13.015089,3.6078978,1,4311.698491096497,ENSG00000173218
ENSG00000165494,4314.0,13.012345,1.5864706,1,4312.698765516281,ENSG00000165494
ENSG00000151779,4315.0,13.00859,2.6154482,1,4313.699141025543,ENSG00000151779
ENSG00000140406,4316.0,13.008249,2.5345078,1,4314.6991751194,ENSG00000140406
ENSG00000126814,4317.0,13.006201,4.4124146,1,4315.69937992096,ENSG00000126814
ENSG00000172725,4318.0,13.005445,3.9936585,1,4316.699455499649,ENSG00000172725
ENSG00000165733,4319.0,12.994147,2.165823,1,4317.700585246086,ENSG00000165733
ENSG00000034713,4320.0,12.991224,10.396168,1,4318.700877547264,ENSG00000034713
ENSG00000093217,4321.0,12.991135,6.0907726,1,4319.700886487961,ENSG00000093217
ENSG00000105676,4322.0,12.989392,4.626462,1,4320.701060771942,ENSG00000105676
ENSG00000117614,4323.0,12.9892645,5.9461837,1,4321.701073527336,ENSG00000117614
ENSG00000189266,4324.0,12.986486,5.935622,1,4322.70135140419,ENSG00000189266
ENSG00000164649,4325.0,12.985071,3.8883808,1,4323.701492905617,ENSG00000164649
ENSG00000178904,4326.0,12.982994,3.783973,1,4324.701700568199,ENSG00000178904
ENSG00000157764,4327.0,12.98127,2.6185088,1,4325.701873064041,ENSG00000157764
ENSG00000214114,4328.0,12.973642,4.5232244,1,4326.702635765076,ENSG00000214114
ENSG00000204070,4329.0,12.9735775,2.9892886,1,4327.702642202377,ENSG00000204070
ENSG00000168818,4330.0,12.973548,3.029894,1,4328.70264518261,ENSG00000168818
ENSG00000171793,4331.0,12.972707,5.1186,1,4329.702729344368,ENSG00000171793
ENSG00000101391,4332.0,12.972195,2.4938462,1,4330.702780485153,ENSG00000101391
ENSG00000072803,4333.0,12.97185,2.8816407,1,4331.702814936638,ENSG00000072803
ENSG00000103510,4334.0,12.970204,2.2578647,1,4332.702979564667,ENSG00000103510
ENSG00000119185,4335.0,12.969582,11.520633,1,4333.703041791916,ENSG00000119185
ENSG00000167380,4336.0,12.968928,3.308922,1,4334.703107118607,ENSG00000167380
ENSG00000102805,4337.0,12.968379,3.717055,1,4335.703162074089,ENSG00000102805
ENSG00000119685,4338.0,12.959113,3.5625145,1,4336.704088687897,ENSG00000119685
ENSG00000164815,4339.0,12.958388,4.991866,1,4337.704161167145,ENSG00000164815
ENSG00000113356,4340.0,12.956888,7.685234,1,4338.704311132431,ENSG00000113356
ENSG00000125629,4341.0,12.95608,2.8148718,1,4339.704391956329,ENSG00000125629
ENSG00000241258,4342.0,12.94871,2.206626,1,4340.705128908157,ENSG00000241258
ENSG00000165410,4343.0,12.94691,6.6937714,1,4341.705309033394,ENSG00000165410
ENSG00000077713,4344.0,12.943892,3.6560898,1,4342.705610871315,ENSG00000077713
ENSG00000068305,4345.0,12.941015,2.1770005,1,4343.705898523331,ENSG00000068305
ENSG00000095139,4346.0,12.94065,4.455736,1,4344.705935001373,ENSG00000095139
ENSG00000104047,4347.0,12.9399605,3.7657654,1,4345.706003904343,ENSG00000104047
ENSG00000115762,4348.0,12.939757,5.2446713,1,4346.706024289131,ENSG00000115762
ENSG00000016391,4349.0,12.935739,3.3654487,1,4347.706426143646,ENSG00000016391
ENSG00000141562,4350.0,12.931953,11.780515,1,4348.706804633141,ENSG00000141562
ENSG00000006744,4351.0,12.931154,4.5379305,1,4349.706884622574,ENSG00000006744
ENSG00000256525,4352.0,12.927501,3.0996604,1,4350.707249879837,ENSG00000256525
ENSG00000247092,4353.0,12.924252,3.3566003,1,4351.70757484436,ENSG00000247092
ENSG00000148358,4354.0,12.922171,1.748921,1,4352.70778298378,ENSG00000148358
ENSG00000186230,4355.0,12.920668,4.8639045,1,4353.707933187485,ENSG00000186230
ENSG00000125691,4356.0,12.9191265,46.464275,1,4354.708087325096,ENSG00000125691
ENSG00000171425,4357.0,12.9181385,3.4585278,1,4355.708186149597,ENSG00000171425
ENSG00000142082,4358.0,12.914612,3.024425,1,4356.708538770676,ENSG00000142082
ENSG00000130150,4359.0,12.91435,4.22137,1,4357.708564996719,ENSG00000130150
ENSG00000132155,4360.0,12.914058,4.3479214,1,4358.708594202995,ENSG00000132155
ENSG00000140995,4361.0,12.907351,4.3819137,1,4359.709264993668,ENSG00000140995
ENSG00000132612,4362.0,12.905202,3.235269,1,4360.709479808807,ENSG00000132612
ENSG00000186660,4363.0,12.902584,1.8666476,1,4361.709741592407,ENSG00000186660
ENSG00000170310,4364.0,12.899567,3.2704234,1,4362.710043311119,ENSG00000170310
ENSG00000107164,4365.0,12.889611,2.998736,1,4363.711038827896,ENSG00000107164
ENSG00000126698,4366.0,12.886757,7.102743,1,4364.711324334145,ENSG00000126698
ENSG00000117151,4367.0,12.886049,2.6127431,1,4365.711395025253,ENSG00000117151
ENSG00000141446,4368.0,12.879992,2.0003376,1,4366.712000846863,ENSG00000141446
ENSG00000163625,4369.0,12.879537,4.3541555,1,4367.712046384811,ENSG00000163625
ENSG00000122550,4370.0,12.874884,5.250596,1,4368.7125116586685,ENSG00000122550
ENSG00000143590,4371.0,12.868873,6.9462657,1,4369.713112711906,ENSG00000143590
ENSG00000152931,4372.0,12.867265,3.3133416,1,4370.713273525238,ENSG00000152931
ENSG00000136720,4373.0,12.866242,3.160504,1,4371.7133758068085,ENSG00000136720
ENSG00000104892,4374.0,12.864347,5.37344,1,4372.71356523037,ENSG00000104892
ENSG00000205138,4375.0,12.860714,2.7303827,1,4373.713928580284,ENSG00000205138
ENSG00000122376,4376.0,12.859907,2.6354218,1,4374.714009284973,ENSG00000122376
ENSG00000133627,4377.0,12.85895,4.3084736,1,4375.714105010033,ENSG00000133627
ENSG00000248008,4378.0,12.856911,6.092861,1,4376.714308977127,ENSG00000248008
ENSG00000137171,4379.0,12.8561325,4.46353,1,4377.714386701584,ENSG00000137171
ENSG00000171940,4380.0,12.850404,0.619878,1,4378.714959621429,ENSG00000171940
ENSG00000164221,4381.0,12.850307,3.6447678,1,4379.714969277382,ENSG00000164221
ENSG00000151773,4382.0,12.841422,3.3361938,1,4380.715857744217,ENSG00000151773
ENSG00000004897,4383.0,12.837152,4.0413375,1,4381.716284871101,ENSG00000004897
ENSG00000126016,4384.0,12.834501,7.246566,1,4382.716549873352,ENSG00000126016
ENSG00000130713,4385.0,12.83177,4.0904584,1,4383.716822981834,ENSG00000130713
ENSG00000162627,4386.0,12.830539,4.8681164,1,4384.716946125031,ENSG00000162627
ENSG00000136146,4387.0,12.827029,3.3179603,1,4385.717297077179,ENSG00000136146
ENSG00000120265,4388.0,12.825441,8.091311,1,4386.717455863953,ENSG00000120265
ENSG00000160993,4389.0,12.822136,4.465415,1,4387.717786431313,ENSG00000160993
ENSG00000079432,4390.0,12.82199,1.3648183,1,4388.717800974846,ENSG00000079432
ENSG00000138246,4391.0,12.820123,2.6086707,1,4389.717987775803,ENSG00000138246
ENSG00000100811,4392.0,12.819405,1.9731828,1,4390.718059539795,ENSG00000100811
ENSG00000117133,4393.0,12.818343,4.5919466,1,4391.718165636063,ENSG00000117133
ENSG00000113318,4394.0,12.814334,2.3723118,1,4392.718566656113,ENSG00000113318
ENSG00000169760,4395.0,12.805212,12.479356,1,4393.719478845596,ENSG00000169760
ENSG00000166181,4396.0,12.80054,4.7068357,1,4394.719946026802,ENSG00000166181
ENSG00000180357,4397.0,12.800127,1.8639495,1,4395.719987273216,ENSG00000180357
ENSG00000079134,4398.0,12.800012,3.155455,1,4396.719998836517,ENSG00000079134
ENSG00000248360,4399.0,12.794016,6.583478,1,4397.720598459244,ENSG00000248360
ENSG00000188419,4400.0,12.787613,3.457802,1,4398.721238732338,ENSG00000188419
ENSG00000106477,4401.0,12.785799,3.5426447,1,4399.721420049667,ENSG00000106477
ENSG00000181029,4402.0,12.783574,3.866413,1,4400.721642613411,ENSG00000181029
ENSG00000165819,4403.0,12.782703,3.158254,1,4401.721729636192,ENSG00000165819
ENSG00000032389,4404.0,12.776001,2.9712908,1,4402.722399950028,ENSG00000032389
ENSG00000173540,4405.0,12.7757225,2.3165739,1,4403.722427725792,ENSG00000173540
ENSG00000266338,4406.0,12.772605,3.331386,1,4404.722739458084,ENSG00000266338
ENSG00000124313,4407.0,12.763831,3.5505986,1,4405.723616838455,ENSG00000124313
ENSG00000164975,4408.0,12.761321,3.4871836,1,4406.723867893219,ENSG00000164975
ENSG00000073050,4409.0,12.761036,3.1068091,1,4407.723896384239,ENSG00000073050
ENSG00000140474,4410.0,12.760771,3.2257717,1,4408.723922967911,ENSG00000140474
ENSG00000166704,4411.0,12.759045,2.9636476,1,4409.724095582962,ENSG00000166704
ENSG00000159658,4412.0,12.758976,1.849358,1,4410.724102377892,ENSG00000159658
ENSG00000150764,4413.0,12.755305,2.8112118,1,4411.724469423294,ENSG00000150764
ENSG00000048707,4414.0,12.754011,1.7996213,1,4412.724598884583,ENSG00000048707
ENSG00000203666,4415.0,12.753401,4.298967,1,4413.724659919739,ENSG00000203666
ENSG00000172613,4416.0,12.750632,2.2907639,1,4414.724936723709,ENSG00000172613
ENSG00000088035,4417.0,12.747014,3.7176797,1,4415.725298643112,ENSG00000088035
ENSG00000173064,4418.0,12.740568,1.7475419,1,4416.725943207741,ENSG00000173064
ENSG00000143373,4419.0,12.73991,1.7349257,1,4417.726009011269,ENSG00000143373
ENSG00000151694,4420.0,12.734567,3.3051348,1,4418.726543307304,ENSG00000151694
ENSG00000085788,4421.0,12.729257,2.5901668,1,4419.727074384689,ENSG00000085788
ENSG00000067182,4422.0,12.728575,2.9176617,1,4420.727142572403,ENSG00000067182
ENSG00000196275,4423.0,12.725647,4.3950334,1,4421.727435350418,ENSG00000196275
ENSG00000127804,4424.0,12.725378,2.3135731,1,4422.727462172508,ENSG00000127804
ENSG00000007944,4425.0,12.723747,3.745254,1,4423.727625250816,ENSG00000007944
ENSG00000096070,4426.0,12.709671,2.9940932,1,4424.729032874107,ENSG00000096070
ENSG00000054179,4427.0,12.701291,6.7149324,1,4425.729870915413,ENSG00000054179
ENSG00000165868,4428.0,12.697492,6.803233,1,4426.730250835419,ENSG00000165868
ENSG00000152700,4429.0,12.69185,3.071023,1,4427.730815052986,ENSG00000152700
ENSG00000184867,4430.0,12.687666,5.270301,1,4428.731233358383,ENSG00000184867
ENSG00000142235,4431.0,12.6872015,5.910809,1,4429.731279850006,ENSG00000142235
ENSG00000108523,4432.0,12.686503,2.0828855,1,4430.73134970665,ENSG00000108523
ENSG00000137936,4433.0,12.681852,4.8466215,1,4431.731814742088,ENSG00000137936
ENSG00000100418,4434.0,12.680235,2.203851,1,4432.731976509094,ENSG00000100418
ENSG00000172954,4435.0,12.680144,2.8065014,1,4433.731985569,ENSG00000172954
ENSG00000132286,4436.0,12.678681,3.2592938,1,4434.732131838799,ENSG00000132286
ENSG00000233237,4437.0,12.676028,5.842589,1,4435.732397198677,ENSG00000233237
ENSG00000167967,4438.0,12.673407,2.6749163,1,4436.732659339905,ENSG00000167967
ENSG00000187109,4439.0,12.671891,29.68522,1,4437.732810854912,ENSG00000187109
ENSG00000108651,4440.0,12.671575,5.163847,1,4438.732842564583,ENSG00000108651
ENSG00000116874,4441.0,12.669232,3.9921741,1,4439.733076810837,ENSG00000116874
ENSG00000065613,4442.0,12.66815,1.639944,1,4440.733185052872,ENSG00000065613
ENSG00000107902,4443.0,12.667099,1.9504516,1,4441.733290076256,ENSG00000107902
ENSG00000007237,4444.0,12.666033,8.408593,1,4442.73339676857,ENSG00000007237
ENSG00000119487,4445.0,12.665841,2.2605493,1,4443.733415842056,ENSG00000119487
ENSG00000069020,4446.0,12.66557,0.9617083,1,4444.733443021774,ENSG00000069020
ENSG00000198816,4447.0,12.664703,3.248024,1,4445.733529686928,ENSG00000198816
ENSG00000179218,4448.0,12.658313,19.392302,1,4446.734168767929,ENSG00000179218
ENSG00000005486,4449.0,12.657826,4.56997,1,4447.734217405319,ENSG00000005486
ENSG00000139644,4450.0,12.657357,20.239464,1,4448.73426425457,ENSG00000139644
ENSG00000132661,4451.0,12.6549225,3.3976886,1,4449.734507799149,ENSG00000132661
ENSG00000114200,4452.0,12.653331,12.201023,1,4450.73466694355,ENSG00000114200
ENSG00000126070,4453.0,12.64645,2.7418842,1,4451.735355019569,ENSG00000126070
ENSG00000187017,4454.0,12.642554,6.9949718,1,4452.735744595528,ENSG00000187017
ENSG00000137411,4455.0,12.641594,3.6802647,1,4453.735840559006,ENSG00000137411
ENSG00000138592,4456.0,12.639229,4.0251994,1,4454.736077070236,ENSG00000138592
ENSG00000236287,4457.0,12.637472,1.4883131,1,4455.736252784729,ENSG00000236287
ENSG00000144362,4458.0,12.6352825,4.268681,1,4456.736471772194,ENSG00000144362
ENSG00000198707,4459.0,12.633433,2.6081493,1,4457.736656665802,ENSG00000198707
ENSG00000186153,4460.0,12.623915,4.1132708,1,4458.737608551979,ENSG00000186153
ENSG00000064419,4461.0,12.623476,3.0871353,1,4459.737652420998,ENSG00000064419
ENSG00000070061,4462.0,12.622364,3.4361517,1,4460.737763643265,ENSG00000070061
ENSG00000256060,4463.0,12.620659,3.5045779,1,4461.737934112549,ENSG00000256060
ENSG00000074527,4464.0,12.62033,3.7584407,1,4462.737967014313,ENSG00000074527
ENSG00000073578,4465.0,12.6128025,7.472027,1,4463.738719701767,ENSG00000073578
ENSG00000168517,4466.0,12.609708,4.1873784,1,4464.739029169083,ENSG00000168517
ENSG00000180806,4467.0,12.606372,5.883814,1,4465.739362835884,ENSG00000180806
ENSG00000147130,4468.0,12.604922,3.2897384,1,4466.73950779438,ENSG00000147130
ENSG00000130164,4469.0,12.604211,3.011779,1,4467.739578962326,ENSG00000130164
ENSG00000112874,4470.0,12.603882,5.721307,1,4468.73961186409,ENSG00000112874
ENSG00000152642,4471.0,12.603417,2.9960864,1,4469.739658236504,ENSG00000152642
ENSG00000164329,4472.0,12.59842,2.3993711,1,4470.740157961845,ENSG00000164329
ENSG00000117481,4473.0,12.597452,1.6326209,1,4471.7402547597885,ENSG00000117481
ENSG00000146834,4474.0,12.597261,1.7226623,1,4472.740273833275,ENSG00000146834
ENSG00000172456,4475.0,12.597006,3.9094617,1,4473.740299463272,ENSG00000172456
ENSG00000141127,4476.0,12.596525,3.0425646,1,4474.740347504616,ENSG00000141127
ENSG00000143751,4477.0,12.595008,3.292355,1,4475.740499258041,ENSG00000143751
ENSG00000104691,4478.0,12.593521,5.8455443,1,4476.740647912025,ENSG00000104691
ENSG00000244045,4479.0,12.590222,3.7416158,1,4477.74097776413,ENSG00000244045
ENSG00000090989,4480.0,12.589456,3.726376,1,4478.741054415703,ENSG00000090989
ENSG00000151148,4481.0,12.589174,2.9538903,1,4479.741082549095,ENSG00000151148
ENSG00000183155,4482.0,12.586632,4.150695,1,4480.74133682251,ENSG00000183155
ENSG00000126756,4483.0,12.579372,5.434323,1,4481.742062807083,ENSG00000126756
ENSG00000078018,4484.0,12.576706,7.8921494,1,4482.742329359055,ENSG00000078018
ENSG00000215193,4485.0,12.575602,2.7366705,1,4483.742439866066,ENSG00000215193
ENSG00000237651,4486.0,12.574906,3.8315141,1,4484.742509365082,ENSG00000237651
ENSG00000125875,4487.0,12.5713,2.6100738,1,4485.742870092392,ENSG00000125875
ENSG00000139865,4488.0,12.56903,6.257661,1,4486.743097066879,ENSG00000139865
ENSG00000070814,4489.0,12.568893,2.8507197,1,4487.743110656738,ENSG00000070814
ENSG00000177485,4490.0,12.565335,2.1637342,1,4488.743466496468,ENSG00000177485
ENSG00000183723,4491.0,12.564431,5.349581,1,4489.743556857109,ENSG00000183723
ENSG00000183963,4492.0,12.561589,4.9276094,1,4490.743841052055,ENSG00000183963
ENSG00000186575,4493.0,12.560167,3.3923774,1,4491.743983268738,ENSG00000186575
ENSG00000131016,4494.0,12.553704,6.03638,1,4492.744629621506,ENSG00000131016
ENSG00000137822,4495.0,12.55354,4.7001157,1,4493.744645953178,ENSG00000137822
ENSG00000164683,4496.0,12.552266,8.840195,1,4494.744773387909,ENSG00000164683
ENSG00000274523,4497.0,12.5499735,3.482876,1,4495.745002627373,ENSG00000274523
ENSG00000171720,4498.0,12.549522,3.4900377,1,4496.7450478076935,ENSG00000171720
ENSG00000109381,4499.0,12.547276,1.9650373,1,4497.745272397995,ENSG00000109381
ENSG00000123297,4500.0,12.546316,4.6930323,1,4498.745368361473,ENSG00000123297
ENSG00000150433,4501.0,12.544473,2.924846,1,4499.745552778244,ENSG00000150433
ENSG00000181191,4502.0,12.544349,4.481095,1,4500.74556517601,ENSG00000181191
ENSG00000137575,4503.0,12.540853,155.68198,1,4501.745914697647,ENSG00000137575
ENSG00000198886,4504.0,12.540553,211.92134,1,4502.745944738388,ENSG00000198886
ENSG00000198793,4505.0,12.538841,2.6584747,1,4503.746115922928,ENSG00000198793
ENSG00000112339,4506.0,12.536182,4.111815,1,4504.746381759644,ENSG00000112339
ENSG00000149346,4507.0,12.5354395,3.4477558,1,4505.746456027031,ENSG00000149346
ENSG00000126562,4508.0,12.531563,5.0506535,1,4506.746843695641,ENSG00000126562
ENSG00000135870,4509.0,12.529307,1.390211,1,4507.747069239616,ENSG00000135870
ENSG00000160710,4510.0,12.525377,5.0840135,1,4508.747462272644,ENSG00000160710
ENSG00000132768,4511.0,12.524319,5.0577226,1,4509.747568130493,ENSG00000132768
ENSG00000172216,4512.0,12.522727,1.1082233,1,4510.747727274895,ENSG00000172216
ENSG00000102870,4513.0,12.520252,5.386037,1,4511.74797475338,ENSG00000102870
ENSG00000103035,4514.0,12.519651,5.471076,1,4512.748034834862,ENSG00000103035
ENSG00000113645,4515.0,12.519386,3.8060384,1,4513.748061418533,ENSG00000113645
ENSG00000129682,4516.0,12.519154,9.311585,1,4514.748084664345,ENSG00000129682
ENSG00000170624,4517.0,12.513439,9.154085,1,4515.74865603447,ENSG00000170624
ENSG00000004961,4518.0,12.508688,4.4878135,1,4516.749131202698,ENSG00000004961
ENSG00000141098,4519.0,12.507394,1.7802948,1,4517.749260663986,ENSG00000141098
ENSG00000150768,4520.0,12.502772,3.8051488,1,4518.7497227191925,ENSG00000150768
ENSG00000180104,4521.0,12.502301,2.4151993,1,4519.749769926071,ENSG00000180104
ENSG00000180543,4522.0,12.499185,3.2380683,1,4520.750081539154,ENSG00000180543
ENSG00000126775,4523.0,12.498013,1.8404126,1,4521.750198721886,ENSG00000126775
ENSG00000108963,4524.0,12.494961,4.8514953,1,4522.750503897667,ENSG00000108963
ENSG00000170485,4525.0,12.494911,7.097584,1,4523.750508904457,ENSG00000170485
ENSG00000156471,4526.0,12.494022,6.997504,1,4524.750597715378,ENSG00000156471
ENSG00000126749,4527.0,12.490483,3.2942963,1,4525.750951647759,ENSG00000126749
ENSG00000197562,4528.0,12.487969,2.5615337,1,4526.75120306015,ENSG00000197562
ENSG00000137393,4529.0,12.483601,3.2691948,1,4527.751639962196,ENSG00000137393
ENSG00000156976,4530.0,12.481536,31.217001,1,4528.751846432686,ENSG00000156976
ENSG00000108055,4531.0,12.47865,3.420618,1,4529.752135038376,ENSG00000108055
ENSG00000170832,4532.0,12.478005,2.4907653,1,4530.752199411392,ENSG00000170832
ENSG00000040633,4533.0,12.476139,2.781469,1,4531.75238609314,ENSG00000040633
ENSG00000076108,4534.0,12.471266,2.832914,1,4532.752873420715,ENSG00000076108
ENSG00000236699,4535.0,12.468593,6.2691464,1,4533.753140687943,ENSG00000236699
ENSG00000144161,4536.0,12.466109,3.7247238,1,4534.753389120102,ENSG00000144161
ENSG00000122678,4537.0,12.465085,2.3197327,1,4535.753491520882,ENSG00000122678
ENSG00000110931,4538.0,12.46325,2.2332852,1,4536.753674983978,ENSG00000110931
ENSG00000070761,4539.0,12.462683,4.101101,1,4537.7537317276,ENSG00000070761
ENSG00000125351,4540.0,12.460582,3.17014,1,4538.753941774368,ENSG00000125351
ENSG00000215301,4541.0,12.460221,5.071784,1,4539.753977894783,ENSG00000215301
ENSG00000126460,4542.0,12.459467,5.2619586,1,4540.754053354263,ENSG00000126460
ENSG00000166435,4543.0,12.459284,2.2632942,1,4541.754071593285,ENSG00000166435
ENSG00000184752,4544.0,12.4586525,6.1083407,1,4542.754134774208,ENSG00000184752
ENSG00000183617,4545.0,12.455029,2.0773249,1,4543.754497170448,ENSG00000183617
ENSG00000011143,4546.0,12.453807,4.8142,1,4544.75461935997,ENSG00000011143
ENSG00000131165,4547.0,12.451077,3.508751,1,4545.754892230034,ENSG00000131165
ENSG00000148346,4548.0,12.450153,9.651868,1,4546.754984617233,LCN2
ENSG00000141985,4549.0,12.447717,2.1291122,1,4547.755228281021,ENSG00000141985
ENSG00000133103,4550.0,12.443434,4.407237,1,4548.755656599999,ENSG00000133103
ENSG00000011451,4551.0,12.442047,2.308151,1,4549.755795240402,ENSG00000011451
ENSG00000100319,4552.0,12.438748,3.416265,1,4550.756125211716,ENSG00000100319
ENSG00000092445,4553.0,12.437795,8.939692,1,4551.756220579147,ENSG00000092445
ENSG00000211584,4554.0,12.435601,3.2468908,1,4552.75643992424,ENSG00000211584
ENSG00000164252,4555.0,12.434527,2.1276891,1,4553.756547212601,ENSG00000164252
ENSG00000139645,4556.0,12.433833,3.1492362,1,4554.7566167116165,ENSG00000139645
ENSG00000087269,4557.0,12.431186,1.725729,1,4555.756881475449,ENSG00000087269
ENSG00000057294,4558.0,12.425924,4.6422954,1,4556.757407546043,ENSG00000057294
ENSG00000284922,4559.0,12.422719,1.4948128,1,4557.757728099823,ENSG00000284922
ENSG00000107745,4560.0,12.422274,2.8300183,1,4558.757772684097,ENSG00000107745
ENSG00000159423,4561.0,12.412916,7.631685,1,4559.758708357811,ENSG00000159423
ENSG00000085274,4562.0,12.41232,2.4138942,1,4560.758767962456,ENSG00000085274
ENSG00000144747,4563.0,12.410751,2.3549633,1,4561.758924841881,ENSG00000144747
ENSG00000120699,4564.0,12.405258,3.8314364,1,4562.759474158287,ENSG00000120699
ENSG00000198373,4565.0,12.40362,2.5898485,1,4563.75963807106,ENSG00000198373
ENSG00000136643,4566.0,12.403604,3.6253679,1,4564.759639620781,ENSG00000136643
ENSG00000127995,4567.0,12.398925,3.0827289,1,4565.760107517242,ENSG00000127995
ENSG00000112130,4568.0,12.397589,4.20644,1,4566.760241150856,ENSG00000112130
ENSG00000100393,4569.0,12.394807,3.953605,1,4567.7605192661285,ENSG00000100393
ENSG00000086189,4570.0,12.393846,3.8909562,1,4568.760615468025,ENSG00000086189
ENSG00000100151,4571.0,12.388472,3.41493,1,4569.761152863503,ENSG00000100151
ENSG00000147799,4572.0,12.388283,8.217005,1,4570.76117169857,ENSG00000147799
ENSG00000105171,4573.0,12.387626,5.266103,1,4571.761237382889,ENSG00000105171
ENSG00000182379,4574.0,12.380922,6.273017,1,4572.761907815933,ENSG00000182379
ENSG00000151718,4575.0,12.374942,4.5855064,1,4573.76250576973,ENSG00000151718
ENSG00000143190,4576.0,12.372425,2.0064085,1,4574.762757539749,ENSG00000143190
ENSG00000182541,4577.0,12.372172,2.1763055,1,4575.762782812119,ENSG00000182541
ENSG00000165943,4578.0,12.370155,2.7795725,1,4576.762984514236,ENSG00000165943
ENSG00000144847,4579.0,12.367713,9.372944,1,4577.763228654861,ENSG00000144847
ENSG00000020256,4580.0,12.357523,3.4537945,1,4578.7642476558685,ENSG00000020256
ENSG00000119718,4581.0,12.356248,6.0453506,1,4579.764375209808,ENSG00000119718
ENSG00000162129,4582.0,12.356234,3.6665022,1,4580.76437664032,ENSG00000162129
ENSG00000164199,4583.0,12.354595,3.8663235,1,4581.764540433884,ENSG00000164199
ENSG00000076984,4584.0,12.353591,1.4717456,1,4582.764640927315,ENSG00000076984
ENSG00000255302,4585.0,12.3527775,14.350782,1,4583.76472222805,ENSG00000255302
ENSG00000186832,4586.0,12.352529,11.404062,1,4584.764747142792,KRT16
ENSG00000144524,4587.0,12.350731,3.4832063,1,4585.7649269104,ENSG00000144524
ENSG00000140400,4588.0,12.347486,3.7471008,1,4586.765251398087,ENSG00000140400
ENSG00000143341,4589.0,12.34488,9.279269,1,4587.7655119895935,ENSG00000143341
ENSG00000153558,4590.0,12.33939,6.9127064,1,4588.766061067581,ENSG00000153558
ENSG00000140332,4591.0,12.336884,2.2551372,1,4589.766311645508,ENSG00000140332
ENSG00000149243,4592.0,12.331876,6.4016347,1,4590.766812443733,ENSG00000149243
ENSG00000144485,4593.0,12.330403,6.9149785,1,4591.766959667206,ENSG00000144485
ENSG00000259956,4594.0,12.328121,1.8812363,1,4592.767187833786,ENSG00000259956
ENSG00000105767,4595.0,12.325107,6.972091,1,4593.767489314079,ENSG00000105767
ENSG00000104164,4596.0,12.324487,7.167317,1,4594.76755130291,ENSG00000104164
ENSG00000020922,4597.0,12.3193245,2.0980828,1,4595.768067598343,ENSG00000020922
ENSG00000144061,4598.0,12.318515,6.2585855,1,4596.7681485414505,ENSG00000144061
ENSG00000157184,4599.0,12.318268,2.9042215,1,4597.768173217773,ENSG00000157184
ENSG00000122406,4600.0,12.31797,178.0732,1,4598.768203020096,ENSG00000122406
ENSG00000189241,4601.0,12.3159685,1.5594496,1,4599.768403172493,ENSG00000189241
ENSG00000054277,4602.0,12.31379,3.0686152,1,4600.768620967865,ENSG00000054277
ENSG00000156958,4603.0,12.308924,3.617059,1,4601.769107580185,ENSG00000156958
ENSG00000108469,4604.0,12.303771,4.4979553,1,4602.769622921944,ENSG00000108469
ENSG00000261609,4605.0,12.3029375,2.8991394,1,4603.769706249237,ENSG00000261609
ENSG00000161642,4606.0,12.302649,1.3706876,1,4604.769735097885,ENSG00000161642
ENSG00000188177,4607.0,12.300566,1.1637329,1,4605.769943475723,ENSG00000188177
ENSG00000197535,4608.0,12.288681,7.715886,1,4606.771131873131,ENSG00000197535
ENSG00000119661,4609.0,12.287285,2.1134074,1,4607.771271467209,ENSG00000119661
ENSG00000115145,4610.0,12.286413,2.7387564,1,4608.771358728409,ENSG00000115145
ENSG00000182118,4611.0,12.285861,6.003499,1,4609.77141392231,ENSG00000182118
ENSG00000108443,4612.0,12.285661,2.465426,1,4610.771433949471,ENSG00000108443
ENSG00000163728,4613.0,12.27722,2.2426715,1,4611.77227807045,ENSG00000163728
ENSG00000198722,4614.0,12.275592,5.843107,1,4612.77244079113,ENSG00000198722
ENSG00000091732,4615.0,12.264842,5.3882947,1,4613.773515820503,ENSG00000091732
ENSG00000121390,4616.0,12.26312,2.9154694,1,4614.773688077927,ENSG00000121390
ENSG00000179119,4617.0,12.262033,2.9669626,1,4615.773796677589,ENSG00000179119
ENSG00000010322,4618.0,12.260422,2.5992825,1,4616.773957848549,ENSG00000010322
ENSG00000154767,4619.0,12.260229,2.6948702,1,4617.7739770412445,ENSG00000154767
ENSG00000256073,4620.0,12.252079,4.933019,1,4618.774792075157,ENSG00000256073
ENSG00000029363,4621.0,12.251621,3.4856997,1,4619.774837851524,ENSG00000029363
ENSG00000070159,4622.0,12.248859,4.952562,1,4620.775114059448,ENSG00000070159
ENSG00000118816,4623.0,12.248232,11.980105,1,4621.775176763535,ENSG00000118816
ENSG00000113916,4624.0,12.246389,2.4155838,1,4622.775361061096,ENSG00000113916
ENSG00000180318,4625.0,12.245688,12.653856,1,4623.775431156158,ENSG00000180318
ENSG00000023330,4626.0,12.243824,4.1934333,1,4624.775617599487,ENSG00000023330
ENSG00000036054,4627.0,12.240987,3.3583977,1,4625.775901317596,ENSG00000036054
ENSG00000137198,4628.0,12.239809,12.284755,1,4626.776019096375,ENSG00000137198
ENSG00000136897,4629.0,12.236758,2.5976415,1,4627.7763241529465,ENSG00000136897
ENSG00000114209,4630.0,12.2363825,2.0004628,1,4628.776361703873,ENSG00000114209
ENSG00000152127,4631.0,12.232939,1.941345,1,4629.77670609951,ENSG00000152127
ENSG00000140403,4632.0,12.228675,4.6540003,1,4630.777132511139,ENSG00000140403
ENSG00000240857,4633.0,12.227414,1.876142,1,4631.777258634567,ENSG00000240857
ENSG00000153936,4634.0,12.225965,3.1884363,1,4632.777403593063,ENSG00000153936
ENSG00000183401,4635.0,12.225382,2.194396,1,4633.777461767197,ENSG00000183401
ENSG00000133121,4636.0,12.223794,4.800819,1,4634.77762055397,ENSG00000133121
ENSG00000116138,4637.0,12.222751,3.0522876,1,4635.777724981308,ENSG00000116138
ENSG00000168591,4638.0,12.221117,2.7338781,1,4636.777888298035,ENSG00000168591
ENSG00000144118,4639.0,12.219556,4.64138,1,4637.778044462204,ENSG00000144118
ENSG00000112697,4640.0,12.217395,3.0809987,1,4638.778260469437,ENSG00000112697
ENSG00000139154,4641.0,12.215653,2.1079946,1,4639.778434634209,ENSG00000139154
ENSG00000188372,4642.0,12.211248,5.18918,1,4640.778875112534,ENSG00000188372
ENSG00000114650,4643.0,12.211029,3.4618213,1,4641.778897047043,ENSG00000114650
ENSG00000143493,4644.0,12.210302,4.3220053,1,4642.7789697647095,ENSG00000143493
ENSG00000243943,4645.0,12.209703,3.8776054,1,4643.779029607773,ENSG00000243943
ENSG00000169136,4646.0,12.208702,0.59672177,1,4644.779129743576,ENSG00000169136
ENSG00000169972,4647.0,12.204908,2.219894,1,4645.779509186745,ENSG00000169972
ENSG00000163322,4648.0,12.201669,3.7529693,1,4646.779833078384,ENSG00000163322
ENSG00000143401,4649.0,12.199312,7.5341907,1,4647.78006875515,ENSG00000143401
ENSG00000161395,4650.0,12.195329,2.1486683,1,4648.780467152596,ENSG00000161395
ENSG00000114982,4651.0,12.194446,2.5850997,1,4649.780555486679,ENSG00000114982
ENSG00000173598,4652.0,12.193776,2.664645,1,4650.7806223630905,ENSG00000173598
ENSG00000143622,4653.0,12.192898,4.0392447,1,4651.780710220337,ENSG00000143622
ENSG00000100296,4654.0,12.1890545,6.387792,1,4652.781094551086,ENSG00000100296
ENSG00000114988,4655.0,12.188083,3.9628015,1,4653.781191706657,ENSG00000114988
ENSG00000104973,4656.0,12.184518,2.5386157,1,4654.7815482616425,ENSG00000104973
ENSG00000166938,4657.0,12.182097,3.7776482,1,4655.7817902565,ENSG00000166938
ENSG00000176658,4658.0,12.179966,5.094932,1,4656.78200340271,ENSG00000176658
ENSG00000105649,4659.0,12.179837,4.0443535,1,4657.782016277313,ENSG00000105649
ENSG00000140398,4660.0,12.171337,2.7012653,1,4658.782866239548,ENSG00000140398
ENSG00000132467,4661.0,12.17007,2.6876578,1,4659.782993078232,ENSG00000132467
ENSG00000171161,4662.0,12.168254,2.9524574,1,4660.78317463398,ENSG00000171161
ENSG00000071655,4663.0,12.167204,2.4795349,1,4661.783279657364,ENSG00000071655
ENSG00000258484,4664.0,12.16485,9.866549,1,4662.7835149765015,ENSG00000258484
ENSG00000157978,4665.0,12.163256,1.8933513,1,4663.783674478531,ENSG00000157978
ENSG00000186314,4666.0,12.161391,2.9682493,1,4664.78386092186,ENSG00000186314
ENSG00000183431,4667.0,12.160493,7.055858,1,4665.783950686455,ENSG00000183431
ENSG00000167325,4668.0,12.158732,3.2895112,1,4666.784126758575,ENSG00000167325
ENSG00000204316,4669.0,12.157622,4.6167736,1,4667.784237742424,ENSG00000204316
ENSG00000140104,4670.0,12.157394,4.8133845,1,4668.784260511398,ENSG00000140104
ENSG00000151575,4671.0,12.1573105,3.7624218,1,4669.784268975258,ENSG00000151575
ENSG00000105229,4672.0,12.155561,3.5309045,1,4670.784443855286,ENSG00000105229
ENSG00000113369,4673.0,12.155217,6.5052466,1,4671.78447830677,ENSG00000113369
ENSG00000107863,4674.0,12.150223,3.6510565,1,4672.784977674484,ENSG00000107863
ENSG00000162065,4675.0,12.14738,2.9113336,1,4673.78526198864,ENSG00000162065
ENSG00000196700,4676.0,12.144429,3.116738,1,4674.785557031632,ENSG00000196700
ENSG00000081177,4677.0,12.143004,3.1488118,1,4675.785699605942,ENSG00000081177
ENSG00000169683,4678.0,12.142737,2.8751833,1,4676.785726308823,ENSG00000169683
ENSG00000104312,4679.0,12.141825,2.7967114,1,4677.785817503929,ENSG00000104312
ENSG00000175606,4680.0,12.13898,4.904234,1,4678.786102056503,ENSG00000175606
ENSG00000113387,4681.0,12.132038,9.481391,1,4679.786796212196,ENSG00000113387
ENSG00000130748,4682.0,12.127581,2.2743773,1,4680.78724193573,ENSG00000130748
ENSG00000184500,4683.0,12.123971,6.9662232,1,4681.787602901459,ENSG00000184500
ENSG00000226674,4684.0,12.1230135,16.782545,1,4682.787698626518,ENSG00000226674
ENSG00000198522,4685.0,12.122301,4.616932,1,4683.787769913673,ENSG00000198522
ENSG00000124275,4686.0,12.121713,3.40359,1,4684.787828683853,ENSG00000124275
ENSG00000089057,4687.0,12.120428,3.34785,1,4685.787957191467,ENSG00000089057
ENSG00000125734,4688.0,12.120213,2.0436506,1,4686.787978768349,ENSG00000125734
ENSG00000105486,4689.0,12.109611,4.454009,1,4687.789038896561,ENSG00000105486
ENSG00000124104,4690.0,12.109447,4.4041367,1,4688.789055347443,ENSG00000124104
ENSG00000120656,4691.0,12.103779,2.935303,1,4689.789622068405,ENSG00000120656
ENSG00000106803,4692.0,12.103055,6.8361006,1,4690.789694547653,ENSG00000106803
ENSG00000128789,4693.0,12.100512,4.2675676,1,4691.789948821068,ENSG00000128789
ENSG00000128849,4694.0,12.095335,2.7075462,1,4692.790466547012,ENSG00000128849
ENSG00000123595,4695.0,12.094923,3.2345595,1,4693.790507674217,ENSG00000123595
ENSG00000146833,4696.0,12.093625,3.9096582,1,4694.7906374931335,ENSG00000146833
ENSG00000105127,4697.0,12.092548,2.084914,1,4695.790745139122,ENSG00000105127
ENSG00000138942,4698.0,12.092375,4.36291,1,4696.790762543678,ENSG00000138942
ENSG00000071564,4699.0,12.088702,2.9583273,1,4697.791129827499,ENSG00000071564
ENSG00000117411,4700.0,12.087768,4.0307956,1,4698.791223287582,ENSG00000117411
ENSG00000122126,4701.0,12.086289,4.3212686,1,4699.791371107101,ENSG00000122126
ENSG00000165804,4702.0,12.083807,3.445654,1,4700.791619300842,ENSG00000165804
ENSG00000174428,4703.0,12.083347,2.9989974,1,4701.791665315628,ENSG00000174428
ENSG00000163161,4704.0,12.076335,3.3566287,1,4702.792366504669,ENSG00000163161
ENSG00000120733,4705.0,12.072609,1.696052,1,4703.792739152908,ENSG00000120733
ENSG00000184857,4706.0,12.069587,3.4304395,1,4704.793041348457,ENSG00000184857
ENSG00000157823,4707.0,12.0690155,4.030965,1,4705.793098449707,ENSG00000157823
ENSG00000124786,4708.0,12.068065,3.5381413,1,4706.79319357872,ENSG00000124786
ENSG00000114346,4709.0,12.063501,3.5216753,1,4707.7936499118805,ENSG00000114346
ENSG00000128564,4710.0,12.059918,9.510205,1,4708.794008135796,ENSG00000128564
ENSG00000178074,4711.0,12.059354,1.92836,1,4709.794064640999,ENSG00000178074
ENSG00000154845,4712.0,12.059204,2.9268613,1,4710.79407954216,ENSG00000154845
ENSG00000103160,4713.0,12.057432,3.9952145,1,4711.794256806374,ENSG00000103160
ENSG00000121067,4714.0,12.057343,3.4089382,1,4712.79426574707,ENSG00000121067
ENSG00000141646,4715.0,12.056645,3.0472248,1,4713.794335484505,ENSG00000141646
ENSG00000155229,4716.0,12.053341,4.08891,1,4714.794665932655,ENSG00000155229
ENSG00000196363,4717.0,12.049771,3.2398515,1,4715.795022845268,ENSG00000196363
ENSG00000153443,4718.0,12.042289,1.6987237,1,4716.795771121979,ENSG00000153443
ENSG00000138138,4719.0,12.041897,3.3860116,1,4717.795810341835,ENSG00000138138
ENSG00000184254,4720.0,12.041309,7.99362,1,4718.795869112015,ENSG00000184254
ENSG00000087365,4721.0,12.03977,5.988885,1,4719.796023011208,ENSG00000087365
ENSG00000138750,4722.0,12.0388775,3.6042604,1,4720.796112298965,ENSG00000138750
ENSG00000184349,4723.0,12.03762,5.236322,1,4721.796238064766,ENSG00000184349
ENSG00000090316,4724.0,12.033494,3.5404255,1,4722.796650648117,ENSG00000090316
ENSG00000073712,4725.0,12.030424,4.5232396,1,4723.796957612038,ENSG00000073712
ENSG00000197429,4726.0,12.027346,2.9453518,1,4724.797265410423,ENSG00000197429
ENSG00000110871,4727.0,12.026806,3.1319318,1,4725.797319412231,ENSG00000110871
ENSG00000175938,4728.0,12.026539,2.729287,1,4726.797346115112,ENSG00000175938
ENSG00000007520,4729.0,12.024968,2.3948073,1,4727.797503232956,ENSG00000007520
ENSG00000066027,4730.0,12.023618,1.4170071,1,4728.797638177872,ENSG00000066027
ENSG00000118855,4731.0,12.023013,2.5262582,1,4729.797698736191,ENSG00000118855
ENSG00000119943,4732.0,12.012595,6.3382273,1,4730.798740506172,ENSG00000119943
ENSG00000164924,4733.0,12.009639,36.05091,1,4731.79903614521,ENSG00000164924
ENSG00000178761,4734.0,12.005621,3.3571107,1,4732.799437880516,ENSG00000178761
ENSG00000132842,4735.0,12.002109,1.9660728,1,4733.799789190292,ENSG00000132842
ENSG00000196233,4736.0,11.997216,1.209986,1,4734.800278425217,ENSG00000196233
ENSG00000070770,4737.0,11.9950285,3.1750925,1,4735.800497174263,ENSG00000070770
ENSG00000187535,4738.0,11.992784,4.932216,1,4736.800721645355,ENSG00000187535
ENSG00000198142,4739.0,11.989385,2.7748115,1,4737.80106151104,ENSG00000198142
ENSG00000114904,4740.0,11.986489,3.7078276,1,4738.801351070404,ENSG00000114904
ENSG00000154945,4741.0,11.980235,3.197308,1,4739.801976442337,ENSG00000154945
ENSG00000108510,4742.0,11.975046,1.527875,1,4740.802495360374,ENSG00000108510
ENSG00000169359,4743.0,11.971552,2.228622,1,4741.802844762802,ENSG00000169359
ENSG00000196074,4744.0,11.969354,4.582928,1,4742.803064584732,ENSG00000196074
ENSG00000178531,4745.0,11.968063,6.4777975,1,4743.803193688393,ENSG00000178531
ENSG00000100354,4746.0,11.967394,2.0907238,1,4744.803260564804,ENSG00000100354
ENSG00000117758,4747.0,11.965868,4.9296465,1,4745.803413152695,ENSG00000117758
ENSG00000072756,4748.0,11.962018,4.0096054,1,4746.8037981987,ENSG00000072756
ENSG00000183853,4749.0,11.957787,6.29641,1,4747.804221391678,ENSG00000183853
ENSG00000188603,4750.0,11.9559355,2.5923226,1,4748.804406404495,ENSG00000188603
ENSG00000143786,4751.0,11.955533,6.199759,1,4749.804446697235,ENSG00000143786
ENSG00000102109,4752.0,11.955209,3.47262,1,4750.804479122162,PCSK1N
ENSG00000110063,4753.0,11.954454,3.394058,1,4751.804554581642,ENSG00000110063
ENSG00000084636,4754.0,11.954372,6.6341662,1,4752.804562807083,ENSG00000084636
ENSG00000109452,4755.0,11.951382,0.93958694,1,4753.804861783981,ENSG00000109452
ENSG00000105875,4756.0,11.948035,4.5359,1,4754.805196523666,ENSG00000105875
ENSG00000000457,4757.0,11.943722,1.7952464,1,4755.805627822876,ENSG00000000457
ENSG00000143458,4758.0,11.942408,2.4620907,1,4756.805759191513,ENSG00000143458
ENSG00000050748,4759.0,11.939485,2.3877745,1,4757.806051492691,ENSG00000050748
ENSG00000115129,4760.0,11.938732,4.403817,1,4758.806126832962,ENSG00000115129
ENSG00000148362,4761.0,11.9366455,0.5425703,1,4759.806335449219,ENSG00000148362
ENSG00000014919,4762.0,11.935405,1.932992,1,4760.806459546089,ENSG00000014919
ENSG00000182197,4763.0,11.925026,5.512505,1,4761.807497382164,ENSG00000182197
ENSG00000157106,4764.0,11.923863,5.88558,1,4762.807613611221,ENSG00000157106
ENSG00000173531,4765.0,11.923813,4.3004036,1,4763.807618737221,ENSG00000173531
ENSG00000142166,4766.0,11.923807,2.5323558,1,4764.807619333267,ENSG00000142166
ENSG00000088298,4767.0,11.921996,2.4616356,1,4765.807800412178,ENSG00000088298
ENSG00000103018,4768.0,11.92179,4.7427516,1,4766.807821035385,ENSG00000103018
ENSG00000166199,4769.0,11.921543,4.467946,1,4767.807845711708,ENSG00000166199
ENSG00000123836,4770.0,11.920806,3.2103739,1,4768.807919383049,ENSG00000123836
ENSG00000134153,4771.0,11.91779,7.901939,1,4769.808220982552,ENSG00000134153
ENSG00000169814,4772.0,11.914279,4.4833927,1,4770.808572053909,ENSG00000169814
ENSG00000148229,4773.0,11.911803,4.6131935,1,4771.808819651604,ENSG00000148229
ENSG00000083635,4774.0,11.910251,5.1084685,1,4772.808974981308,ENSG00000083635
ENSG00000119862,4775.0,11.904669,5.9652896,1,4773.809533119202,ENSG00000119862
ENSG00000116679,4776.0,11.90222,12.937057,1,4774.809777975082,ENSG00000116679
ENSG00000167378,4777.0,11.900895,1.3200417,1,4775.809910535812,ENSG00000167378
ENSG00000178397,4778.0,11.898902,3.5634375,1,4776.8101098537445,ENSG00000178397
ENSG00000106144,4779.0,11.894973,3.0691884,1,4777.810502767563,ENSG00000106144
ENSG00000163781,4780.0,11.8930235,1.9760593,1,4778.810697674751,ENSG00000163781
ENSG00000124249,4781.0,11.882642,5.46427,1,4779.811735868454,ENSG00000124249
ENSG00000158062,4782.0,11.8819475,2.6113079,1,4780.8118052482605,ENSG00000158062
ENSG00000141627,4783.0,11.880468,3.3943176,1,4781.811953186989,ENSG00000141627
ENSG00000133773,4784.0,11.88005,2.9275382,1,4782.8119950294495,ENSG00000133773
ENSG00000185565,4785.0,11.877706,9.652736,1,4783.812229394913,ENSG00000185565
ENSG00000197008,4786.0,11.874121,2.4056647,1,4784.812587976456,ENSG00000197008
ENSG00000115459,4787.0,11.872968,2.1698997,1,4785.812703251839,ENSG00000115459
ENSG00000183674,4788.0,11.867135,12.972152,1,4786.8132865428925,ENSG00000183674
ENSG00000164080,4789.0,11.866988,2.9855862,1,4787.813301205635,ENSG00000164080
ENSG00000140025,4790.0,11.864074,3.8615966,1,4788.813592672348,ENSG00000140025
ENSG00000183337,4791.0,11.861906,3.1015873,1,4789.813809394836,ENSG00000183337
ENSG00000135951,4792.0,11.856832,4.1196027,1,4790.814316868782,ENSG00000135951
ENSG00000122008,4793.0,11.855319,2.9313023,1,4791.8144681453705,ENSG00000122008
ENSG00000131375,4794.0,11.855281,2.5285146,1,4792.814471960068,ENSG00000131375
ENSG00000258289,4795.0,11.854341,4.6800127,1,4793.814565896988,ENSG00000258289
ENSG00000196670,4796.0,11.849573,2.3310952,1,4794.815042734146,ENSG00000196670
ENSG00000163482,4797.0,11.845756,4.918997,1,4795.815424442291,ENSG00000163482
ENSG00000177042,4798.0,11.842412,2.5025642,1,4796.815758824348,ENSG00000177042
ENSG00000162409,4799.0,11.839587,5.6022215,1,4797.816041231155,ENSG00000162409
ENSG00000137992,4800.0,11.8387,1.7267649,1,4798.816129922867,ENSG00000137992
ENSG00000196678,4801.0,11.837044,4.907826,1,4799.816295623779,ENSG00000196678
ENSG00000253797,4802.0,11.836419,2.6278272,1,4800.816358089447,ENSG00000253797
ENSG00000168872,4803.0,11.829866,3.6601946,1,4801.817013382912,ENSG00000168872
ENSG00000123975,4804.0,11.827718,7.5205474,1,4802.817228198051,ENSG00000123975
ENSG00000137414,4805.0,11.826779,2.8397663,1,4803.817322015762,ENSG00000137414
ENSG00000164294,4806.0,11.825683,5.5929556,1,4804.817431688309,ENSG00000164294
ENSG00000110013,4807.0,11.824438,2.7388568,1,4805.817556142807,ENSG00000110013
ENSG00000163166,4808.0,11.823987,4.3579693,1,4806.817601323128,ENSG00000163166
ENSG00000060688,4809.0,11.822618,5.6506677,1,4807.817738294601,ENSG00000060688
ENSG00000070404,4810.0,11.821967,5.0672956,1,4808.817803263664,ENSG00000070404
ENSG00000169855,4811.0,11.818645,5.9902725,1,4809.818135499954,ENSG00000169855
ENSG00000110880,4812.0,11.817035,10.17947,1,4810.818296551704,ENSG00000110880
ENSG00000186409,4813.0,11.8092985,2.3814905,1,4811.819070100784,ENSG00000186409
ENSG00000292366,4814.0,11.808302,4.969949,1,4812.81916975975,ENSG00000292366
ENSG00000048342,4815.0,11.807531,4.654288,1,4813.819246888161,ENSG00000048342
ENSG00000147642,4816.0,11.807183,5.182545,1,4814.819281697273,ENSG00000147642
ENSG00000064933,4817.0,11.807124,3.6076045,1,4815.819287538528,ENSG00000064933
ENSG00000134121,4818.0,11.804772,8.164385,1,4816.819522738457,ENSG00000134121
ENSG00000170264,4819.0,11.802928,4.8029475,1,4817.819707155228,ENSG00000170264
ENSG00000121897,4820.0,11.800051,3.255981,1,4818.819994926453,ENSG00000121897
ENSG00000164654,4821.0,11.796637,2.7269173,1,4819.820336341858,ENSG00000164654
ENSG00000117983,4822.0,11.796579,6.243473,1,4820.820342063904,ENSG00000117983
ENSG00000135002,4823.0,11.795625,3.4871154,1,4821.820437550545,ENSG00000135002
ENSG00000197785,4824.0,11.794134,3.166472,1,4822.820586562157,ENSG00000197785
ENSG00000176834,4825.0,11.791856,2.9537966,1,4823.820814371109,ENSG00000176834
ENSG00000196455,4826.0,11.791658,4.243131,1,4824.820834159851,ENSG00000196455
ENSG00000151474,4827.0,11.79011,3.2973866,1,4825.820989012718,ENSG00000151474
ENSG00000119638,4828.0,11.788399,3.1748922,1,4826.821160078049,ENSG00000119638
ENSG00000148843,4829.0,11.787988,3.1196418,1,4827.821201205254,ENSG00000148843
ENSG00000165416,4830.0,11.786301,5.4389725,1,4828.821369886398,ENSG00000165416
ENSG00000137154,4831.0,11.784836,112.64126,1,4829.821516394615,ENSG00000137154
ENSG00000171467,4832.0,11.782113,2.04605,1,4830.8217886686325,ENSG00000171467
ENSG00000163864,4833.0,11.781753,3.486696,1,4831.821824789047,ENSG00000163864
ENSG00000145782,4834.0,11.77933,5.4215083,1,4832.822067022324,ENSG00000145782
ENSG00000129158,4835.0,11.777086,1.5911465,1,4833.822291374207,ENSG00000129158
ENSG00000016402,4836.0,11.775739,5.25255,1,4834.822426080704,ENSG00000016402
ENSG00000177853,4837.0,11.775696,2.7365344,1,4835.822430372238,ENSG00000177853
ENSG00000158008,4838.0,11.775235,11.988724,1,4836.822476506233,ENSG00000158008
ENSG00000132694,4839.0,11.774681,6.0897617,1,4837.822531938553,ENSG00000132694
ENSG00000138814,4840.0,11.774315,2.0978012,1,4838.822568535805,ENSG00000138814
ENSG00000132792,4841.0,11.773908,4.901283,1,4839.8226091861725,ENSG00000132792
ENSG00000173227,4842.0,11.773529,8.766181,1,4840.822647094727,ENSG00000173227
ENSG00000100982,4843.0,11.773147,3.200949,1,4841.8226853609085,ENSG00000100982
ENSG00000161204,4844.0,11.771785,3.582649,1,4842.822821497917,ENSG00000161204
ENSG00000151093,4845.0,11.771209,4.108265,1,4843.822879076004,ENSG00000151093
ENSG00000144744,4846.0,11.767391,4.351756,1,4844.823260903359,ENSG00000144744
ENSG00000151929,4847.0,11.760923,1.3549399,1,4845.823907613754,ENSG00000151929
ENSG00000134294,4848.0,11.760412,10.307335,1,4846.82395875454,ENSG00000134294
ENSG00000165699,4849.0,11.758869,2.6993818,1,4847.8241131305695,ENSG00000165699
ENSG00000158470,4850.0,11.758745,2.445817,1,4848.824125528336,ENSG00000158470
ENSG00000126106,4851.0,11.758275,4.195484,1,4849.824172496796,ENSG00000126106
ENSG00000269713,4852.0,11.756211,1.7633784,1,4850.824378848076,ENSG00000269713
ENSG00000005007,4853.0,11.752882,2.4886873,1,4851.824711799622,ENSG00000005007
ENSG00000177000,4854.0,11.751445,2.5080163,1,4852.824855566025,ENSG00000177000
ENSG00000170364,4855.0,11.749714,3.7846916,1,4853.825028657913,ENSG00000170364
ENSG00000051596,4856.0,11.745704,3.7660754,1,4854.825429677963,ENSG00000051596
ENSG00000133138,4857.0,11.744255,3.0881562,1,4855.82557451725,ENSG00000133138
ENSG00000075131,4858.0,11.74356,4.1339455,1,4856.825644016266,ENSG00000075131
ENSG00000158022,4859.0,11.742891,10.920261,1,4857.825710892677,ENSG00000158022
ENSG00000126214,4860.0,11.742164,4.1879787,1,4858.825783610344,ENSG00000126214
ENSG00000111077,4861.0,11.741719,4.7007456,1,4859.825828075409,ENSG00000111077
ENSG00000148690,4862.0,11.737785,1.874803,1,4860.826221466064,ENSG00000148690
ENSG00000152620,4863.0,11.735887,3.6867552,1,4861.826411366463,ENSG00000152620
ENSG00000152382,4864.0,11.735113,4.2950783,1,4862.826488733292,ENSG00000152382
ENSG00000134686,4865.0,11.730039,3.4003396,1,4863.826996088028,ENSG00000134686
ENSG00000074657,4866.0,11.729509,3.707422,1,4864.8270490169525,ENSG00000074657
ENSG00000088448,4867.0,11.721286,9.867205,1,4865.827871441841,ENSG00000088448
ENSG00000101333,4868.0,11.698898,5.5909476,1,4866.830110192299,ENSG00000101333
ENSG00000170631,4869.0,11.69656,4.103592,1,4867.830343961716,ENSG00000170631
ENSG00000088970,4870.0,11.694984,4.637978,1,4868.8305015563965,ENSG00000088970
ENSG00000149182,4871.0,11.693861,3.2557902,1,4869.830613851547,ENSG00000149182
ENSG00000260027,4872.0,11.692398,5.9698863,1,4870.830760240555,ENSG00000260027
ENSG00000185800,4873.0,11.688043,2.9748693,1,4871.8311957120895,ENSG00000185800
ENSG00000221926,4874.0,11.687429,4.177642,1,4872.831257104874,ENSG00000221926
ENSG00000125450,4875.0,11.685432,4.31852,1,4873.831456780434,ENSG00000125450
ENSG00000181826,4876.0,11.675976,5.3634267,1,4874.832402467728,ENSG00000181826
ENSG00000116198,4877.0,11.67476,2.307775,1,4875.832524061203,ENSG00000116198
ENSG00000156931,4878.0,11.674688,4.0114164,1,4876.83253121376,ENSG00000156931
ENSG00000175198,4879.0,11.672399,4.6995068,1,4877.832760095596,ENSG00000175198
ENSG00000124587,4880.0,11.6690445,3.101807,1,4878.833095550537,ENSG00000124587
ENSG00000115828,4881.0,11.665968,33.408134,1,4879.833403229713,ENSG00000115828
ENSG00000171224,4882.0,11.664285,3.6869056,1,4880.83357155323,ENSG00000171224
ENSG00000118298,4883.0,11.663272,14.2790165,1,4881.833672761917,ENSG00000118298
ENSG00000133131,4884.0,11.6629095,5.5136285,1,4882.833709001541,ENSG00000133131
ENSG00000181045,4885.0,11.660623,3.933096,1,4883.833937764168,ENSG00000181045
ENSG00000166452,4886.0,11.660449,3.9760473,1,4884.833955049515,ENSG00000166452
ENSG00000187713,4887.0,11.655677,2.5917492,1,4885.83443236351,ENSG00000187713
ENSG00000169255,4888.0,11.653918,4.6841664,1,4886.834608197212,ENSG00000169255
ENSG00000158258,4889.0,11.651034,5.673543,1,4887.834896564484,ENSG00000158258
ENSG00000177879,4890.0,11.650615,6.788866,1,4888.834938526154,ENSG00000177879
ENSG00000198598,4891.0,11.6480055,8.762467,1,4889.835199475288,ENSG00000198598
ENSG00000120053,4892.0,11.64653,3.4448624,1,4890.83534693718,ENSG00000120053
ENSG00000101246,4893.0,11.64198,3.0355887,1,4891.835801959038,ENSG00000101246
ENSG00000089154,4894.0,11.641133,2.52416,1,4892.835886716843,ENSG00000089154
ENSG00000102931,4895.0,11.636918,5.341999,1,4893.8363082408905,ENSG00000102931
ENSG00000135540,4896.0,11.635442,6.5631814,1,4894.836455821991,ENSG00000135540
ENSG00000267673,4897.0,11.632085,5.8801045,1,4895.83679151535,ENSG00000267673
ENSG00000206560,4898.0,11.630466,6.673357,1,4896.836953401566,ENSG00000206560
ENSG00000196235,4899.0,11.629302,3.8653977,1,4897.837069749832,ENSG00000196235
ENSG00000177666,4900.0,11.628933,1.8948001,1,4898.837106704712,ENSG00000177666
ENSG00000158828,4901.0,11.626836,3.1201568,1,4899.837316393852,ENSG00000158828
ENSG00000143971,4902.0,11.622333,2.606032,1,4900.837766766548,ENSG00000143971
ENSG00000175220,4903.0,11.622328,2.1652977,1,4901.837767243385,ENSG00000175220
ENSG00000083838,4904.0,11.620776,5.833441,1,4902.837922334671,ENSG00000083838
ENSG00000172845,4905.0,11.620163,1.8599404,1,4903.837983727455,ENSG00000172845
ENSG00000058085,4906.0,11.619078,4.9088397,1,4904.838092207909,ENSG00000058085
ENSG00000092096,4907.0,11.618783,2.9511623,1,4905.838121652603,ENSG00000092096
ENSG00000073536,4908.0,11.616347,3.9281044,1,4906.838365316391,ENSG00000073536
ENSG00000146909,4909.0,11.615766,3.174684,1,4907.838423490524,ENSG00000146909
ENSG00000292338,4910.0,11.612688,2.6182973,1,4908.838731169701,ENSG00000292338
ENSG00000157540,4911.0,11.612213,1.7043294,1,4909.838778734207,ENSG00000157540
ENSG00000145390,4912.0,11.610723,3.8817174,1,4910.838927745819,ENSG00000145390
ENSG00000265681,4913.0,11.60835,105.39428,1,4911.839164972305,ENSG00000265681
ENSG00000163872,4914.0,11.608161,1.604589,1,4912.839183926582,ENSG00000163872
ENSG00000148344,4915.0,11.605522,3.6384952,1,4913.83944773674,ENSG00000148344
ENSG00000167972,4916.0,11.60466,4.573295,1,4914.839534044266,ENSG00000167972
ENSG00000164742,4917.0,11.599261,4.4276075,1,4915.840073823929,ENSG00000164742
ENSG00000009830,4918.0,11.598242,3.8747914,1,4916.840175867081,ENSG00000009830
ENSG00000215717,4919.0,11.595209,2.120066,1,4917.840479135513,ENSG00000215717
ENSG00000106268,4920.0,11.592609,3.6504817,1,4918.8407390117645,ENSG00000106268
ENSG00000127419,4921.0,11.590832,2.7613678,1,4919.8409168720245,ENSG00000127419
ENSG00000087095,4922.0,11.588737,3.1437125,1,4920.841126322746,ENSG00000087095
ENSG00000170365,4923.0,11.586568,2.2825294,1,4921.841343164444,ENSG00000170365
ENSG00000256061,4924.0,11.581936,5.0279946,1,4922.841806411743,ENSG00000256061
ENSG00000188483,4925.0,11.581563,2.6677897,1,4923.841843724251,ENSG00000188483
ENSG00000163528,4926.0,11.575758,4.6720405,1,4924.842424154282,ENSG00000163528
ENSG00000204439,4927.0,11.570872,2.7094436,1,4925.84291279316,ENSG00000204439
ENSG00000160087,4928.0,11.570613,2.9321244,1,4926.842938661575,ENSG00000160087
ENSG00000130811,4929.0,11.569785,12.704402,1,4927.843021512032,ENSG00000130811
ENSG00000007062,4930.0,11.563733,6.17102,1,4928.843626737595,ENSG00000007062
ENSG00000129933,4931.0,11.561177,3.3756962,1,4929.843882322311,ENSG00000129933
ENSG00000164070,4932.0,11.560876,5.2689686,1,4930.843912363052,ENSG00000164070
ENSG00000167522,4933.0,11.55957,2.737128,1,4931.844043016434,ENSG00000167522
ENSG00000011347,4934.0,11.552399,6.4794087,1,4932.84476017952,ENSG00000011347
ENSG00000044446,4935.0,11.548065,2.3057466,1,4933.845193505287,ENSG00000044446
ENSG00000030066,4936.0,11.544383,3.2705028,1,4934.845561742783,ENSG00000030066
ENSG00000188021,4937.0,11.54353,2.8649874,1,4935.845646977425,ENSG00000188021
ENSG00000104812,4938.0,11.542411,2.910214,1,4936.845758914948,ENSG00000104812
ENSG00000173588,4939.0,11.541328,3.3311396,1,4937.845867156982,ENSG00000173588
ENSG00000003756,4940.0,11.541255,5.182648,1,4938.845874547958,ENSG00000003756
ENSG00000176771,4941.0,11.540839,6.43996,1,4939.845916032791,ENSG00000176771
ENSG00000144357,4942.0,11.5387125,1.8746171,1,4940.846128702164,ENSG00000144357
ENSG00000159069,4943.0,11.536454,2.8797624,1,4941.846354603767,ENSG00000159069
ENSG00000143324,4944.0,11.535698,1.9851063,1,4942.846430182457,ENSG00000143324
ENSG00000172977,4945.0,11.5332985,3.8537235,1,4943.846670150757,ENSG00000172977
ENSG00000110274,4946.0,11.533258,2.071665,1,4944.846674203873,ENSG00000110274
ENSG00000115760,4947.0,11.531289,0.5766103,1,4945.846871137619,ENSG00000115760
ENSG00000188290,4948.0,11.525699,1.7313315,1,4946.847430109978,ENSG00000188290
ENSG00000234608,4949.0,11.525428,4.213728,1,4947.847457170486,ENSG00000234608
ENSG00000115750,4950.0,11.525085,3.7803953,1,4948.847491502762,ENSG00000115750
ENSG00000115241,4951.0,11.5216465,4.388021,1,4949.847835302353,ENSG00000115241
ENSG00000116954,4952.0,11.521498,2.0343175,1,4950.847850203514,ENSG00000116954
ENSG00000178467,4953.0,11.513155,0.51708347,1,4951.848684549332,ENSG00000178467
ENSG00000090857,4954.0,11.512258,2.6295555,1,4952.848774194717,ENSG00000090857
ENSG00000156113,4955.0,11.509935,1.3418258,1,4953.849006414413,ENSG00000156113
ENSG00000110921,4956.0,11.508248,4.1270695,1,4954.849175214768,ENSG00000110921
ENSG00000162642,4957.0,11.505993,3.672487,1,4955.849400758743,ENSG00000162642
ENSG00000132603,4958.0,11.505738,4.8137045,1,4956.849426150322,ENSG00000132603
ENSG00000004846,4959.0,11.504115,14.7024145,1,4957.849588513374,ENSG00000004846
ENSG00000108946,4960.0,11.497912,16.436289,1,4958.850208759308,ENSG00000108946
ENSG00000221821,4961.0,11.497868,2.6684315,1,4959.850213289261,ENSG00000221821
ENSG00000100979,4962.0,11.497741,9.83897,1,4960.850225925446,ENSG00000100979
ENSG00000227124,4963.0,11.495553,5.3373013,1,4961.850444674492,ENSG00000227124
ENSG00000116560,4964.0,11.494968,4.483592,1,4962.850503206253,ENSG00000116560
ENSG00000181350,4965.0,11.491705,5.805533,1,4963.850829482079,ENSG00000181350
ENSG00000198551,4966.0,11.484058,3.4664633,1,4964.851594209671,ENSG00000198551
ENSG00000159086,4967.0,11.483409,2.2965105,1,4965.8516590595245,ENSG00000159086
ENSG00000153904,4968.0,11.482094,4.6498966,1,4966.85179066658,ENSG00000153904
ENSG00000197261,4969.0,11.478668,5.1970563,1,4967.852133154869,ENSG00000197261
ENSG00000145780,4970.0,11.47828,2.440725,1,4968.8521720170975,ENSG00000145780
ENSG00000171928,4971.0,11.477408,3.922905,1,4969.852259159088,ENSG00000171928
ENSG00000213445,4972.0,11.469981,1.2866987,1,4970.853001832962,ENSG00000213445
ENSG00000186814,4973.0,11.469633,1.9395877,1,4971.853036642075,ENSG00000186814
ENSG00000136457,4974.0,11.468464,10.315764,1,4972.853153586388,ENSG00000136457
ENSG00000119986,4975.0,11.46821,5.921975,1,4973.853178977966,ENSG00000119986
ENSG00000116095,4976.0,11.465615,1.5896239,1,4974.85343849659,ENSG00000116095
ENSG00000125741,4977.0,11.464798,1.6895114,1,4975.853520154953,ENSG00000125741
ENSG00000135974,4978.0,11.463842,2.6567774,1,4976.853615760803,ENSG00000135974
ENSG00000133657,4979.0,11.462953,1.18525,1,4977.853704690933,ENSG00000133657
ENSG00000127955,4980.0,11.454267,9.085375,1,4978.854573369026,ENSG00000127955
ENSG00000033011,4981.0,11.446778,2.9980886,1,4979.855322122574,ENSG00000033011
ENSG00000165832,4982.0,11.446425,2.6215203,1,4980.855357408524,ENSG00000165832
ENSG00000186472,4983.0,11.445142,9.657378,1,4981.855485796928,ENSG00000186472
ENSG00000198874,4984.0,11.440526,2.2710388,1,4982.855947375298,ENSG00000198874
ENSG00000120370,4985.0,11.438718,3.6554985,1,4983.85612821579,ENSG00000120370
ENSG00000213246,4986.0,11.437723,5.5413265,1,4984.856227636337,ENSG00000213246
ENSG00000141965,4987.0,11.433989,2.635037,1,4985.856601119041,ENSG00000141965
ENSG00000100505,4988.0,11.431107,6.870396,1,4986.856889367104,ENSG00000100505
ENSG00000120696,4989.0,11.430137,3.225371,1,4987.856986284256,ENSG00000120696
ENSG00000197780,4990.0,11.427891,5.023112,1,4988.8572108745575,ENSG00000197780
ENSG00000142444,4991.0,11.422573,3.3081527,1,4989.857742667198,ENSG00000142444
ENSG00000114737,4992.0,11.4198885,1.1559048,1,4990.858011126518,ENSG00000114737
ENSG00000167741,4993.0,11.419479,1.6346915,1,4991.858052015305,ENSG00000167741
ENSG00000143951,4994.0,11.41816,3.8197887,1,4992.858183979988,ENSG00000143951
ENSG00000183421,4995.0,11.412322,13.774235,1,4993.858767747879,ENSG00000183421
ENSG00000166295,4996.0,11.409335,1.9451929,1,4994.859066486359,ENSG00000166295
ENSG00000115540,4997.0,11.404839,4.8198466,1,4995.859516143799,ENSG00000115540
ENSG00000164180,4998.0,11.402644,2.7823746,1,4996.859735608101,ENSG00000164180
ENSG00000110484,4999.0,11.401748,28.717749,1,4997.859825253487,SCGB2A2
ENSG00000164039,5000.0,11.397847,4.773353,1,4998.860215306282,ENSG00000164039
ENSG00000171766,5001.0,11.397619,0.56776,1,4999.860238075256,ENSG00000171766
ENSG00000165802,5002.0,11.395398,2.4620807,1,5000.860460162163,ENSG00000165802
ENSG00000167770,5003.0,11.394156,4.018796,1,5001.8605843782425,ENSG00000167770
ENSG00000167880,5004.0,11.390174,8.53832,1,5002.860982656479,ENSG00000167880
ENSG00000095787,5005.0,11.390131,2.8854406,1,5003.860986948013,ENSG00000095787
ENSG00000144535,5006.0,11.38949,3.2767682,1,5004.861050963402,ENSG00000144535
ENSG00000221867,5007.0,11.386955,11.755285,1,5005.861304521561,ENSG00000221867
ENSG00000143850,5008.0,11.386689,5.213318,1,5006.861331105232,ENSG00000143850
ENSG00000157227,5009.0,11.385004,0.9670162,1,5007.861499547958,ENSG00000157227
ENSG00000131148,5010.0,11.384562,4.0893383,1,5008.861543893814,ENSG00000131148
ENSG00000135750,5011.0,11.380814,5.5411735,1,5009.86191868782,ENSG00000135750
ENSG00000240405,5012.0,11.379908,10.884431,1,5010.8620092868805,ENSG00000240405
ENSG00000147883,5013.0,11.370796,4.917308,1,5011.8629204034805,ENSG00000147883
ENSG00000138433,5014.0,11.370187,2.8435123,1,5012.862981319428,ENSG00000138433
ENSG00000137558,5015.0,11.365726,10.095266,1,5013.863427400589,ENSG00000137558
ENSG00000099290,5016.0,11.364297,3.0845582,1,5014.863570332527,ENSG00000099290
ENSG00000197296,5017.0,11.360796,5.687593,1,5015.863920450211,ENSG00000197296
ENSG00000065135,5018.0,11.359427,3.7237725,1,5016.864057302475,ENSG00000065135
ENSG00000225973,5019.0,11.357364,3.6006002,1,5017.864263653755,ENSG00000225973
ENSG00000099991,5020.0,11.356617,2.2904336,1,5018.86433827877,ENSG00000099991
ENSG00000251580,5021.0,11.356511,3.9643817,1,5019.864348888397,ENSG00000251580
ENSG00000174165,5022.0,11.355426,1.6775081,1,5020.864457368851,ENSG00000174165
ENSG00000170955,5023.0,11.350938,4.771597,1,5021.864906191826,ENSG00000170955
ENSG00000130816,5024.0,11.348262,3.2261858,1,5022.865173816681,ENSG00000130816
ENSG00000076706,5025.0,11.3434305,8.274371,1,5023.865656971932,ENSG00000076706
ENSG00000082258,5026.0,11.339032,2.7005558,1,5024.866096735001,ENSG00000082258
ENSG00000082458,5027.0,11.331302,1.7945741,1,5025.866869807243,ENSG00000082458
ENSG00000134769,5028.0,11.328911,5.5427017,1,5026.867108941078,ENSG00000134769
ENSG00000131051,5029.0,11.326827,13.84682,1,5027.867317318916,ENSG00000131051
ENSG00000185621,5030.0,11.323519,5.8408165,1,5028.867648124695,ENSG00000185621
ENSG00000142168,5031.0,11.320701,14.607598,1,5029.867929935455,ENSG00000142168
ENSG00000028310,5032.0,11.318856,2.4247842,1,5030.868114352226,ENSG00000028310
ENSG00000139974,5033.0,11.317147,5.517945,1,5031.868285298348,ENSG00000139974
ENSG00000117523,5034.0,11.314165,8.992196,1,5032.868583440781,ENSG00000117523
ENSG00000125247,5035.0,11.313806,3.850451,1,5033.868619441986,ENSG00000125247
ENSG00000135473,5036.0,11.3102045,4.033767,1,5034.86897957325,ENSG00000135473
ENSG00000160294,5037.0,11.309836,2.2083204,1,5035.86901640892,ENSG00000160294
ENSG00000140043,5038.0,11.309502,4.5581846,1,5036.869049787521,ENSG00000140043
ENSG00000213281,5039.0,11.30552,6.25931,1,5037.8694479465485,ENSG00000213281
ENSG00000169813,5040.0,11.303131,11.105492,1,5038.869686841965,ENSG00000169813
ENSG00000129071,5041.0,11.300516,0.96857196,1,5039.869948387146,ENSG00000129071
ENSG00000165282,5042.0,11.299212,1.8610406,1,5040.870078802109,ENSG00000165282
ENSG00000156521,5043.0,11.295341,0.709241,1,5041.870465993881,ENSG00000156521
ENSG00000198730,5044.0,11.291912,2.9989183,1,5042.870808839798,ENSG00000198730
ENSG00000122692,5045.0,11.2850685,3.8872068,1,5043.87149310112,ENSG00000122692
ENSG00000011275,5046.0,11.282738,1.633256,1,5044.87172627449,ENSG00000011275
ENSG00000163083,5047.0,11.279434,4.035392,1,5045.872056603432,ENSG00000163083
ENSG00000119630,5048.0,11.2794,7.495062,1,5046.872060060501,ENSG00000119630
ENSG00000130787,5049.0,11.27888,1.7725592,1,5047.872112035751,ENSG00000130787
ENSG00000165240,5050.0,11.277062,2.530541,1,5048.872293710709,ENSG00000165240
ENSG00000079150,5051.0,11.275803,6.0837317,1,5049.872419714928,ENSG00000079150
ENSG00000099804,5052.0,11.275055,2.4491484,1,5050.872494459152,ENSG00000099804
ENSG00000140259,5053.0,11.273113,3.1413815,1,5051.872688651085,ENSG00000140259
ENSG00000157895,5054.0,11.271872,3.2093465,1,5052.872812867165,ENSG00000157895
ENSG00000038002,5055.0,11.2715645,2.6049209,1,5053.872843503952,ENSG00000038002
ENSG00000169902,5056.0,11.270549,5.0366955,1,5054.872945070267,ENSG00000169902
ENSG00000174748,5057.0,11.269982,176.3469,1,5055.873001813889,ENSG00000174748
ENSG00000188636,5058.0,11.266163,3.2842095,1,5056.873383760452,ENSG00000188636
ENSG00000179933,5059.0,11.2658,5.067551,1,5057.873420000076,ENSG00000179933
ENSG00000078061,5060.0,11.264753,2.246391,1,5058.8735246658325,ENSG00000078061
ENSG00000081277,5061.0,11.26414,8.311175,1,5059.873585939407,ENSG00000081277
ENSG00000147439,5062.0,11.262821,5.233765,1,5060.873717904091,ENSG00000147439
ENSG00000041982,5063.0,11.262581,5.095055,1,5061.873741865158,ENSG00000041982
ENSG00000152256,5064.0,11.262402,2.8716145,1,5062.873759865761,ENSG00000152256
ENSG00000166685,5065.0,11.256934,4.2354836,1,5063.874306559563,ENSG00000166685
ENSG00000213160,5066.0,11.256099,4.2975755,1,5064.874390125275,ENSG00000213160
ENSG00000164347,5067.0,11.254476,4.7978806,1,5065.874552488327,ENSG00000164347
ENSG00000183891,5068.0,11.25394,2.9207,1,5066.874606013298,ENSG00000183891
ENSG00000133961,5069.0,11.248504,1.6807629,1,5067.875149607658,ENSG00000133961
ENSG00000139410,5070.0,11.247885,3.8757296,1,5068.87521147728,ENSG00000139410
ENSG00000089248,5071.0,11.245781,7.5699167,1,5069.875421881676,ENSG00000089248
ENSG00000135966,5072.0,11.239747,2.9105704,1,5070.876025319099,ENSG00000135966
ENSG00000198948,5073.0,11.238615,7.801303,1,5071.876138448715,ENSG00000198948
ENSG00000215790,5074.0,11.2385645,2.267359,1,5072.876143574715,ENSG00000215790
ENSG00000160785,5075.0,11.236118,3.2549007,1,5073.876388192177,ENSG00000160785
ENSG00000118508,5076.0,11.234739,5.099342,1,5074.876526117325,ENSG00000118508
ENSG00000070367,5077.0,11.2338,3.7706196,1,5075.876620054245,ENSG00000070367
ENSG00000175215,5078.0,11.226303,2.7301676,1,5076.877369642258,ENSG00000175215
ENSG00000164171,5079.0,11.224972,3.3335605,1,5077.877502799034,ENSG00000164171
ENSG00000196865,5080.0,11.219971,1.8420124,1,5078.878002882004,ENSG00000196865
ENSG00000102048,5081.0,11.211504,11.217243,1,5079.878849625588,ENSG00000102048
ENSG00000136758,5082.0,11.21101,2.1910055,1,5080.878898978233,ENSG00000136758
ENSG00000091542,5083.0,11.210432,2.4064667,1,5081.878956794739,ENSG00000091542
ENSG00000170745,5084.0,11.20524,4.9798417,1,5082.879475951195,ENSG00000170745
ENSG00000166886,5085.0,11.204547,3.7878036,1,5083.879545331001,ENSG00000166886
ENSG00000101152,5086.0,11.204085,1.7611945,1,5084.879591464996,ENSG00000101152
ENSG00000166136,5087.0,11.204016,9.317801,1,5085.879598379135,ENSG00000166136
ENSG00000198265,5088.0,11.202193,3.516553,1,5086.879780650139,ENSG00000198265
ENSG00000182108,5089.0,11.200306,2.1601067,1,5087.879969358444,ENSG00000182108
ENSG00000163331,5090.0,11.199772,8.164002,1,5088.880022764206,ENSG00000163331
ENSG00000101138,5091.0,11.198447,4.6931553,1,5089.880155324936,ENSG00000101138
ENSG00000111785,5092.0,11.196316,3.7902076,1,5090.880368471146,ENSG00000111785
ENSG00000171953,5093.0,11.196216,4.403142,1,5091.880378484726,ENSG00000171953
ENSG00000215305,5094.0,11.195714,4.5175486,1,5092.880428552628,ENSG00000215305
ENSG00000114739,5095.0,11.194457,5.5776944,1,5093.880554318428,ENSG00000114739
ENSG00000058056,5096.0,11.19221,3.6561651,1,5094.880779027939,ENSG00000058056
ENSG00000242028,5097.0,11.191959,5.7381353,1,5095.88080406189,ENSG00000242028
ENSG00000255857,5098.0,11.188501,2.8116105,1,5096.881149888039,ENSG00000255857
ENSG00000154080,5099.0,11.187708,15.083275,1,5097.881229162216,ENSG00000154080
ENSG00000041880,5100.0,11.183539,2.9144242,1,5098.881646037102,ENSG00000041880
ENSG00000109171,5101.0,11.181574,2.2025495,1,5099.88184261322,ENSG00000109171
ENSG00000165097,5102.0,11.180066,3.56164,1,5100.881993412972,ENSG00000165097
ENSG00000263956,5103.0,11.179377,2.9889576,1,5101.882062315941,ENSG00000263956
ENSG00000151348,5104.0,11.179265,4.079531,1,5102.882073521614,ENSG00000151348
ENSG00000128513,5105.0,11.177532,3.6799207,1,5103.882246732712,ENSG00000128513
ENSG00000174227,5106.0,11.175967,4.101597,1,5104.882403254509,ENSG00000174227
ENSG00000162769,5107.0,11.174937,1.601404,1,5105.882506251335,ENSG00000162769
ENSG00000107521,5108.0,11.173113,3.9983046,1,5106.882688760757,ENSG00000107521
ENSG00000006468,5109.0,11.168692,4.3170714,1,5107.883130788803,ENSG00000006468
ENSG00000178188,5110.0,11.165808,1.5662411,1,5108.883419275284,ENSG00000178188
ENSG00000089682,5111.0,11.165482,1.8066558,1,5109.88345181942,ENSG00000089682
ENSG00000059691,5112.0,11.165421,5.015403,1,5110.883457899094,ENSG00000059691
ENSG00000154803,5113.0,11.164955,4.478384,1,5111.883504509926,ENSG00000154803
ENSG00000180098,5114.0,11.161791,2.7208495,1,5112.88382089138,ENSG00000180098
ENSG00000114670,5115.0,11.160268,6.4242992,1,5113.883973240852,ENSG00000114670
ENSG00000163069,5116.0,11.155406,3.057642,1,5114.884459376335,ENSG00000163069
ENSG00000181690,5117.0,11.152068,6.139934,1,5115.884793162346,ENSG00000181690
ENSG00000122971,5118.0,11.148136,3.2415621,1,5116.885186433792,ENSG00000122971
ENSG00000174796,5119.0,11.145955,2.513591,1,5117.885404467583,ENSG00000174796
ENSG00000174749,5120.0,11.145134,2.392752,1,5118.885486602783,ENSG00000174749
ENSG00000145945,5121.0,11.145078,2.5987408,1,5119.88549220562,ENSG00000145945
ENSG00000138050,5122.0,11.143951,2.4042594,1,5120.885604858398,ENSG00000138050
ENSG00000107897,5123.0,11.143766,2.0692058,1,5121.885623335838,ENSG00000107897
ENSG00000112357,5124.0,11.138074,4.0895977,1,5122.886192560196,ENSG00000112357
ENSG00000127870,5125.0,11.137084,2.2813146,1,5123.886291623116,ENSG00000127870
ENSG00000235173,5126.0,11.134839,3.91886,1,5124.886516094208,ENSG00000235173
ENSG00000168754,5127.0,11.131971,8.932917,1,5125.886802911758,ENSG00000168754
ENSG00000100485,5128.0,11.123491,1.8178389,1,5126.887650847435,ENSG00000100485
ENSG00000119446,5129.0,11.116223,3.2796886,1,5127.888377666473,ENSG00000119446
ENSG00000141429,5130.0,11.115582,1.437116,1,5128.888441801071,ENSG00000141429
ENSG00000077157,5131.0,11.111983,2.3232954,1,5129.888801693916,ENSG00000077157
ENSG00000006210,5132.0,11.10976,4.838091,1,5130.889024019241,ENSG00000006210
ENSG00000135945,5133.0,11.106738,2.3930633,1,5131.88932621479,ENSG00000135945
ENSG00000219545,5134.0,11.104436,3.4760964,1,5132.8895564079285,ENSG00000219545
ENSG00000046651,5135.0,11.102615,1.0327846,1,5133.889738440514,ENSG00000046651
ENSG00000021776,5136.0,11.102272,1.7176198,1,5134.889772772789,ENSG00000021776
ENSG00000156239,5137.0,11.101222,3.6233878,1,5135.889877796173,ENSG00000156239
ENSG00000021762,5138.0,11.098878,2.4269612,1,5136.890112161636,ENSG00000021762
ENSG00000052795,5139.0,11.098085,3.3868654,1,5137.890191435814,ENSG00000052795
ENSG00000151726,5140.0,11.093308,2.8289888,1,5138.890669107437,ENSG00000151726
ENSG00000105607,5141.0,11.091697,2.6174746,1,5139.890830278397,ENSG00000105607
ENSG00000107651,5142.0,11.090116,2.8477805,1,5140.890988469124,ENSG00000107651
ENSG00000130309,5143.0,11.087874,2.7997506,1,5141.891212582588,ENSG00000130309
ENSG00000173914,5144.0,11.087264,3.1317213,1,5142.891273617744,ENSG00000173914
ENSG00000215375,5145.0,11.082845,3.9263058,1,5143.891715526581,ENSG00000215375
ENSG00000172425,5146.0,11.081539,8.457516,1,5144.891846060753,ENSG00000172425
ENSG00000104756,5147.0,11.080706,1.4193095,1,5145.891929388046,ENSG00000104756
ENSG00000002822,5148.0,11.077483,8.5006275,1,5146.892251729965,ENSG00000002822
ENSG00000136051,5149.0,11.072237,3.6750202,1,5147.892776250839,ENSG00000136051
ENSG00000075089,5150.0,11.070993,3.346835,1,5148.8929007053375,ENSG00000075089
ENSG00000130558,5151.0,11.070022,3.8491697,1,5149.8929978609085,ENSG00000130558
ENSG00000100014,5152.0,11.06999,3.3726404,1,5150.89300096035,ENSG00000100014
ENSG00000138381,5153.0,11.069517,4.2319446,1,5151.893048286438,ENSG00000138381
ENSG00000189376,5154.0,11.064856,3.1749346,1,5152.89351439476,ENSG00000189376
ENSG00000102974,5155.0,11.06441,1.7944907,1,5153.893558979034,ENSG00000102974
ENSG00000112658,5156.0,11.061679,1.6902373,1,5154.893832087517,ENSG00000112658
ENSG00000097096,5157.0,11.058866,3.6182292,1,5155.89411342144,ENSG00000097096
ENSG00000175105,5158.0,11.058324,2.7412035,1,5156.894167661667,ENSG00000175105
ENSG00000076826,5159.0,11.054841,9.108208,1,5157.894515872002,ENSG00000076826
ENSG00000139324,5160.0,11.050726,2.381894,1,5158.894927382469,ENSG00000139324
ENSG00000174744,5161.0,11.050535,3.3060153,1,5159.894946455956,ENSG00000174744
ENSG00000258655,5162.0,11.048687,7.367209,1,5160.895131349564,ENSG00000258655
ENSG00000163320,5163.0,11.045498,2.870584,1,5161.895450234413,ENSG00000163320
ENSG00000112137,5164.0,11.043438,10.419386,1,5162.8956562280655,ENSG00000112137
ENSG00000129347,5165.0,11.043115,2.2806063,1,5163.895688533783,ENSG00000129347
ENSG00000114529,5166.0,11.042768,5.8674164,1,5164.895723223686,ENSG00000114529
ENSG00000104381,5167.0,11.040492,3.7563663,1,5165.89595079422,ENSG00000104381
ENSG00000008018,5168.0,11.037958,12.55648,1,5166.89620423317,ENSG00000008018
ENSG00000136938,5169.0,11.037847,6.5547915,1,5167.8962153196335,ENSG00000136938
ENSG00000136158,5170.0,11.035883,4.727291,1,5168.896411657333,ENSG00000136158
ENSG00000055732,5171.0,11.031436,10.377613,1,5169.896856427193,ENSG00000055732
ENSG00000198042,5172.0,11.031303,3.0761976,1,5170.896869659424,ENSG00000198042
ENSG00000144026,5173.0,11.02917,3.1579692,1,5171.897083044052,ENSG00000144026
ENSG00000104884,5174.0,11.02844,3.9713752,1,5172.897156000137,ENSG00000104884
ENSG00000265369,5175.0,11.024385,7.744923,1,5173.897561430931,ENSG00000265369
ENSG00000152558,5176.0,11.02227,3.0383883,1,5174.89777302742,ENSG00000152558
ENSG00000082438,5177.0,11.02221,3.6668549,1,5175.8977789878845,ENSG00000082438
ENSG00000261150,5178.0,11.0186205,5.940247,1,5176.898137927055,ENSG00000261150
ENSG00000257949,5179.0,11.017221,5.057128,1,5177.898277878761,ENSG00000257949
ENSG00000070950,5180.0,11.014762,3.3845825,1,5178.898523807526,ENSG00000070950
ENSG00000134982,5181.0,11.013412,2.8730867,1,5179.898658752441,ENSG00000134982
ENSG00000186352,5182.0,11.009795,3.4022045,1,5180.899020433426,ENSG00000186352
ENSG00000088826,5183.0,11.007166,5.003394,1,5181.899283409119,ENSG00000088826
ENSG00000131507,5184.0,11.006152,1.9394068,1,5182.899384737015,ENSG00000131507
ENSG00000149948,5185.0,11.003567,8.765607,1,5183.899643301964,ENSG00000149948
ENSG00000157796,5186.0,11.002905,5.779102,1,5184.89970946312,ENSG00000157796
ENSG00000100271,5187.0,10.995259,3.5685942,1,5185.900474071503,ENSG00000100271
ENSG00000033178,5188.0,10.9914255,1.9683517,1,5186.900857448578,ENSG00000033178
ENSG00000136944,5189.0,10.990948,2.4925776,1,5187.900905251503,ENSG00000136944
ENSG00000187609,5190.0,10.990792,2.0311637,1,5188.900920748711,ENSG00000187609
ENSG00000169519,5191.0,10.990264,1.8019023,1,5189.900973558426,ENSG00000169519
ENSG00000240230,5192.0,10.98941,1.8526938,1,5190.901058912277,ENSG00000240230
ENSG00000169231,5193.0,10.979299,4.7147117,1,5191.9020701646805,ENSG00000169231
ENSG00000245750,5194.0,10.978445,3.5439956,1,5192.902155518532,ENSG00000245750
ENSG00000198824,5195.0,10.974394,3.116608,1,5193.902560591698,ENSG00000198824
ENSG00000059122,5196.0,10.974006,2.8363376,1,5194.902599453926,ENSG00000059122
ENSG00000139372,5197.0,10.971717,2.4573975,1,5195.902828335762,ENSG00000139372
ENSG00000043514,5198.0,10.968514,3.638416,1,5196.903148531914,ENSG00000043514
ENSG00000103091,5199.0,10.962385,2.3212726,1,5197.903761506081,ENSG00000103091
ENSG00000147416,5200.0,10.962161,14.100246,1,5198.903783917427,ENSG00000147416
ENSG00000163138,5201.0,10.9555855,4.489419,1,5199.904441475868,ENSG00000163138
ENSG00000185290,5202.0,10.954778,9.18612,1,5200.904522180557,ENSG00000185290
ENSG00000198198,5203.0,10.954694,1.1191504,1,5201.904530644417,ENSG00000198198
ENSG00000196531,5204.0,10.951639,85.01255,1,5202.904836058617,ENSG00000196531
ENSG00000111325,5205.0,10.950846,2.516799,1,5203.904915452004,ENSG00000111325
ENSG00000115363,5206.0,10.949881,8.052348,1,5204.905011892319,ENSG00000115363
ENSG00000118513,5207.0,10.947519,2.8146985,1,5205.905248045921,ENSG00000118513
ENSG00000166394,5208.0,10.946453,6.009743,1,5206.905354738236,ENSG00000166394
ENSG00000127511,5209.0,10.9440565,1.6184675,1,5207.905594348908,ENSG00000127511
ENSG00000179364,5210.0,10.939262,1.4666214,1,5208.90607380867,ENSG00000179364
ENSG00000166529,5211.0,10.938778,4.726165,1,5209.906122207642,ENSG00000166529
ENSG00000102547,5212.0,10.936189,3.492237,1,5210.9063811302185,ENSG00000102547
ENSG00000145331,5213.0,10.935823,3.854153,1,5211.906417608261,ENSG00000145331
ENSG00000269313,5214.0,10.934544,4.342852,1,5212.906545639038,ENSG00000269313
ENSG00000174943,5215.0,10.929665,2.6327138,1,5213.90703356266,ENSG00000174943
ENSG00000155561,5216.0,10.928633,1.9282217,1,5214.907136678696,ENSG00000155561
ENSG00000136811,5217.0,10.914737,3.7863748,1,5215.908526301384,ENSG00000136811
ENSG00000257218,5218.0,10.913499,3.2129066,1,5216.908650159836,ENSG00000257218
ENSG00000147459,5219.0,10.913478,2.3553197,1,5217.908652186394,ENSG00000147459
ENSG00000171365,5220.0,10.906818,5.2760787,1,5218.909318208695,ENSG00000171365
ENSG00000164855,5221.0,10.904305,4.3752437,1,5219.909569501877,ENSG00000164855
ENSG00000102908,5222.0,10.901526,1.3182623,1,5220.909847378731,ENSG00000102908
ENSG00000089902,5223.0,10.901027,1.7921569,1,5221.909897327423,ENSG00000089902
ENSG00000163918,5224.0,10.897757,4.1650887,1,5222.910224318504,ENSG00000163918
ENSG00000009780,5225.0,10.89768,2.3852127,1,5223.910231947899,ENSG00000009780
ENSG00000135632,5226.0,10.89505,4.1674433,1,5224.910495042801,ENSG00000135632
ENSG00000130119,5227.0,10.889998,3.614342,1,5225.911000132561,ENSG00000130119
ENSG00000138835,5228.0,10.889195,4.04648,1,5226.911080479622,ENSG00000138835
ENSG00000131269,5229.0,10.884668,2.5021644,1,5227.911533117294,ENSG00000131269
ENSG00000139055,5230.0,10.883128,1.1920358,1,5228.911687135696,ENSG00000139055
ENSG00000067992,5231.0,10.877794,3.198792,1,5229.912220597267,ENSG00000067992
ENSG00000070669,5232.0,10.876871,4.109951,1,5230.912312865257,ENSG00000070669
ENSG00000176108,5233.0,10.875666,3.5276566,1,5231.912433385849,ENSG00000176108
ENSG00000184634,5234.0,10.874381,2.7602875,1,5232.912561893463,ENSG00000184634
ENSG00000177854,5235.0,10.874144,1.0364952,1,5233.912585616112,ENSG00000177854
ENSG00000171723,5236.0,10.871648,4.2821174,1,5234.912835240364,ENSG00000171723
ENSG00000138613,5237.0,10.870972,2.5632713,1,5235.912902832031,ENSG00000138613
ENSG00000196151,5238.0,10.868589,3.4184926,1,5236.913141012192,ENSG00000196151
ENSG00000174243,5239.0,10.865605,2.5811985,1,5237.913439512253,ENSG00000174243
ENSG00000179163,5240.0,10.864805,2.0782533,1,5238.913519501686,ENSG00000179163
ENSG00000100842,5241.0,10.86363,3.83543,1,5239.913636922836,ENSG00000100842
ENSG00000196505,5242.0,10.862218,2.6724684,1,5240.913778185844,ENSG00000196505
ENSG00000166012,5243.0,10.861047,5.1990676,1,5241.913895368576,ENSG00000166012
ENSG00000122674,5244.0,10.85977,3.928061,1,5242.914023041725,ENSG00000122674
ENSG00000169379,5245.0,10.859516,2.8746192,1,5243.914048433304,ENSG00000169379
ENSG00000171469,5246.0,10.853788,3.241793,1,5244.914621114731,ENSG00000171469
ENSG00000185238,5247.0,10.849496,4.1079545,1,5245.915050387383,ENSG00000185238
ENSG00000154889,5248.0,10.846974,1.3901683,1,5246.91530251503,ENSG00000154889
ENSG00000232434,5249.0,10.844032,2.6820788,1,5247.9155967235565,ENSG00000232434
ENSG00000184083,5250.0,10.842489,3.5488155,1,5248.9157510995865,ENSG00000184083
ENSG00000100410,5251.0,10.83988,4.4737825,1,5249.916012048721,ENSG00000100410
ENSG00000163104,5252.0,10.839565,2.9386652,1,5250.916043519974,ENSG00000163104
ENSG00000161036,5253.0,10.828497,4.0972123,1,5251.917150259018,ENSG00000161036
ENSG00000171606,5254.0,10.826911,2.7863328,1,5252.917308926582,ENSG00000171606
ENSG00000134138,5255.0,10.822919,5.2305393,1,5253.917708158493,ENSG00000134138
ENSG00000105723,5256.0,10.812684,2.240711,1,5254.918731570244,ENSG00000105723
ENSG00000160877,5257.0,10.810583,2.1669044,1,5255.918941736221,ENSG00000160877
ENSG00000165507,5258.0,10.8097315,3.1983411,1,5256.919026851654,DEPP1
ENSG00000159267,5259.0,10.809729,2.6106906,1,5257.919027090073,ENSG00000159267
ENSG00000005175,5260.0,10.808201,2.811269,1,5258.919179916382,ENSG00000005175
ENSG00000263465,5261.0,10.807204,2.7503812,1,5259.919279575348,ENSG00000263465
ENSG00000066135,5262.0,10.805948,2.8187723,1,5260.919405221939,ENSG00000066135
ENSG00000168743,5263.0,10.8047495,3.897811,1,5261.919525027275,ENSG00000168743
ENSG00000204514,5264.0,10.80334,2.931751,1,5262.919666051865,ENSG00000204514
ENSG00000118162,5265.0,10.799635,5.9605002,1,5263.920036554337,ENSG00000118162
ENSG00000162542,5266.0,10.798604,1.3987491,1,5264.920139551163,ENSG00000162542
ENSG00000185627,5267.0,10.795542,6.663344,1,5265.920445799828,ENSG00000185627
ENSG00000197256,5268.0,10.790279,5.703232,1,5266.920972108841,ENSG00000197256
ENSG00000141994,5269.0,10.787915,4.2809744,1,5267.921208500862,ENSG00000141994
ENSG00000150527,5270.0,10.787164,1.1472973,1,5268.9212836027145,ENSG00000150527
ENSG00000100030,5271.0,10.785484,1.017466,1,5269.921451568604,ENSG00000100030
ENSG00000197013,5272.0,10.783305,1.0716457,1,5270.921669483185,ENSG00000197013
ENSG00000141527,5273.0,10.779232,5.750631,1,5271.922076821327,ENSG00000141527
ENSG00000198799,5274.0,10.775677,1.9050406,1,5272.922432303429,ENSG00000198799
ENSG00000146828,5275.0,10.770593,1.2881501,1,5273.922940731049,ENSG00000146828
ENSG00000177169,5276.0,10.764016,2.6366754,1,5274.923598408699,ENSG00000177169
ENSG00000205060,5277.0,10.761207,4.6482854,1,5275.9238793849945,ENSG00000205060
ENSG00000136152,5278.0,10.760558,2.7128847,1,5276.923944234848,ENSG00000136152
ENSG00000101189,5279.0,10.755918,3.1128807,1,5277.924408197403,ENSG00000101189
ENSG00000003393,5280.0,10.75453,3.8289301,1,5278.924546957016,ENSG00000003393
ENSG00000183495,5281.0,10.752558,1.7115996,1,5279.92474424839,ENSG00000183495
ENSG00000168556,5282.0,10.751727,2.8442411,1,5280.924827337265,ENSG00000168556
ENSG00000035862,5283.0,10.749159,3.926681,1,5281.925084114075,ENSG00000035862
ENSG00000126091,5284.0,10.746838,3.6480412,1,5282.9253162145615,ENSG00000126091
ENSG00000180891,5285.0,10.746083,5.038502,1,5283.925391674042,ENSG00000180891
ENSG00000132570,5286.0,10.745125,0.8246985,1,5284.925487518311,ENSG00000132570
ENSG00000163491,5287.0,10.745058,3.7317283,1,5285.925494194031,ENSG00000163491
ENSG00000187391,5288.0,10.743966,7.8177977,1,5286.92560338974,ENSG00000187391
ENSG00000175595,5289.0,10.743473,2.948904,1,5287.925652742386,ENSG00000175595
ENSG00000248098,5290.0,10.742012,4.0044403,1,5288.925798773766,ENSG00000248098
ENSG00000183624,5291.0,10.740432,3.992955,1,5289.925956845284,ENSG00000183624
ENSG00000114480,5292.0,10.739266,4.6568203,1,5290.926073312759,ENSG00000114480
ENSG00000196782,5293.0,10.737083,4.663607,1,5291.926291704178,ENSG00000196782
ENSG00000163684,5294.0,10.734108,2.3345525,1,5292.926589250565,ENSG00000163684
ENSG00000134987,5295.0,10.731511,2.8610218,1,5293.926848888397,ENSG00000134987
ENSG00000141750,5296.0,10.731103,4.6838665,1,5294.926889657974,ENSG00000141750
ENSG00000157827,5297.0,10.73098,4.358982,1,5295.92690205574,ENSG00000157827
ENSG00000163364,5298.0,10.730257,3.1376278,1,5296.92697429657,ENSG00000163364
ENSG00000107951,5299.0,10.7286825,4.3382277,1,5297.927131772041,ENSG00000107951
ENSG00000182858,5300.0,10.727803,3.157761,1,5298.927219629288,ENSG00000182858
ENSG00000111203,5301.0,10.725581,3.3014503,1,5299.927441835403,ENSG00000111203
ENSG00000134882,5302.0,10.725531,2.8102994,1,5300.927446961403,ENSG00000134882
ENSG00000170266,5303.0,10.722354,4.7694592,1,5301.92776465416,ENSG00000170266
ENSG00000110328,5304.0,10.72094,5.227808,1,5302.927906036377,ENSG00000110328
ENSG00000150938,5305.0,10.72038,0.6934856,1,5303.927962064743,ENSG00000150938
ENSG00000141441,5306.0,10.718565,4.513359,1,5304.928143501282,ENSG00000141441
ENSG00000108448,5307.0,10.704092,2.8851576,1,5305.929590821266,ENSG00000108448
ENSG00000167123,5308.0,10.7023735,3.6534712,1,5306.929762601852,ENSG00000167123
ENSG00000100239,5309.0,10.701829,1.6200384,1,5307.929817080498,ENSG00000100239
ENSG00000106086,5310.0,10.698152,3.3101835,1,5308.930184841156,ENSG00000106086
ENSG00000083535,5311.0,10.697249,2.1979992,1,5309.930275082588,ENSG00000083535
ENSG00000071051,5312.0,10.696262,1.574962,1,5310.93037378788,ENSG00000071051
ENSG00000197594,5313.0,10.695385,2.4131248,1,5311.930461525917,ENSG00000197594
ENSG00000154079,5314.0,10.690911,3.3391488,1,5312.930908918381,ENSG00000154079
ENSG00000108106,5315.0,10.688482,2.6235006,1,5313.931151747704,ENSG00000108106
ENSG00000143147,5316.0,10.684821,5.1812377,1,5314.931517839432,ENSG00000143147
ENSG00000111110,5317.0,10.675917,6.4746327,1,5315.932408332825,ENSG00000111110
ENSG00000087008,5318.0,10.67585,2.388855,1,5316.932415008545,ENSG00000087008
ENSG00000139219,5319.0,10.674896,11.845207,1,5317.932510375977,COL2A1
ENSG00000223573,5320.0,10.673388,3.8811226,1,5318.932661294937,ENSG00000223573
ENSG00000108786,5321.0,10.6729965,4.0326405,1,5319.932700395584,ENSG00000108786
ENSG00000226419,5322.0,10.671928,3.6006863,1,5320.932807207108,ENSG00000226419
ENSG00000144040,5323.0,10.669537,2.6066422,1,5321.933046340942,ENSG00000144040
ENSG00000235706,5324.0,10.668937,3.2210624,1,5322.933106303215,ENSG00000235706
ENSG00000100364,5325.0,10.664158,2.2496521,1,5323.933584213257,ENSG00000100364
ENSG00000197622,5326.0,10.6624,1.2402732,1,5324.93375992775,ENSG00000197622
ENSG00000010072,5327.0,10.662089,3.7868369,1,5325.933791041374,ENSG00000010072
ENSG00000146409,5328.0,10.658691,8.548712,1,5326.934130907059,ENSG00000146409
ENSG00000179029,5329.0,10.656074,2.1828027,1,5327.934392690659,ENSG00000179029
ENSG00000069011,5330.0,10.652767,6.416845,1,5328.9347232580185,ENSG00000069011
ENSG00000127580,5331.0,10.651165,3.6173754,1,5329.934883475304,ENSG00000127580
ENSG00000163704,5332.0,10.650812,2.0259614,1,5330.934918761253,ENSG00000163704
ENSG00000119559,5333.0,10.646982,1.6981425,1,5331.935301780701,ENSG00000119559
ENSG00000249242,5334.0,10.645473,3.937449,1,5332.935452699661,ENSG00000249242
ENSG00000122729,5335.0,10.6447735,4.073907,1,5333.935522675514,ENSG00000122729
ENSG00000171503,5336.0,10.642623,3.091452,1,5334.935737729073,ENSG00000171503
ENSG00000156853,5337.0,10.641609,4.297692,1,5335.935839056969,ENSG00000156853
ENSG00000152669,5338.0,10.637622,8.142003,1,5336.936237812042,ENSG00000152669
ENSG00000173226,5339.0,10.63159,1.7801671,1,5337.936841011047,ENSG00000173226
ENSG00000009844,5340.0,10.631324,3.6532803,1,5338.936867594719,ENSG00000009844
ENSG00000258839,5341.0,10.630551,7.188197,1,5339.936944842339,ENSG00000258839
ENSG00000108039,5342.0,10.629724,5.343059,1,5340.937027692795,ENSG00000108039
ENSG00000102710,5343.0,10.629493,3.7495294,1,5341.937050700188,ENSG00000102710
ENSG00000278910,5344.0,10.629057,15.493322,1,5342.937094330788,ENSG00000278910
ENSG00000124688,5345.0,10.626174,4.5218925,1,5343.93738257885,ENSG00000124688
ENSG00000090020,5346.0,10.623535,2.6289935,1,5344.937646508217,ENSG00000090020
ENSG00000137501,5347.0,10.62024,2.5953674,1,5345.937976002693,ENSG00000137501
ENSG00000130717,5348.0,10.618983,4.0793605,1,5346.938101649284,ENSG00000130717
ENSG00000182185,5349.0,10.618432,4.151659,1,5347.938156843185,ENSG00000182185
ENSG00000119599,5350.0,10.61499,2.39582,1,5348.938501000404,ENSG00000119599
ENSG00000055211,5351.0,10.611256,1.8705951,1,5349.9388744831085,ENSG00000055211
ENSG00000104133,5352.0,10.603743,2.3098714,1,5350.939625740051,ENSG00000104133
ENSG00000099899,5353.0,10.600733,4.5002766,1,5351.939926743507,ENSG00000099899
ENSG00000130762,5354.0,10.5984,7.922401,1,5352.940160036087,ENSG00000130762
ENSG00000123545,5355.0,10.593026,3.9547045,1,5353.940697431564,ENSG00000123545
ENSG00000088451,5356.0,10.585827,5.491686,1,5354.941417336464,ENSG00000088451
ENSG00000139233,5357.0,10.585231,3.7310894,1,5355.941476941109,ENSG00000139233
ENSG00000141026,5358.0,10.584591,3.2976213,1,5356.941540956497,ENSG00000141026
ENSG00000169188,5359.0,10.583135,2.2803679,1,5357.94168651104,ENSG00000169188
ENSG00000082014,5360.0,10.581739,3.2571833,1,5358.941826105118,ENSG00000082014
ENSG00000062282,5361.0,10.580844,4.712203,1,5359.941915631294,ENSG00000062282
ENSG00000129084,5362.0,10.577721,13.576279,1,5360.942227959633,ENSG00000129084
ENSG00000144233,5363.0,10.577127,3.6359203,1,5361.94228720665,ENSG00000144233
ENSG00000136273,5364.0,10.576956,4.005984,1,5362.942304372788,ENSG00000136273
ENSG00000118762,5365.0,10.576167,3.1667247,1,5363.942383289337,ENSG00000118762
ENSG00000162852,5366.0,10.572104,2.2542694,1,5364.942789554596,ENSG00000162852
ENSG00000149269,5367.0,10.571463,1.7466182,1,5365.942853689194,ENSG00000149269
ENSG00000188732,5368.0,10.570018,2.0997202,1,5366.942998170853,ENSG00000188732
ENSG00000183111,5369.0,10.566288,2.9330716,1,5367.94337117672,ENSG00000183111
ENSG00000134184,5370.0,10.565185,3.1927803,1,5368.943481564522,ENSG00000134184
ENSG00000141337,5371.0,10.561656,2.9453576,1,5369.943834424019,ENSG00000141337
ENSG00000204822,5372.0,10.556141,4.9601088,1,5370.944385886192,ENSG00000204822
ENSG00000177465,5373.0,10.555485,2.708851,1,5371.944451570511,ENSG00000177465
ENSG00000165731,5374.0,10.555244,6.5637927,1,5372.944475531578,ENSG00000165731
ENSG00000247572,5375.0,10.552556,5.332784,1,5373.944744348526,ENSG00000247572
ENSG00000110195,5376.0,10.5522375,10.812721,1,5374.944776296616,FOLR1
ENSG00000123095,5377.0,10.547333,3.4061294,1,5375.945266723633,ENSG00000123095
ENSG00000197714,5378.0,10.543131,4.961628,1,5376.9456869363785,ENSG00000197714
ENSG00000104936,5379.0,10.539469,3.4456108,1,5377.946053147316,ENSG00000104936
ENSG00000116127,5380.0,10.539032,2.1911578,1,5378.946096777916,ENSG00000116127
ENSG00000198315,5381.0,10.534587,3.3664036,1,5379.946541309357,ENSG00000198315
ENSG00000162889,5382.0,10.529806,1.234886,1,5380.947019338608,ENSG00000162889
ENSG00000168803,5383.0,10.529161,4.0385184,1,5381.947083830833,ENSG00000168803
ENSG00000007376,5384.0,10.528711,3.2311578,1,5382.947128891945,ENSG00000007376
ENSG00000109610,5385.0,10.526068,1.6875222,1,5383.94739317894,SOD3
ENSG00000196547,5386.0,10.52472,2.7570062,1,5384.947528004646,ENSG00000196547
ENSG00000221990,5387.0,10.519943,2.8705611,1,5385.9480056762695,ENSG00000221990
ENSG00000060642,5388.0,10.517913,3.57713,1,5386.94820868969,ENSG00000060642
ENSG00000187257,5389.0,10.516949,1.2325718,1,5387.948305130005,ENSG00000187257
ENSG00000081803,5390.0,10.514452,3.7417421,1,5388.948554754257,ENSG00000081803
ENSG00000184992,5391.0,10.513953,2.3450422,1,5389.9486047029495,ENSG00000184992
ENSG00000176058,5392.0,10.504863,3.3915374,1,5390.949513673782,ENSG00000176058
ENSG00000164331,5393.0,10.504425,2.9288318,1,5391.949557542801,ENSG00000164331
ENSG00000157077,5394.0,10.503397,4.457346,1,5392.9496603012085,ENSG00000157077
ENSG00000105053,5395.0,10.50267,2.5025184,1,5393.949733018875,ENSG00000105053
ENSG00000182263,5396.0,10.502471,7.565168,1,5394.9497529268265,ENSG00000182263
ENSG00000172667,5397.0,10.501459,2.4858184,1,5395.949854135513,ENSG00000172667
ENSG00000158467,5398.0,10.501004,6.687815,1,5396.949899554253,ENSG00000158467
ENSG00000165280,5399.0,10.497288,10.290305,1,5397.950271248817,ENSG00000165280
ENSG00000075391,5400.0,10.492604,3.1976216,1,5398.950739622116,ENSG00000075391
ENSG00000105186,5401.0,10.492127,2.6816313,1,5399.950787305832,ENSG00000105186
ENSG00000171236,5402.0,10.491693,1.711761,1,5400.950830698013,ENSG00000171236
ENSG00000162073,5403.0,10.486488,3.5134816,1,5401.951351165772,ENSG00000162073
ENSG00000172915,5404.0,10.486413,4.7441597,1,5402.951358675957,ENSG00000172915
ENSG00000121486,5405.0,10.486104,2.8943021,1,5403.951389551163,ENSG00000121486
ENSG00000153560,5406.0,10.48604,1.876845,1,5404.951395988464,ENSG00000153560
ENSG00000159111,5407.0,10.483101,4.677402,1,5405.951689958572,ENSG00000159111
ENSG00000132329,5408.0,10.481211,2.998489,1,5406.951878905296,ENSG00000132329
ENSG00000160094,5409.0,10.477361,3.5546606,1,5407.952263951302,ENSG00000160094
ENSG00000104907,5410.0,10.471831,3.46338,1,5408.9528168439865,ENSG00000104907
ENSG00000164151,5411.0,10.471214,1.7210686,1,5409.952878594399,ENSG00000164151
ENSG00000172264,5412.0,10.468252,4.408818,1,5410.953174829483,ENSG00000172264
ENSG00000110958,5413.0,10.466437,19.283495,1,5411.953356266022,ENSG00000110958
ENSG00000171943,5414.0,10.466005,3.0026433,1,5412.953399419785,ENSG00000171943
ENSG00000198270,5415.0,10.465449,2.9374204,1,5413.953455090523,ENSG00000198270
ENSG00000005448,5416.0,10.461513,3.4058053,1,5414.953848719597,ENSG00000005448
ENSG00000067596,5417.0,10.458881,3.4511778,1,5415.954111814499,ENSG00000067596
ENSG00000132780,5418.0,10.458281,8.161896,1,5416.954171895981,ENSG00000132780
ENSG00000140386,5419.0,10.458196,1.7919009,1,5417.95418047905,ENSG00000140386
ENSG00000104679,5420.0,10.457258,3.0829067,1,5418.954274177551,ENSG00000104679
ENSG00000198000,5421.0,10.455438,1.9981831,1,5419.954456210136,ENSG00000198000
ENSG00000177951,5422.0,10.453286,2.9241107,1,5420.954671382904,ENSG00000177951
ENSG00000148926,5423.0,10.453046,3.7229388,1,5421.9546954631805,ENSG00000148926
ENSG00000117724,5424.0,10.451711,6.4135,1,5422.954828977585,ENSG00000117724
ENSG00000116717,5425.0,10.451178,3.2741973,1,5423.954882264137,ENSG00000116717
ENSG00000007392,5426.0,10.45107,4.0171995,1,5424.954892992973,ENSG00000007392
ENSG00000181444,5427.0,10.44983,2.973659,1,5425.9550169706345,ENSG00000181444
ENSG00000135913,5428.0,10.449735,2.1279826,1,5426.955026507378,ENSG00000135913
ENSG00000188747,5429.0,10.448041,3.6120367,1,5427.955195903778,ENSG00000188747
ENSG00000105679,5430.0,10.446228,16.596024,1,5428.955377221108,ENSG00000105679
ENSG00000173933,5431.0,10.441431,7.265469,1,5429.955856919289,ENSG00000173933
ENSG00000125931,5432.0,10.438324,9.820452,1,5430.956167578697,ENSG00000125931
ENSG00000166794,5433.0,10.438077,18.671999,1,5431.95619225502,ENSG00000166794
ENSG00000106070,5434.0,10.436983,4.211699,1,5432.956301689148,ENSG00000106070
ENSG00000137413,5435.0,10.435771,1.9246442,1,5433.956422924995,ENSG00000137413
ENSG00000139131,5436.0,10.433448,3.4763448,1,5434.956655263901,ENSG00000139131
ENSG00000137054,5437.0,10.422126,3.3797865,1,5435.957787394524,ENSG00000137054
ENSG00000153147,5438.0,10.418988,2.5437741,1,5436.958101153374,ENSG00000153147
ENSG00000159208,5439.0,10.418477,7.5943265,1,5437.958152294159,ENSG00000159208
ENSG00000141030,5440.0,10.416053,6.0109854,1,5438.958394765854,ENSG00000141030
ENSG00000182621,5441.0,10.4137125,3.3100452,1,5439.958628773689,ENSG00000182621
ENSG00000145348,5442.0,10.412559,2.3727226,1,5440.958744168282,ENSG00000145348
ENSG00000147133,5443.0,10.410878,1.5364298,1,5441.9589121341705,ENSG00000147133
ENSG00000103199,5444.0,10.410518,2.579106,1,5442.958948254585,ENSG00000103199
ENSG00000162174,5445.0,10.410198,5.154256,1,5443.958980202675,ENSG00000162174
ENSG00000178809,5446.0,10.408669,2.643496,1,5444.959133028984,ENSG00000178809
ENSG00000131381,5447.0,10.407708,3.35176,1,5445.959229230881,ENSG00000131381
ENSG00000240184,5448.0,10.406858,8.056263,1,5446.959314107895,ENSG00000240184
ENSG00000175224,5449.0,10.406291,6.0666094,1,5447.959370851517,ENSG00000175224
ENSG00000182899,5450.0,10.403851,64.43084,1,5448.959614992142,ENSG00000182899
ENSG00000095261,5451.0,10.401488,3.409094,1,5449.959851145744,ENSG00000095261
ENSG00000167257,5452.0,10.400793,1.2463304,1,5450.95992064476,ENSG00000167257
ENSG00000180957,5453.0,10.397839,6.97026,1,5451.960216164589,ENSG00000180957
ENSG00000165895,5454.0,10.396681,6.2776556,1,5452.960331916809,ENSG00000165895
ENSG00000126767,5455.0,10.396323,3.136568,1,5453.960367679596,ENSG00000126767
ENSG00000100325,5456.0,10.394272,4.260392,1,5454.960572838783,ENSG00000100325
ENSG00000120149,5457.0,10.383623,5.348645,1,5455.961637735367,ENSG00000120149
ENSG00000147650,5458.0,10.382998,5.94467,1,5456.961700201035,ENSG00000147650
ENSG00000175193,5459.0,10.3818035,5.1867557,1,5457.961819648743,ENSG00000175193
ENSG00000077044,5460.0,10.379649,1.7460862,1,5458.962035059929,ENSG00000077044
ENSG00000100034,5461.0,10.377378,3.1595788,1,5459.9622621536255,ENSG00000100034
ENSG00000125107,5462.0,10.376798,2.8467855,1,5460.9623202085495,ENSG00000125107
ENSG00000185437,5463.0,10.37642,6.950224,1,5461.962357997894,ENSG00000185437
ENSG00000104361,5464.0,10.372618,3.4838064,1,5462.962738275528,ENSG00000104361
ENSG00000112062,5465.0,10.367147,2.143285,1,5463.963285207748,ENSG00000112062
ENSG00000181852,5466.0,10.366004,2.7902641,1,5464.963399648666,ENSG00000181852
ENSG00000105404,5467.0,10.364604,6.241136,1,5465.963539600372,ENSG00000105404
ENSG00000166582,5468.0,10.362138,3.808717,1,5466.963786244392,ENSG00000166582
ENSG00000143079,5469.0,10.360997,2.491013,1,5467.9639003276825,ENSG00000143079
ENSG00000196090,5470.0,10.357851,9.872372,1,5468.964214920998,ENSG00000196090
ENSG00000138696,5471.0,10.352886,7.455208,1,5469.964711427689,ENSG00000138696
ENSG00000138621,5472.0,10.351817,3.51979,1,5470.964818239212,ENSG00000138621
ENSG00000063244,5473.0,10.350715,1.3383657,1,5471.964928507805,ENSG00000063244
ENSG00000186377,5474.0,10.346724,4.631227,1,5472.965327620506,ENSG00000186377
ENSG00000198839,5475.0,10.341129,3.993528,1,5473.965887069702,ENSG00000198839
ENSG00000182600,5476.0,10.340654,8.907425,1,5474.965934514999,SNORC
ENSG00000163527,5477.0,10.34021,2.063065,1,5475.965978980064,ENSG00000163527
ENSG00000136875,5478.0,10.339979,4.455096,1,5476.966002106667,ENSG00000136875
ENSG00000135336,5479.0,10.335341,2.4854105,1,5477.966465830803,ENSG00000135336
ENSG00000176619,5480.0,10.333683,3.3121579,1,5478.966631650925,ENSG00000176619
ENSG00000152520,5481.0,10.333386,1.123847,1,5479.966661334038,ENSG00000152520
ENSG00000086475,5482.0,10.331088,2.3326123,1,5480.966891169548,ENSG00000086475
ENSG00000182150,5483.0,10.329358,1.8692062,1,5481.967064142227,ENSG00000182150
ENSG00000167925,5484.0,10.328864,1.828247,1,5482.967113614082,ENSG00000167925
ENSG00000049089,5485.0,10.328215,3.2324786,1,5483.967178583145,ENSG00000049089
ENSG00000066136,5486.0,10.327235,4.5121064,1,5484.967276453972,ENSG00000066136
ENSG00000107669,5487.0,10.325112,3.053338,1,5485.967488765717,ENSG00000107669
ENSG00000246695,5488.0,10.313023,5.0538807,1,5486.968697786331,ENSG00000246695
ENSG00000174238,5489.0,10.312536,1.4465965,1,5487.968746423721,ENSG00000174238
ENSG00000136874,5490.0,10.311973,1.9090304,1,5488.968802690506,ENSG00000136874
ENSG00000176542,5491.0,10.307914,2.053761,1,5489.969208598137,ENSG00000176542
ENSG00000196155,5492.0,10.30649,6.3741207,1,5490.969351053238,ENSG00000196155
ENSG00000146282,5493.0,10.306485,3.5877516,1,5491.969351530075,ENSG00000146282
ENSG00000083168,5494.0,10.30423,1.3031815,1,5492.969577074051,ENSG00000083168
ENSG00000156968,5495.0,10.303163,2.4524012,1,5493.969683766365,ENSG00000156968
ENSG00000166025,5496.0,10.300819,6.400324,1,5494.969918012619,ENSG00000166025
ENSG00000197579,5497.0,10.300367,1.4897667,1,5495.969963312149,ENSG00000197579
ENSG00000184178,5498.0,10.29697,3.6674476,1,5496.970302939415,ENSG00000184178
ENSG00000142867,5499.0,10.295955,2.8873239,1,5497.97040450573,ENSG00000142867
ENSG00000134057,5500.0,10.294684,7.533214,1,5498.970531582832,ENSG00000134057
ENSG00000124541,5501.0,10.294144,2.9268107,1,5499.9705855846405,ENSG00000124541
ENSG00000178988,5502.0,10.29082,3.5016396,1,5500.97091794014,ENSG00000178988
ENSG00000101407,5503.0,10.28972,3.8425436,1,5501.971028089523,ENSG00000101407
ENSG00000175416,5504.0,10.287646,2.9797099,1,5502.971235394478,ENSG00000175416
ENSG00000180182,5505.0,10.285248,2.7630663,1,5503.971475243568,ENSG00000180182
ENSG00000117569,5506.0,10.279511,3.406625,1,5504.97204887867,ENSG00000117569
ENSG00000134815,5507.0,10.279223,2.9056072,1,5505.9720776081085,ENSG00000134815
ENSG00000137103,5508.0,10.272619,3.6771312,1,5506.972738027573,ENSG00000137103
ENSG00000129315,5509.0,10.272511,2.6749458,1,5507.972748994827,ENSG00000129315
ENSG00000113924,5510.0,10.2710705,7.990749,1,5508.972892999649,ENSG00000113924
ENSG00000197056,5511.0,10.270652,2.9849532,1,5509.97293484211,ENSG00000197056
ENSG00000131781,5512.0,10.270287,4.771213,1,5510.972971320152,ENSG00000131781
ENSG00000086548,5513.0,10.264309,8.134372,1,5511.973569154739,ENSG00000086548
ENSG00000185127,5514.0,10.263362,2.4709108,1,5512.973663806915,ENSG00000185127
ENSG00000175931,5515.0,10.26219,2.5189652,1,5513.973780989647,ENSG00000175931
ENSG00000180953,5516.0,10.260537,4.39207,1,5514.973946332932,ENSG00000180953
ENSG00000149483,5517.0,10.259458,4.340104,1,5515.974054217339,ENSG00000149483
ENSG00000078142,5518.0,10.257978,4.241774,1,5516.974202156067,ENSG00000078142
ENSG00000112234,5519.0,10.25662,0.6584305,1,5517.974337935448,ENSG00000112234
ENSG00000171729,5520.0,10.25508,2.9008992,1,5518.97449195385,ENSG00000171729
ENSG00000257621,5521.0,10.249983,3.7853272,1,5519.975001692772,ENSG00000257621
ENSG00000121274,5522.0,10.248486,2.547063,1,5520.97515141964,ENSG00000121274
ENSG00000167900,5523.0,10.247949,3.6451437,1,5521.975205183029,ENSG00000167900
ENSG00000266967,5524.0,10.243078,5.167239,1,5522.975692152977,ENSG00000266967
ENSG00000156639,5525.0,10.240702,1.7427701,1,5523.9759298563,ENSG00000156639
ENSG00000135722,5526.0,10.2398,3.352066,1,5524.976019978523,ENSG00000135722
ENSG00000096746,5527.0,10.229686,7.831371,1,5525.977031469345,ENSG00000096746
ENSG00000166888,5528.0,10.228293,2.4732528,1,5526.977170705795,ENSG00000166888
ENSG00000089685,5529.0,10.226919,5.731718,1,5527.977308034897,ENSG00000089685
ENSG00000156381,5530.0,10.223197,3.8182175,1,5528.977680325508,ENSG00000156381
ENSG00000231770,5531.0,10.223059,2.843133,1,5529.977694153786,ENSG00000231770
ENSG00000204406,5532.0,10.2210865,2.2074263,1,5530.977891325951,ENSG00000204406
ENSG00000173153,5533.0,10.219842,3.2420921,1,5531.978015780449,ENSG00000173153
ENSG00000158161,5534.0,10.219039,4.309857,1,5532.97809612751,ENSG00000158161
ENSG00000134222,5535.0,10.218127,6.966055,1,5533.978187322617,ENSG00000134222
ENSG00000173456,5536.0,10.214158,2.892779,1,5534.9785841703415,ENSG00000173456
ENSG00000125843,5537.0,10.213861,2.2332,1,5535.978613853455,ENSG00000125843
ENSG00000152926,5538.0,10.202752,2.3176842,1,5536.979724764824,ENSG00000152926
ENSG00000232593,5539.0,10.202425,3.2704313,1,5537.9797575473785,ENSG00000232593
ENSG00000228716,5540.0,10.201882,4.151359,1,5538.979811787605,ENSG00000228716
ENSG00000158747,5541.0,10.199684,2.9867306,1,5539.980031609535,ENSG00000158747
ENSG00000179862,5542.0,10.199234,5.993878,1,5540.980076551437,ENSG00000179862
ENSG00000028116,5543.0,10.197318,2.1930509,1,5541.980268239975,ENSG00000028116
ENSG00000173599,5544.0,10.197065,4.8683157,1,5542.980293512344,ENSG00000173599
ENSG00000137221,5545.0,10.194943,2.9929476,1,5543.98050570488,ENSG00000137221
ENSG00000183048,5546.0,10.192428,5.708615,1,5544.980757236481,ENSG00000183048
ENSG00000129245,5547.0,10.191764,3.375437,1,5545.980823636055,ENSG00000129245
ENSG00000136802,5548.0,10.190844,1.8895255,1,5546.9809156656265,ENSG00000136802
ENSG00000111816,5549.0,10.187471,3.1623557,1,5547.981252908707,ENSG00000111816
ENSG00000128891,5550.0,10.181551,2.6619675,1,5548.981844902039,ENSG00000128891
ENSG00000254986,5551.0,10.18146,2.0211763,1,5549.981853961945,ENSG00000254986
ENSG00000132434,5552.0,10.177286,3.8306806,1,5550.982271432877,ENSG00000132434
ENSG00000197415,5553.0,10.171789,11.11819,1,5551.982821106911,ENSG00000197415
ENSG00000178498,5554.0,10.170332,1.5794022,1,5552.982966780663,ENSG00000178498
ENSG00000177548,5555.0,10.167425,1.3770838,1,5553.98325753212,ENSG00000177548
ENSG00000166548,5556.0,10.163514,2.6334946,1,5554.9836485385895,ENSG00000166548
ENSG00000136295,5557.0,10.158449,3.9422696,1,5555.984155058861,ENSG00000136295
ENSG00000160917,5558.0,10.157573,3.3780298,1,5556.984242677689,ENSG00000160917
ENSG00000185504,5559.0,10.150786,2.969171,1,5557.984921336174,ENSG00000185504
ENSG00000136381,5560.0,10.148542,2.8828778,1,5558.985145807266,ENSG00000136381
ENSG00000175906,5561.0,10.146376,4.0917115,1,5559.985362410545,ENSG00000175906
ENSG00000148090,5562.0,10.14607,3.0980408,1,5560.985393047333,ENSG00000148090
ENSG00000143753,5563.0,10.145974,8.337589,1,5561.985402584076,ENSG00000143753
ENSG00000151332,5564.0,10.137795,3.64517,1,5562.986220479012,ENSG00000151332
ENSG00000129932,5565.0,10.136504,3.2228847,1,5563.986349582672,ENSG00000129932
ENSG00000152413,5566.0,10.131652,5.2281723,1,5564.986834764481,ENSG00000152413
ENSG00000091527,5567.0,10.126669,1.6442076,1,5565.987333059311,ENSG00000091527
ENSG00000129473,5568.0,10.126236,5.101323,1,5566.987376451492,ENSG00000129473
ENSG00000137500,5569.0,10.1233015,3.59532,1,5567.987669825554,ENSG00000137500
ENSG00000066468,5570.0,10.122419,2.963303,1,5568.987758040428,ENSG00000066468
ENSG00000132323,5571.0,10.121865,3.6836362,1,5569.987813472748,ENSG00000132323
ENSG00000158246,5572.0,10.118267,8.965902,1,5570.988173246384,ENSG00000158246
ENSG00000119139,5573.0,10.11496,3.3127084,1,5571.988504052162,ENSG00000119139
ENSG00000049246,5574.0,10.113412,2.4904265,1,5572.98865878582,ENSG00000049246
ENSG00000140543,5575.0,10.112598,5.608939,1,5573.988740205765,ENSG00000140543
ENSG00000182087,5576.0,10.111906,1.6492019,1,5574.988809347153,ENSG00000182087
ENSG00000161526,5577.0,10.106397,5.0429716,1,5575.989360332489,ENSG00000161526
ENSG00000153896,5578.0,10.105768,3.0576203,1,5576.989423155785,ENSG00000153896
ENSG00000175283,5579.0,10.102728,4.30177,1,5577.989727258682,ENSG00000175283
ENSG00000121931,5580.0,10.102629,3.0461113,1,5578.989737153053,ENSG00000121931
ENSG00000167460,5581.0,10.095919,12.381243,1,5579.990408182144,ENSG00000167460
ENSG00000022840,5582.0,10.090607,6.127257,1,5580.990939378738,ENSG00000022840
ENSG00000175899,5583.0,10.090298,14.126747,1,5581.990970253944,A2M
ENSG00000009413,5584.0,10.087412,3.2223625,1,5582.991258859634,ENSG00000009413
ENSG00000149657,5585.0,10.087097,2.9138548,1,5583.991290330887,ENSG00000149657
ENSG00000148481,5586.0,10.085844,4.1478457,1,5584.99141561985,ENSG00000148481
ENSG00000196367,5587.0,10.085443,1.751273,1,5585.991455793381,ENSG00000196367
ENSG00000206562,5588.0,10.084868,4.1843176,1,5586.991513133049,ENSG00000206562
ENSG00000124795,5589.0,10.084739,5.8369474,1,5587.991526126862,ENSG00000124795
ENSG00000103932,5590.0,10.084036,3.6538131,1,5588.991596460342,ENSG00000103932
ENSG00000130822,5591.0,10.074051,8.085257,1,5589.992594957352,PNCK
ENSG00000099821,5592.0,10.0733795,3.4681568,1,5590.992662072182,ENSG00000099821
ENSG00000162408,5593.0,10.071762,1.0184036,1,5591.992823839188,ENSG00000162408
ENSG00000152661,5594.0,10.069647,3.1384993,1,5592.993035316467,ENSG00000152661
ENSG00000188994,5595.0,10.067934,1.0696237,1,5593.993206620216,ENSG00000188994
ENSG00000114999,5596.0,10.067732,2.7742662,1,5594.993226766586,ENSG00000114999
ENSG00000185973,5597.0,10.067006,3.901101,1,5595.993299365044,ENSG00000185973
ENSG00000101986,5598.0,10.064841,4.0095396,1,5596.9935158491135,ENSG00000101986
ENSG00000155760,5599.0,10.063214,3.933238,1,5597.993678569794,ENSG00000155760
ENSG00000129493,5600.0,10.06266,3.56288,1,5598.993734002113,ENSG00000129493
ENSG00000159259,5601.0,10.062425,3.5023403,1,5599.993757486343,ENSG00000159259
ENSG00000143952,5602.0,10.060896,2.432989,1,5600.993910431862,ENSG00000143952
ENSG00000213965,5603.0,10.059526,3.6128721,1,5601.994047403336,ENSG00000213965
ENSG00000120158,5604.0,10.056712,2.7536764,1,5602.994328737259,ENSG00000120158
ENSG00000158286,5605.0,10.052852,2.6229124,1,5603.994714856148,ENSG00000158286
ENSG00000132478,5606.0,10.051707,3.5839937,1,5604.994829297066,ENSG00000132478
ENSG00000128694,5607.0,10.049818,4.2863417,1,5605.99501824379,ENSG00000128694
ENSG00000076650,5608.0,10.049755,3.0633216,1,5606.995024442673,ENSG00000076650
ENSG00000136935,5609.0,10.046823,2.3505065,1,5607.995317697525,ENSG00000136935
ENSG00000006712,5610.0,10.043685,3.0340767,1,5608.995631456375,ENSG00000006712
ENSG00000167114,5611.0,10.042148,2.253048,1,5609.995785236359,ENSG00000167114
ENSG00000155621,5612.0,10.040492,3.1413963,1,5610.995950818062,ENSG00000155621
ENSG00000204104,5613.0,10.036692,2.4768567,1,5611.996330857277,ENSG00000204104
ENSG00000180979,5614.0,10.036642,2.53543,1,5612.996335744858,ENSG00000180979
ENSG00000205730,5615.0,10.036275,2.1407025,1,5613.996372461319,ENSG00000205730
ENSG00000115290,5616.0,10.033653,10.297724,1,5614.996634721756,ENSG00000115290
ENSG00000158435,5617.0,10.030881,1.4115895,1,5615.996911883354,ENSG00000158435
ENSG00000172171,5618.0,10.030735,3.2742577,1,5616.996926546097,ENSG00000172171
ENSG00000145685,5619.0,10.027638,3.408458,1,5617.997236132622,ENSG00000145685
ENSG00000141084,5620.0,10.027201,3.450801,1,5618.997279882431,ENSG00000141084
ENSG00000205213,5621.0,10.023912,4.8231497,1,5619.997608780861,ENSG00000205213
ENSG00000171617,5622.0,10.02191,3.0697029,1,5620.997809052467,ENSG00000171617
ENSG00000136231,5623.0,10.020013,8.611475,1,5621.997998714447,ENSG00000136231
ENSG00000144827,5624.0,10.017261,4.2220454,1,5622.998273968697,ENSG00000144827
ENSG00000182272,5625.0,10.016094,7.5247955,1,5623.998390555382,ENSG00000182272
ENSG00000058600,5626.0,10.014333,1.9895927,1,5624.998566746712,ENSG00000058600
ENSG00000114388,5627.0,10.013261,2.2119448,1,5625.998673915863,ENSG00000114388
ENSG00000004534,5628.0,10.00989,3.2266216,1,5626.999011039734,ENSG00000004534
ENSG00000004866,5629.0,10.009375,6.037419,1,5627.999062538147,ENSG00000004866
ENSG00000185651,5630.0,10.008465,5.083938,1,5628.999153494835,ENSG00000185651
ENSG00000164111,5631.0,10.007875,80.8315,1,5629.999212503433,ENSG00000164111
ENSG00000183474,5632.0,10.0074835,3.9277532,1,5630.99925160408,ENSG00000183474
ENSG00000198783,5633.0,10.005143,2.6688015,1,5631.999485731125,ENSG00000198783
ENSG00000168453,5634.0,10.002316,7.851804,1,5632.99976837635,ENSG00000168453
ENSG00000178177,5635.0,10.001162,2.4126105,1,5633.999883890152,ENSG00000178177
ENSG00000184164,5636.0,10.000946,4.982171,1,5634.999905347824,ENSG00000184164
ENSG00000152683,5637.0,9.999687,2.0771885,1,5636.000031292439,ENSG00000152683
ENSG00000055044,5638.0,9.998492,7.75796,1,5637.000150799751,ENSG00000055044
ENSG00000214756,5639.0,9.998466,1.6880118,1,5638.000153422356,ENSG00000214756
ENSG00000137124,5640.0,9.997269,5.50821,1,5639.000273108482,ENSG00000137124
ENSG00000215915,5641.0,9.996389,1.7172065,1,5640.000361084938,ENSG00000215915
ENSG00000066583,5642.0,9.994971,1.504667,1,5641.000502884388,ENSG00000066583
ENSG00000203791,5643.0,9.991226,1.8131099,1,5642.000877380371,ENSG00000203791
ENSG00000141570,5644.0,9.990149,4.471909,1,5643.000985145569,ENSG00000141570
ENSG00000136783,5645.0,9.982887,3.9817283,1,5644.001711249352,ENSG00000136783
ENSG00000099812,5646.0,9.982468,8.305966,1,5645.001753211021,ENSG00000099812
ENSG00000108559,5647.0,9.98164,3.1172006,1,5646.001836001873,ENSG00000108559
ENSG00000171863,5648.0,9.980379,82.50509,1,5647.001962065697,ENSG00000171863
ENSG00000145982,5649.0,9.978392,2.30728,1,5648.002160847187,ENSG00000145982
ENSG00000107625,5650.0,9.9777775,3.5111527,1,5649.002222239971,ENSG00000107625
ENSG00000224051,5651.0,9.976295,1.8112451,1,5650.002370476723,ENSG00000224051
ENSG00000174939,5652.0,9.975702,6.0026712,1,5651.002429783344,ENSG00000174939
ENSG00000083544,5653.0,9.975337,4.6266937,1,5652.002466320992,ENSG00000083544
ENSG00000165512,5654.0,9.974538,1.7585838,1,5653.002546191216,ENSG00000165512
ENSG00000137673,5655.0,9.974275,5.03716,1,5654.0025725364685,MMP7
ENSG00000055147,5656.0,9.973537,3.197851,1,5655.002646267414,ENSG00000055147
ENSG00000136144,5657.0,9.972628,2.9462168,1,5656.002737224102,ENSG00000136144
ENSG00000077514,5658.0,9.972125,1.7586617,1,5657.002787470818,ENSG00000077514
ENSG00000221909,5659.0,9.971426,4.1248083,1,5658.002857387066,ENSG00000221909
ENSG00000152284,5660.0,9.968425,3.464503,1,5659.003157496452,ENSG00000152284
ENSG00000130021,5661.0,9.968146,3.723396,1,5660.003185391426,ENSG00000130021
ENSG00000142798,5662.0,9.9664,1.809228,1,5661.003359973431,ENSG00000142798
ENSG00000146648,5663.0,9.96617,2.9981587,1,5662.003382980824,ENSG00000146648
ENSG00000178814,5664.0,9.962546,5.7498183,1,5663.003745377064,ENSG00000178814
ENSG00000186283,5665.0,9.960117,1.8112403,1,5664.003988265991,ENSG00000186283
ENSG00000173542,5666.0,9.959755,2.982539,1,5665.004024505615,ENSG00000173542
ENSG00000134152,5667.0,9.959249,3.3626988,1,5666.004075169563,ENSG00000134152
ENSG00000138459,5668.0,9.958626,4.268146,1,5667.004137396812,ENSG00000138459
ENSG00000172086,5669.0,9.956192,1.7166575,1,5668.004380822182,ENSG00000172086
ENSG00000239306,5670.0,9.949901,2.6460803,1,5669.005009949207,ENSG00000239306
ENSG00000110171,5671.0,9.94604,4.461774,1,5670.005396008492,ENSG00000110171
ENSG00000126458,5672.0,9.945226,2.9910042,1,5671.005477428436,ENSG00000126458
ENSG00000161217,5673.0,9.94195,2.8248158,1,5672.005805015564,ENSG00000161217
ENSG00000132589,5674.0,9.940727,2.4647932,1,5673.00592726469,ENSG00000132589
ENSG00000184209,5675.0,9.940057,3.4213269,1,5674.005994319916,ENSG00000184209
ENSG00000223547,5676.0,9.938582,4.054141,1,5675.006141781807,ENSG00000223547
ENSG00000164162,5677.0,9.936634,3.0668888,1,5676.006336569786,ENSG00000164162
ENSG00000145476,5678.0,9.936082,1.181675,1,5677.006391823292,ENSG00000145476
ENSG00000177352,5679.0,9.93571,1.6954373,1,5678.00642901659,ENSG00000177352
ENSG00000112242,5680.0,9.935604,1.0835458,1,5679.006439566612,ENSG00000112242
ENSG00000120251,5681.0,9.935126,7.7810936,1,5680.006487369537,ENSG00000120251
ENSG00000149636,5682.0,9.933524,4.591625,1,5681.006647586823,ENSG00000149636
ENSG00000172594,5683.0,9.932882,3.16758,1,5682.006711781025,ENSG00000172594
ENSG00000138376,5684.0,9.932743,2.1832933,1,5683.006725668907,ENSG00000138376
ENSG00000164548,5685.0,9.932369,2.356833,1,5684.006763100624,ENSG00000164548
ENSG00000173905,5686.0,9.929612,2.196781,1,5685.007038772106,ENSG00000173905
ENSG00000113300,5687.0,9.928591,2.0362012,1,5686.007140934467,ENSG00000113300
ENSG00000131931,5688.0,9.926873,1.5180975,1,5687.007312655449,ENSG00000131931
ENSG00000109339,5689.0,9.920815,4.3070297,1,5688.007918477058,ENSG00000109339
ENSG00000112159,5690.0,9.919836,1.8077017,1,5689.00801640749,ENSG00000112159
ENSG00000111752,5691.0,9.917963,2.0974956,1,5690.008203685284,ENSG00000111752
ENSG00000160336,5692.0,9.905777,1.899031,1,5691.009422302246,ENSG00000160336
ENSG00000186866,5693.0,9.900943,2.245184,1,5692.009905695915,ENSG00000186866
ENSG00000048991,5694.0,9.899269,2.3737683,1,5693.010073065758,ENSG00000048991
ENSG00000168936,5695.0,9.899028,2.4384854,1,5694.010097205639,ENSG00000168936
ENSG00000135374,5696.0,9.897266,4.363896,1,5695.010273337364,ELF5
ENSG00000169217,5697.0,9.890584,2.4049516,1,5696.010941624641,ENSG00000169217
ENSG00000110074,5698.0,9.88688,3.9299862,1,5697.011312007904,ENSG00000110074
ENSG00000122643,5699.0,9.883314,6.013722,1,5698.011668562889,ENSG00000122643
ENSG00000148606,5700.0,9.882231,2.150119,1,5699.011776924133,ENSG00000148606
ENSG00000246898,5701.0,9.880676,8.221648,1,5700.011932373047,ENSG00000246898
ENSG00000164338,5702.0,9.879915,3.915055,1,5701.012008488178,ENSG00000164338
ENSG00000197885,5703.0,9.87617,5.0384765,1,5702.012382984161,ENSG00000197885
ENSG00000231527,5704.0,9.871596,7.0082045,1,5703.012840390205,ENSG00000231527
ENSG00000114026,5705.0,9.8714485,2.2808251,1,5704.012855172157,ENSG00000114026
ENSG00000145050,5706.0,9.869615,2.7051048,1,5705.013038516045,ENSG00000145050
ENSG00000100395,5707.0,9.868403,3.6178386,1,5706.013159632683,ENSG00000100395
ENSG00000164168,5708.0,9.863382,2.780238,1,5707.01366174221,ENSG00000164168
ENSG00000170153,5709.0,9.861972,4.929543,1,5708.013802826405,ENSG00000170153
ENSG00000171443,5710.0,9.860961,1.113986,1,5709.013903915882,ENSG00000171443
ENSG00000015479,5711.0,9.86046,10.344217,1,5710.013953983784,ENSG00000015479
ENSG00000134452,5712.0,9.85404,3.2879949,1,5711.014595985413,ENSG00000134452
ENSG00000162444,5713.0,9.853159,2.0295472,1,5712.014684081078,RBP7
ENSG00000126461,5714.0,9.853114,1.4745523,1,5713.014688611031,ENSG00000126461
ENSG00000186001,5715.0,9.852017,3.1839182,1,5714.014798283577,ENSG00000186001
ENSG00000168538,5716.0,9.851116,2.1600323,1,5715.0148884058,ENSG00000168538
ENSG00000198930,5717.0,9.850803,9.103671,1,5716.014919638634,ENSG00000198930
ENSG00000113575,5718.0,9.850642,8.006576,1,5717.0149357914925,ENSG00000113575
ENSG00000142396,5719.0,9.850084,3.5727408,1,5718.01499158144,ENSG00000142396
ENSG00000010017,5720.0,9.849821,2.1554744,1,5719.015017867088,ENSG00000010017
ENSG00000112640,5721.0,9.849067,3.8841453,1,5720.015093326569,ENSG00000112640
ENSG00000272333,5722.0,9.847483,2.199746,1,5721.015251755714,ENSG00000272333
ENSG00000271383,5723.0,9.847376,1.8815662,1,5722.015262424946,ENSG00000271383
ENSG00000165650,5724.0,9.8460245,1.2198001,1,5723.015397548676,ENSG00000165650
ENSG00000123104,5725.0,9.846007,0.7775849,1,5724.01539927721,ENSG00000123104
ENSG00000007047,5726.0,9.845426,2.436906,1,5725.015457451344,ENSG00000007047
ENSG00000196369,5727.0,9.844248,4.4321985,1,5726.015575230122,ENSG00000196369
ENSG00000141428,5728.0,9.843701,3.3202233,1,5727.015629887581,ENSG00000141428
ENSG00000182944,5729.0,9.839081,10.187924,1,5728.016091942787,ENSG00000182944
ENSG00000073614,5730.0,9.8380785,1.8112528,1,5729.016192138195,ENSG00000073614
ENSG00000143033,5731.0,9.837933,3.4240205,1,5730.016206741333,ENSG00000143033
ENSG00000104687,5732.0,9.837552,3.1448898,1,5731.016244769096,ENSG00000104687
ENSG00000074054,5733.0,9.83652,1.9986604,1,5732.016348004341,ENSG00000074054
ENSG00000137460,5734.0,9.834958,3.7959998,1,5733.01650416851,ENSG00000137460
ENSG00000175073,5735.0,9.8335905,1.1280694,1,5734.01664096117,ENSG00000175073
ENSG00000136891,5736.0,9.833283,4.3713603,1,5735.016671657562,ENSG00000136891
ENSG00000149474,5737.0,9.830842,3.2884011,1,5736.016915798187,ENSG00000149474
ENSG00000145388,5738.0,9.830273,2.8555872,1,5737.016972720623,ENSG00000145388
ENSG00000102763,5739.0,9.827824,1.0716509,1,5738.017217636108,ENSG00000102763
ENSG00000115942,5740.0,9.827075,1.1626765,1,5739.017292499542,ENSG00000115942
ENSG00000086015,5741.0,9.826802,3.9200466,1,5740.0173197984695,ENSG00000086015
ENSG00000067365,5742.0,9.826236,4.3406672,1,5741.017376422882,ENSG00000067365
ENSG00000110422,5743.0,9.8249235,1.7912619,1,5742.01750767231,ENSG00000110422
ENSG00000151746,5744.0,9.824742,3.757359,1,5743.017525792122,ENSG00000151746
ENSG00000164124,5745.0,9.824671,3.1817636,1,5744.017532944679,ENSG00000164124
ENSG00000091651,5746.0,9.820988,3.080789,1,5745.017901241779,ENSG00000091651
ENSG00000124789,5747.0,9.818804,1.4583917,1,5746.018119633198,ENSG00000124789
ENSG00000100324,5748.0,9.818244,2.9416378,1,5747.018175601959,ENSG00000100324
ENSG00000116151,5749.0,9.817408,5.1101036,1,5748.018259227276,ENSG00000116151
ENSG00000173614,5750.0,9.816587,1.1080928,1,5749.018341243267,ENSG00000173614
ENSG00000197958,5751.0,9.815354,90.98614,1,5750.018464565277,ENSG00000197958
ENSG00000100104,5752.0,9.814966,3.0010502,1,5751.018503367901,ENSG00000100104
ENSG00000196150,5753.0,9.8135,3.3993595,1,5752.018649935722,ENSG00000196150
ENSG00000119227,5754.0,9.813306,4.4718723,1,5753.018669426441,ENSG00000119227
ENSG00000100416,5755.0,9.81036,4.0621076,1,5754.018963992596,ENSG00000100416
ENSG00000198393,5756.0,9.806354,2.0402544,1,5755.019364655018,ENSG00000198393
ENSG00000163617,5757.0,9.804254,3.62585,1,5756.019574642181,ENSG00000163617
ENSG00000174197,5758.0,9.800324,1.4286704,1,5757.019967556,ENSG00000174197
ENSG00000171204,5759.0,9.798911,4.9497766,1,5758.0201088786125,ENSG00000171204
ENSG00000099942,5760.0,9.7973585,4.1381335,1,5759.020264148712,ENSG00000099942
ENSG00000092964,5761.0,9.794829,4.0959964,1,5760.02051705122,ENSG00000092964
ENSG00000013573,5762.0,9.788903,3.52562,1,5761.021109700203,ENSG00000013573
ENSG00000064199,5763.0,9.7879715,4.2600627,1,5762.021202862263,ENSG00000064199
ENSG00000198712,5764.0,9.786137,733.7143,1,5763.021386325359,ENSG00000198712
ENSG00000169967,5765.0,9.783043,0.6436562,1,5764.02169573307,ENSG00000169967
ENSG00000108784,5766.0,9.781666,3.3366315,1,5765.0218334198,ENSG00000108784
ENSG00000185829,5767.0,9.780967,1.0122323,1,5766.021903336048,ENSG00000185829
ENSG00000071054,5768.0,9.776652,3.9867113,1,5767.022334754467,ENSG00000071054
ENSG00000132196,5769.0,9.773684,3.0432,1,5768.022631645203,ENSG00000132196
ENSG00000099219,5770.0,9.772533,1.0990403,1,5769.022746682167,ENSG00000099219
ENSG00000130517,5771.0,9.771469,1.3688675,1,5770.022853076458,ENSG00000130517
ENSG00000253293,5772.0,9.770353,5.399689,1,5771.022964656353,ENSG00000253293
ENSG00000001460,5773.0,9.767513,3.2416618,1,5772.023248672485,ENSG00000001460
ENSG00000005249,5774.0,9.766862,4.5895653,1,5773.023313820362,ENSG00000005249
ENSG00000078747,5775.0,9.765886,2.2493043,1,5774.023411393166,ENSG00000078747
ENSG00000232859,5776.0,9.760239,2.9777837,1,5775.023976147175,ENSG00000232859
ENSG00000134897,5777.0,9.757703,4.618067,1,5776.024229705334,ENSG00000134897
ENSG00000089041,5778.0,9.756125,6.189056,1,5777.024387478828,ENSG00000089041
ENSG00000165271,5779.0,9.755373,4.1429896,1,5778.02446269989,ENSG00000165271
ENSG00000126883,5780.0,9.751709,2.9762626,1,5779.024829089642,ENSG00000126883
ENSG00000110344,5781.0,9.750879,2.2668278,1,5780.024912059307,ENSG00000110344
ENSG00000165689,5782.0,9.750485,3.4269304,1,5781.024951457977,ENSG00000165689
ENSG00000148840,5783.0,9.748263,2.8483114,1,5782.025173664093,ENSG00000148840
ENSG00000165792,5784.0,9.747776,3.416135,1,5783.025222420692,ENSG00000165792
ENSG00000075643,5785.0,9.744489,5.7742424,1,5784.025551140308,ENSG00000075643
ENSG00000133422,5786.0,9.742992,2.6850276,1,5785.025700747967,ENSG00000133422
ENSG00000196981,5787.0,9.741204,2.134675,1,5786.025879561901,ENSG00000196981
ENSG00000197343,5788.0,9.740739,2.9962215,1,5787.025926113129,ENSG00000197343
ENSG00000113971,5789.0,9.739322,2.9610229,1,5788.026067852974,ENSG00000113971
ENSG00000145715,5790.0,9.737564,0.944639,1,5789.026243567467,ENSG00000145715
ENSG00000130768,5791.0,9.736372,2.2034898,1,5790.026362776756,ENSG00000130768
ENSG00000135392,5792.0,9.73362,2.953956,1,5791.026638031006,ENSG00000135392
ENSG00000160055,5793.0,9.731051,3.3728745,1,5792.02689486742,ENSG00000160055
ENSG00000047188,5794.0,9.72938,0.601626,1,5793.027062058449,ENSG00000047188
ENSG00000039523,5795.0,9.727765,4.8773847,1,5794.027223467827,ENSG00000039523
ENSG00000170271,5796.0,9.726815,4.908524,1,5795.027318477631,ENSG00000170271
ENSG00000254901,5797.0,9.725874,3.2304685,1,5796.027412593365,ENSG00000254901
ENSG00000073008,5798.0,9.725608,4.803249,1,5797.027439236641,ENSG00000073008
ENSG00000204389,5799.0,9.725013,9.253939,1,5798.027498722076,HSPA1A
ENSG00000142751,5800.0,9.722189,3.469964,1,5799.027781128883,ENSG00000142751
ENSG00000170160,5801.0,9.721848,5.3965626,1,5800.02781522274,ENSG00000170160
ENSG00000262919,5802.0,9.714427,2.217341,1,5801.028557300568,ENSG00000262919
ENSG00000171962,5803.0,9.711145,5.9155903,1,5802.028885483742,ENSG00000171962
ENSG00000160193,5804.0,9.709192,4.1988487,1,5803.029080748558,ENSG00000160193
ENSG00000138231,5805.0,9.709154,2.841352,1,5804.029084563255,ENSG00000138231
ENSG00000165997,5806.0,9.705243,1.6176248,1,5805.029475688934,ENSG00000165997
ENSG00000158109,5807.0,9.7035475,2.7941518,1,5806.029645264149,ENSG00000158109
ENSG00000121749,5808.0,9.703311,3.7465563,1,5807.029668927193,ENSG00000121749
ENSG00000162144,5809.0,9.702462,4.726648,1,5808.029753804207,ENSG00000162144
ENSG00000146757,5810.0,9.700067,1.7618937,1,5809.029993355274,ENSG00000146757
ENSG00000223482,5811.0,9.697161,2.7018144,1,5810.0302839279175,ENSG00000223482
ENSG00000065559,5812.0,9.695518,1.6436085,1,5811.030448257923,ENSG00000065559
ENSG00000104129,5813.0,9.694648,2.2890482,1,5812.0305352211,ENSG00000104129
ENSG00000100056,5814.0,9.694342,3.199359,1,5813.030565857887,ENSG00000100056
ENSG00000166169,5815.0,9.693828,1.8401278,1,5814.030617237091,ENSG00000166169
ENSG00000180730,5816.0,9.688454,6.1114187,1,5815.031154632568,ENSG00000180730
ENSG00000188677,5817.0,9.684003,2.3172166,1,5816.031599700451,ENSG00000188677
ENSG00000112078,5818.0,9.683571,4.3663654,1,5817.031642913818,ENSG00000112078
ENSG00000235194,5819.0,9.674883,1.8418006,1,5818.032511711121,ENSG00000235194
ENSG00000144736,5820.0,9.670838,5.0486193,1,5819.03291618824,ENSG00000144736
ENSG00000104093,5821.0,9.67065,4.0192075,1,5820.032935023308,ENSG00000104093
ENSG00000185722,5822.0,9.669914,2.1079092,1,5821.033008575439,ENSG00000185722
ENSG00000134757,5823.0,9.668853,5.376243,1,5822.033114731312,ENSG00000134757
ENSG00000151725,5824.0,9.668065,2.9800649,1,5823.033193469048,ENSG00000151725
ENSG00000106692,5825.0,9.666511,2.716502,1,5824.033348917961,ENSG00000106692
ENSG00000087299,5826.0,9.666203,0.52776325,1,5825.0333797335625,ENSG00000087299
ENSG00000173898,5827.0,9.661757,6.9259844,1,5826.033824265003,ENSG00000173898
ENSG00000168813,5828.0,9.661464,1.5357351,1,5827.033853650093,ENSG00000168813
ENSG00000214021,5829.0,9.657554,1.9041858,1,5828.034244656563,ENSG00000214021
ENSG00000167566,5830.0,9.657201,3.097797,1,5829.0342799425125,ENSG00000167566
ENSG00000169155,5831.0,9.655653,1.8730446,1,5830.03443467617,ENSG00000169155
ENSG00000104883,5832.0,9.649076,4.638404,1,5831.035092353821,ENSG00000104883
ENSG00000152219,5833.0,9.64652,3.0256798,1,5832.035348057747,ENSG00000152219
ENSG00000083290,5834.0,9.644644,1.9958594,1,5833.035535633564,ENSG00000083290
ENSG00000112902,5835.0,9.64434,5.96884,1,5834.035566031933,ENSG00000112902
ENSG00000148153,5836.0,9.640905,1.9436853,1,5835.035909473896,ENSG00000148153
ENSG00000135587,5837.0,9.640775,2.9145322,1,5836.035922527313,ENSG00000135587
ENSG00000184381,5838.0,9.640277,4.48526,1,5837.035972297192,ENSG00000184381
ENSG00000122882,5839.0,9.639518,3.2315798,1,5838.036048233509,ENSG00000122882
ENSG00000023608,5840.0,9.633673,2.346392,1,5839.036632716656,ENSG00000023608
ENSG00000005882,5841.0,9.632251,3.4249694,1,5840.036774933338,ENSG00000005882
ENSG00000263072,5842.0,9.63061,2.4089742,1,5841.036938965321,ENSG00000263072
ENSG00000111859,5843.0,9.629268,3.5560172,1,5842.037073254585,ENSG00000111859
ENSG00000213516,5844.0,9.628775,2.7836041,1,5843.0371225476265,ENSG00000213516
ENSG00000198053,5845.0,9.625108,3.7827775,1,5844.037489235401,ENSG00000198053
ENSG00000064652,5846.0,9.624535,3.3522081,1,5845.037546515465,ENSG00000064652
ENSG00000186951,5847.0,9.624072,1.0465692,1,5846.037592768669,ENSG00000186951
ENSG00000131873,5848.0,9.621728,2.0491319,1,5847.037827193737,ENSG00000131873
ENSG00000153902,5849.0,9.619754,6.19429,1,5848.0380246043205,ENSG00000153902
ENSG00000253710,5850.0,9.618126,2.318705,1,5849.038187384605,ENSG00000253710
ENSG00000102967,5851.0,9.617107,3.258823,1,5850.038289248943,ENSG00000102967
ENSG00000154370,5852.0,9.6157675,1.9004456,1,5851.038423240185,ENSG00000154370
ENSG00000169288,5853.0,9.603733,2.746666,1,5852.039626717567,ENSG00000169288
ENSG00000008083,5854.0,9.603034,2.4130914,1,5853.039696574211,ENSG00000008083
ENSG00000178951,5855.0,9.6002655,1.398292,1,5854.039973437786,ENSG00000178951
ENSG00000065911,5856.0,9.599512,3.969185,1,5855.040048778057,ENSG00000065911
ENSG00000101384,5857.0,9.598973,2.7156029,1,5856.040102660656,ENSG00000101384
ENSG00000196535,5858.0,9.598382,2.811689,1,5857.040161788464,ENSG00000196535
ENSG00000129460,5859.0,9.595782,4.405083,1,5858.040421783924,ENSG00000129460
ENSG00000205084,5860.0,9.595151,6.8053026,1,5859.040484905243,ENSG00000205084
ENSG00000082516,5861.0,9.595038,3.2552867,1,5860.040496170521,ENSG00000082516
ENSG00000156313,5862.0,9.594806,3.6856346,1,5861.040519416332,ENSG00000156313
ENSG00000167536,5863.0,9.594274,3.1370003,1,5862.04057264328,ENSG00000167536
ENSG00000143036,5864.0,9.594226,7.314657,1,5863.040577411652,ENSG00000143036
ENSG00000175054,5865.0,9.590934,1.8338959,1,5864.040906608105,ENSG00000175054
ENSG00000106688,5866.0,9.584267,4.710813,1,5865.041573345661,ENSG00000106688
ENSG00000240344,5867.0,9.583792,2.726837,1,5866.041620850563,ENSG00000240344
ENSG00000131584,5868.0,9.576414,2.2543015,1,5867.042358577251,ENSG00000131584
ENSG00000198556,5869.0,9.574168,4.1642103,1,5868.042583167553,ENSG00000198556
ENSG00000160949,5870.0,9.570242,4.1469684,1,5869.042975783348,ENSG00000160949
ENSG00000138131,5871.0,9.565673,10.67907,1,5870.043432712555,ENSG00000138131
ENSG00000133433,5872.0,9.565546,6.897512,1,5871.043445408344,ENSG00000133433
ENSG00000163214,5873.0,9.565401,3.6045039,1,5872.043459892273,ENSG00000163214
ENSG00000121579,5874.0,9.56505,4.1363873,1,5873.043494999409,ENSG00000121579
ENSG00000156599,5875.0,9.56272,1.8104599,1,5874.043727993965,ENSG00000156599
ENSG00000115524,5876.0,9.562013,7.4906025,1,5875.043798744679,ENSG00000115524
ENSG00000103460,5877.0,9.560158,10.406974,1,5876.043984234333,ENSG00000103460
ENSG00000143502,5878.0,9.559878,4.601432,1,5877.044012188911,ENSG00000143502
ENSG00000103811,5879.0,9.559626,4.6778927,1,5878.044037461281,ENSG00000103811
ENSG00000049883,5880.0,9.556979,3.793402,1,5879.044302105904,ENSG00000049883
ENSG00000244687,5881.0,9.554991,5.773437,1,5880.044500946999,ENSG00000244687
ENSG00000137996,5882.0,9.554242,2.203812,1,5881.044575810432,ENSG00000137996
ENSG00000135317,5883.0,9.553862,2.499442,1,5882.044613838196,ENSG00000135317
ENSG00000138030,5884.0,9.55266,3.8504376,1,5883.04473400116,ENSG00000138030
ENSG00000205517,5885.0,9.551825,6.7044854,1,5884.044817566872,ENSG00000205517
ENSG00000139173,5886.0,9.549146,5.5809455,1,5885.045085430145,ENSG00000139173
ENSG00000167653,5887.0,9.5486355,6.108499,1,5886.045136451721,ENSG00000167653
ENSG00000106524,5888.0,9.548183,4.0360227,1,5887.045181632042,ENSG00000106524
ENSG00000095397,5889.0,9.544427,1.9972277,1,5888.045557320118,ENSG00000095397
ENSG00000172890,5890.0,9.542737,1.8564087,1,5889.045726299286,ENSG00000172890
ENSG00000242498,5891.0,9.534219,4.1077685,1,5890.046578109264,ENSG00000242498
ENSG00000151292,5892.0,9.534097,3.5254319,1,5891.046590328217,ENSG00000151292
ENSG00000095713,5893.0,9.533992,9.746029,1,5892.046600818634,ENSG00000095713
ENSG00000119636,5894.0,9.5328245,4.8286834,1,5893.0467175245285,ENSG00000119636
ENSG00000174840,5895.0,9.527608,2.0076072,1,5894.04723918438,ENSG00000174840
ENSG00000166167,5896.0,9.526259,2.703162,1,5895.047374069691,ENSG00000166167
ENSG00000112679,5897.0,9.522133,4.392493,1,5896.047786712647,ENSG00000112679
ENSG00000132669,5898.0,9.520344,2.96707,1,5897.04796564579,ENSG00000132669
ENSG00000204271,5899.0,9.513784,3.378416,1,5898.048621535301,ENSG00000204271
ENSG00000070831,5900.0,9.509566,5.5668783,1,5899.049043357372,ENSG00000070831
ENSG00000116273,5901.0,9.509333,3.0672965,1,5900.049066722393,ENSG00000116273
ENSG00000188266,5902.0,9.508695,5.3850064,1,5901.049130558968,ENSG00000188266
ENSG00000250903,5903.0,9.506816,3.1103911,1,5902.049318432808,ENSG00000250903
ENSG00000125834,5904.0,9.505637,2.7849483,1,5903.049436271191,ENSG00000125834
ENSG00000148634,5905.0,9.50519,2.0761244,1,5904.049481034279,ENSG00000148634
ENSG00000185479,5906.0,9.504527,11.269639,1,5905.049547314644,KRT6B
ENSG00000125898,5907.0,9.5040245,0.6953087,1,5906.049597561359,ENSG00000125898
ENSG00000165572,5908.0,9.504011,2.3097584,1,5907.049598872662,ENSG00000165572
ENSG00000012232,5909.0,9.500637,3.7859433,1,5908.049936294556,ENSG00000012232
ENSG00000115970,5910.0,9.496476,1.4447714,1,5909.050352394581,ENSG00000115970
ENSG00000127418,5911.0,9.496235,3.1356614,1,5910.050376534462,ENSG00000127418
ENSG00000100600,5912.0,9.495553,3.203057,1,5911.050444722176,ENSG00000100600
ENSG00000144401,5913.0,9.493423,1.0258478,1,5912.050657629967,ENSG00000144401
ENSG00000011021,5914.0,9.488124,3.7067065,1,5913.051187634468,ENSG00000011021
ENSG00000106404,5915.0,9.485382,1.9713827,1,5914.051461815834,ENSG00000106404
ENSG00000183576,5916.0,9.483376,2.8140693,1,5915.051662445068,ENSG00000183576
ENSG00000089050,5917.0,9.482112,4.453361,1,5916.051788806915,ENSG00000089050
ENSG00000197747,5918.0,9.480938,40.43061,1,5917.0519062280655,S100A10
ENSG00000196705,5919.0,9.47996,2.5330298,1,5918.052003979683,ENSG00000196705
ENSG00000154781,5920.0,9.477645,2.460264,1,5919.052235484123,ENSG00000154781
ENSG00000008311,5921.0,9.47472,4.064022,1,5920.05252802372,ENSG00000008311
ENSG00000180155,5922.0,9.4660635,4.0455427,1,5921.053393661976,ENSG00000180155
ENSG00000145592,5923.0,9.465967,49.141083,1,5922.053403258324,ENSG00000145592
ENSG00000144647,5924.0,9.458494,3.675756,1,5923.05415058136,ENSG00000144647
ENSG00000168003,5925.0,9.457522,21.712444,1,5924.054247736931,ENSG00000168003
ENSG00000165801,5926.0,9.454925,4.871023,1,5925.054507553577,ENSG00000165801
ENSG00000133250,5927.0,9.45302,2.3849535,1,5926.0546979904175,ENSG00000133250
ENSG00000165671,5928.0,9.452919,1.9579052,1,5927.054708123207,ENSG00000165671
ENSG00000090432,5929.0,9.45262,4.346471,1,5928.054738044739,ENSG00000090432
ENSG00000146587,5930.0,9.451098,4.4623766,1,5929.054890155792,ENSG00000146587
ENSG00000204427,5931.0,9.446363,4.5271325,1,5930.05536365509,ENSG00000204427
ENSG00000292358,5932.0,9.444548,1.6102402,1,5931.055545210838,ENSG00000292358
ENSG00000165655,5933.0,9.443648,2.105546,1,5932.055635154247,ENSG00000165655
ENSG00000083642,5934.0,9.442104,3.350484,1,5933.055789589882,ENSG00000083642
ENSG00000116266,5935.0,9.441708,2.8149557,1,5934.055829226971,ENSG00000116266
ENSG00000150967,5936.0,9.440947,3.8986478,1,5935.055905342102,ENSG00000150967
ENSG00000006747,5937.0,9.438338,6.5513783,1,5936.056166172028,ENSG00000006747
ENSG00000104356,5938.0,9.435873,3.8460548,1,5937.056412696838,ENSG00000104356
ENSG00000076242,5939.0,9.430876,3.2993581,1,5938.05691242218,ENSG00000076242
ENSG00000167985,5940.0,9.426813,2.997644,1,5939.057318687439,ENSG00000167985
ENSG00000153113,5941.0,9.426261,4.553383,1,5940.05737388134,ENSG00000153113
ENSG00000157869,5942.0,9.425986,2.8549333,1,5941.057401359081,ENSG00000157869
ENSG00000168306,5943.0,9.4242115,5.894659,1,5942.057578861713,ENSG00000168306
ENSG00000145391,5944.0,9.422672,2.0794883,1,5943.057732760906,ENSG00000145391
ENSG00000157107,5945.0,9.421972,2.297741,1,5944.057802796364,ENSG00000157107
ENSG00000175183,5946.0,9.421854,3.964011,1,5945.057814598084,ENSG00000175183
ENSG00000165915,5947.0,9.420676,3.6188626,1,5946.057932376862,ENSG00000165915
ENSG00000185024,5948.0,9.419264,1.9272833,1,5947.05807363987,ENSG00000185024
ENSG00000272523,5949.0,9.416784,4.6490097,1,5948.058321595192,ENSG00000272523
ENSG00000025770,5950.0,9.416661,4.4270515,1,5949.058333873749,ENSG00000025770
ENSG00000182224,5951.0,9.416513,4.1067677,1,5950.058348655701,ENSG00000182224
ENSG00000168246,5952.0,9.414758,3.2527518,1,5951.058524250984,ENSG00000168246
ENSG00000250802,5953.0,9.41434,4.3152623,1,5952.058565974236,ENSG00000250802
ENSG00000065717,5954.0,9.412837,4.4356465,1,5953.05871629715,ENSG00000065717
ENSG00000073331,5955.0,9.411052,1.5484028,1,5954.058894813061,ENSG00000073331
ENSG00000008988,5956.0,9.409769,61.26319,1,5955.059023082256,RPS20
ENSG00000137509,5957.0,9.407275,3.7033086,1,5956.05927246809,ENSG00000137509
ENSG00000198039,5958.0,9.40469,2.3028212,1,5957.059531033039,ENSG00000198039
ENSG00000148411,5959.0,9.402444,2.1285198,1,5958.059755623341,ENSG00000148411
ENSG00000176473,5960.0,9.3997755,3.4909072,1,5959.060022473335,ENSG00000176473
ENSG00000163755,5961.0,9.398525,3.6768684,1,5960.060147464275,ENSG00000163755
ENSG00000173928,5962.0,9.398492,2.2377326,1,5961.060150802136,ENSG00000173928
ENSG00000103343,5963.0,9.396036,3.09418,1,5962.060396373272,ENSG00000103343
ENSG00000006194,5964.0,9.3951645,2.0400996,1,5963.060483574867,ENSG00000006194
ENSG00000206530,5965.0,9.393794,3.8752222,1,5964.060620605946,ENSG00000206530
ENSG00000103528,5966.0,9.392947,5.505558,1,5965.060705304146,ENSG00000103528
ENSG00000188986,5967.0,9.391736,2.236252,1,5966.060826420784,ENSG00000188986
ENSG00000123427,5968.0,9.391646,5.212035,1,5967.060835361481,ENSG00000123427
ENSG00000004766,5969.0,9.391011,4.2772145,1,5968.060898900032,ENSG00000004766
ENSG00000175063,5970.0,9.390825,5.963985,1,5969.060917496681,UBE2C
ENSG00000250988,5971.0,9.387768,3.8637846,1,5970.061223208904,ENSG00000250988
ENSG00000146063,5972.0,9.386186,1.1944507,1,5971.061381459236,ENSG00000146063
ENSG00000146414,5973.0,9.385948,1.4533354,1,5972.061405181885,ENSG00000146414
ENSG00000143450,5974.0,9.384004,4.4494667,1,5973.061599612236,ENSG00000143450
ENSG00000011523,5975.0,9.379243,1.9590142,1,5974.0620757341385,ENSG00000011523
ENSG00000111271,5976.0,9.3772545,3.418856,1,5975.0622745752335,ENSG00000111271
ENSG00000169122,5977.0,9.37636,4.6376424,1,5976.062363982201,ENSG00000169122
ENSG00000103042,5978.0,9.375314,4.7159095,1,5977.062468647957,ENSG00000103042
ENSG00000165704,5979.0,9.370865,4.4250836,1,5978.062913537025,ENSG00000165704
ENSG00000205903,5980.0,9.369227,2.5651405,1,5979.063077270985,ENSG00000205903
ENSG00000002834,5981.0,9.367412,1.9023297,1,5980.063258826733,ENSG00000002834
ENSG00000151287,5982.0,9.36596,4.4386563,1,5981.063403964043,ENSG00000151287
ENSG00000204564,5983.0,9.362723,2.790644,1,5982.063727676868,ENSG00000204564
ENSG00000137764,5984.0,9.357196,3.4843323,1,5983.064280390739,ENSG00000137764
ENSG00000131620,5985.0,9.351699,4.3762317,1,5984.064830124378,ENSG00000131620
ENSG00000117408,5986.0,9.35103,2.5070605,1,5985.064896941185,ENSG00000117408
ENSG00000118515,5987.0,9.35019,20.67147,1,5986.064980983734,ENSG00000118515
ENSG00000108474,5988.0,9.348958,2.2372758,1,5987.065104186535,ENSG00000108474
ENSG00000069869,5989.0,9.348395,5.4345512,1,5988.06516045332,ENSG00000069869
ENSG00000135503,5990.0,9.347658,2.9455447,1,5989.065234184265,ENSG00000135503
ENSG00000101004,5991.0,9.347238,6.195055,1,5990.065276265144,ENSG00000101004
ENSG00000089199,5992.0,9.345418,11.423018,1,5991.06545817852,CHGB
ENSG00000177595,5993.0,9.344857,2.7841341,1,5992.065514266491,ENSG00000177595
ENSG00000213918,5994.0,9.341872,1.801917,1,5993.065812766552,ENSG00000213918
ENSG00000078401,5995.0,9.336233,4.090796,1,5994.066376686096,EDN1
ENSG00000089351,5996.0,9.335194,2.0221274,1,5995.066480636597,ENSG00000089351
ENSG00000133884,5997.0,9.333256,2.4023957,1,5996.066674411297,ENSG00000133884
ENSG00000206418,5998.0,9.33212,7.8906584,1,5997.06678801775,ENSG00000206418
ENSG00000135547,5999.0,9.330874,5.509637,1,5998.066912531853,ENSG00000135547
ENSG00000068885,6000.0,9.330584,3.3469217,1,5999.066941618919,ENSG00000068885
ENSG00000107185,6001.0,9.33002,1.7329208,1,6000.066998004913,ENSG00000107185
ENSG00000230724,6002.0,9.32925,2.6067042,1,6001.06707495451,ENSG00000230724
ENSG00000175182,6003.0,9.326152,5.044112,1,6002.067384839058,ENSG00000175182
ENSG00000113851,6004.0,9.324,3.769335,1,6003.067599952221,ENSG00000113851
ENSG00000135926,6005.0,9.322215,4.0017977,1,6004.067778468132,ENSG00000135926
ENSG00000118849,6006.0,9.316964,2.2291508,1,6005.0683035850525,RARRES1
ENSG00000187824,6007.0,9.315038,3.5752482,1,6006.068496227264,ENSG00000187824
ENSG00000163362,6008.0,9.314022,2.9875584,1,6007.068597793579,ENSG00000163362
ENSG00000213672,6009.0,9.3133545,3.5830913,1,6008.068664550781,ENSG00000213672
ENSG00000231817,6010.0,9.312677,12.007574,1,6009.068732261658,ENSG00000231817
ENSG00000061987,6011.0,9.311254,1.3696829,1,6010.068874657154,ENSG00000061987
ENSG00000137770,6012.0,9.311214,3.1808212,1,6011.068878531456,ENSG00000137770
ENSG00000103227,6013.0,9.310398,2.286948,1,6012.068960189819,ENSG00000103227
ENSG00000011258,6014.0,9.309927,2.6180851,1,6013.069007277489,ENSG00000011258
ENSG00000140367,6015.0,9.309793,1.9352674,1,6014.069020628929,ENSG00000140367
ENSG00000156398,6016.0,9.308441,0.6230417,1,6015.069155871868,ENSG00000156398
ENSG00000139624,6017.0,9.302647,3.8490024,1,6016.069735348225,ENSG00000139624
ENSG00000115317,6018.0,9.302345,2.3015876,1,6017.06976544857,ENSG00000115317
ENSG00000155367,6019.0,9.302237,4.2649446,1,6018.06977635622,ENSG00000155367
ENSG00000133704,6020.0,9.299842,2.690302,1,6019.070015788078,ENSG00000133704
ENSG00000108591,6021.0,9.298583,3.6267536,1,6020.070141673088,ENSG00000108591
ENSG00000197162,6022.0,9.296237,1.5736549,1,6021.07037627697,ENSG00000197162
ENSG00000173894,6023.0,9.295027,7.460818,1,6022.070497334003,ENSG00000173894
ENSG00000198105,6024.0,9.293089,1.6471258,1,6023.070691108704,ENSG00000198105
ENSG00000140598,6025.0,9.292882,3.46546,1,6024.070711791515,ENSG00000140598
ENSG00000154493,6026.0,9.292625,12.084075,1,6025.070737481117,ENSG00000154493
ENSG00000166006,6027.0,9.29042,6.7805777,1,6026.070958018303,ENSG00000166006
ENSG00000196542,6028.0,9.288607,7.9792185,1,6027.071139335632,ENSG00000196542
ENSG00000123094,6029.0,9.288305,4.3047104,1,6028.071169495583,ENSG00000123094
ENSG00000196422,6030.0,9.285688,4.8532887,1,6029.071431159973,ENSG00000196422
ENSG00000181982,6031.0,9.283107,5.1895895,1,6030.07168930769,ENSG00000181982
ENSG00000001084,6032.0,9.281555,2.1982388,1,6031.07184445858,ENSG00000001084
ENSG00000058673,6033.0,9.280924,3.489085,1,6032.071907639504,ENSG00000058673
ENSG00000118007,6034.0,9.278301,1.1290066,1,6033.0721698999405,ENSG00000118007
ENSG00000163933,6035.0,9.277843,2.510314,1,6034.072215676308,ENSG00000163933
ENSG00000197136,6036.0,9.276158,2.1689863,1,6035.072384178639,ENSG00000197136
ENSG00000060762,6037.0,9.274992,3.9304776,1,6036.072500824928,ENSG00000060762
ENSG00000125386,6038.0,9.271088,1.4858314,1,6037.072891235352,ENSG00000125386
ENSG00000222011,6039.0,9.27004,2.7358205,1,6038.072996020317,ENSG00000222011
ENSG00000124217,6040.0,9.269589,3.7980053,1,6039.0730410814285,ENSG00000124217
ENSG00000137504,6041.0,9.269572,1.5178914,1,6040.073042750359,ENSG00000137504
ENSG00000156110,6042.0,9.26862,2.4514024,1,6041.073138058186,ENSG00000156110
ENSG00000181523,6043.0,9.257231,2.5544865,1,6042.074276924133,ENSG00000181523
ENSG00000108578,6044.0,9.257219,4.510661,1,6043.074278056622,ENSG00000108578
ENSG00000145911,6045.0,9.255413,2.7130952,1,6044.0744587183,ENSG00000145911
ENSG00000116752,6046.0,9.251381,4.338113,1,6045.074861884117,ENSG00000116752
ENSG00000157637,6047.0,9.251204,2.7682936,1,6046.074879646301,ENSG00000157637
ENSG00000103852,6048.0,9.249877,6.3429127,1,6047.0750123262405,ENSG00000103852
ENSG00000198753,6049.0,9.248272,9.367361,1,6048.075172781944,ENSG00000198753
ENSG00000261373,6050.0,9.24777,7.179694,1,6049.075222969055,ENSG00000261373
ENSG00000060237,6051.0,9.247474,1.2378254,1,6050.075252652168,ENSG00000060237
ENSG00000112531,6052.0,9.246184,3.5768218,1,6051.075381577015,ENSG00000112531
ENSG00000142002,6053.0,9.239896,1.8437116,1,6052.076010406017,ENSG00000142002
ENSG00000176953,6054.0,9.237711,0.7871695,1,6053.076228916645,ENSG00000176953
ENSG00000197601,6055.0,9.230999,2.9422228,1,6054.07690012455,ENSG00000197601
ENSG00000159792,6056.0,9.229099,2.980115,1,6055.077090084553,ENSG00000159792
ENSG00000100664,6057.0,9.228854,17.657526,1,6056.077114582062,ENSG00000100664
ENSG00000168566,6058.0,9.226528,2.8325877,1,6057.077347159386,ENSG00000168566
ENSG00000170734,6059.0,9.22574,1.7386605,1,6058.077425956726,ENSG00000170734
ENSG00000165675,6060.0,9.22439,3.9291222,1,6059.077561020851,ENSG00000165675
ENSG00000166887,6061.0,9.21998,3.1507342,1,6060.078001976013,ENSG00000166887
ENSG00000183762,6062.0,9.217018,2.5355039,1,6061.078298211098,ENSG00000183762
ENSG00000254685,6063.0,9.215966,3.4727054,1,6062.078403353691,ENSG00000254685
ENSG00000119720,6064.0,9.210633,1.3591596,1,6063.078936696053,ENSG00000119720
ENSG00000100139,6065.0,9.207914,3.9896894,1,6064.079208552837,ENSG00000100139
ENSG00000134255,6066.0,9.202831,4.3911886,1,6065.079716861248,ENSG00000134255
ENSG00000077782,6067.0,9.202284,3.1385775,1,6066.079771637917,ENSG00000077782
ENSG00000100207,6068.0,9.199216,1.3073179,1,6067.080078423023,ENSG00000100207
ENSG00000008130,6069.0,9.197136,1.4843093,1,6068.080286383629,ENSG00000008130
ENSG00000173210,6070.0,9.195959,4.4172063,1,6069.080404102802,ENSG00000173210
ENSG00000154274,6071.0,9.195262,3.424006,1,6070.080473780632,ENSG00000154274
ENSG00000146674,6072.0,9.194472,6.2183437,1,6071.080552756786,IGFBP3
ENSG00000176978,6073.0,9.193541,6.233284,1,6072.080645918846,ENSG00000176978
ENSG00000124641,6074.0,9.192851,3.9080224,1,6073.08071488142,ENSG00000124641
ENSG00000176531,6075.0,9.188501,1.6932137,1,6074.081149876118,ENSG00000176531
ENSG00000144445,6076.0,9.186308,3.4722605,1,6075.0813692212105,ENSG00000144445
ENSG00000124608,6077.0,9.185602,3.5347848,1,6076.08143979311,ENSG00000124608
ENSG00000178826,6078.0,9.182577,5.26028,1,6077.081742286682,ENSG00000178826
ENSG00000196663,6079.0,9.180976,2.642386,1,6078.081902384758,ENSG00000196663
ENSG00000105327,6080.0,9.178754,2.3914738,1,6079.082124590874,ENSG00000105327
ENSG00000131711,6081.0,9.1764965,5.201902,1,6080.082350373268,ENSG00000131711
ENSG00000136379,6082.0,9.175817,3.5962493,1,6081.082418322563,ENSG00000136379
ENSG00000127452,6083.0,9.174888,3.8414316,1,6082.082511246204,ENSG00000127452
ENSG00000103707,6084.0,9.17452,2.6839266,1,6083.08254802227,ENSG00000103707
ENSG00000145284,6085.0,9.174369,0.56183445,1,6084.082563102245,ENSG00000145284
ENSG00000117000,6086.0,9.174298,3.0290647,1,6085.082570195198,ENSG00000117000
ENSG00000116350,6087.0,9.174202,4.0656457,1,6086.082579791546,ENSG00000116350
ENSG00000108551,6088.0,9.16954,1.723978,1,6087.083045959473,ENSG00000108551
ENSG00000196748,6089.0,9.164533,10.976555,1,6088.083546757698,ENSG00000196748
ENSG00000196923,6090.0,9.163446,3.888116,1,6089.083655357361,ENSG00000196923
ENSG00000247315,6091.0,9.163245,2.8787353,1,6090.083675503731,ENSG00000247315
ENSG00000165526,6092.0,9.162675,2.3373094,1,6091.083732485771,ENSG00000165526
ENSG00000132275,6093.0,9.158035,3.291014,1,6092.084196448326,ENSG00000132275
ENSG00000075303,6094.0,9.155886,2.8612888,1,6093.08441144228,ENSG00000075303
ENSG00000135744,6095.0,9.155011,6.89117,1,6094.084498882294,ENSG00000135744
ENSG00000102738,6096.0,9.153131,2.5488942,1,6095.084686934948,ENSG00000102738
ENSG00000100023,6097.0,9.15301,2.312048,1,6096.084698975086,ENSG00000100023
ENSG00000137055,6098.0,9.151711,1.9810654,1,6097.084828853607,ENSG00000137055
ENSG00000205426,6099.0,9.15147,6.452206,1,6098.084852993488,KRT81
ENSG00000126464,6100.0,9.151145,1.7875681,1,6099.08488547802,ENSG00000126464
ENSG00000171150,6101.0,9.149552,2.182728,1,6100.085044741631,ENSG00000171150
ENSG00000013563,6102.0,9.146199,3.0496569,1,6101.085380077362,ENSG00000013563
ENSG00000164494,6103.0,9.144052,2.2714565,1,6102.085594832897,ENSG00000164494
ENSG00000132604,6104.0,9.136903,2.0257978,1,6103.086309731007,ENSG00000132604
ENSG00000151320,6105.0,9.136476,7.5295663,1,6104.086352467537,ENSG00000151320
ENSG00000174839,6106.0,9.1363,1.2218184,1,6105.086369991303,ENSG00000174839
ENSG00000140153,6107.0,9.135727,2.563654,1,6106.086427330971,ENSG00000140153
ENSG00000114268,6108.0,9.135123,6.120042,1,6107.086487650871,ENSG00000114268
ENSG00000042286,6109.0,9.131706,3.7311122,1,6108.0868293643,ENSG00000042286
ENSG00000058804,6110.0,9.12721,3.4295015,1,6109.08727902174,ENSG00000058804
ENSG00000072201,6111.0,9.126808,3.139994,1,6110.087319195271,ENSG00000072201
ENSG00000164187,6112.0,9.125955,1.461222,1,6111.087404549122,ENSG00000164187
ENSG00000168778,6113.0,9.125907,4.306036,1,6112.087409317493,ENSG00000168778
ENSG00000169118,6114.0,9.12544,1.8167747,1,6113.087456047535,ENSG00000169118
ENSG00000047644,6115.0,9.122157,0.93000686,1,6114.087784290314,ENSG00000047644
ENSG00000226479,6116.0,9.11987,1.6890409,1,6115.088012993336,ENSG00000226479
ENSG00000196141,6117.0,9.119543,2.8638818,1,6116.088045716286,ENSG00000196141
ENSG00000173264,6118.0,9.118304,2.1970994,1,6117.088169574738,ENSG00000173264
ENSG00000178950,6119.0,9.118182,1.702037,1,6118.08818179369,ENSG00000178950
ENSG00000131591,6120.0,9.117096,2.6138573,1,6119.0882903933525,ENSG00000131591
ENSG00000117533,6121.0,9.117083,2.555698,1,6120.088291764259,ENSG00000117533
ENSG00000249115,6122.0,9.115232,2.1964254,1,6121.088476777077,ENSG00000249115
ENSG00000214944,6123.0,9.112931,4.5197344,1,6122.088706851006,ENSG00000214944
ENSG00000170234,6124.0,9.106455,1.0795476,1,6123.089354515076,ENSG00000170234
ENSG00000116830,6125.0,9.104054,1.58961,1,6124.08959454298,ENSG00000116830
ENSG00000288596,6126.0,9.095965,2.444761,1,6125.090403437614,ENSG00000288596
ENSG00000106624,6127.0,9.095115,1.4644707,1,6126.090488553047,AEBP1
ENSG00000168301,6128.0,9.091105,3.1595001,1,6127.090889453888,ENSG00000168301
ENSG00000047932,6129.0,9.088231,1.2930325,1,6128.091176867485,ENSG00000047932
ENSG00000145041,6130.0,9.087714,2.4934158,1,6129.091228604317,ENSG00000145041
ENSG00000101247,6131.0,9.087098,4.521086,1,6130.091290175915,ENSG00000101247
ENSG00000162891,6132.0,9.081788,11.18551,1,6131.091821193695,ENSG00000162891
ENSG00000176225,6133.0,9.081542,5.923836,1,6132.091845810413,ENSG00000176225
ENSG00000135341,6134.0,9.080646,1.4043952,1,6133.091935455799,ENSG00000135341
ENSG00000136936,6135.0,9.078788,1.4597614,1,6134.092121243477,ENSG00000136936
ENSG00000125434,6136.0,9.075433,1.1186067,1,6135.092456698418,ENSG00000125434
ENSG00000115808,6137.0,9.070086,1.1582248,1,6136.092991471291,ENSG00000115808
ENSG00000178927,6138.0,9.069248,1.8615199,1,6137.093075156212,ENSG00000178927
ENSG00000068394,6139.0,9.066455,2.3667552,1,6138.093354523182,ENSG00000068394
ENSG00000108094,6140.0,9.066098,2.0588622,1,6139.09339016676,ENSG00000108094
ENSG00000106258,6141.0,9.066057,2.9135237,1,6140.09339427948,ENSG00000106258
ENSG00000075413,6142.0,9.064883,2.0801919,1,6141.09351170063,ENSG00000075413
ENSG00000197019,6143.0,9.062495,3.2416515,1,6142.093750476837,ENSG00000197019
ENSG00000166337,6144.0,9.061962,1.9172773,1,6143.09380376339,ENSG00000166337
ENSG00000060656,6145.0,9.0604315,5.976565,1,6144.093956828117,ENSG00000060656
ENSG00000177192,6146.0,9.059888,2.419188,1,6145.094011187553,ENSG00000177192
ENSG00000115275,6147.0,9.0594635,1.1630781,1,6146.0940536260605,ENSG00000115275
ENSG00000170448,6148.0,9.052851,1.724266,1,6147.094714939594,ENSG00000170448
ENSG00000168496,6149.0,9.051957,4.6998596,1,6148.094804286957,ENSG00000168496
ENSG00000139517,6150.0,9.048975,2.6407206,1,6149.095102488995,ENSG00000139517
ENSG00000104863,6151.0,9.045399,2.3082345,1,6150.095460116863,ENSG00000104863
ENSG00000188428,6152.0,9.044863,4.097317,1,6151.095513701439,ENSG00000188428
ENSG00000150477,6153.0,9.042737,2.9905634,1,6152.095726311207,ENSG00000150477
ENSG00000109929,6154.0,9.042683,2.404222,1,6153.0957317352295,ENSG00000109929
ENSG00000150990,6155.0,9.041742,3.7754004,1,6154.095825791359,ENSG00000150990
ENSG00000120437,6156.0,9.040725,3.225782,1,6155.095927536488,ENSG00000120437
ENSG00000213190,6157.0,9.039954,7.9113903,1,6156.096004605293,ENSG00000213190
ENSG00000172943,6158.0,9.037814,1.052995,1,6157.096218585968,ENSG00000172943
ENSG00000155111,6159.0,9.037579,1.2059919,1,6158.096242129803,ENSG00000155111
ENSG00000214753,6160.0,9.034652,1.7278383,1,6159.096534848213,ENSG00000214753
ENSG00000196730,6161.0,9.033588,5.9064994,1,6160.0966411829,ENSG00000196730
ENSG00000197147,6162.0,9.032976,1.2646635,1,6161.09670239687,ENSG00000197147
ENSG00000180667,6163.0,9.031153,2.8081405,1,6162.096884727478,ENSG00000180667
ENSG00000126778,6164.0,9.030627,7.1436076,1,6163.096937298775,ENSG00000126778
ENSG00000124120,6165.0,9.028722,1.2843763,1,6164.097127795219,ENSG00000124120
ENSG00000261064,6166.0,9.024007,1.6090747,1,6165.097599327564,ENSG00000261064
ENSG00000107566,6167.0,9.0226555,3.8490942,1,6166.097734451294,ENSG00000107566
ENSG00000198825,6168.0,9.021868,3.4388819,1,6167.097813248634,ENSG00000198825
ENSG00000074416,6169.0,9.018077,2.3662412,1,6168.098192334175,ENSG00000074416
ENSG00000177981,6170.0,9.016916,3.5332222,1,6169.0983083844185,ENSG00000177981
ENSG00000119392,6171.0,9.016072,2.079759,1,6170.098392784596,ENSG00000119392
ENSG00000133731,6172.0,9.013249,3.6758976,1,6171.098675072193,ENSG00000133731
ENSG00000160072,6173.0,9.010279,2.7590299,1,6172.098972141743,ENSG00000160072
ENSG00000137818,6174.0,9.008533,234.70134,1,6173.099146723747,ENSG00000137818
ENSG00000186298,6175.0,9.005498,3.704199,1,6174.099450230598,ENSG00000186298
ENSG00000269556,6176.0,9.002248,1.8632053,1,6175.099775195122,ENSG00000269556
ENSG00000239857,6177.0,9.001535,2.6960638,1,6176.099846482277,ENSG00000239857
ENSG00000132664,6178.0,9.001235,3.2525885,1,6177.099876523018,ENSG00000132664
ENSG00000109787,6179.0,8.997895,1.1977749,1,6178.100210487843,ENSG00000109787
ENSG00000257365,6180.0,8.995759,4.776067,1,6179.100424110889,ENSG00000257365
ENSG00000102302,6181.0,8.995495,6.373533,1,6180.100450515747,ENSG00000102302
ENSG00000131013,6182.0,8.993793,3.0317864,1,6181.100620746613,ENSG00000131013
ENSG00000165392,6183.0,8.992577,1.5134791,1,6182.100742340088,ENSG00000165392
ENSG00000170522,6184.0,8.991204,2.9342952,1,6183.10087954998,ENSG00000170522
ENSG00000128191,6185.0,8.9880905,2.641919,1,6184.1011909246445,ENSG00000128191
ENSG00000147874,6186.0,8.987225,1.5639497,1,6185.101277530193,ENSG00000147874
ENSG00000250786,6187.0,8.985273,2.7448504,1,6186.1014726758,ENSG00000250786
ENSG00000126368,6188.0,8.984006,2.616282,1,6187.101599395275,ENSG00000126368
ENSG00000085552,6189.0,8.982231,8.190384,1,6188.101776897907,ENSG00000085552
ENSG00000135070,6190.0,8.981726,3.8785074,1,6189.101827442646,ENSG00000135070
ENSG00000156973,6191.0,8.979918,4.1298194,1,6190.102008223534,ENSG00000156973
ENSG00000169180,6192.0,8.977126,0.74669796,1,6191.10228741169,ENSG00000169180
ENSG00000076351,6193.0,8.975096,2.9441018,1,6192.10249042511,ENSG00000076351
ENSG00000257702,6194.0,8.974461,5.124732,1,6193.102553963661,ENSG00000257702
ENSG00000154529,6195.0,8.969471,3.774159,1,6194.103052914143,ENSG00000154529
ENSG00000153487,6196.0,8.969187,2.7686758,1,6195.103081345558,ENSG00000153487
ENSG00000133119,6197.0,8.967234,4.1687894,1,6196.103276610374,ENSG00000133119
ENSG00000140961,6198.0,8.966767,8.647221,1,6197.103323280811,ENSG00000140961
ENSG00000178163,6199.0,8.96611,2.6497328,1,6198.10338896513,ENSG00000178163
ENSG00000170852,6200.0,8.965049,2.5275357,1,6199.103495121002,ENSG00000170852
ENSG00000175970,6201.0,8.963723,4.478689,1,6200.103627681732,ENSG00000175970
ENSG00000163629,6202.0,8.961327,3.0085576,1,6201.103867352009,ENSG00000163629
ENSG00000095319,6203.0,8.960865,2.8398304,1,6202.103913486004,ENSG00000095319
ENSG00000263639,6204.0,8.952155,13.935132,1,6203.104784488678,MSMB
ENSG00000113141,6205.0,8.9501095,5.3115454,1,6204.104989051819,ENSG00000113141
ENSG00000166135,6206.0,8.948809,2.6600735,1,6205.105119109154,ENSG00000166135
ENSG00000172602,6207.0,8.94269,2.2256918,1,6206.105731010437,ENSG00000172602
ENSG00000073111,6208.0,8.940939,3.591642,1,6207.105906128883,ENSG00000073111
ENSG00000161243,6209.0,8.939971,0.8570345,1,6208.1060029268265,ENSG00000161243
ENSG00000090612,6210.0,8.938995,2.9073102,1,6209.106100440025,ENSG00000090612
ENSG00000013374,6211.0,8.936855,3.0271041,1,6210.106314480305,ENSG00000013374
ENSG00000138698,6212.0,8.932838,1.637421,1,6211.106716156006,ENSG00000138698
ENSG00000132740,6213.0,8.932339,3.9853337,1,6212.106766104698,ENSG00000132740
ENSG00000163812,6214.0,8.931526,3.2856197,1,6213.106847405434,ENSG00000163812
ENSG00000141551,6215.0,8.930076,2.6482697,1,6214.106992423534,ENSG00000141551
ENSG00000185250,6216.0,8.92551,1.7073144,1,6215.107448935509,ENSG00000185250
ENSG00000205323,6217.0,8.924629,4.830768,1,6216.107537090778,ENSG00000205323
ENSG00000234444,6218.0,8.9220085,2.31928,1,6217.107799172401,ENSG00000234444
ENSG00000125485,6219.0,8.920448,2.303872,1,6218.107955157757,ENSG00000125485
ENSG00000121864,6220.0,8.918919,2.2817822,1,6219.10810816288,ENSG00000121864
ENSG00000018699,6221.0,8.918354,2.106664,1,6220.108164608479,ENSG00000018699
ENSG00000111445,6222.0,8.916714,3.986556,1,6221.108328640461,ENSG00000111445
ENSG00000093000,6223.0,8.91652,2.6288242,1,6222.1083480119705,ENSG00000093000
ENSG00000177542,6224.0,8.915174,2.6910102,1,6223.108482658863,ENSG00000177542
ENSG00000164309,6225.0,8.914549,4.1172576,1,6224.108545124531,ENSG00000164309
ENSG00000168488,6226.0,8.914046,2.5123923,1,6225.108595371246,ENSG00000168488
ENSG00000117298,6227.0,8.910027,0.55192804,1,6226.108997344971,ENSG00000117298
ENSG00000084444,6228.0,8.909039,4.9379396,1,6227.109096169472,ENSG00000084444
ENSG00000115355,6229.0,8.9081,4.425697,1,6228.109189987183,ENSG00000115355
ENSG00000080815,6230.0,8.907973,2.6000073,1,6229.109202682972,ENSG00000080815
ENSG00000181450,6231.0,8.904422,1.5954574,1,6230.1095578074455,ENSG00000181450
ENSG00000186910,6232.0,8.903894,12.028331,1,6231.109610557556,ENSG00000186910
ENSG00000169193,6233.0,8.903738,3.1261187,1,6232.109626173973,ENSG00000169193
ENSG00000182492,6234.0,8.901577,3.2667453,1,6233.109842300415,BGN
ENSG00000214050,6235.0,8.900285,8.530511,1,6234.109971523285,ENSG00000214050
ENSG00000103061,6236.0,8.899614,2.2587812,1,6235.11003857851,ENSG00000103061
ENSG00000125733,6237.0,8.897692,2.4937966,1,6236.11023080349,ENSG00000125733
ENSG00000198938,6238.0,8.895865,269.99747,1,6237.110413432121,ENSG00000198938
ENSG00000122965,6239.0,8.89525,2.4824865,1,6238.110474944115,ENSG00000122965
ENSG00000144840,6240.0,8.894821,1.8157128,1,6239.110517859459,ENSG00000144840
ENSG00000163870,6241.0,8.894474,2.5598588,1,6240.110552608967,ENSG00000163870
ENSG00000110583,6242.0,8.894349,1.8849237,1,6241.110565066338,ENSG00000110583
ENSG00000156502,6243.0,8.891942,2.8740513,1,6242.110805809498,ENSG00000156502
ENSG00000165752,6244.0,8.889822,2.4607303,1,6243.111017823219,ENSG00000165752
ENSG00000105516,6245.0,8.889059,3.542673,1,6244.111094117165,ENSG00000105516
ENSG00000182534,6246.0,8.886463,2.3189192,1,6245.111353695393,ENSG00000182534
ENSG00000105771,6247.0,8.88206,2.2721472,1,6246.111793994904,ENSG00000105771
ENSG00000127989,6248.0,8.880632,4.820423,1,6247.111936748028,ENSG00000127989
ENSG00000162817,6249.0,8.878915,3.3649676,1,6248.112108528614,ENSG00000162817
ENSG00000198464,6250.0,8.878582,1.6184049,1,6249.112141788006,ENSG00000198464
ENSG00000116991,6251.0,8.877908,3.998209,1,6250.112209200859,ENSG00000116991
ENSG00000101997,6252.0,8.8746805,1.2271439,1,6251.1125319600105,ENSG00000101997
ENSG00000161277,6253.0,8.870841,3.788039,1,6252.112915873528,ENSG00000161277
ENSG00000146592,6254.0,8.869892,5.4772806,1,6253.113010764122,ENSG00000146592
ENSG00000130560,6255.0,8.869021,2.0280426,1,6254.113097846508,ENSG00000130560
ENSG00000171307,6256.0,8.866054,2.6211746,1,6255.113394618034,ENSG00000171307
ENSG00000153879,6257.0,8.865489,1.2831125,1,6256.113451123238,ENSG00000153879
ENSG00000139668,6258.0,8.861976,1.1176139,1,6257.113802433014,ENSG00000139668
ENSG00000139625,6259.0,8.860972,2.934,1,6258.113902747631,ENSG00000139625
ENSG00000155329,6260.0,8.860716,1.9839499,1,6259.113928437233,ENSG00000155329
ENSG00000164823,6261.0,8.8598175,1.9159483,1,6260.114018261433,ENSG00000164823
ENSG00000088808,6262.0,8.858291,1.9278347,1,6261.114170908928,ENSG00000088808
ENSG00000090006,6263.0,8.857807,2.8279335,1,6262.1142193079,ENSG00000090006
ENSG00000124935,6264.0,8.857394,11.465684,1,6263.114260554314,SCGB1D2
ENSG00000058453,6265.0,8.856489,3.2705035,1,6264.114351093769,ENSG00000058453
ENSG00000163932,6266.0,8.852758,2.5429118,1,6265.114724159241,ENSG00000163932
ENSG00000141577,6267.0,8.85129,3.701554,1,6266.114871025085,ENSG00000141577
ENSG00000176986,6268.0,8.849105,2.088324,1,6267.115089535713,ENSG00000176986
ENSG00000116497,6269.0,8.849096,0.83573264,1,6268.115090370178,ENSG00000116497
ENSG00000155729,6270.0,8.846692,1.7582147,1,6269.115330815315,ENSG00000155729
ENSG00000145604,6271.0,8.843177,3.020161,1,6270.1156823039055,ENSG00000145604
ENSG00000196449,6272.0,8.834007,3.6006944,1,6271.116599261761,ENSG00000196449
ENSG00000164068,6273.0,8.83109,2.2161243,1,6272.116891026497,ENSG00000164068
ENSG00000108306,6274.0,8.830227,1.8156377,1,6273.116977334023,ENSG00000108306
ENSG00000144791,6275.0,8.829793,1.4229666,1,6274.117020726204,ENSG00000144791
ENSG00000144134,6276.0,8.829706,3.023282,1,6275.117029368877,ENSG00000144134
ENSG00000163660,6277.0,8.828831,6.7194676,1,6276.117116928101,ENSG00000163660
ENSG00000144645,6278.0,8.825628,4.7808876,1,6277.117437183857,ENSG00000144645
ENSG00000067064,6279.0,8.824407,4.0398817,1,6278.117559313774,ENSG00000067064
ENSG00000043039,6280.0,8.823699,3.6662397,1,6279.117630124092,ENSG00000043039
ENSG00000177426,6281.0,8.822182,4.5802546,1,6280.117781817913,ENSG00000177426
ENSG00000108100,6282.0,8.820549,1.7501589,1,6281.117945075035,ENSG00000108100
ENSG00000153107,6283.0,8.819274,1.7730564,1,6282.118072628975,ENSG00000153107
ENSG00000066651,6284.0,8.815324,3.138556,1,6283.118467628956,ENSG00000066651
ENSG00000136824,6285.0,8.811621,1.8050208,1,6284.118837952614,ENSG00000136824
ENSG00000105472,6286.0,8.811139,2.4926212,1,6285.118886113167,ENSG00000105472
ENSG00000101134,6287.0,8.807768,5.6903963,1,6286.119223237038,ENSG00000101134
ENSG00000105792,6288.0,8.80569,5.314015,1,6287.119431018829,ENSG00000105792
ENSG00000188542,6289.0,8.804338,1.7901189,1,6288.119566142559,ENSG00000188542
ENSG00000155363,6290.0,8.804299,1.1342297,1,6289.119570076466,ENSG00000155363
ENSG00000149294,6291.0,8.803978,6.5088067,1,6290.119602203369,ENSG00000149294
ENSG00000188092,6292.0,8.801895,4.261643,1,6291.119810461998,ENSG00000188092
ENSG00000087253,6293.0,8.801275,4.242944,1,6292.119872450829,ENSG00000087253
ENSG00000189050,6294.0,8.800725,2.9710953,1,6293.11992752552,ENSG00000189050
ENSG00000141564,6295.0,8.793997,2.0829272,1,6294.120600342751,ENSG00000141564
ENSG00000144182,6296.0,8.793107,4.1508546,1,6295.120689272881,ENSG00000144182
ENSG00000153291,6297.0,8.7902975,6.941535,1,6296.120970249176,ENSG00000153291
ENSG00000090339,6298.0,8.789925,5.85398,1,6297.121007561684,ENSG00000090339
ENSG00000132356,6299.0,8.789774,2.1236286,1,6298.121022582054,ENSG00000132356
ENSG00000161551,6300.0,8.78435,3.4364111,1,6299.121564984322,ENSG00000161551
ENSG00000122034,6301.0,8.781725,7.7129793,1,6300.121827483177,ENSG00000122034
ENSG00000183684,6302.0,8.780686,3.0446036,1,6301.121931374073,ENSG00000183684
ENSG00000168116,6303.0,8.778694,3.357744,1,6302.122130572796,ENSG00000168116
ENSG00000151327,6304.0,8.77841,3.810959,1,6303.122159004211,ENSG00000151327
ENSG00000042493,6305.0,8.778123,8.40942,1,6304.12218773365,ENSG00000042493
ENSG00000174567,6306.0,8.775497,8.116715,1,6305.122450232506,ENSG00000174567
ENSG00000198887,6307.0,8.774327,1.6540009,1,6306.122567296028,ENSG00000198887
ENSG00000244754,6308.0,8.772995,5.88014,1,6307.122700512409,ENSG00000244754
ENSG00000025039,6309.0,8.770592,4.519505,1,6308.122940838337,ENSG00000025039
ENSG00000066926,6310.0,8.769783,2.8824353,1,6309.12302172184,ENSG00000066926
ENSG00000172732,6311.0,8.768314,2.4718814,1,6310.123168587685,ENSG00000172732
ENSG00000081665,6312.0,8.76814,1.16861,1,6311.123185992241,ENSG00000081665
ENSG00000148735,6313.0,8.766624,6.2682166,1,6312.123337566853,ENSG00000148735
ENSG00000012048,6314.0,8.764476,4.400762,1,6313.123552441597,ENSG00000012048
ENSG00000167637,6315.0,8.763466,2.5039601,1,6314.123653411865,ENSG00000167637
ENSG00000064726,6316.0,8.760937,3.4167686,1,6315.123906314373,ENSG00000064726
ENSG00000182175,6317.0,8.756747,3.8993266,1,6316.124325275421,ENSG00000182175
ENSG00000125848,6318.0,8.7529745,8.248574,1,6317.124702572823,ENSG00000125848
ENSG00000114738,6319.0,8.747626,2.3675992,1,6318.125237345696,ENSG00000114738
ENSG00000184207,6320.0,8.745114,1.929082,1,6319.125488579273,ENSG00000184207
ENSG00000172331,6321.0,8.741823,2.7135797,1,6320.125817656517,ENSG00000172331
ENSG00000159921,6322.0,8.739984,0.87167203,1,6321.126001656055,ENSG00000159921
ENSG00000240541,6323.0,8.739373,9.371068,1,6322.126062691212,ENSG00000240541
ENSG00000137801,6324.0,8.736416,0.7927631,1,6323.126358389854,ENSG00000137801
ENSG00000109911,6325.0,8.734918,3.4207294,1,6324.126508235931,ENSG00000109911
ENSG00000196743,6326.0,8.731488,3.0449166,1,6325.126851201057,ENSG00000196743
ENSG00000007038,6327.0,8.728229,3.5227423,1,6326.127177119255,ENSG00000007038
ENSG00000103415,6328.0,8.7262125,5.518666,1,6327.127378761768,ENSG00000103415
ENSG00000139832,6329.0,8.720879,1.4487414,1,6328.127912163734,ENSG00000139832
ENSG00000215424,6330.0,8.720642,2.262425,1,6329.127935767174,ENSG00000215424
ENSG00000106346,6331.0,8.719547,2.058928,1,6330.128045260906,ENSG00000106346
ENSG00000153832,6332.0,8.7193365,3.0112567,1,6331.128066360951,ENSG00000153832
ENSG00000111850,6333.0,8.719302,2.0518446,1,6332.128069758415,ENSG00000111850
ENSG00000122435,6334.0,8.719212,2.4205465,1,6333.128078818321,ENSG00000122435
ENSG00000171792,6335.0,8.717156,1.7009894,1,6334.128284335136,ENSG00000171792
ENSG00000112414,6336.0,8.7139435,5.775215,1,6335.128605663776,ENSG00000112414
ENSG00000173120,6337.0,8.711942,1.0944214,1,6336.128805816174,ENSG00000173120
ENSG00000100991,6338.0,8.710299,3.7103775,1,6337.128970146179,ENSG00000100991
ENSG00000143127,6339.0,8.7101345,5.3281665,1,6338.1289865374565,ENSG00000143127
ENSG00000164190,6340.0,8.7080965,1.3533499,1,6339.129190325737,ENSG00000164190
ENSG00000068097,6341.0,8.707962,3.0287576,1,6340.129203796387,ENSG00000068097
ENSG00000160352,6342.0,8.70626,1.726106,1,6341.129374027252,ENSG00000160352
ENSG00000131746,6343.0,8.705611,2.7570543,1,6342.129438877106,ENSG00000131746
ENSG00000099949,6344.0,8.705198,5.0150504,1,6343.1294801831245,ENSG00000099949
ENSG00000148824,6345.0,8.699887,3.3638055,1,6344.1300112605095,ENSG00000148824
ENSG00000241058,6346.0,8.696502,1.3513905,1,6345.130349814892,ENSG00000241058
ENSG00000139370,6347.0,8.691017,2.9705477,1,6346.130898296833,ENSG00000139370
ENSG00000168994,6348.0,8.689384,3.7002463,1,6347.131061553955,ENSG00000168994
ENSG00000119844,6349.0,8.689178,0.533939,1,6348.131082177162,ENSG00000119844
ENSG00000105248,6350.0,8.688527,2.1794384,1,6349.131147265434,ENSG00000105248
ENSG00000172661,6351.0,8.68777,2.3997364,1,6350.131223022938,ENSG00000172661
ENSG00000177570,6352.0,8.685785,1.1862907,1,6351.1314214468,ENSG00000177570
ENSG00000177303,6353.0,8.685755,4.177501,1,6352.131424546242,ENSG00000177303
ENSG00000255112,6354.0,8.684271,2.4898894,1,6353.131572902203,ENSG00000255112
ENSG00000196091,6355.0,8.681642,12.015643,1,6354.131835818291,MYBPC1
ENSG00000161904,6356.0,8.67886,2.2104342,1,6355.1321140527725,ENSG00000161904
ENSG00000166016,6357.0,8.674562,4.2692804,1,6356.132543742657,ENSG00000166016
ENSG00000164327,6358.0,8.672633,1.1650718,1,6357.132736682892,ENSG00000164327
ENSG00000105983,6359.0,8.670988,2.9443011,1,6358.132901191711,ENSG00000105983
ENSG00000170322,6360.0,8.670889,3.0820062,1,6359.1329110860825,ENSG00000170322
ENSG00000188352,6361.0,8.663755,2.0266826,1,6360.133624434471,ENSG00000188352
ENSG00000111670,6362.0,8.663621,2.6856787,1,6361.133637905121,ENSG00000111670
ENSG00000196810,6363.0,8.6633,2.4518065,1,6362.133670032024,ENSG00000196810
ENSG00000053770,6364.0,8.663071,2.3686683,1,6363.133692920208,ENSG00000053770
ENSG00000137185,6365.0,8.658715,5.2691603,1,6364.134128451347,ENSG00000137185
ENSG00000178921,6366.0,8.658168,5.2425222,1,6365.134183228016,ENSG00000178921
ENSG00000100299,6367.0,8.657641,1.409909,1,6366.134235858917,ENSG00000100299
ENSG00000172046,6368.0,8.6529875,2.9601438,1,6367.134701251984,ENSG00000172046
ENSG00000103126,6369.0,8.651308,1.8023261,1,6368.134869217873,ENSG00000103126
ENSG00000138686,6370.0,8.649865,2.4525306,1,6369.135013461113,ENSG00000138686
ENSG00000105726,6371.0,8.643337,2.2799659,1,6370.135666251183,ENSG00000105726
ENSG00000239911,6372.0,8.641519,2.476658,1,6371.135848164558,ENSG00000239911
ENSG00000105662,6373.0,8.637162,2.733298,1,6372.136283755302,ENSG00000105662
ENSG00000174989,6374.0,8.636372,2.650628,1,6373.136362850666,ENSG00000174989
ENSG00000292345,6375.0,8.635565,1.3704637,1,6374.13644349575,ENSG00000292345
ENSG00000015532,6376.0,8.633847,3.3220396,1,6375.136615276337,ENSG00000015532
ENSG00000106246,6377.0,8.629244,2.184418,1,6376.137075603008,ENSG00000106246
ENSG00000124374,6378.0,8.627539,1.6478938,1,6377.137246131897,ENSG00000124374
ENSG00000133065,6379.0,8.625315,2.1066406,1,6378.137468516827,ENSG00000133065
ENSG00000148158,6380.0,8.62408,3.2021332,1,6379.137592017651,ENSG00000148158
ENSG00000057757,6381.0,8.622688,4.21063,1,6380.137731194496,ENSG00000057757
ENSG00000164118,6382.0,8.618729,2.6260755,1,6381.138127148151,ENSG00000164118
ENSG00000078124,6383.0,8.616007,3.457208,1,6382.138399302959,ENSG00000078124
ENSG00000100097,6384.0,8.613518,34.64164,1,6383.138648211956,LGALS1
ENSG00000152240,6385.0,8.613109,3.5661352,1,6384.138689160347,ENSG00000152240
ENSG00000255529,6386.0,8.611913,3.0377846,1,6385.138808727264,ENSG00000255529
ENSG00000173548,6387.0,8.611592,3.4742348,1,6386.138840794563,ENSG00000173548
ENSG00000226137,6388.0,8.607894,4.378633,1,6387.13921058178,ENSG00000226137
ENSG00000166439,6389.0,8.606962,0.7200169,1,6388.139303803444,ENSG00000166439
ENSG00000182149,6390.0,8.605412,5.7292786,1,6389.139458835125,ENSG00000182149
ENSG00000182795,6391.0,8.604162,8.112849,1,6390.13958376646,ENSG00000182795
ENSG00000115221,6392.0,8.604125,8.425624,1,6391.139587521553,ENSG00000115221
ENSG00000115825,6393.0,8.603948,5.964315,1,6392.1396052241325,ENSG00000115825
ENSG00000168255,6394.0,8.60312,2.9803789,1,6393.139688014984,ENSG00000168255
ENSG00000188191,6395.0,8.602431,2.1497896,1,6394.139756858349,ENSG00000188191
ENSG00000162825,6396.0,8.595809,2.7191463,1,6395.140419125557,ENSG00000162825
ENSG00000198919,6397.0,8.590172,1.8142614,1,6396.140982806683,ENSG00000198919
ENSG00000103540,6398.0,8.5874405,1.2128816,1,6397.14125597477,ENSG00000103540
ENSG00000134030,6399.0,8.587302,4.109445,1,6398.141269803047,ENSG00000134030
ENSG00000070610,6400.0,8.586831,2.990119,1,6399.141316890717,ENSG00000070610
ENSG00000087263,6401.0,8.58418,3.8150678,1,6400.1415820121765,ENSG00000087263
ENSG00000160050,6402.0,8.581253,3.5953715,1,6401.141874670982,ENSG00000160050
ENSG00000142784,6403.0,8.577365,1.4681455,1,6402.142263531685,ENSG00000142784
ENSG00000161920,6404.0,8.57575,3.0729198,1,6403.142424941063,ENSG00000161920
ENSG00000122696,6405.0,8.574217,1.7549489,1,6404.142578303814,ENSG00000122696
ENSG00000031823,6406.0,8.572435,3.3666391,1,6405.142756462097,ENSG00000031823
ENSG00000183628,6407.0,8.571393,6.4213643,1,6406.142860710621,ENSG00000183628
ENSG00000141012,6408.0,8.570232,3.0366566,1,6407.142976760864,ENSG00000141012
ENSG00000224389,6409.0,8.569843,5.843471,1,6408.143015682697,ENSG00000224389
ENSG00000156017,6410.0,8.569217,1.94078,1,6409.143078327179,ENSG00000156017
ENSG00000109103,6411.0,8.566657,2.210545,1,6410.143334269524,ENSG00000109103
ENSG00000170381,6412.0,8.561747,4.512095,1,6411.143825352192,ENSG00000170381
ENSG00000128739,6413.0,8.551465,5.6713834,1,6412.14485347271,ENSG00000128739
ENSG00000102243,6414.0,8.550451,10.458728,1,6413.14495486021,VGLL1
ENSG00000107672,6415.0,8.546716,2.5715408,1,6414.145328402519,ENSG00000107672
ENSG00000174013,6416.0,8.545241,1.1440169,1,6415.14547586441,ENSG00000174013
ENSG00000120254,6417.0,8.543432,3.4868176,1,6416.145656764507,ENSG00000120254
ENSG00000156345,6418.0,8.54271,4.7252703,1,6417.145728945732,ENSG00000156345
ENSG00000166689,6419.0,8.542286,1.9924436,1,6418.145771384239,ENSG00000166689
ENSG00000250565,6420.0,8.53894,3.824234,1,6419.14610594511,ENSG00000250565
ENSG00000189377,6421.0,8.53222,9.006097,1,6420.14677798748,CXCL17
ENSG00000213024,6422.0,8.5273905,4.1183343,1,6421.147260963917,ENSG00000213024
ENSG00000197081,6423.0,8.526198,1.0465943,1,6422.147380173206,ENSG00000197081
ENSG00000102078,6424.0,8.525972,3.7886581,1,6423.147402763367,ENSG00000102078
ENSG00000133247,6425.0,8.52586,2.4313757,1,6424.147414028645,ENSG00000133247
ENSG00000173611,6426.0,8.525796,0.6187134,1,6425.147420406342,ENSG00000173611
ENSG00000140450,6427.0,8.524411,3.207633,1,6426.147558867931,ENSG00000140450
ENSG00000162520,6428.0,8.523043,1.479494,1,6427.147695720196,ENSG00000162520
ENSG00000213096,6429.0,8.5218935,3.000313,1,6428.147810637951,ENSG00000213096
ENSG00000101935,6430.0,8.521381,2.438381,1,6429.147861838341,ENSG00000101935
ENSG00000083223,6431.0,8.521365,1.2055434,1,6430.147863507271,ENSG00000083223
ENSG00000170949,6432.0,8.518344,1.2270374,1,6431.1481655836105,ENSG00000170949
ENSG00000103111,6433.0,8.508978,1.6175547,1,6432.149102210999,ENSG00000103111
ENSG00000247400,6434.0,8.508738,4.583751,1,6433.14912623167,ENSG00000247400
ENSG00000198742,6435.0,8.5058,1.209865,1,6434.14941996336,ENSG00000198742
ENSG00000135414,6436.0,8.503925,3.0148728,1,6435.149607479572,ENSG00000135414
ENSG00000101544,6437.0,8.50021,1.7329776,1,6436.149978995323,ENSG00000101544
ENSG00000134575,6438.0,8.499756,2.254817,1,6437.150024414063,ENSG00000134575
ENSG00000166037,6439.0,8.498895,3.3279176,1,6438.150110542774,ENSG00000166037
ENSG00000176022,6440.0,8.4963045,2.6127455,1,6439.150369524956,ENSG00000176022
ENSG00000114742,6441.0,8.494102,5.7215643,1,6440.150589823723,ENSG00000114742
ENSG00000120262,6442.0,8.493641,2.6284084,1,6441.150635898113,ENSG00000120262
ENSG00000072195,6443.0,8.493206,3.6690202,1,6442.150679409504,ENSG00000072195
ENSG00000158006,6444.0,8.49202,1.6106648,1,6443.150798022747,ENSG00000158006
ENSG00000176014,6445.0,8.491923,5.165136,1,6444.1508076787,ENSG00000176014
ENSG00000134285,6446.0,8.488987,4.3480806,1,6445.15110129118,ENSG00000134285
ENSG00000108179,6447.0,8.487891,2.7674127,1,6446.151210904121,ENSG00000108179
ENSG00000139496,6448.0,8.486142,2.1731393,1,6447.151385784149,ENSG00000139496
ENSG00000165060,6449.0,8.48472,2.0525079,1,6448.151528000832,ENSG00000165060
ENSG00000115966,6450.0,8.4820595,2.944533,1,6449.151794075966,ENSG00000115966
ENSG00000235453,6451.0,8.4789295,0.9667475,1,6450.152107059956,ENSG00000235453
ENSG00000112981,6452.0,8.477621,8.556754,1,6451.152237892151,ENSG00000112981
ENSG00000182963,6453.0,8.476321,2.8097985,1,6452.152367889881,ENSG00000182963
ENSG00000134014,6454.0,8.475216,2.4646986,1,6453.152478396893,ENSG00000134014
ENSG00000180694,6455.0,8.470425,2.2701259,1,6454.152957558632,ENSG00000180694
ENSG00000178026,6456.0,8.469221,5.8837323,1,6455.15307790041,ENSG00000178026
ENSG00000164414,6457.0,8.4666815,3.0706036,1,6456.153331875801,ENSG00000164414
ENSG00000162402,6458.0,8.461703,0.5531945,1,6457.153829693794,ENSG00000162402
ENSG00000187123,6459.0,8.456646,10.482316,1,6458.1543353796005,ENSG00000187123
ENSG00000188001,6460.0,8.4552,1.1771139,1,6459.154479980469,ENSG00000188001
ENSG00000213401,6461.0,8.45406,13.297351,1,6460.154594063759,ENSG00000213401
ENSG00000196418,6462.0,8.454028,2.5158234,1,6461.1545971632,ENSG00000196418
ENSG00000108846,6463.0,8.453427,1.1553203,1,6462.154657244682,ENSG00000108846
ENSG00000165275,6464.0,8.451731,1.3395752,1,6463.154826939106,ENSG00000165275
ENSG00000120008,6465.0,8.449845,2.28687,1,6464.155015468597,ENSG00000120008
ENSG00000135457,6466.0,8.449564,2.7766583,1,6465.15504360199,ENSG00000135457
ENSG00000136937,6467.0,8.449303,2.2980556,1,6466.155069708824,ENSG00000136937
ENSG00000065308,6468.0,8.44251,2.3920505,1,6467.155749022961,ENSG00000065308
ENSG00000100280,6469.0,8.441431,2.8168473,1,6468.155856907368,ENSG00000100280
ENSG00000164120,6470.0,8.4394045,8.562036,1,6469.15605956316,HPGD
ENSG00000164983,6471.0,8.4384365,2.7307148,1,6470.156156361103,ENSG00000164983
ENSG00000089818,6472.0,8.436654,2.9990125,1,6471.156334578991,ENSG00000089818
ENSG00000186787,6473.0,8.434434,4.8900414,1,6472.156556606293,ENSG00000186787
ENSG00000184281,6474.0,8.432659,3.4630804,1,6473.156734108925,ENSG00000184281
ENSG00000205302,6475.0,8.432201,5.1883225,1,6474.156779885292,ENSG00000205302
ENSG00000075188,6476.0,8.430066,3.3353152,1,6475.15699338913,ENSG00000075188
ENSG00000104885,6477.0,8.429114,1.775061,1,6476.157088577747,ENSG00000104885
ENSG00000166803,6478.0,8.426859,2.6329486,1,6477.157314121723,ENSG00000166803
ENSG00000125827,6479.0,8.426585,3.1994104,1,6478.157341480255,ENSG00000125827
ENSG00000154734,6480.0,8.425007,5.9612236,1,6479.1574993133545,ENSG00000154734
ENSG00000136942,6481.0,8.424309,35.940582,1,6480.1575691103935,ENSG00000136942
ENSG00000164300,6482.0,8.423892,1.1359569,1,6481.15761077404,ENSG00000164300
ENSG00000254858,6483.0,8.42227,3.5686958,1,6482.157773017883,ENSG00000254858
ENSG00000141540,6484.0,8.42161,7.669931,1,6483.157839000225,ENSG00000141540
ENSG00000132561,6485.0,8.419947,7.1339464,1,6484.158005356789,ENSG00000132561
ENSG00000155893,6486.0,8.405963,2.6439366,1,6485.159403681755,ENSG00000155893
ENSG00000005020,6487.0,8.405692,4.0808244,1,6486.159430801868,ENSG00000005020
ENSG00000238227,6488.0,8.40294,2.1529503,1,6487.159705996513,ENSG00000238227
ENSG00000198538,6489.0,8.4026,2.1706078,1,6488.159739971161,ENSG00000198538
ENSG00000164241,6490.0,8.402508,1.0843769,1,6489.159749209881,ENSG00000164241
ENSG00000137941,6491.0,8.401887,3.428224,1,6490.159811317921,ENSG00000137941
ENSG00000136877,6492.0,8.400628,1.1582506,1,6491.15993720293,ENSG00000136877
ENSG00000119707,6493.0,8.399089,3.4379199,1,6492.160091102123,ENSG00000119707
ENSG00000048140,6494.0,8.398468,1.9042189,1,6493.160153210163,ENSG00000048140
ENSG00000124787,6495.0,8.39674,4.4459305,1,6494.160326004028,ENSG00000124787
ENSG00000008735,6496.0,8.3963995,8.486721,1,6495.1603600382805,ENSG00000008735
ENSG00000116977,6497.0,8.396299,1.1593772,1,6496.160370051861,ENSG00000116977
ENSG00000128536,6498.0,8.394574,2.6588812,1,6497.160542607307,ENSG00000128536
ENSG00000162222,6499.0,8.387659,3.5383036,1,6498.161234080792,ENSG00000162222
ENSG00000218891,6500.0,8.384511,3.2425213,1,6499.161548912525,ENSG00000218891
ENSG00000139263,6501.0,8.384293,4.937275,1,6500.161570727825,ENSG00000139263
ENSG00000140575,6502.0,8.379783,2.2298422,1,6501.162021756172,ENSG00000140575
ENSG00000137494,6503.0,8.378634,2.8368979,1,6502.162136554718,ENSG00000137494
ENSG00000129480,6504.0,8.376381,3.7112896,1,6503.16236191988,ENSG00000129480
ENSG00000213904,6505.0,8.373506,2.9900677,1,6504.162649452686,ENSG00000213904
ENSG00000144589,6506.0,8.371673,2.434567,1,6505.162832736969,ENSG00000144589
ENSG00000068438,6507.0,8.371419,2.5798473,1,6506.162858128548,ENSG00000068438
ENSG00000033030,6508.0,8.369757,1.9301492,1,6507.163024306297,ENSG00000033030
ENSG00000148110,6509.0,8.369552,2.0912912,1,6508.163044810295,ENSG00000148110
ENSG00000105705,6510.0,8.368487,2.3912544,1,6509.163151264191,ENSG00000105705
ENSG00000163002,6511.0,8.36799,3.3949156,1,6510.163201034069,ENSG00000163002
ENSG00000181467,6512.0,8.367304,2.9774492,1,6511.163269639015,ENSG00000181467
ENSG00000143067,6513.0,8.366029,6.6950254,1,6512.16339713335,ENSG00000143067
ENSG00000099337,6514.0,8.3605585,1.0790201,1,6513.163944125176,ENSG00000099337
ENSG00000124357,6515.0,8.360494,3.1709125,1,6514.163950622082,ENSG00000124357
ENSG00000151090,6516.0,8.360305,3.0565155,1,6515.163969516754,ENSG00000151090
ENSG00000135631,6517.0,8.35909,2.9619427,1,6516.16409099102,ENSG00000135631
ENSG00000224559,6518.0,8.358819,7.2368035,1,6517.164118111134,ENSG00000224559
ENSG00000121753,6519.0,8.349099,4.366156,1,6518.165090084076,ENSG00000121753
ENSG00000087087,6520.0,8.347592,2.6254056,1,6519.165240764618,ENSG00000087087
ENSG00000204130,6521.0,8.346888,2.0355372,1,6520.165311217308,ENSG00000204130
ENSG00000171806,6522.0,8.346454,1.8319236,1,6521.165354609489,ENSG00000171806
ENSG00000025156,6523.0,8.343156,3.70575,1,6522.165684401989,ENSG00000025156
ENSG00000183742,6524.0,8.342282,1.3782563,1,6523.165771782398,ENSG00000183742
ENSG00000156304,6525.0,8.341695,2.8661234,1,6524.165830492973,ENSG00000156304
ENSG00000101955,6526.0,8.341196,10.712493,1,6525.165880382061,ENSG00000101955
ENSG00000148730,6527.0,8.336367,2.7942674,1,6526.166363358498,ENSG00000148730
ENSG00000137200,6528.0,8.336204,2.9193106,1,6527.166379630566,ENSG00000137200
ENSG00000155545,6529.0,8.333983,3.2982447,1,6528.166601657867,ENSG00000155545
ENSG00000186889,6530.0,8.333545,5.869858,1,6529.166645526886,ENSG00000186889
ENSG00000049239,6531.0,8.331492,1.0448087,1,6530.166850745678,ENSG00000049239
ENSG00000292344,6532.0,8.331269,2.2031524,1,6531.16687309742,ENSG00000292344
ENSG00000273899,6533.0,8.327027,3.448011,1,6532.167297244072,ENSG00000273899
ENSG00000137492,6534.0,8.326147,1.4128014,1,6533.167385280132,ENSG00000137492
ENSG00000214736,6535.0,8.324635,12.427443,1,6534.167536556721,ENSG00000214736
ENSG00000160062,6536.0,8.32399,0.5734526,1,6535.167600989342,ENSG00000160062
ENSG00000145996,6537.0,8.31781,2.5664299,1,6536.168218970299,ENSG00000145996
ENSG00000115525,6538.0,8.316506,4.9940214,1,6537.1683493852615,ENSG00000115525
ENSG00000259673,6539.0,8.315024,3.300986,1,6538.168497562408,ENSG00000259673
ENSG00000189079,6540.0,8.314471,1.9381404,1,6539.168552875519,ENSG00000189079
ENSG00000145623,6541.0,8.312417,2.6549506,1,6540.168758273125,ENSG00000145623
ENSG00000105993,6542.0,8.311498,8.663844,1,6541.168850243092,ENSG00000105993
ENSG00000138375,6543.0,8.311341,3.5455837,1,6542.1688658595085,ENSG00000138375
ENSG00000165506,6544.0,8.310964,1.5869026,1,6543.168903648853,ENSG00000165506
ENSG00000154710,6545.0,8.304509,2.8773563,1,6544.169549107552,ENSG00000154710
ENSG00000184227,6546.0,8.304337,4.9201655,1,6545.169566333294,ENSG00000184227
ENSG00000204991,6547.0,8.303001,2.7806776,1,6546.169699847698,ENSG00000204991
ENSG00000160190,6548.0,8.296575,1.5291545,1,6547.170342564583,ENSG00000160190
ENSG00000166788,6549.0,8.294747,3.791286,1,6548.170525252819,ENSG00000166788
ENSG00000174501,6550.0,8.29313,1.2738211,1,6549.170687019825,ENSG00000174501
ENSG00000120256,6551.0,8.292991,3.6706977,1,6550.170700907707,ENSG00000120256
ENSG00000180008,6552.0,8.288851,0.769864,1,6551.17111492157,ENSG00000180008
ENSG00000162244,6553.0,8.288636,96.69294,1,6552.171136379242,ENSG00000162244
ENSG00000151176,6554.0,8.284684,2.0930917,1,6553.171531558037,ENSG00000151176
ENSG00000204315,6555.0,8.283386,4.673355,1,6554.171661376953,ENSG00000204315
ENSG00000184564,6556.0,8.283086,9.843874,1,6555.171691417694,ENSG00000184564
ENSG00000133619,6557.0,8.280182,3.2258518,1,6556.171981811523,ENSG00000133619
ENSG00000134762,6558.0,8.277086,5.634548,1,6557.172291398048,ENSG00000134762
ENSG00000139437,6559.0,8.27113,2.1649573,1,6558.172887027264,ENSG00000139437
ENSG00000225697,6560.0,8.26805,3.196528,1,6559.173195004463,ENSG00000225697
ENSG00000183979,6561.0,8.267519,5.85275,1,6560.173248112202,ENSG00000183979
ENSG00000114784,6562.0,8.265547,6.510361,1,6561.173445343971,ENSG00000114784
ENSG00000119969,6563.0,8.265005,2.3595238,1,6562.173499464989,ENSG00000119969
ENSG00000119906,6564.0,8.264757,2.0037577,1,6563.173524260521,ENSG00000119906
ENSG00000148356,6565.0,8.262651,2.2268941,1,6564.173734843731,ENSG00000148356
ENSG00000112812,6566.0,8.262126,4.7615023,1,6565.173787415028,ENSG00000112812
ENSG00000214655,6567.0,8.260097,2.0847962,1,6566.173990368843,ENSG00000214655
ENSG00000162695,6568.0,8.256885,1.6408676,1,6567.174311518669,ENSG00000162695
ENSG00000136848,6569.0,8.255021,3.7321973,1,6568.174497902393,ENSG00000136848
ENSG00000119401,6570.0,8.25424,3.9780931,1,6569.174575984478,ENSG00000119401
ENSG00000119402,6571.0,8.2492285,2.2762556,1,6570.175077140331,ENSG00000119402
ENSG00000122952,6572.0,8.243838,3.515308,1,6571.175616145134,ENSG00000122952
ENSG00000170579,6573.0,8.241273,4.214528,1,6572.175872683525,ENSG00000170579
ENSG00000114450,6574.0,8.240324,2.7227345,1,6573.17596757412,ENSG00000114450
ENSG00000058729,6575.0,8.237929,3.249828,1,6574.176207065582,ENSG00000058729
ENSG00000173011,6576.0,8.230023,0.6940504,1,6575.176997661591,ENSG00000173011
ENSG00000158092,6577.0,8.229517,2.416291,1,6576.177048325539,ENSG00000158092
ENSG00000103043,6578.0,8.229164,2.9381278,1,6577.177083611488,ENSG00000103043
ENSG00000167548,6579.0,8.228035,1.4698356,1,6578.177196502686,ENSG00000167548
ENSG00000117399,6580.0,8.227834,5.308552,1,6579.177216649056,CDC20
ENSG00000146574,6581.0,8.226208,2.9334853,1,6580.177379250526,ENSG00000146574
ENSG00000162989,6582.0,8.2261305,4.106283,1,6581.177386939526,ENSG00000162989
ENSG00000114923,6583.0,8.225665,5.8544188,1,6582.177433490753,ENSG00000114923
ENSG00000135956,6584.0,8.225603,1.0152013,1,6583.177439689636,ENSG00000135956
ENSG00000162616,6585.0,8.223546,6.0572357,1,6584.177645385265,ENSG00000162616
ENSG00000267270,6586.0,8.223153,2.6967964,1,6585.177684664726,ENSG00000267270
ENSG00000145414,6587.0,8.220301,1.4894718,1,6586.177969932556,ENSG00000145414
ENSG00000153531,6588.0,8.218823,5.170227,1,6587.178117632866,ENSG00000153531
ENSG00000111832,6589.0,8.215558,3.4770029,1,6588.178444206715,ENSG00000111832
ENSG00000151690,6590.0,8.214471,0.5410589,1,6589.178552925587,ENSG00000151690
ENSG00000103404,6591.0,8.211634,3.2442834,1,6590.178836643696,ENSG00000103404
ENSG00000128699,6592.0,8.210037,5.5804214,1,6591.178996264935,ENSG00000128699
ENSG00000162959,6593.0,8.208993,2.664824,1,6592.179100692272,ENSG00000162959
ENSG00000182287,6594.0,8.205456,41.70909,1,6593.179454445839,ENSG00000182287
ENSG00000041988,6595.0,8.202861,3.3333097,1,6594.179713904858,ENSG00000041988
ENSG00000179627,6596.0,8.198067,4.07544,1,6595.180193305016,ENSG00000179627
ENSG00000108590,6597.0,8.196217,2.8298569,1,6596.180378317833,ENSG00000108590
ENSG00000107165,6598.0,8.194062,105.72727,1,6597.180593788624,TYRP1
ENSG00000100580,6599.0,8.193744,1.7983003,1,6598.180625617504,ENSG00000100580
ENSG00000081087,6600.0,8.193305,7.7518244,1,6599.180669486523,ENSG00000081087
ENSG00000164970,6601.0,8.192881,2.4809334,1,6600.18071192503,ENSG00000164970
ENSG00000185900,6602.0,8.192875,4.289803,1,6601.180712521076,ENSG00000185900
ENSG00000203760,6603.0,8.187183,2.7396765,1,6602.181281685829,ENSG00000203760
ENSG00000125850,6604.0,8.1850815,10.26491,1,6603.181491851807,ENSG00000125850
ENSG00000021574,6605.0,8.1840105,0.5610744,1,6604.181598961353,ENSG00000021574
ENSG00000157214,6606.0,8.181937,1.3842118,1,6605.181806266308,ENSG00000157214
ENSG00000133083,6607.0,8.18124,3.5630581,1,6606.181876003742,ENSG00000133083
ENSG00000066230,6608.0,8.181049,4.322011,1,6607.181895077229,ENSG00000066230
ENSG00000182481,6609.0,8.17793,10.355934,1,6608.182206988335,ENSG00000182481
ENSG00000049167,6610.0,8.177898,3.1436644,1,6609.182210147381,ENSG00000049167
ENSG00000108854,6611.0,8.1776285,2.438647,1,6610.182237148285,ENSG00000108854
ENSG00000115649,6612.0,8.17268,3.3901534,1,6611.182731986046,ENSG00000115649
ENSG00000008086,6613.0,8.167018,2.9378269,1,6612.183298230171,ENSG00000008086
ENSG00000020577,6614.0,8.166882,3.3352644,1,6613.18331182003,ENSG00000020577
ENSG00000157212,6615.0,8.165802,2.4202805,1,6614.183419823647,ENSG00000157212
ENSG00000163093,6616.0,8.1652,5.074888,1,6615.183479964733,ENSG00000163093
ENSG00000069345,6617.0,8.16069,4.1050086,1,6616.18393099308,ENSG00000069345
ENSG00000158079,6618.0,8.157884,2.8281038,1,6617.184211611748,ENSG00000158079
ENSG00000105290,6619.0,8.157147,4.9908886,1,6618.184285283089,ENSG00000105290
ENSG00000103274,6620.0,8.152207,2.6945832,1,6619.184779286385,ENSG00000103274
ENSG00000148339,6621.0,8.15164,3.1934924,1,6620.184836030006,ENSG00000148339
ENSG00000072121,6622.0,8.149461,2.0148392,1,6621.185053944588,ENSG00000072121
ENSG00000196387,6623.0,8.147887,2.3564122,1,6622.18521130085,ENSG00000196387
ENSG00000172296,6624.0,8.146875,3.8008015,1,6623.185312449932,ENSG00000172296
ENSG00000081181,6625.0,8.142356,4.705817,1,6624.185764431953,ENSG00000081181
ENSG00000198888,6626.0,8.141756,274.4317,1,6625.185824394226,ENSG00000198888
ENSG00000184014,6627.0,8.138382,4.372114,1,6626.18616181612,ENSG00000184014
ENSG00000087494,6628.0,8.136196,4.677608,1,6627.1863803863525,ENSG00000087494
ENSG00000135999,6629.0,8.135429,2.2074418,1,6628.186457037926,ENSG00000135999
ENSG00000130508,6630.0,8.131708,3.304058,1,6629.186829209328,ENSG00000130508
ENSG00000142655,6631.0,8.129541,1.9678525,1,6630.187045872212,ENSG00000142655
ENSG00000170917,6632.0,8.129338,4.5337224,1,6631.187066197395,ENSG00000170917
ENSG00000109917,6633.0,8.128481,5.1839147,1,6632.1871519088745,ENSG00000109917
ENSG00000114812,6634.0,8.1284075,3.9290912,1,6633.187159240246,ENSG00000114812
ENSG00000140265,6635.0,8.126654,1.6280282,1,6634.187334656715,ENSG00000140265
ENSG00000168014,6636.0,8.124255,1.820661,1,6635.187574505806,ENSG00000168014
ENSG00000100426,6637.0,8.12345,1.1159724,1,6636.187654972076,ENSG00000100426
ENSG00000110723,6638.0,8.121758,0.6159622,1,6637.187824130058,ENSG00000110723
ENSG00000196526,6639.0,8.12119,3.001934,1,6638.187880992889,ENSG00000196526
ENSG00000268043,6640.0,8.114189,2.105989,1,6639.188581109047,ENSG00000268043
ENSG00000134453,6641.0,8.112355,2.854681,1,6640.188764452934,ENSG00000134453
ENSG00000171262,6642.0,8.111559,1.9839966,1,6641.18884408474,ENSG00000171262
ENSG00000186716,6643.0,8.111112,2.268897,1,6642.188888847828,ENSG00000186716
ENSG00000134802,6644.0,8.109334,7.4751887,1,6643.189066588879,ENSG00000134802
ENSG00000198728,6645.0,8.108834,1.9343117,1,6644.189116597176,ENSG00000198728
ENSG00000143772,6646.0,8.108724,1.5564511,1,6645.189127624035,ENSG00000143772
ENSG00000154727,6647.0,8.108397,2.0094364,1,6646.189160346985,ENSG00000154727
ENSG00000129474,6648.0,8.108279,5.414739,1,6647.1891720891,ENSG00000129474
ENSG00000012963,6649.0,8.108003,1.7826686,1,6648.189199745655,ENSG00000012963
ENSG00000149328,6650.0,8.107598,2.9640474,1,6649.189240157604,ENSG00000149328
ENSG00000075975,6651.0,8.103931,4.2401366,1,6650.189606845379,ENSG00000075975
ENSG00000138028,6652.0,8.102936,4.3861217,1,6651.18970644474,ENSG00000138028
ENSG00000163820,6653.0,8.09993,2.3848684,1,6652.190007030964,ENSG00000163820
ENSG00000107960,6654.0,8.0992,1.5626416,1,6653.190079987049,ENSG00000107960
ENSG00000076321,6655.0,8.0949135,2.7128274,1,6654.190508663654,ENSG00000076321
ENSG00000138780,6656.0,8.094571,2.374743,1,6655.19054287672,ENSG00000138780
ENSG00000167625,6657.0,8.092243,1.4011065,1,6656.190775692463,ENSG00000167625
ENSG00000115756,6658.0,8.091377,3.4679253,1,6657.190862298012,ENSG00000115756
ENSG00000166133,6659.0,8.090287,4.545023,1,6658.190971255302,ENSG00000166133
ENSG00000018510,6660.0,8.088084,3.1234186,1,6659.1911915540695,ENSG00000018510
ENSG00000211455,6661.0,8.087591,2.0229878,1,6660.191240906715,ENSG00000211455
ENSG00000137802,6662.0,8.083354,3.398112,1,6661.1916645765305,ENSG00000137802
ENSG00000121680,6663.0,8.082598,2.200301,1,6662.191740214825,ENSG00000121680
ENSG00000136153,6664.0,8.0808735,1.1950098,1,6663.191912651062,ENSG00000136153
ENSG00000162704,6665.0,8.08058,13.026093,1,6664.191942036152,ENSG00000162704
ENSG00000102934,6666.0,8.079976,4.258452,1,6665.192002415657,ENSG00000102934
ENSG00000152056,6667.0,8.078927,1.6832457,1,6666.192107319832,ENSG00000152056
ENSG00000126107,6668.0,8.075741,1.6847543,1,6667.192425906658,ENSG00000126107
ENSG00000157450,6669.0,8.074721,2.3534162,1,6668.192527890205,ENSG00000157450
ENSG00000181873,6670.0,8.071028,1.1645625,1,6669.192897200584,ENSG00000181873
ENSG00000008513,6671.0,8.068417,0.9451147,1,6670.193158328533,ENSG00000008513
ENSG00000230487,6672.0,8.066467,3.583308,1,6671.193353295326,ENSG00000230487
ENSG00000053747,6673.0,8.06462,4.1030583,1,6672.19353801012,ENSG00000053747
ENSG00000230513,6674.0,8.063995,4.032867,1,6673.193600475788,ENSG00000230513
ENSG00000197172,6675.0,8.063731,12.928237,1,6674.193626880646,ENSG00000197172
ENSG00000183248,6676.0,8.061836,7.788438,1,6675.193816363812,ENSG00000183248
ENSG00000092931,6677.0,8.061681,2.111426,1,6676.193831920624,ENSG00000092931
ENSG00000230082,6678.0,8.059215,7.7002907,1,6677.194078564644,ENSG00000230082
ENSG00000165495,6679.0,8.056551,9.886998,1,6678.194344878197,ENSG00000165495
ENSG00000172922,6680.0,8.055807,2.1159186,1,6679.194419264793,ENSG00000172922
ENSG00000215712,6681.0,8.053648,2.0963254,1,6680.194635212421,ENSG00000215712
ENSG00000107957,6682.0,8.04991,2.7768579,1,6681.195009052753,ENSG00000107957
ENSG00000154917,6683.0,8.047059,5.4460053,1,6682.195294082165,ENSG00000154917
ENSG00000143171,6684.0,8.046874,11.180052,1,6683.195312619209,ENSG00000143171
ENSG00000149262,6685.0,8.046867,3.14838,1,6684.19531327486,ENSG00000149262
ENSG00000140157,6686.0,8.045232,5.5345087,1,6685.195476830006,ENSG00000140157
ENSG00000005513,6687.0,8.043405,8.0329485,1,6686.195659518242,ENSG00000005513
ENSG00000137806,6688.0,8.041869,2.9967062,1,6687.195813059807,ENSG00000137806
ENSG00000116161,6689.0,8.038945,13.156769,1,6688.196105480194,ENSG00000116161
ENSG00000166224,6690.0,8.038825,1.512868,1,6689.196117520332,ENSG00000166224
ENSG00000086200,6691.0,8.036664,4.08586,1,6690.19633358717,ENSG00000086200
ENSG00000160199,6692.0,8.036465,2.5578141,1,6691.196353554726,ENSG00000160199
ENSG00000239569,6693.0,8.034343,1.7964245,1,6692.196565747261,ENSG00000239569
ENSG00000103269,6694.0,8.032614,7.078825,1,6693.196738600731,ENSG00000103269
ENSG00000169239,6695.0,8.030167,1.3857698,1,6694.196983337402,ENSG00000169239
ENSG00000164011,6696.0,8.029929,3.5176003,1,6695.197007060051,ENSG00000164011
ENSG00000181617,6697.0,8.028086,17.741709,1,6696.197191417217,FDCSP
ENSG00000169762,6698.0,8.027916,1.754722,1,6697.197208404541,ENSG00000169762
ENSG00000183955,6699.0,8.024995,1.7363225,1,6698.197500526905,ENSG00000183955
ENSG00000177054,6700.0,8.024329,2.610035,1,6699.197567105293,ENSG00000177054
ENSG00000101493,6701.0,8.023379,3.2856445,1,6700.197662055492,ENSG00000101493
ENSG00000168781,6702.0,8.02336,1.8463898,1,6701.197663962841,ENSG00000168781
ENSG00000213742,6703.0,8.022056,3.336604,1,6702.197794437408,ENSG00000213742
ENSG00000169131,6704.0,8.015496,1.9100385,1,6703.198450386524,ENSG00000169131
ENSG00000012211,6705.0,8.014571,3.8844202,1,6704.198542892933,ENSG00000012211
ENSG00000159714,6706.0,8.011667,2.4418218,1,6705.198833286762,ENSG00000159714
ENSG00000047579,6707.0,8.010545,2.8227,1,6706.198945522308,ENSG00000047579
ENSG00000236810,6708.0,8.003833,4.3241816,1,6707.199616730213,ENSG00000236810
ENSG00000055130,6709.0,8.00159,2.4984486,1,6708.199841022492,ENSG00000055130
ENSG00000119927,6710.0,8.000625,3.667039,1,6709.199937522411,ENSG00000119927
ENSG00000227345,6711.0,7.9988995,1.4585259,1,6710.200110077858,ENSG00000227345
ENSG00000135093,6712.0,7.998278,3.8260536,1,6711.200172185898,ENSG00000135093
ENSG00000175893,6713.0,7.996327,1.3241683,1,6712.200367331505,ENSG00000175893
ENSG00000159873,6714.0,7.993077,2.5894263,1,6713.200692296028,ENSG00000159873
ENSG00000177051,6715.0,7.992849,3.5554812,1,6714.200715124607,ENSG00000177051
ENSG00000177463,6716.0,7.992504,1.5292132,1,6715.200749576092,ENSG00000177463
ENSG00000135047,6717.0,7.9922147,11.233215,1,6716.200778543949,ENSG00000135047
ENSG00000113108,6718.0,7.9911847,2.750841,1,6717.200881540775,ENSG00000113108
ENSG00000112773,6719.0,7.987771,2.540958,1,6718.201222896576,ENSG00000112773
ENSG00000177034,6720.0,7.987268,1.6274232,1,6719.201273202896,ENSG00000177034
ENSG00000141576,6721.0,7.9829307,3.6182525,1,6720.201706945896,ENSG00000141576
ENSG00000140525,6722.0,7.981956,4.1266,1,6721.20180439949,ENSG00000140525
ENSG00000063177,6723.0,7.9754844,80.504654,1,6722.202451586723,ENSG00000063177
ENSG00000129472,6724.0,7.974998,3.0208461,1,6723.2025002241135,ENSG00000129472
ENSG00000167555,6725.0,7.973096,2.4874802,1,6724.202690422535,ENSG00000167555
ENSG00000174306,6726.0,7.971341,2.7403896,1,6725.202865898609,ENSG00000174306
ENSG00000067798,6727.0,7.9673815,3.8455698,1,6726.203261852264,ENSG00000067798
ENSG00000197324,6728.0,7.96715,0.899105,1,6727.203284978867,ENSG00000197324
ENSG00000065457,6729.0,7.964844,2.5497217,1,6728.203515589237,ENSG00000065457
ENSG00000155304,6730.0,7.9637504,3.1273022,1,6729.20362496376,ENSG00000155304
ENSG00000143919,6731.0,7.963693,3.1314752,1,6730.203630685806,ENSG00000143919
ENSG00000168806,6732.0,7.9634266,3.880509,1,6731.2036573290825,ENSG00000168806
ENSG00000157625,6733.0,7.962719,1.1881438,1,6732.203728079796,ENSG00000157625
ENSG00000129946,6734.0,7.959582,3.8108525,1,6733.204041838646,ENSG00000129946
ENSG00000101190,6735.0,7.9587927,4.7327538,1,6734.204120755196,ENSG00000101190
ENSG00000078804,6736.0,7.957231,2.9200947,1,6735.204276919365,ENSG00000078804
ENSG00000067177,6737.0,7.9546432,3.932276,1,6736.204535663128,ENSG00000067177
ENSG00000186532,6738.0,7.9536324,2.0945241,1,6737.204636752605,ENSG00000186532
ENSG00000246228,6739.0,7.949041,9.2505045,1,6738.205095887184,CASC8
ENSG00000074964,6740.0,7.944188,2.110829,1,6739.205581188202,ENSG00000074964
ENSG00000159387,6741.0,7.943696,10.290791,1,6740.205630421639,ENSG00000159387
ENSG00000091009,6742.0,7.94276,0.94197613,1,6741.205724000931,ENSG00000091009
ENSG00000240682,6743.0,7.9421196,3.2261217,1,6742.205788016319,ENSG00000240682
ENSG00000172824,6744.0,7.941759,1.0583355,1,6743.205824077129,ENSG00000172824
ENSG00000099889,6745.0,7.938194,4.6474566,1,6744.206180632114,ENSG00000099889
ENSG00000130559,6746.0,7.937031,1.5302827,1,6745.206296920776,ENSG00000130559
ENSG00000033170,6747.0,7.936329,1.8120608,1,6746.206367135048,ENSG00000033170
ENSG00000153044,6748.0,7.935598,3.3435316,1,6747.206440210342,ENSG00000153044
ENSG00000146858,6749.0,7.933434,3.9675376,1,6748.206656575203,ENSG00000146858
ENSG00000148488,6750.0,7.931603,6.5327277,1,6749.206839680672,ENSG00000148488
ENSG00000198650,6751.0,7.9276247,6.5364556,1,6750.207237541676,TAT
ENSG00000182628,6752.0,7.9274607,4.6190467,1,6751.207253932953,ENSG00000182628
ENSG00000100802,6753.0,7.9270477,3.7529862,1,6752.207295238972,ENSG00000100802
ENSG00000152223,6754.0,7.920159,2.3042498,1,6753.207984089851,ENSG00000152223
ENSG00000170604,6755.0,7.920096,2.094528,1,6754.207990407944,ENSG00000170604
ENSG00000134253,6756.0,7.917286,2.5984075,1,6755.208271384239,ENSG00000134253
ENSG00000136715,6757.0,7.916737,2.0738668,1,6756.208326280117,ENSG00000136715
ENSG00000123154,6758.0,7.9164376,1.6220915,1,6757.208356261253,ENSG00000123154
ENSG00000258910,6759.0,7.9116735,12.543362,1,6758.208832621574,ENSG00000258910
ENSG00000130881,6760.0,7.910822,3.1923444,1,6759.208917796612,ENSG00000130881
ENSG00000185252,6761.0,7.908725,5.6078677,1,6760.209127545357,ENSG00000185252
ENSG00000067221,6762.0,7.908484,3.5707915,1,6761.209151625633,ENSG00000067221
ENSG00000111602,6763.0,7.907644,3.9313095,1,6762.209235608578,ENSG00000111602
ENSG00000121060,6764.0,7.9031343,1.4307691,1,6763.20968657732,ENSG00000121060
ENSG00000188846,6765.0,7.892922,70.01618,1,6764.210707783699,ENSG00000188846
ENSG00000127399,6766.0,7.892439,1.3162726,1,6765.210756123066,ENSG00000127399
ENSG00000144724,6767.0,7.88956,3.9286828,1,6766.211043953896,ENSG00000144724
ENSG00000149930,6768.0,7.8882675,1.1330763,1,6767.21117323637,ENSG00000149930
ENSG00000118260,6769.0,7.8859015,2.843185,1,6768.21140986681,ENSG00000118260
ENSG00000103381,6770.0,7.8850784,3.4698017,1,6769.211492180824,ENSG00000103381
ENSG00000266412,6771.0,7.8849463,3.556257,1,6770.211505353451,ENSG00000266412
ENSG00000157734,6772.0,7.882558,1.7029488,1,6771.211744189262,ENSG00000157734
ENSG00000188026,6773.0,7.881897,3.2712681,1,6772.211810290813,ENSG00000188026
ENSG00000198203,6774.0,7.880613,10.160474,1,6773.211938738823,ENSG00000198203
ENSG00000176406,6775.0,7.8802967,2.806395,1,6774.211970329285,ENSG00000176406
ENSG00000130158,6776.0,7.877063,5.5454273,1,6775.212293744087,ENSG00000130158
ENSG00000168140,6777.0,7.8749604,1.9155515,1,6776.212503969669,ENSG00000168140
ENSG00000158552,6778.0,7.8735313,2.1436374,1,6777.212646842003,ENSG00000158552
ENSG00000168038,6779.0,7.873332,3.4090235,1,6778.212666809559,ENSG00000168038
ENSG00000155034,6780.0,7.872248,1.7925249,1,6779.212775170803,ENSG00000155034
ENSG00000169627,6781.0,7.871968,2.6491282,1,6780.212803244591,ENSG00000169627
ENSG00000135521,6782.0,7.869589,4.04188,1,6781.213041126728,ENSG00000135521
ENSG00000122863,6783.0,7.8670325,4.891356,1,6782.2132967710495,ENSG00000122863
ENSG00000163637,6784.0,7.867012,4.8675127,1,6783.213298797607,ENSG00000163637
ENSG00000184939,6785.0,7.8619394,2.3526738,1,6784.213806033135,ENSG00000184939
ENSG00000131373,6786.0,7.8608446,3.4761093,1,6785.213915526867,ENSG00000131373
ENSG00000064703,6787.0,7.860335,2.881835,1,6786.213966488838,ENSG00000064703
ENSG00000152049,6788.0,7.85663,1.804083,1,6787.21433699131,ENSG00000152049
ENSG00000101811,6789.0,7.8552027,3.215508,1,6788.214479744434,ENSG00000101811
ENSG00000204140,6790.0,7.854569,9.028343,1,6789.214543104172,ENSG00000204140
ENSG00000105325,6791.0,7.8492665,3.098688,1,6790.215073347092,ENSG00000105325
ENSG00000185246,6792.0,7.844938,2.226235,1,6791.215506196022,ENSG00000185246
ENSG00000144063,6793.0,7.8442364,1.9732621,1,6792.215576350689,ENSG00000144063
ENSG00000066382,6794.0,7.842337,6.1816564,1,6793.215766310692,ENSG00000066382
ENSG00000146950,6795.0,7.8413973,7.583298,1,6794.215860247612,ENSG00000146950
ENSG00000130714,6796.0,7.8404074,1.8712147,1,6795.215959250927,ENSG00000130714
ENSG00000147050,6797.0,7.83485,0.97596395,1,6796.216515004635,ENSG00000147050
ENSG00000179562,6798.0,7.829608,2.2680311,1,6797.217039227486,ENSG00000179562
ENSG00000169891,6799.0,7.829325,2.8087046,1,6798.217067480087,ENSG00000169891
ENSG00000126785,6800.0,7.8277326,5.738932,1,6799.217226743698,ENSG00000126785
ENSG00000162341,6801.0,7.826273,6.1680393,1,6800.217372715473,ENSG00000162341
ENSG00000185009,6802.0,7.824114,2.4960058,1,6801.217588603497,ENSG00000185009
ENSG00000126001,6803.0,7.823238,1.0650054,1,6802.217676222324,ENSG00000126001
ENSG00000149292,6804.0,7.8220596,2.8063898,1,6803.217794060707,ENSG00000149292
ENSG00000171045,6805.0,7.820973,4.695184,1,6804.217902719975,ENSG00000171045
ENSG00000160293,6806.0,7.820847,1.7847484,1,6805.217915296555,ENSG00000160293
ENSG00000122481,6807.0,7.8199215,4.086877,1,6806.218007862568,ENSG00000122481
ENSG00000204410,6808.0,7.815812,3.8666067,1,6807.218418776989,ENSG00000204410
ENSG00000120685,6809.0,7.8149657,2.4982152,1,6808.218503415585,ENSG00000120685
ENSG00000121542,6810.0,7.8131514,2.506838,1,6809.218684852123,ENSG00000121542
ENSG00000115112,6811.0,7.8130846,5.7060328,1,6810.218691527844,ENSG00000115112
ENSG00000139921,6812.0,7.812117,2.5735297,1,6811.218788266182,ENSG00000139921
ENSG00000164929,6813.0,7.811678,7.2399936,1,6812.218832194805,ENSG00000164929
ENSG00000119912,6814.0,7.811516,1.0866318,1,6813.2188484072685,ENSG00000119912
ENSG00000077684,6815.0,7.806736,2.7029107,1,6814.219326376915,ENSG00000077684
ENSG00000171160,6816.0,7.806714,2.9800928,1,6815.219328582287,ENSG00000171160
ENSG00000159720,6817.0,7.8035145,6.658038,1,6816.21964854002,ENSG00000159720
ENSG00000083093,6818.0,7.802629,5.0916686,1,6817.219737112522,ENSG00000083093
ENSG00000143641,6819.0,7.802426,2.9225154,1,6818.219757437706,ENSG00000143641
ENSG00000165660,6820.0,7.8004265,2.419056,1,6819.219957351685,ENSG00000165660
ENSG00000066739,6821.0,7.8003883,1.6794107,1,6820.219961166382,ENSG00000066739
ENSG00000164306,6822.0,7.799408,3.162792,1,6821.220059216023,ENSG00000164306
ENSG00000068078,6823.0,7.7987957,6.952329,1,6822.220120429993,ENSG00000068078
ENSG00000146067,6824.0,7.7986093,0.77369946,1,6823.220139086247,ENSG00000146067
ENSG00000153339,6825.0,7.7980413,0.9943733,1,6824.220195889473,ENSG00000153339
ENSG00000170946,6826.0,7.7975245,1.9704382,1,6825.2202475667,ENSG00000170946
ENSG00000160961,6827.0,7.793227,3.0030751,1,6826.220677256584,ENSG00000160961
ENSG00000167595,6828.0,7.789078,2.5111988,1,6827.221092164516,ENSG00000167595
ENSG00000008256,6829.0,7.7887425,5.0775967,1,6828.221125721932,ENSG00000008256
ENSG00000141458,6830.0,7.787061,3.3670912,1,6829.221293866634,ENSG00000141458
ENSG00000173267,6831.0,7.785788,3.8000731,1,6830.221421182156,SNCG
ENSG00000135686,6832.0,7.7816386,1.1661787,1,6831.2218361496925,ENSG00000135686
ENSG00000125447,6833.0,7.781486,2.292993,1,6832.221851408482,ENSG00000125447
ENSG00000170786,6834.0,7.7732153,6.613062,1,6833.2226784825325,ENSG00000170786
ENSG00000105880,6835.0,7.771733,8.806821,1,6834.222826719284,ENSG00000105880
ENSG00000232803,6836.0,7.7697477,11.903781,1,6835.223025202751,ENSG00000232803
ENSG00000171295,6837.0,7.7674603,2.7984796,1,6836.223253965378,ENSG00000171295
ENSG00000188559,6838.0,7.766603,1.2437509,1,6837.223339676857,ENSG00000188559
ENSG00000119977,6839.0,7.763371,4.787288,1,6838.223662912846,ENSG00000119977
ENSG00000184708,6840.0,7.759272,2.4227288,1,6839.224072813988,ENSG00000184708
ENSG00000100867,6841.0,7.7568793,7.9399104,1,6840.224312067032,DHRS2
ENSG00000164764,6842.0,7.7563124,2.950505,1,6841.224368751049,ENSG00000164764
ENSG00000189403,6843.0,7.7560525,25.709778,1,6842.224394738674,ENSG00000189403
ENSG00000115268,6844.0,7.754057,92.81983,1,6843.224594295025,ENSG00000115268
ENSG00000198910,6845.0,7.749529,6.0988474,1,6844.225047111511,ENSG00000198910
ENSG00000247809,6846.0,7.7448707,6.370657,1,6845.22551292181,ENSG00000247809
ENSG00000110925,6847.0,7.7410808,2.3515785,1,6846.225891947746,ENSG00000110925
ENSG00000142627,6848.0,7.740894,6.8401265,1,6847.225910604,ENSG00000142627
ENSG00000007545,6849.0,7.7405014,2.366295,1,6848.225949883461,ENSG00000007545
ENSG00000174469,6850.0,7.7402587,0.8719581,1,6849.225974142551,ENSG00000174469
ENSG00000102032,6851.0,7.740131,3.640237,1,6850.225986897945,ENSG00000102032
ENSG00000138336,6852.0,7.7367496,2.58387,1,6851.226325035095,ENSG00000138336
ENSG00000204859,6853.0,7.736599,2.71612,1,6852.22634011507,ENSG00000204859
ENSG00000164647,6854.0,7.734445,4.532848,1,6853.226555466652,ENSG00000164647
ENSG00000174738,6855.0,7.7321773,1.429062,1,6854.226782262325,ENSG00000174738
ENSG00000117707,6856.0,7.731203,4.9591975,1,6855.22687971592,ENSG00000117707
ENSG00000132623,6857.0,7.730615,1.8612994,1,6856.226938486099,ENSG00000132623
ENSG00000241553,6858.0,7.7305355,4.4351306,1,6857.226946473122,ENSG00000241553
ENSG00000137486,6859.0,7.7285147,4.2886124,1,6858.227148532867,ENSG00000137486
ENSG00000103966,6860.0,7.727238,3.318991,1,6859.2272762060165,ENSG00000103966
ENSG00000181026,6861.0,7.7249947,5.352188,1,6860.2275005579,ENSG00000181026
ENSG00000109118,6862.0,7.7246304,0.6728581,1,6861.227536976337,ENSG00000109118
ENSG00000185219,6863.0,7.7219996,1.0030221,1,6862.227800011635,ENSG00000185219
ENSG00000115282,6864.0,7.7199454,1.5538524,1,6863.228005468845,ENSG00000115282
ENSG00000184887,6865.0,7.719586,3.1791055,1,6864.228041410446,ENSG00000184887
ENSG00000099910,6866.0,7.719324,3.7768342,1,6865.228067576885,ENSG00000099910
ENSG00000129911,6867.0,7.7179656,2.191713,1,6866.228203415871,ENSG00000129911
ENSG00000106771,6868.0,7.7139363,1.5785788,1,6867.228606343269,ENSG00000106771
ENSG00000087157,6869.0,7.7097645,2.9332638,1,6868.229023575783,ENSG00000087157
ENSG00000080824,6870.0,7.708392,84.20809,1,6869.229160785675,HSP90AA1
ENSG00000259642,6871.0,7.708017,3.6844993,1,6870.229198336601,ENSG00000259642
ENSG00000135763,6872.0,7.707683,4.2979064,1,6871.229231715202,ENSG00000135763
ENSG00000196459,6873.0,7.7059927,1.2412058,1,6872.229400753975,ENSG00000196459
ENSG00000049130,6874.0,7.702993,2.7063565,1,6873.229700684547,ENSG00000049130
ENSG00000100330,6875.0,7.70121,1.9036832,1,6874.229879021645,ENSG00000100330
ENSG00000186017,6876.0,7.6996017,2.4614472,1,6875.230039834976,ENSG00000186017
ENSG00000174996,6877.0,7.6990285,2.2975783,1,6876.2300971746445,ENSG00000174996
ENSG00000127129,6878.0,7.6975045,10.615292,1,6877.2302495241165,ENSG00000127129
ENSG00000184863,6879.0,7.6974225,1.3566433,1,6878.2302577495575,ENSG00000184863
ENSG00000170417,6880.0,7.694965,2.4610445,1,6879.230503499508,ENSG00000170417
ENSG00000133740,6881.0,7.693811,1.837706,1,6880.2306188941,ENSG00000133740
ENSG00000254772,6882.0,7.689112,99.58007,1,6881.231088757515,ENSG00000254772
ENSG00000170037,6883.0,7.6870756,3.1079345,1,6882.231292426586,ENSG00000170037
ENSG00000122507,6884.0,7.686297,4.00565,1,6883.231370329857,ENSG00000122507
ENSG00000157766,6885.0,7.683983,9.375986,1,6884.231601715088,ACAN
ENSG00000148925,6886.0,7.682526,3.3789194,1,6885.23174738884,ENSG00000148925
ENSG00000029639,6887.0,7.6824226,2.5706537,1,6886.231757760048,ENSG00000029639
ENSG00000187699,6888.0,7.6812415,6.0463843,1,6887.231875836849,ENSG00000187699
ENSG00000186104,6889.0,7.680738,1.8639823,1,6888.231926202774,ENSG00000186104
ENSG00000151502,6890.0,7.67981,1.024642,1,6889.232019007206,ENSG00000151502
ENSG00000141644,6891.0,7.679747,2.6799562,1,6890.232025265694,ENSG00000141644
ENSG00000261455,6892.0,7.6770706,3.4520073,1,6891.232292950153,ENSG00000261455
ENSG00000125814,6893.0,7.677026,2.5804749,1,6892.232297420502,ENSG00000125814
ENSG00000122390,6894.0,7.676979,2.4898417,1,6893.232302069664,ENSG00000122390
ENSG00000243725,6895.0,7.676139,4.6933823,1,6894.232386112213,ENSG00000243725
ENSG00000108506,6896.0,7.6755996,1.4256946,1,6895.232440054417,ENSG00000108506
ENSG00000149927,6897.0,7.670576,4.6804805,1,6896.232942402363,ENSG00000149927
ENSG00000242247,6898.0,7.667604,5.7992163,1,6897.233239591122,ENSG00000242247
ENSG00000138190,6899.0,7.6663303,0.68933856,1,6898.233366966248,ENSG00000138190
ENSG00000135241,6900.0,7.664116,3.436687,1,6899.233588397503,ENSG00000135241
ENSG00000165238,6901.0,7.6623044,6.528662,1,6900.233769536018,ENSG00000165238
ENSG00000147121,6902.0,7.659169,4.4979806,1,6901.23408305645,ENSG00000147121
ENSG00000105732,6903.0,7.658126,3.5042417,1,6902.234187424183,ENSG00000105732
ENSG00000136925,6904.0,7.649921,3.0435622,1,6903.235007882118,ENSG00000136925
ENSG00000164209,6905.0,7.643893,2.9806993,1,6904.235610723496,ENSG00000164209
ENSG00000144642,6906.0,7.642054,5.2892017,1,6905.235794603825,ENSG00000144642
ENSG00000250312,6907.0,7.638908,2.6869555,1,6906.23610919714,ENSG00000250312
ENSG00000197355,6908.0,7.638467,3.2233696,1,6907.236153304577,ENSG00000197355
ENSG00000138303,6909.0,7.6370106,2.3330646,1,6908.236298918724,ENSG00000138303
ENSG00000151876,6910.0,7.632383,1.4502858,1,6909.236761689186,ENSG00000151876
ENSG00000185187,6911.0,7.6309257,2.3505282,1,6910.236907422543,ENSG00000185187
ENSG00000167778,6912.0,7.6298923,2.0424721,1,6911.237010776997,ENSG00000167778
ENSG00000112033,6913.0,7.627975,1.9677178,1,6912.237202525139,ENSG00000112033
ENSG00000159459,6914.0,7.624651,0.8066015,1,6913.237534880638,ENSG00000159459
ENSG00000269858,6915.0,7.624576,3.6716428,1,6914.237542390823,ENSG00000269858
ENSG00000100796,6916.0,7.620181,1.7340233,1,6915.237981915474,ENSG00000100796
ENSG00000186666,6917.0,7.6198616,1.0855334,1,6916.238013863564,ENSG00000186666
ENSG00000080371,6918.0,7.6177864,1.0523539,1,6917.238221347332,ENSG00000080371
ENSG00000130254,6919.0,7.617543,2.3139174,1,6918.238245666027,ENSG00000130254
ENSG00000133597,6920.0,7.617339,0.5792457,1,6919.23826611042,ENSG00000133597
ENSG00000169221,6921.0,7.6170464,1.4016796,1,6920.238295376301,ENSG00000169221
ENSG00000116691,6922.0,7.616134,2.731292,1,6921.238386571407,ENSG00000116691
ENSG00000163510,6923.0,7.6157727,2.1028597,1,6922.238422751427,ENSG00000163510
ENSG00000229809,6924.0,7.612876,1.8908538,1,6923.23871243,ENSG00000229809
ENSG00000118454,6925.0,7.6118326,2.4285557,1,6924.238816738129,ENSG00000118454
ENSG00000001617,6926.0,7.6107984,2.713246,1,6925.238920152187,ENSG00000001617
ENSG00000266402,6927.0,7.610609,2.1569285,1,6926.238939106464,SNHG25
ENSG00000276644,6928.0,7.6078887,4.4433885,1,6927.239211142063,ENSG00000276644
ENSG00000110888,6929.0,7.606878,2.8666277,1,6928.239312231541,ENSG00000110888
ENSG00000213762,6930.0,7.605316,2.7960465,1,6929.23946839571,ENSG00000213762
ENSG00000066427,6931.0,7.6043396,2.3843105,1,6930.239566028118,ENSG00000066427
ENSG00000105879,6932.0,7.603981,3.4497845,1,6931.239601910114,ENSG00000105879
ENSG00000122417,6933.0,7.6023693,1.8405282,1,6932.239763081074,ENSG00000122417
ENSG00000113734,6934.0,7.598606,2.7651036,1,6933.240139365196,ENSG00000113734
ENSG00000112685,6935.0,7.597298,2.169089,1,6934.240270197392,ENSG00000112685
ENSG00000144837,6936.0,7.5963316,12.305617,1,6935.240366816521,ENSG00000144837
ENSG00000163155,6937.0,7.590851,6.078961,1,6936.240914940834,ENSG00000163155
ENSG00000197121,6938.0,7.5878024,3.2071924,1,6937.241219758987,ENSG00000197121
ENSG00000119760,6939.0,7.5865355,3.0888658,1,6938.241346478462,ENSG00000119760
ENSG00000129595,6940.0,7.5856695,2.2638412,1,6939.241433024406,ENSG00000129595
ENSG00000185133,6941.0,7.5849023,6.740709,1,6940.241509795189,ENSG00000185133
ENSG00000132763,6942.0,7.5842066,5.042329,1,6941.241579353809,ENSG00000132763
ENSG00000205476,6943.0,7.5831547,1.819744,1,6942.241684556007,ENSG00000205476
ENSG00000131503,6944.0,7.5816884,1.2415178,1,6943.2418311834335,ENSG00000131503
ENSG00000140854,6945.0,7.58024,2.9486518,1,6944.24197602272,ENSG00000140854
ENSG00000137747,6946.0,7.577384,6.603311,1,6945.2422615885735,ENSG00000137747
ENSG00000130749,6947.0,7.576147,1.0773621,1,6946.242385268211,ENSG00000130749
ENSG00000128908,6948.0,7.572876,1.6311866,1,6947.242712378502,ENSG00000128908
ENSG00000196378,6949.0,7.5707355,4.127032,1,6948.242926478386,ENSG00000196378
ENSG00000114648,6950.0,7.5701,2.0297437,1,6949.242990016937,ENSG00000114648
ENSG00000213930,6951.0,7.567227,3.3065193,1,6950.243277311325,ENSG00000213930
ENSG00000130962,6952.0,7.5649505,6.4019423,1,6951.243504941464,ENSG00000130962
ENSG00000172840,6953.0,7.564688,2.067389,1,6952.243531167507,ENSG00000172840
ENSG00000177084,6954.0,7.5636926,1.4776901,1,6953.243630766869,ENSG00000177084
ENSG00000134830,6955.0,7.5625014,2.5023277,1,6954.243749856949,ENSG00000134830
ENSG00000088881,6956.0,7.561855,3.5155008,1,6955.243814527988,ENSG00000088881
ENSG00000154429,6957.0,7.5615993,1.5926689,1,6956.243840098381,ENSG00000154429
ENSG00000149782,6958.0,7.5613723,2.1725736,1,6957.243862748146,ENSG00000149782
ENSG00000064886,6959.0,7.5605755,0.96272105,1,6958.243942439556,CHI3L2
ENSG00000125482,6960.0,7.560009,1.8189571,1,6959.243999123573,ENSG00000125482
ENSG00000241484,6961.0,7.5599914,5.914007,1,6960.244000852108,ENSG00000241484
ENSG00000155254,6962.0,7.5595574,3.6033416,1,6961.244044244289,ENSG00000155254
ENSG00000132846,6963.0,7.557209,3.646687,1,6962.24427908659,ENSG00000132846
ENSG00000107821,6964.0,7.5546927,5.5627446,1,6963.2445307374,ENSG00000107821
ENSG00000100344,6965.0,7.5533757,7.056671,1,6964.24466240406,ENSG00000100344
ENSG00000198513,6966.0,7.553336,3.9903786,1,6965.244666397572,ENSG00000198513
ENSG00000196632,6967.0,7.550072,3.878275,1,6966.244992792606,ENSG00000196632
ENSG00000167619,6968.0,7.5444145,2.6614337,1,6967.245558559895,ENSG00000167619
ENSG00000184828,6969.0,7.5429554,5.2584987,1,6968.245704472065,ENSG00000184828
ENSG00000133997,6970.0,7.5412493,3.1558242,1,6969.245875060558,ENSG00000133997
ENSG00000166949,6971.0,7.540969,0.55570674,1,6970.245903134346,ENSG00000166949
ENSG00000014914,6972.0,7.5392437,5.264497,1,6971.246075630188,ENSG00000014914
ENSG00000105499,6973.0,7.5366273,4.865101,1,6972.246337294579,ENSG00000105499
ENSG00000119616,6974.0,7.533254,1.5944984,1,6973.246674597263,ENSG00000119616
ENSG00000186222,6975.0,7.5273104,1.4787703,1,6974.247268974781,ENSG00000186222
ENSG00000136279,6976.0,7.523307,3.8767173,1,6975.24766933918,ENSG00000136279
ENSG00000148225,6977.0,7.522804,4.0954294,1,6976.2477196455,ENSG00000148225
ENSG00000278129,6978.0,7.517172,1.8152169,1,6977.248282790184,ENSG00000278129
ENSG00000188321,6979.0,7.514788,1.9210371,1,6978.248521208763,ENSG00000188321
ENSG00000138802,6980.0,7.5100493,1.2549626,1,6979.248995065689,ENSG00000138802
ENSG00000184949,6981.0,7.509674,1.2219378,1,6980.249032616615,ENSG00000184949
ENSG00000197977,6982.0,7.5095778,6.7055244,1,6981.249042212963,ENSG00000197977
ENSG00000197841,6983.0,7.5082965,2.3164136,1,6982.249170362949,ENSG00000197841
ENSG00000102003,6984.0,7.5068746,3.8242252,1,6983.249312520027,ENSG00000102003
ENSG00000164296,6985.0,7.5053167,3.0319853,1,6984.249468326569,ENSG00000164296
ENSG00000161647,6986.0,7.5051837,4.2562428,1,6985.249481618404,ENSG00000161647
ENSG00000225830,6987.0,7.5011954,1.7817992,1,6986.249880433083,ENSG00000225830
ENSG00000054598,6988.0,7.4996967,4.1194677,1,6987.250030338764,ENSG00000054598
ENSG00000134716,6989.0,7.4991875,4.064278,1,6988.250081241131,ENSG00000134716
ENSG00000188130,6990.0,7.4991693,4.949079,1,6989.250083088875,ENSG00000188130
ENSG00000064763,6991.0,7.4946723,4.5368586,1,6990.250532746315,ENSG00000064763
ENSG00000131943,6992.0,7.4939313,3.6293542,1,6991.250606894493,ENSG00000131943
ENSG00000130684,6993.0,7.486816,1.845518,1,6992.251318395138,ENSG00000130684
ENSG00000058404,6994.0,7.485206,9.236229,1,6993.251479387283,CAMK2B
ENSG00000196652,6995.0,7.4827714,3.930099,1,6994.251722872257,ENSG00000196652
ENSG00000160188,6996.0,7.4811635,7.5272164,1,6995.251883625984,ENSG00000160188
ENSG00000167964,6997.0,7.480403,3.6675572,1,6996.251959681511,ENSG00000167964
ENSG00000136856,6998.0,7.47988,2.8447592,1,6997.252012014389,ENSG00000136856
ENSG00000019995,6999.0,7.475522,1.3641751,1,6998.252447783947,ENSG00000019995
ENSG00000163535,7000.0,7.4738655,2.543018,1,6999.252613425255,ENSG00000163535
ENSG00000120451,7001.0,7.4722652,0.82152575,1,7000.252773463726,ENSG00000120451
ENSG00000176055,7002.0,7.4693885,3.5113056,1,7001.253061175346,ENSG00000176055
ENSG00000068784,7003.0,7.466248,2.2477458,1,7002.253375172615,ENSG00000068784
ENSG00000141179,7004.0,7.465309,3.1783168,1,7003.253469109535,ENSG00000141179
ENSG00000188295,7005.0,7.464766,2.5864463,1,7004.253523409367,ENSG00000188295
ENSG00000170775,7006.0,7.463388,8.356016,1,7005.253661215305,ENSG00000170775
ENSG00000095209,7007.0,7.4617763,3.1399374,1,7006.253822386265,ENSG00000095209
ENSG00000177675,7008.0,7.450998,4.416558,1,7007.254900217056,ENSG00000177675
ENSG00000185730,7009.0,7.4509773,3.1166737,1,7008.254902243614,ENSG00000185730
ENSG00000111731,7010.0,7.448224,1.9103893,1,7009.255177617073,ENSG00000111731
ENSG00000267080,7011.0,7.4449787,1.2631896,1,7010.255502104759,ENSG00000267080
ENSG00000118263,7012.0,7.444718,2.5739253,1,7011.255528211594,ENSG00000118263
ENSG00000074356,7013.0,7.4446654,1.835279,1,7012.255533456802,ENSG00000074356
ENSG00000167130,7014.0,7.4420614,2.6301787,1,7013.255793869495,ENSG00000167130
ENSG00000151498,7015.0,7.4419518,1.3891965,1,7014.25580483675,ENSG00000151498
ENSG00000120162,7016.0,7.441638,2.7331023,1,7015.255836188793,ENSG00000120162
ENSG00000173621,7017.0,7.44027,3.0812993,1,7016.255972981453,ENSG00000173621
ENSG00000173681,7018.0,7.4360747,1.9732854,1,7017.256392538548,ENSG00000173681
ENSG00000164715,7019.0,7.4344935,1.5291041,1,7018.25655066967,ENSG00000164715
ENSG00000165813,7020.0,7.433471,0.9698811,1,7019.256652891636,ENSG00000165813
ENSG00000221968,7021.0,7.432685,2.9792998,1,7020.256731510162,ENSG00000221968
ENSG00000169570,7022.0,7.431433,1.8690757,1,7021.256856679916,ENSG00000169570
ENSG00000170558,7023.0,7.430109,6.509101,1,7022.256989121437,ENSG00000170558
ENSG00000177363,7024.0,7.4271603,2.5112257,1,7023.257283985615,ENSG00000177363
ENSG00000109066,7025.0,7.4269047,2.3081539,1,7024.257309556007,ENSG00000109066
ENSG00000204540,7026.0,7.421614,4.347641,1,7025.257838606834,ENSG00000204540
ENSG00000169641,7027.0,7.420464,3.5876448,1,7026.257953584194,ENSG00000169641
ENSG00000116584,7028.0,7.4192038,4.9087176,1,7027.258079648018,ENSG00000116584
ENSG00000247077,7029.0,7.415875,0.749858,1,7028.258412480354,ENSG00000247077
ENSG00000173575,7030.0,7.415501,1.4948171,1,7029.258449912071,ENSG00000173575
ENSG00000119899,7031.0,7.4154396,1.2318141,1,7030.25845605135,ENSG00000119899
ENSG00000112659,7032.0,7.4145985,2.8567412,1,7031.258540153503,ENSG00000112659
ENSG00000165983,7033.0,7.414159,0.7044143,1,7032.258584141731,ENSG00000165983
ENSG00000248487,7034.0,7.4101124,2.190764,1,7033.25898873806,ENSG00000248487
ENSG00000162757,7035.0,7.407002,3.2551663,1,7034.259299814701,ENSG00000162757
ENSG00000108799,7036.0,7.405093,1.5103918,1,7035.259490668774,ENSG00000108799
ENSG00000136950,7037.0,7.4034276,2.0271907,1,7036.259657263756,ENSG00000136950
ENSG00000175322,7038.0,7.386561,2.1004636,1,7037.261343896389,ENSG00000175322
ENSG00000174669,7039.0,7.3851414,3.1299431,1,7038.261485874653,ENSG00000174669
ENSG00000180758,7040.0,7.3783193,1.2837173,1,7039.262168049812,ENSG00000180758
ENSG00000169715,7041.0,7.3742685,4.5553246,1,7040.262573122978,ENSG00000169715
ENSG00000232442,7042.0,7.372639,1.686497,1,7041.262736082077,ENSG00000232442
ENSG00000142686,7043.0,7.372536,3.881083,1,7042.262746393681,ENSG00000142686
ENSG00000141384,7044.0,7.368955,2.751044,1,7043.263104498386,ENSG00000141384
ENSG00000203709,7045.0,7.3657866,1.8826605,1,7044.263421356678,ENSG00000203709
ENSG00000243244,7046.0,7.3647404,5.2969704,1,7045.26352596283,ENSG00000243244
ENSG00000153002,7047.0,7.363841,16.487713,1,7046.263615906239,CPB1
ENSG00000225484,7048.0,7.3619733,2.3082988,1,7047.263802647591,ENSG00000225484
ENSG00000124574,7049.0,7.3618045,3.1717303,1,7048.26381957531,ENSG00000124574
ENSG00000135249,7050.0,7.361592,3.8635585,1,7049.263840794563,ENSG00000135249
ENSG00000178295,7051.0,7.3610935,4.2431145,1,7050.263890624046,ENSG00000178295
ENSG00000141449,7052.0,7.3578296,5.5085325,1,7051.264217019081,ENSG00000141449
ENSG00000104299,7053.0,7.3570933,3.643763,1,7052.264290690422,ENSG00000104299
ENSG00000122778,7054.0,7.3564415,4.0759783,1,7053.264355838299,ENSG00000122778
ENSG00000137807,7055.0,7.35604,4.872766,1,7054.264396011829,ENSG00000137807
ENSG00000160445,7056.0,7.354683,2.0517309,1,7055.2645317316055,ENSG00000160445
ENSG00000165724,7057.0,7.353302,2.7141623,1,7056.264669775963,ENSG00000165724
ENSG00000163626,7058.0,7.352724,1.294364,1,7057.264727592468,ENSG00000163626
ENSG00000176641,7059.0,7.352649,4.019358,1,7058.2647351026535,ENSG00000176641
ENSG00000168610,7060.0,7.351975,2.2132056,1,7059.264802515507,ENSG00000168610
ENSG00000116809,7061.0,7.349436,2.3658884,1,7060.2650564312935,ENSG00000116809
ENSG00000171574,7062.0,7.347045,3.3014052,1,7061.265295505524,ENSG00000171574
ENSG00000161714,7063.0,7.3462534,3.0268087,1,7062.265374660492,ENSG00000161714
ENSG00000260916,7064.0,7.3454328,3.6415448,1,7063.265456736088,ENSG00000260916
ENSG00000179409,7065.0,7.3447156,3.2657733,1,7064.265528440476,ENSG00000179409
ENSG00000117751,7066.0,7.343437,1.9673365,1,7065.265656292439,ENSG00000117751
ENSG00000183579,7067.0,7.337444,2.9132533,1,7066.266255617142,ENSG00000183579
ENSG00000063176,7068.0,7.3356915,2.101369,1,7067.266430854797,ENSG00000063176
ENSG00000118680,7069.0,7.3332295,13.246311,1,7068.26667702198,ENSG00000118680
ENSG00000188807,7070.0,7.330987,3.9228177,1,7069.266901314259,ENSG00000188807
ENSG00000070366,7071.0,7.3307343,1.2489517,1,7070.266926586628,ENSG00000070366
ENSG00000148814,7072.0,7.3306966,1.5987207,1,7071.266930341721,ENSG00000148814
ENSG00000172817,7073.0,7.3266582,3.5146928,1,7072.267334163189,ENSG00000172817
ENSG00000076356,7074.0,7.3245363,3.8919005,1,7073.267546355724,ENSG00000076356
ENSG00000102901,7075.0,7.32441,2.7152824,1,7074.267558991909,ENSG00000102901
ENSG00000123607,7076.0,7.324103,3.0014606,1,7075.267589688301,ENSG00000123607
ENSG00000149532,7077.0,7.323463,1.9309899,1,7076.26765370369,ENSG00000149532
ENSG00000153391,7078.0,7.3220367,2.4607735,1,7077.2677963376045,ENSG00000153391
ENSG00000162998,7079.0,7.321643,7.567419,1,7078.267835736275,FRZB
ENSG00000109689,7080.0,7.3214736,1.4000026,1,7079.267852663994,ENSG00000109689
ENSG00000150401,7081.0,7.320122,1.1292987,1,7080.267987847328,ENSG00000150401
ENSG00000135801,7082.0,7.3193054,1.1165113,1,7081.268069446087,ENSG00000135801
ENSG00000129451,7083.0,7.318323,4.924922,1,7082.2681676745415,ENSG00000129451
ENSG00000012822,7084.0,7.3176665,2.324856,1,7083.26823335886,ENSG00000012822
ENSG00000103168,7085.0,7.3169813,2.2922485,1,7084.268301844597,ENSG00000103168
ENSG00000144597,7086.0,7.315387,1.9625597,1,7085.268461346626,ENSG00000144597
ENSG00000110057,7087.0,7.314378,1.1532559,1,7086.268562197685,ENSG00000110057
ENSG00000214029,7088.0,7.312569,2.8688948,1,7087.268743097782,ENSG00000214029
ENSG00000136444,7089.0,7.310088,2.7141936,1,7088.268991172314,ENSG00000136444
ENSG00000189221,7090.0,7.309955,5.748966,1,7089.2690044641495,ENSG00000189221
ENSG00000213468,7091.0,7.3093314,4.7487965,1,7090.269066870213,ENSG00000213468
ENSG00000102753,7092.0,7.3072114,1.9180984,1,7091.269278883934,ENSG00000102753
ENSG00000064309,7093.0,7.303729,4.4476075,1,7092.269627094269,ENSG00000064309
ENSG00000245060,7094.0,7.3032136,2.6656141,1,7093.269678652287,ENSG00000245060
ENSG00000227051,7095.0,7.302305,5.14162,1,7094.269769489765,ENSG00000227051
ENSG00000279078,7096.0,7.302057,2.2050004,1,7095.269794344902,ENSG00000279078
ENSG00000154222,7097.0,7.2988324,1.9701505,1,7096.270116746426,ENSG00000154222
ENSG00000141452,7098.0,7.2964826,2.4406552,1,7097.27035176754,ENSG00000141452
ENSG00000158941,7099.0,7.296067,2.8984783,1,7098.270393252373,ENSG00000158941
ENSG00000173852,7100.0,7.2955914,3.2816312,1,7099.270440876484,ENSG00000173852
ENSG00000127586,7101.0,7.2953534,3.8097022,1,7100.270464658737,ENSG00000127586
ENSG00000183475,7102.0,7.2941065,1.5973369,1,7101.270589351654,ENSG00000183475
ENSG00000175352,7103.0,7.2915936,3.528727,1,7102.270840644836,ENSG00000175352
ENSG00000155846,7104.0,7.290909,3.98595,1,7103.270909130573,ENSG00000155846
ENSG00000235919,7105.0,7.290522,1.7407935,1,7104.270947813988,ENSG00000235919
ENSG00000102362,7106.0,7.2899737,2.6973183,1,7105.271002650261,ENSG00000102362
ENSG00000197980,7107.0,7.2804723,3.1161728,1,7106.271952748299,ENSG00000197980
ENSG00000196421,7108.0,7.27983,3.7190065,1,7107.272017002106,ENSG00000196421
ENSG00000101290,7109.0,7.2790427,3.2749212,1,7108.2720957398415,ENSG00000101290
ENSG00000180190,7110.0,7.2761493,3.1283484,1,7109.272385060787,ENSG00000180190
ENSG00000068400,7111.0,7.2751403,1.7715034,1,7110.272485971451,ENSG00000068400
ENSG00000101849,7112.0,7.2690263,1.2589792,1,7111.273097395897,ENSG00000101849
ENSG00000126790,7113.0,7.2671814,4.082349,1,7112.2732818722725,ENSG00000126790
ENSG00000239887,7114.0,7.2668962,7.327489,1,7113.273310363293,ENSG00000239887
ENSG00000144579,7115.0,7.2668033,1.1312563,1,7114.273319661617,ENSG00000144579
ENSG00000185904,7116.0,7.2659297,6.6667466,1,7115.2734070420265,ENSG00000185904
ENSG00000148019,7117.0,7.2638736,2.4722736,1,7116.273612618446,ENSG00000148019
ENSG00000176915,7118.0,7.262837,1.474523,1,7117.273716330528,ENSG00000176915
ENSG00000163281,7119.0,7.2604403,2.9064412,1,7118.2739559412,ENSG00000163281
ENSG00000086544,7120.0,7.2603445,2.0677164,1,7119.273965537548,ENSG00000086544
ENSG00000175087,7121.0,7.2589755,2.143895,1,7120.274102449417,ENSG00000175087
ENSG00000115425,7122.0,7.2579045,2.3340504,1,7121.274209558964,ENSG00000115425
ENSG00000145332,7123.0,7.257841,1.7386931,1,7122.274215877056,ENSG00000145332
ENSG00000144331,7124.0,7.255081,7.1166544,1,7123.274491906166,ENSG00000144331
ENSG00000062822,7125.0,7.2525277,4.0246124,1,7124.274747252464,ENSG00000062822
ENSG00000072849,7126.0,7.251972,4.0238466,1,7125.274802803993,ENSG00000072849
ENSG00000119523,7127.0,7.2512145,3.1609564,1,7126.274878561497,ENSG00000119523
ENSG00000182504,7128.0,7.2470317,3.6195104,1,7127.275296807289,ENSG00000182504
ENSG00000076053,7129.0,7.2463756,2.4394906,1,7128.275362432003,ENSG00000076053
ENSG00000148200,7130.0,7.2463236,5.151968,1,7129.275367617607,ENSG00000148200
ENSG00000107159,7131.0,7.246037,6.551194,1,7130.275396287441,CA9
ENSG00000196793,7132.0,7.245714,2.1911583,1,7131.275428593159,ENSG00000196793
ENSG00000185818,7133.0,7.241426,9.846946,1,7132.275857388973,ENSG00000185818
ENSG00000203965,7134.0,7.2392664,4.7764173,1,7133.276073336601,ENSG00000203965
ENSG00000133030,7135.0,7.2360096,3.112953,1,7134.27639901638,ENSG00000133030
ENSG00000188760,7136.0,7.235779,5.2538,1,7135.276422142983,ENSG00000188760
ENSG00000171234,7137.0,7.234764,10.210687,1,7136.276523590088,UGT2B7
ENSG00000062598,7138.0,7.234189,3.2489033,1,7137.27658110857,ENSG00000062598
ENSG00000242110,7139.0,7.23042,5.3516073,1,7138.276957988739,ENSG00000242110
ENSG00000101868,7140.0,7.230244,2.1989126,1,7139.276975572109,ENSG00000101868
ENSG00000179941,7141.0,7.2292705,2.58829,1,7140.277072966099,ENSG00000179941
ENSG00000102313,7142.0,7.228211,9.086422,1,7141.277178883553,ENSG00000102313
ENSG00000188739,7143.0,7.2263775,3.433722,1,7142.27736222744,ENSG00000188739
ENSG00000116786,7144.0,7.2261806,1.8818282,1,7143.277381956577,ENSG00000116786
ENSG00000164989,7145.0,7.2250657,7.548495,1,7144.277493417263,ENSG00000164989
ENSG00000221944,7146.0,7.2250204,1.0572721,1,7145.277497947216,ENSG00000221944
ENSG00000169914,7147.0,7.2217693,1.2733992,1,7146.277823090553,ENSG00000169914
ENSG00000107643,7148.0,7.219162,1.6635275,1,7147.2780838012695,ENSG00000107643
ENSG00000170456,7149.0,7.214705,3.4226265,1,7148.278529524803,ENSG00000170456
ENSG00000158480,7150.0,7.2117476,2.4725976,1,7149.278825223446,ENSG00000158480
ENSG00000127220,7151.0,7.2100554,1.6662049,1,7150.278994441032,ENSG00000127220
ENSG00000160299,7152.0,7.2091646,1.9183987,1,7151.279083549976,ENSG00000160299
ENSG00000103248,7153.0,7.207847,2.8915312,1,7152.279215276241,ENSG00000103248
ENSG00000142409,7154.0,7.2072577,2.84805,1,7153.279274225235,ENSG00000142409
ENSG00000281501,7155.0,7.2051597,2.3581405,1,7154.279484033585,ENSG00000281501
ENSG00000157349,7156.0,7.201917,3.21873,1,7155.279808282852,ENSG00000157349
ENSG00000224470,7157.0,7.200817,1.8425143,1,7156.279918313026,ENSG00000224470
ENSG00000103150,7158.0,7.1988306,1.8671004,1,7157.280116915703,ENSG00000103150
ENSG00000133477,7159.0,7.1987815,7.0530005,1,7158.280121862888,ENSG00000133477
ENSG00000092208,7160.0,7.1927953,2.9137173,1,7159.280720472336,ENSG00000092208
ENSG00000111671,7161.0,7.1914554,3.676844,1,7160.280854463577,ENSG00000111671
ENSG00000141027,7162.0,7.1886363,2.2557247,1,7161.281136393547,ENSG00000141027
ENSG00000184465,7163.0,7.1851735,2.5036054,1,7162.281482636929,ENSG00000184465
ENSG00000137040,7164.0,7.1828275,1.9430776,1,7163.28171724081,ENSG00000137040
ENSG00000196189,7165.0,7.1814623,0.83759093,1,7164.281853795052,ENSG00000196189
ENSG00000188549,7166.0,7.1751485,5.6597037,1,7165.282485127449,ENSG00000188549
ENSG00000140948,7167.0,7.1729364,2.1292877,1,7166.28270637989,ENSG00000140948
ENSG00000118961,7168.0,7.169401,2.7655663,1,7167.283059895039,ENSG00000118961
ENSG00000171219,7169.0,7.168553,5.1676836,1,7168.283144712448,ENSG00000171219
ENSG00000013523,7170.0,7.1681266,2.8016257,1,7169.283187329769,ENSG00000013523
ENSG00000274349,7171.0,7.167843,3.7207813,1,7170.28321570158,ENSG00000274349
ENSG00000156535,7172.0,7.165489,2.4155233,1,7171.283451080322,ENSG00000156535
ENSG00000166004,7173.0,7.1628118,2.0620074,1,7172.283718824387,ENSG00000166004
ENSG00000087301,7174.0,7.162496,1.6679664,1,7173.283750414848,ENSG00000087301
ENSG00000087152,7175.0,7.157154,2.1758282,1,7174.284284591675,ENSG00000087152
ENSG00000108239,7176.0,7.1562424,2.1407983,1,7175.284375786781,ENSG00000108239
ENSG00000244479,7177.0,7.156207,3.3059483,1,7176.284379303455,ENSG00000244479
ENSG00000127954,7178.0,7.1547055,1.2061353,1,7177.284529447556,ENSG00000127954
ENSG00000119574,7179.0,7.1526384,1.9424002,1,7178.284736156464,ENSG00000119574
ENSG00000171914,7180.0,7.15099,4.033571,1,7179.284901022911,ENSG00000171914
ENSG00000234753,7181.0,7.150793,9.734926,1,7180.284920692444,ENSG00000234753
ENSG00000112941,7182.0,7.1490326,1.3954304,1,7181.2850967645645,ENSG00000112941
ENSG00000006530,7183.0,7.1486974,1.996493,1,7182.285130262375,ENSG00000006530
ENSG00000130222,7184.0,7.1473374,1.7769469,1,7183.285266280174,ENSG00000130222
ENSG00000067334,7185.0,7.1457243,4.478971,1,7184.285427570343,ENSG00000067334
ENSG00000204604,7186.0,7.1454363,2.571013,1,7185.285456359386,ENSG00000204604
ENSG00000176142,7187.0,7.1403155,3.1928222,1,7186.28596842289,ENSG00000176142
ENSG00000204856,7188.0,7.1392365,3.926259,1,7187.286076366901,ENSG00000204856
ENSG00000120253,7189.0,7.1378884,2.483468,1,7188.286211133003,ENSG00000120253
ENSG00000175137,7190.0,7.13654,1.6621939,1,7189.286346018314,ENSG00000175137
ENSG00000148053,7191.0,7.1359053,3.4863677,1,7190.286409497261,ENSG00000148053
ENSG00000198920,7192.0,7.1357737,3.3841443,1,7191.286422610283,ENSG00000198920
ENSG00000118271,7193.0,7.1318507,8.659949,1,7192.286814928055,TTR
ENSG00000120314,7194.0,7.1259947,2.0620067,1,7193.28740054369,ENSG00000120314
ENSG00000198576,7195.0,7.124098,6.399312,1,7194.287590205669,ENSG00000198576
ENSG00000070759,7196.0,7.1239514,3.002526,1,7195.287604868412,ENSG00000070759
ENSG00000182013,7197.0,7.119879,7.8067055,1,7196.28801214695,ENSG00000182013
ENSG00000198546,7198.0,7.11845,3.4906578,1,7197.288154959679,ENSG00000198546
ENSG00000165474,7199.0,7.118114,5.4993496,1,7198.288188576698,ENSG00000165474
ENSG00000165195,7200.0,7.1180453,3.4797323,1,7199.288195490837,ENSG00000165195
ENSG00000236859,7201.0,7.1120152,3.1987133,1,7200.288798451424,ENSG00000236859
ENSG00000166377,7202.0,7.1095767,2.9489002,1,7201.28904235363,ENSG00000166377
ENSG00000119547,7203.0,7.1086106,5.40107,1,7202.289138913155,ENSG00000119547
ENSG00000170191,7204.0,7.107774,4.412317,1,7203.289222598076,ENSG00000170191
ENSG00000107954,7205.0,7.1028137,5.0677376,1,7204.28971862793,ENSG00000107954
ENSG00000101400,7206.0,7.102425,2.894886,1,7205.289757490158,ENSG00000101400
ENSG00000100154,7207.0,7.0970964,4.3622947,1,7206.290290355682,ENSG00000100154
ENSG00000185015,7208.0,7.0954986,2.1116142,1,7207.290450155735,ENSG00000185015
ENSG00000164117,7209.0,7.0928826,2.6758485,1,7208.290711760521,ENSG00000164117
ENSG00000137522,7210.0,7.0914116,1.916353,1,7209.290858864784,ENSG00000137522
ENSG00000115170,7211.0,7.091331,2.5664988,1,7210.290866911411,ENSG00000115170
ENSG00000185262,7212.0,7.091236,1.3851616,1,7211.29087638855,ENSG00000185262
ENSG00000185379,7213.0,7.0909085,2.0492845,1,7212.290909171104,ENSG00000185379
ENSG00000171017,7214.0,7.0904384,5.4749594,1,7213.2909561395645,ENSG00000171017
ENSG00000040275,7215.0,7.089374,4.3960276,1,7214.29106259346,ENSG00000040275
ENSG00000146243,7216.0,7.0832567,3.2874002,1,7215.291674315929,ENSG00000146243
ENSG00000172728,7217.0,7.080014,4.648422,1,7216.291998565197,ENSG00000172728
ENSG00000112290,7218.0,7.079139,5.4826546,1,7217.292086064815,ENSG00000112290
ENSG00000066422,7219.0,7.078926,1.9917746,1,7218.292107403278,ENSG00000066422
ENSG00000198453,7220.0,7.072117,3.2866008,1,7219.29278832674,ENSG00000198453
ENSG00000154027,7221.0,7.070703,3.9626749,1,7220.292929708958,ENSG00000154027
ENSG00000186908,7222.0,7.0702324,2.8447433,1,7221.292976737022,ENSG00000186908
ENSG00000054965,7223.0,7.068406,1.7301642,1,7222.293159365654,ENSG00000054965
ENSG00000166762,7224.0,7.062848,3.251321,1,7223.2937151789665,ENSG00000166762
ENSG00000239382,7225.0,7.0615854,0.9254715,1,7224.293841481209,ENSG00000239382
ENSG00000136828,7226.0,7.0564203,1.8799081,1,7225.294357955456,ENSG00000136828
ENSG00000163064,7227.0,7.054388,5.873419,1,7226.2945612072945,ENSG00000163064
ENSG00000138834,7228.0,7.0513473,1.5740972,1,7227.2948652505875,ENSG00000138834
ENSG00000169714,7229.0,7.050788,30.86122,1,7228.294921219349,ENSG00000169714
ENSG00000143498,7230.0,7.0502067,4.005322,1,7229.294979333878,ENSG00000143498
ENSG00000167720,7231.0,7.048955,3.4331787,1,7230.295104503632,ENSG00000167720
ENSG00000186615,7232.0,7.0478964,4.046502,1,7231.295210361481,ENSG00000186615
ENSG00000179859,7233.0,7.043317,3.4771714,1,7232.2956683039665,ENSG00000179859
ENSG00000102996,7234.0,7.04304,3.1638427,1,7233.295696020126,ENSG00000102996
ENSG00000179335,7235.0,7.042822,2.9002986,1,7234.295717835426,ENSG00000179335
ENSG00000105245,7236.0,7.035736,3.0864716,1,7235.296426415443,ENSG00000105245
ENSG00000203993,7237.0,7.035495,1.7927707,1,7236.29645049572,ENSG00000203993
ENSG00000172432,7238.0,7.0344095,1.9527836,1,7237.296559035778,ENSG00000172432
ENSG00000135541,7239.0,7.032686,1.2291739,1,7238.296731352806,ENSG00000135541
ENSG00000188917,7240.0,7.032332,0.6715402,1,7239.29676681757,ENSG00000188917
ENSG00000102796,7241.0,7.0305247,1.8976877,1,7240.296947538853,ENSG00000102796
ENSG00000066557,7242.0,7.0262647,3.9148731,1,7241.297373533249,ENSG00000066557
ENSG00000235142,7243.0,7.0250945,8.169222,1,7242.297490537167,LINC02532
ENSG00000120784,7244.0,7.0139456,0.8240078,1,7243.298605442047,ENSG00000120784
ENSG00000092439,7245.0,7.012304,1.9916463,1,7244.298769593239,ENSG00000092439
ENSG00000172809,7246.0,7.0120397,35.512245,1,7245.298796057701,ENSG00000172809
ENSG00000204946,7247.0,7.0111704,1.5195951,1,7246.298882961273,ENSG00000204946
ENSG00000053900,7248.0,7.0077467,2.902471,1,7247.299225330353,ENSG00000053900
ENSG00000169435,7249.0,7.0043454,2.0329928,1,7248.299565434456,ENSG00000169435
ENSG00000136943,7250.0,7.0032387,6.52781,1,7249.299676120281,ENSG00000136943
ENSG00000165171,7251.0,7.0030904,4.86524,1,7250.299690961838,ENSG00000165171
ENSG00000275004,7252.0,7.0021544,5.387145,1,7251.29978454113,ENSG00000275004
ENSG00000104953,7253.0,6.9998894,7.417524,1,7252.30001103878,ENSG00000104953
ENSG00000149016,7254.0,6.9970446,3.1269095,1,7253.30029553175,ENSG00000149016
ENSG00000185875,7255.0,6.9905257,1.4723593,1,7254.30094742775,ENSG00000185875
ENSG00000186020,7256.0,6.985327,1.8463763,1,7255.301467299461,ENSG00000186020
ENSG00000105556,7257.0,6.984156,2.5276487,1,7256.301584362984,ENSG00000105556
ENSG00000166432,7258.0,6.981702,0.6372077,1,7257.301829814911,ENSG00000166432
ENSG00000132953,7259.0,6.9779177,1.9553927,1,7258.302208244801,ENSG00000132953
ENSG00000157578,7260.0,6.977541,4.0501256,1,7259.302245914936,ENSG00000157578
ENSG00000133895,7261.0,6.9773383,1.5420752,1,7260.302266180515,ENSG00000133895
ENSG00000179981,7262.0,6.974769,2.4782107,1,7261.302523076534,ENSG00000179981
ENSG00000167136,7263.0,6.9729285,2.9870353,1,7262.302707135677,ENSG00000167136
ENSG00000162949,7264.0,6.972566,9.856701,1,7263.302743375301,ENSG00000162949
ENSG00000162104,7265.0,6.968917,3.2067807,1,7264.303108334541,ENSG00000162104
ENSG00000109107,7266.0,6.968793,2.7886207,1,7265.303120732307,ENSG00000109107
ENSG00000167701,7267.0,6.9679,7.3272777,1,7266.303210020065,ENSG00000167701
ENSG00000059769,7268.0,6.965621,2.5965846,1,7267.303437888622,ENSG00000059769
ENSG00000225828,7269.0,6.964374,3.6670702,1,7268.303562581539,ENSG00000225828
ENSG00000002016,7270.0,6.963671,2.8037925,1,7269.303632855415,ENSG00000002016
ENSG00000172382,7271.0,6.9631243,3.4843729,1,7270.303687572479,ENSG00000172382
ENSG00000118322,7272.0,6.962325,5.109762,1,7271.303767502308,ENSG00000118322
ENSG00000078487,7273.0,6.9620543,3.2556415,1,7272.303794562817,ENSG00000078487
ENSG00000142733,7274.0,6.959467,2.0994706,1,7273.30405330658,ENSG00000142733
ENSG00000109089,7275.0,6.9587626,3.530015,1,7274.30412375927,ENSG00000109089
ENSG00000228262,7276.0,6.958304,5.014286,1,7275.304169595242,LINC01320
ENSG00000075461,7277.0,6.956154,9.178817,1,7276.304384589195,ENSG00000075461
ENSG00000124785,7278.0,6.954936,5.756441,1,7277.304506421089,ENSG00000124785
ENSG00000130958,7279.0,6.9538054,3.1016533,1,7278.304619431496,ENSG00000130958
ENSG00000166889,7280.0,6.9521666,1.9256182,1,7279.304783344269,ENSG00000166889
ENSG00000140993,7281.0,6.952118,1.7178215,1,7280.30478823185,ENSG00000140993
ENSG00000185158,7282.0,6.95013,3.1382434,1,7281.30498701334,ENSG00000185158
ENSG00000180901,7283.0,6.948158,1.6705894,1,7282.30518424511,ENSG00000180901
ENSG00000176125,7284.0,6.9458985,5.272199,1,7283.305410146713,ENSG00000176125
ENSG00000100399,7285.0,6.9454913,5.5074673,1,7284.305450856686,ENSG00000100399
ENSG00000223749,7286.0,6.943812,3.561746,1,7285.305618822575,ENSG00000223749
ENSG00000128944,7287.0,6.9415383,5.153823,1,7286.30584615469,ENSG00000128944
ENSG00000163531,7288.0,6.939853,5.5360093,1,7287.306014657021,ENSG00000163531
ENSG00000118046,7289.0,6.9397283,1.631935,1,7288.306027173996,ENSG00000118046
ENSG00000133135,7290.0,6.9396987,6.6912465,1,7289.306030154228,ENSG00000133135
ENSG00000004838,7291.0,6.9384036,5.6662183,1,7290.306159615517,ENSG00000004838
ENSG00000166263,7292.0,6.9376082,4.119932,1,7291.306239187717,ENSG00000166263
ENSG00000177096,7293.0,6.9365606,4.6495643,1,7292.306343913078,ENSG00000177096
ENSG00000177868,7294.0,6.9352236,1.9716337,1,7293.306477665901,ENSG00000177868
ENSG00000246273,7295.0,6.9348373,2.5791514,1,7294.306516289711,ENSG00000246273
ENSG00000138279,7296.0,6.932664,1.4898779,1,7295.306733608246,ENSG00000138279
ENSG00000173653,7297.0,6.9322133,2.792978,1,7296.306778669357,ENSG00000173653
ENSG00000010318,7298.0,6.9307785,3.44512,1,7297.306922137737,ENSG00000010318
ENSG00000125266,7299.0,6.9287057,2.2201817,1,7298.307129442692,ENSG00000125266
ENSG00000171992,7300.0,6.92606,4.2173996,1,7299.307393968105,ENSG00000171992
ENSG00000176248,7301.0,6.9237947,1.5807348,1,7300.30762052536,ENSG00000176248
ENSG00000188368,7302.0,6.9216676,3.9173396,1,7301.307833254337,ENSG00000188368
ENSG00000197763,7303.0,6.9214993,5.7464333,1,7302.307850062847,ENSG00000197763
ENSG00000100150,7304.0,6.920258,3.251608,1,7303.307974219322,ENSG00000100150
ENSG00000097033,7305.0,6.9192543,3.8824193,1,7304.308074593544,ENSG00000097033
ENSG00000130303,7306.0,6.917333,14.204527,1,7305.308266699314,BST2
ENSG00000175573,7307.0,6.917219,2.0818756,1,7306.308278083801,ENSG00000175573
ENSG00000102221,7308.0,6.915483,4.8072762,1,7307.3084517121315,ENSG00000102221
ENSG00000205403,7309.0,6.9148054,4.526935,1,7308.308519482613,ENSG00000205403
ENSG00000164078,7310.0,6.9137597,7.020635,1,7309.30862402916,ENSG00000164078
ENSG00000115239,7311.0,6.910764,3.2645488,1,7310.308923602104,ENSG00000115239
ENSG00000172927,7312.0,6.909799,10.078889,1,7311.309020102024,ENSG00000172927
ENSG00000183765,7313.0,6.909762,2.7167838,1,7312.309023797512,ENSG00000183765
ENSG00000166436,7314.0,6.9078984,0.8774974,1,7313.309210181236,ENSG00000166436
ENSG00000165175,7315.0,6.904678,1.0419353,1,7314.309532225132,ENSG00000165175
ENSG00000181817,7316.0,6.9044094,3.0090978,1,7315.309559047222,ENSG00000181817
ENSG00000022976,7317.0,6.9042354,2.0898433,1,7316.309576451778,ENSG00000022976
ENSG00000116039,7318.0,6.901699,1.3678341,1,7317.309830069542,ENSG00000116039
ENSG00000165886,7319.0,6.9014554,2.1871479,1,7318.309854447842,ENSG00000165886
ENSG00000138380,7320.0,6.891988,2.0798957,1,7319.310801208019,ENSG00000138380
ENSG00000171813,7321.0,6.8885775,0.5538669,1,7320.311142265797,ENSG00000171813
ENSG00000189042,7322.0,6.8879647,2.6187744,1,7321.3112035393715,ENSG00000189042
ENSG00000181513,7323.0,6.886516,2.0724757,1,7322.311348378658,ENSG00000181513
ENSG00000266173,7324.0,6.886054,3.6201198,1,7323.311394572258,ENSG00000266173
ENSG00000100077,7325.0,6.885869,4.305841,1,7324.3114131093025,ENSG00000100077
ENSG00000121207,7326.0,6.8849854,7.4861,1,7325.311501443386,ENSG00000121207
ENSG00000255154,7327.0,6.8806586,4.6256747,1,7326.3119341135025,ENSG00000255154
ENSG00000198901,7328.0,6.8769345,5.9170556,1,7327.312306523323,ENSG00000198901
ENSG00000146267,7329.0,6.8741517,6.1858573,1,7328.3125848174095,ENSG00000146267
ENSG00000074621,7330.0,6.873177,2.560525,1,7329.312682271004,ENSG00000074621
ENSG00000160867,7331.0,6.8722835,6.619624,1,7330.312771677971,ENSG00000160867
ENSG00000113597,7332.0,6.871765,2.591129,1,7331.312823474407,ENSG00000113597
ENSG00000142046,7333.0,6.8712306,3.00922,1,7332.312876939774,ENSG00000142046
ENSG00000187193,7334.0,6.8711452,3.8181973,1,7333.312885463238,ENSG00000187193
ENSG00000118276,7335.0,6.8686123,7.0309243,1,7334.313138782978,ENSG00000118276
ENSG00000135164,7336.0,6.86821,1.8333077,1,7335.313179016113,ENSG00000135164
ENSG00000121775,7337.0,6.868145,2.1312203,1,7336.31318551302,ENSG00000121775
ENSG00000257315,7338.0,6.8634653,3.3338647,1,7337.313653469086,ENSG00000257315
ENSG00000130695,7339.0,6.8582425,3.7694538,1,7338.314175724983,ENSG00000130695
ENSG00000206535,7340.0,6.8582087,5.574086,1,7339.314179122448,ENSG00000206535
ENSG00000108352,7341.0,6.8561053,4.0001483,1,7340.314389467239,ENSG00000108352
ENSG00000132388,7342.0,6.8548865,2.72477,1,7341.314511358738,ENSG00000132388
ENSG00000163710,7343.0,6.8470874,4.0863905,1,7342.315291285515,ENSG00000163710
ENSG00000196517,7344.0,6.8451777,4.730315,1,7343.315482258797,ENSG00000196517
ENSG00000272886,7345.0,6.8428006,3.444124,1,7344.31571996212,ENSG00000272886
ENSG00000070476,7346.0,6.842389,0.5520773,1,7345.315761089325,ENSG00000070476
ENSG00000176396,7347.0,6.8420186,2.0063725,1,7346.315798163414,ENSG00000176396
ENSG00000100916,7348.0,6.8414407,2.228302,1,7347.315855920315,ENSG00000100916
ENSG00000149577,7349.0,6.840309,0.68269753,1,7348.315969109535,ENSG00000149577
ENSG00000151692,7350.0,6.8391204,4.559158,1,7349.316087961197,ENSG00000151692
ENSG00000244115,7351.0,6.8386903,3.1673532,1,7350.31613099575,ENSG00000244115
ENSG00000228049,7352.0,6.838427,2.8273556,1,7351.316157281399,ENSG00000228049
ENSG00000239264,7353.0,6.8366365,5.92293,1,7352.316336333752,ENSG00000239264
ENSG00000108018,7354.0,6.836065,9.793993,1,7353.316393494606,ENSG00000108018
ENSG00000148660,7355.0,6.8348203,0.7136904,1,7354.316517949104,ENSG00000148660
ENSG00000170500,7356.0,6.833225,2.3843958,1,7355.316677510738,ENSG00000170500
ENSG00000106799,7357.0,6.8322544,2.5390034,1,7356.3167745471,ENSG00000106799
ENSG00000149554,7358.0,6.830648,2.5661478,1,7357.316935181618,ENSG00000149554
ENSG00000100038,7359.0,6.8288994,2.5005274,1,7358.317110061645,ENSG00000100038
ENSG00000184182,7360.0,6.82422,3.1036308,1,7359.317577958107,ENSG00000184182
ENSG00000065491,7361.0,6.823958,2.211382,1,7360.317604184151,ENSG00000065491
ENSG00000143995,7362.0,6.8174796,8.74795,1,7361.318252027035,ENSG00000143995
ENSG00000063180,7363.0,6.8174706,3.8436832,1,7362.318252921104,ENSG00000063180
ENSG00000077721,7364.0,6.81464,4.1882105,1,7363.318535983562,ENSG00000077721
ENSG00000174483,7365.0,6.81452,4.0469565,1,7364.318548023701,ENSG00000174483
ENSG00000198648,7366.0,6.8141346,1.2110691,1,7365.318586528301,ENSG00000198648
ENSG00000184986,7367.0,6.8130283,3.5589423,1,7366.318697154522,ENSG00000184986
ENSG00000124939,7368.0,6.8116293,10.852845,1,7367.318837046623,SCGB2A1
ENSG00000180777,7369.0,6.8114495,5.4759645,1,7368.318855047226,ENSG00000180777
ENSG00000108423,7370.0,6.8108044,2.8036401,1,7369.318919539452,ENSG00000108423
ENSG00000115271,7371.0,6.809589,1.6315871,1,7370.319041132927,ENSG00000115271
ENSG00000073169,7372.0,6.808969,1.8098276,1,7371.319103121757,ENSG00000073169
ENSG00000175348,7373.0,6.8062625,2.5266223,1,7372.319373726845,ENSG00000175348
ENSG00000101452,7374.0,6.8059163,3.05184,1,7373.319408357143,ENSG00000101452
ENSG00000139719,7375.0,6.8052363,3.2685478,1,7374.319476366043,ENSG00000139719
ENSG00000165338,7376.0,6.8052278,2.770211,1,7375.319477200508,ENSG00000165338
ENSG00000204832,7377.0,6.802945,5.598579,1,7376.319705486298,ENSG00000204832
ENSG00000146535,7378.0,6.796306,2.2012746,1,7377.320369362831,ENSG00000146535
ENSG00000198517,7379.0,6.793623,1.1317519,1,7378.320637702942,ENSG00000198517
ENSG00000100578,7380.0,6.7927165,1.683196,1,7379.320728361607,ENSG00000100578
ENSG00000162971,7381.0,6.787936,1.8415489,1,7380.321206390858,ENSG00000162971
ENSG00000267534,7382.0,6.7824864,3.427646,1,7381.321751356125,ENSG00000267534
ENSG00000181007,7383.0,6.7787995,2.1390042,1,7382.3221200704575,ENSG00000181007
ENSG00000134900,7384.0,6.777768,1.7106394,1,7383.322223186493,ENSG00000134900
ENSG00000162390,7385.0,6.7769384,4.326267,1,7384.322306156158,ENSG00000162390
ENSG00000155636,7386.0,6.774447,2.373989,1,7385.322555303574,ENSG00000155636
ENSG00000185085,7387.0,6.7726483,2.2108815,1,7386.322735190391,ENSG00000185085
ENSG00000126391,7388.0,6.7712445,3.4121647,1,7387.32287555933,ENSG00000126391
ENSG00000134986,7389.0,6.77106,7.219775,1,7388.322893977165,ENSG00000134986
ENSG00000184226,7390.0,6.7666373,1.5811979,1,7389.323336243629,ENSG00000184226
ENSG00000182749,7391.0,6.7646832,4.109304,1,7390.32353168726,ENSG00000182749
ENSG00000119689,7392.0,6.764076,2.2251434,1,7391.323592364788,ENSG00000119689
ENSG00000270800,7393.0,6.763263,5.327884,1,7392.3236736655235,ENSG00000270800
ENSG00000125885,7394.0,6.761016,2.510521,1,7393.323898434639,ENSG00000125885
ENSG00000075856,7395.0,6.7608886,3.0054142,1,7394.323911130428,ENSG00000075856
ENSG00000116663,7396.0,6.7579374,1.1299185,1,7395.324206233025,ENSG00000116663
ENSG00000110237,7397.0,6.7558312,2.2210577,1,7396.324416875839,ENSG00000110237
ENSG00000163935,7398.0,6.753462,2.0505884,1,7397.324653804302,ENSG00000163935
ENSG00000174442,7399.0,6.7519226,3.19913,1,7398.3248077631,ENSG00000174442
ENSG00000111725,7400.0,6.7511926,3.613459,1,7399.324880719185,ENSG00000111725
ENSG00000145868,7401.0,6.747085,1.8569505,1,7400.325291514397,ENSG00000145868
ENSG00000184012,7402.0,6.744628,4.1373215,1,7401.325537204742,ENSG00000184012
ENSG00000269343,7403.0,6.7442155,3.2056978,1,7402.325578451157,ENSG00000269343
ENSG00000090530,7404.0,6.744008,4.6303363,1,7403.325599193573,ENSG00000090530
ENSG00000126216,7405.0,6.7439623,1.9280113,1,7404.325603783131,ENSG00000126216
ENSG00000136425,7406.0,6.74302,4.815603,1,7405.325698018074,ENSG00000136425
ENSG00000141503,7407.0,6.740904,1.2007712,1,7406.325909614563,ENSG00000141503
ENSG00000072422,7408.0,6.7400126,4.9090066,1,7407.325998723507,ENSG00000072422
ENSG00000135637,7409.0,6.7375846,1.0860713,1,7408.32624155283,ENSG00000135637
ENSG00000176490,7410.0,6.736222,5.536169,1,7409.326377809048,ENSG00000176490
ENSG00000064787,7411.0,6.735617,1.90332,1,7410.326438307762,ENSG00000064787
ENSG00000197024,7412.0,6.7318,1.8773998,1,7411.326820015907,ENSG00000197024
ENSG00000253368,7413.0,6.7310295,6.084299,1,7412.326897025108,ENSG00000253368
ENSG00000102226,7414.0,6.7277083,4.8225207,1,7413.327229142189,ENSG00000102226
ENSG00000198252,7415.0,6.726286,1.2135241,1,7414.327371418476,ENSG00000198252
ENSG00000148688,7416.0,6.7260795,2.8045294,1,7415.327392041683,ENSG00000148688
ENSG00000187860,7417.0,6.725793,3.2619405,1,7416.327420711517,ENSG00000187860
ENSG00000205643,7418.0,6.7257876,3.6471117,1,7417.327421247959,ENSG00000205643
ENSG00000188064,7419.0,6.7257276,1.4238764,1,7418.327427268028,ENSG00000188064
ENSG00000133424,7420.0,6.7184267,5.9796553,1,7419.328157305717,ENSG00000133424
ENSG00000130699,7421.0,6.71805,1.8742208,1,7420.328194975853,ENSG00000130699
ENSG00000102119,7422.0,6.717761,2.3376746,1,7421.328223884106,ENSG00000102119
ENSG00000111728,7423.0,6.717653,1.7639978,1,7422.328234732151,ENSG00000111728
ENSG00000128298,7424.0,6.715476,8.279779,1,7423.328452408314,ENSG00000128298
ENSG00000111269,7425.0,6.7153234,1.613816,1,7424.328467667103,ENSG00000111269
ENSG00000258429,7426.0,6.715002,2.3051805,1,7425.328499794006,ENSG00000258429
ENSG00000158458,7427.0,6.712494,5.857045,1,7426.328750610352,ENSG00000158458
ENSG00000136098,7428.0,6.7117057,5.4467645,1,7427.328829407692,ENSG00000136098
ENSG00000148834,7429.0,6.7096224,13.535099,1,7428.32903778553,ENSG00000148834
ENSG00000130810,7430.0,6.7042413,3.146847,1,7429.329575896263,ENSG00000130810
ENSG00000154930,7431.0,6.7017813,2.2420342,1,7430.329821884632,ENSG00000154930
ENSG00000044459,7432.0,6.7011395,2.473234,1,7431.329886078834,ENSG00000044459
ENSG00000070269,7433.0,6.7010446,3.0544837,1,7432.329895555973,ENSG00000070269
ENSG00000213782,7434.0,6.700022,6.598827,1,7433.329997777939,ENSG00000213782
ENSG00000133169,7435.0,6.699342,8.335466,1,7434.330065846443,BEX1
ENSG00000136895,7436.0,6.698668,5.4790936,1,7435.330133199692,ENSG00000136895
ENSG00000133275,7437.0,6.6983404,1.34563,1,7436.330165982246,ENSG00000133275
ENSG00000170903,7438.0,6.6962647,3.0677338,1,7437.3303735256195,ENSG00000170903
ENSG00000186160,7439.0,6.6962214,9.937289,1,7438.330377876759,CYP4Z1
ENSG00000172818,7440.0,6.695507,7.087073,1,7439.330449283123,ENSG00000172818
ENSG00000010292,7441.0,6.69473,2.7432203,1,7440.33052700758,ENSG00000010292
ENSG00000079277,7442.0,6.694207,2.1290839,1,7441.330579280853,ENSG00000079277
ENSG00000274847,7443.0,6.692508,4.8279567,1,7442.330749154091,ENSG00000274847
ENSG00000134339,7444.0,6.6902623,4.5028915,1,7443.330973744392,SAA2
ENSG00000146143,7445.0,6.689935,2.8992753,1,7444.331006467342,ENSG00000146143
ENSG00000114331,7446.0,6.6892686,1.9068191,1,7445.33107316494,ENSG00000114331
ENSG00000158169,7447.0,6.6887364,2.926766,1,7446.331126332283,ENSG00000158169
ENSG00000120833,7448.0,6.688187,3.5512643,1,7447.331181287765,ENSG00000120833
ENSG00000119900,7449.0,6.683046,0.9802029,1,7448.331695437431,ENSG00000119900
ENSG00000112787,7450.0,6.6810865,1.5624559,1,7449.331891357899,ENSG00000112787
ENSG00000113790,7451.0,6.6809897,5.1780787,1,7450.331901013851,ENSG00000113790
ENSG00000175826,7452.0,6.6772394,1.5650262,1,7451.332276046276,ENSG00000175826
ENSG00000110906,7453.0,6.675838,3.9444683,1,7452.332416176796,ENSG00000110906
ENSG00000169213,7454.0,6.6725597,1.7814249,1,7453.332744002342,ENSG00000169213
ENSG00000148572,7455.0,6.6723437,2.8384638,1,7454.332765638828,ENSG00000148572
ENSG00000185513,7456.0,6.67198,2.9001665,1,7455.332801997662,ENSG00000185513
ENSG00000164109,7457.0,6.671965,4.383494,1,7456.332803487778,ENSG00000164109
ENSG00000186625,7458.0,6.6679764,2.979072,1,7457.333202362061,ENSG00000186625
ENSG00000260528,7459.0,6.666141,3.1037896,1,7458.333385884762,ENSG00000260528
ENSG00000213380,7460.0,6.665685,2.195122,1,7459.333431482315,ENSG00000213380
ENSG00000128159,7461.0,6.662337,1.057572,1,7460.333766341209,ENSG00000128159
ENSG00000149289,7462.0,6.662102,3.2489948,1,7461.333789765835,ENSG00000149289
ENSG00000101210,7463.0,6.6606164,5.630654,1,7462.333938360214,ENSG00000101210
ENSG00000139620,7464.0,6.6601677,3.5173063,1,7463.333983242512,ENSG00000139620
ENSG00000139641,7465.0,6.6574655,1.7586416,1,7464.3342534303665,ENSG00000139641
ENSG00000135116,7466.0,6.6548877,8.009205,1,7465.334511220455,ENSG00000135116
ENSG00000139144,7467.0,6.653843,8.766364,1,7466.334615707397,ENSG00000139144
ENSG00000064270,7468.0,6.653641,5.5785375,1,7467.334635853767,ENSG00000064270
ENSG00000076716,7469.0,6.6479635,3.2982185,1,7468.335203647613,ENSG00000076716
ENSG00000073417,7470.0,6.644186,3.1152618,1,7469.335581421852,ENSG00000073417
ENSG00000137266,7471.0,6.644007,2.8503525,1,7470.335599303245,ENSG00000137266
ENSG00000214413,7472.0,6.6421714,1.8958755,1,7471.335782885551,ENSG00000214413
ENSG00000179299,7473.0,6.6381526,5.365403,1,7472.336184740066,ENSG00000179299
ENSG00000149646,7474.0,6.6377325,1.9862633,1,7473.336226761341,ENSG00000149646
ENSG00000155085,7475.0,6.6368294,1.3704376,1,7474.336317062378,ENSG00000155085
ENSG00000164164,7476.0,6.6354494,1.1921333,1,7475.336455047131,ENSG00000164164
ENSG00000179598,7477.0,6.6319466,4.040569,1,7476.336805343628,ENSG00000179598
ENSG00000180263,7478.0,6.6315002,1.5015419,1,7477.336849987507,ENSG00000180263
ENSG00000120756,7479.0,6.630258,4.015449,1,7478.336974203587,ENSG00000120756
ENSG00000130479,7480.0,6.627694,2.513025,1,7479.337230563164,ENSG00000130479
ENSG00000088325,7481.0,6.624041,5.6813636,1,7480.337595880032,ENSG00000088325
ENSG00000261801,7482.0,6.622574,1.5332625,1,7481.337742626667,ENSG00000261801
ENSG00000128567,7483.0,6.6209655,0.6039122,1,7482.337903439999,ENSG00000128567
ENSG00000138587,7484.0,6.620934,5.2650223,1,7483.337906599045,ENSG00000138587
ENSG00000166262,7485.0,6.6209097,3.8347683,1,7484.337909042835,ENSG00000166262
ENSG00000167757,7486.0,6.6178646,7.6307063,1,7485.338213562965,ENSG00000167757
ENSG00000172164,7487.0,6.6146955,1.6394014,1,7486.338530421257,ENSG00000172164
ENSG00000132429,7488.0,6.613812,8.8648615,1,7487.338618814945,ENSG00000132429
ENSG00000188738,7489.0,6.6116605,2.0780025,1,7488.338833928108,ENSG00000188738
ENSG00000226328,7490.0,6.611487,3.1173,1,7489.338851332664,ENSG00000226328
ENSG00000116205,7491.0,6.6098785,1.49596,1,7490.339012145996,ENSG00000116205
ENSG00000171621,7492.0,6.607889,2.6178844,1,7491.3392111063,ENSG00000171621
ENSG00000107317,7493.0,6.6078105,9.805645,1,7492.3392189741135,PTGDS
ENSG00000144824,7494.0,6.6050777,2.812633,1,7493.339492201805,ENSG00000144824
ENSG00000198586,7495.0,6.603495,0.7634631,1,7494.339650511742,ENSG00000198586
ENSG00000142794,7496.0,6.6026096,1.448055,1,7495.339739024639,ENSG00000142794
ENSG00000131127,7497.0,6.59681,2.03712,1,7496.340319037437,ENSG00000131127
ENSG00000214013,7498.0,6.5946236,3.3219752,1,7497.340537667274,ENSG00000214013
ENSG00000113812,7499.0,6.593691,4.0458617,1,7498.340630888939,ENSG00000113812
ENSG00000152684,7500.0,6.5882597,1.1013422,1,7499.341174006462,ENSG00000152684
ENSG00000005801,7501.0,6.587394,2.4763923,1,7500.341260552406,ENSG00000005801
ENSG00000169991,7502.0,6.586949,2.591897,1,7501.341305136681,ENSG00000169991
ENSG00000169955,7503.0,6.580534,1.986746,1,7502.341946601868,ENSG00000169955
ENSG00000109762,7504.0,6.575038,2.891089,1,7503.342496216297,ENSG00000109762
ENSG00000145817,7505.0,6.5744467,3.9909227,1,7504.342555344105,ENSG00000145817
ENSG00000009950,7506.0,6.5698013,2.728147,1,7505.343019843101,ENSG00000009950
ENSG00000183340,7507.0,6.569325,3.543442,1,7506.343067526817,ENSG00000183340
ENSG00000087086,7508.0,6.569138,82.64829,1,7507.343086183071,ENSG00000087086
ENSG00000115556,7509.0,6.5678005,5.0343075,1,7508.343219935894,ENSG00000115556
ENSG00000164284,7510.0,6.5641828,3.0330722,1,7509.343581736088,ENSG00000164284
ENSG00000105825,7511.0,6.5621014,7.436287,1,7510.343789875507,TFPI2
ENSG00000113595,7512.0,6.5594144,2.3513384,1,7511.344058573246,ENSG00000113595
ENSG00000076067,7513.0,6.5565667,1.3175749,1,7512.344343304634,ENSG00000076067
ENSG00000161692,7514.0,6.5527754,3.007205,1,7513.3447224497795,ENSG00000161692
ENSG00000160298,7515.0,6.549458,2.8383973,1,7514.345054209232,ENSG00000160298
ENSG00000198890,7516.0,6.5462694,3.2815871,1,7515.345373034477,ENSG00000198890
ENSG00000078399,7517.0,6.543741,4.859489,1,7516.34562587738,ENSG00000078399
ENSG00000115827,7518.0,6.5396643,2.0781615,1,7517.346033573151,ENSG00000115827
ENSG00000146350,7519.0,6.538269,2.2974896,1,7518.346173107624,ENSG00000146350
ENSG00000145014,7520.0,6.533721,3.104767,1,7519.346627891064,ENSG00000145014
ENSG00000245680,7521.0,6.5308704,1.3086491,1,7520.34691298008,ENSG00000245680
ENSG00000074935,7522.0,6.530342,2.6016912,1,7521.346965789795,ENSG00000074935
ENSG00000168795,7523.0,6.5282755,3.128759,1,7522.347172439098,ENSG00000168795
ENSG00000151461,7524.0,6.5275636,1.5780177,1,7523.347243666649,ENSG00000151461
ENSG00000128534,7525.0,6.526658,2.9373922,1,7524.347334206104,ENSG00000128534
ENSG00000152443,7526.0,6.5244055,2.18238,1,7525.347559452057,ENSG00000152443
ENSG00000140320,7527.0,6.523843,0.63058454,1,7526.347615718842,ENSG00000140320
ENSG00000157456,7528.0,6.5228724,6.2000356,1,7527.347712755203,ENSG00000157456
ENSG00000212694,7529.0,6.5226126,1.4261814,1,7528.347738742828,ENSG00000212694
ENSG00000073282,7530.0,6.5180955,2.578471,1,7529.348190426826,ENSG00000073282
ENSG00000131944,7531.0,6.5164223,3.2535489,1,7530.348357796669,ENSG00000131944
ENSG00000104450,7532.0,6.5154133,1.5195547,1,7531.348458647728,ENSG00000104450
ENSG00000224165,7533.0,6.5137157,0.93134636,1,7532.348628401756,ENSG00000224165
ENSG00000080298,7534.0,6.5136824,0.8994152,1,7533.348631739616,ENSG00000080298
ENSG00000163877,7535.0,6.512044,1.5706019,1,7534.348795592785,ENSG00000163877
ENSG00000158158,7536.0,6.511659,1.1051825,1,7535.348834097385,ENSG00000158158
ENSG00000164663,7537.0,6.511548,3.509123,1,7536.348845183849,ENSG00000164663
ENSG00000100401,7538.0,6.5109963,3.282426,1,7537.34890037775,ENSG00000100401
ENSG00000268996,7539.0,6.5100923,3.256276,1,7538.3489907979965,ENSG00000268996
ENSG00000120889,7540.0,6.510039,1.7975247,1,7539.34899610281,ENSG00000120889
ENSG00000247498,7541.0,6.506064,3.3128843,1,7540.349393606186,ENSG00000247498
ENSG00000147576,7542.0,6.5039816,2.6234071,1,7541.349601864815,ENSG00000147576
ENSG00000248333,7543.0,6.5036464,1.4651179,1,7542.349635362625,ENSG00000248333
ENSG00000004777,7544.0,6.501942,0.9910597,1,7543.349805772304,ENSG00000004777
ENSG00000162980,7545.0,6.5015397,0.8718882,1,7544.34984600544,ENSG00000162980
ENSG00000173214,7546.0,6.5013113,2.7510998,1,7545.349868893623,ENSG00000173214
ENSG00000228594,7547.0,6.4971313,3.9151132,1,7546.350286841392,ENSG00000228594
ENSG00000103335,7548.0,6.4967833,0.62729996,1,7547.350321650505,ENSG00000103335
ENSG00000166024,7549.0,6.490715,2.7910423,1,7548.3509284853935,ENSG00000166024
ENSG00000130803,7550.0,6.4902134,1.8748028,1,7549.350978672504,ENSG00000130803
ENSG00000080603,7551.0,6.485116,1.6592113,1,7550.351488411426,ENSG00000080603
ENSG00000146233,7552.0,6.4847884,7.493452,1,7551.351521134376,ENSG00000146233
ENSG00000157404,7553.0,6.4845715,10.566677,1,7552.351542830467,ENSG00000157404
ENSG00000260456,7554.0,6.4836106,4.960156,1,7553.351638913155,ENSG00000260456
ENSG00000128590,7555.0,6.483191,3.511421,1,7554.351680874824,ENSG00000128590
ENSG00000100284,7556.0,6.4826803,4.966614,1,7555.351731956005,ENSG00000100284
ENSG00000139977,7557.0,6.4815497,1.72848,1,7556.351845026016,ENSG00000139977
ENSG00000174177,7558.0,6.4792085,2.4925623,1,7557.352079153061,ENSG00000174177
ENSG00000106993,7559.0,6.4782834,0.8505207,1,7558.35217165947,ENSG00000106993
ENSG00000179104,7560.0,6.4782004,2.1686666,1,7559.352179944515,ENSG00000179104
ENSG00000148399,7561.0,6.471389,2.5274456,1,7560.352861106396,ENSG00000148399
ENSG00000100612,7562.0,6.469626,6.2315297,1,7561.353037416935,ENSG00000100612
ENSG00000171208,7563.0,6.467162,2.941581,1,7562.353283762932,ENSG00000171208
ENSG00000132423,7564.0,6.4621706,3.4443107,1,7563.353782951832,ENSG00000132423
ENSG00000145194,7565.0,6.4620934,2.5076928,1,7564.353790640831,ENSG00000145194
ENSG00000280832,7566.0,6.460709,3.8837242,1,7565.353929102421,ENSG00000280832
ENSG00000182247,7567.0,6.460445,2.874319,1,7566.353955507278,ENSG00000182247
ENSG00000008853,7568.0,6.459967,2.8562338,1,7567.354003310204,ENSG00000008853
ENSG00000106025,7569.0,6.4591694,2.9176874,1,7568.354083061218,ENSG00000106025
ENSG00000162231,7570.0,6.458892,5.2463465,1,7569.354110836983,ENSG00000162231
ENSG00000170893,7571.0,6.458262,6.798869,1,7570.354173779488,ENSG00000170893
ENSG00000129219,7572.0,6.4559135,2.2743208,1,7571.354408621788,ENSG00000129219
ENSG00000151445,7573.0,6.4554467,4.582118,1,7572.354455351829,ENSG00000151445
ENSG00000181638,7574.0,6.454097,3.3079886,1,7573.354590296745,ENSG00000181638
ENSG00000176749,7575.0,6.4522767,2.3972301,1,7574.35477232933,ENSG00000176749
ENSG00000165861,7576.0,6.451512,3.30148,1,7575.35484880209,ENSG00000165861
ENSG00000165185,7577.0,6.450632,4.446944,1,7576.354936778545,ENSG00000165185
ENSG00000164128,7578.0,6.447312,6.135698,1,7577.355268836021,ENSG00000164128
ENSG00000078295,7579.0,6.4467325,5.1481953,1,7578.355326771736,ENSG00000078295
ENSG00000162814,7580.0,6.4466634,5.9788184,1,7579.355333685875,ENSG00000162814
ENSG00000215883,7581.0,6.442119,3.07637,1,7580.355788111687,ENSG00000215883
ENSG00000107560,7582.0,6.442114,1.2342589,1,7581.355788588524,ENSG00000107560
ENSG00000154040,7583.0,6.440443,4.0047235,1,7582.355955719948,ENSG00000154040
ENSG00000110455,7584.0,6.439601,2.708738,1,7583.356039881706,ENSG00000110455
ENSG00000198455,7585.0,6.4364657,1.5352558,1,7584.356353402138,ENSG00000198455
ENSG00000105419,7586.0,6.4357424,3.9488034,1,7585.356425762176,ENSG00000105419
ENSG00000142676,7587.0,6.4356236,102.61402,1,7586.356437623501,ENSG00000142676
ENSG00000130856,7588.0,6.4350996,1.1630288,1,7587.356490015984,ENSG00000130856
ENSG00000245556,7589.0,6.434649,3.4125586,1,7588.356535077095,ENSG00000245556
ENSG00000100109,7590.0,6.432405,3.7627647,1,7589.356759488583,ENSG00000100109
ENSG00000125388,7591.0,6.432199,2.6208334,1,7590.35678011179,ENSG00000125388
ENSG00000132436,7592.0,6.4308147,3.447986,1,7591.356918513775,ENSG00000132436
ENSG00000116761,7593.0,6.4279337,5.5582557,1,7592.357206642628,ENSG00000116761
ENSG00000164105,7594.0,6.427604,2.7004032,1,7593.357239603996,ENSG00000164105
ENSG00000084731,7595.0,6.4259105,3.981851,1,7594.357408940792,ENSG00000084731
ENSG00000124181,7596.0,6.422258,2.463056,1,7595.357774198055,ENSG00000124181
ENSG00000126456,7597.0,6.4167876,1.2751476,1,7596.358321249485,ENSG00000126456
ENSG00000077092,7598.0,6.4160447,7.9317966,1,7597.358395516872,ENSG00000077092
ENSG00000162944,7599.0,6.411007,6.466768,1,7598.35889929533,ENSG00000162944
ENSG00000133818,7600.0,6.4041467,1.0916805,1,7599.359585344791,ENSG00000133818
ENSG00000100258,7601.0,6.402666,2.6290405,1,7600.359733402729,ENSG00000100258
ENSG00000170954,7602.0,6.396032,3.975237,1,7601.360396802425,ENSG00000170954
ENSG00000105321,7603.0,6.395806,2.3881636,1,7602.360419392586,ENSG00000105321
ENSG00000133858,7604.0,6.395757,0.6461681,1,7603.360424280167,ENSG00000133858
ENSG00000198729,7605.0,6.3923635,7.954957,1,7604.360763669014,ENSG00000198729
ENSG00000067057,7606.0,6.3914285,1.8609881,1,7605.360857129097,ENSG00000067057
ENSG00000142528,7607.0,6.3908677,4.3721375,1,7606.360913217068,ENSG00000142528
ENSG00000160957,7608.0,6.3859353,4.397281,1,7607.361406445503,ENSG00000160957
ENSG00000196917,7609.0,6.3810434,1.7804201,1,7608.361895680428,ENSG00000196917
ENSG00000105695,7610.0,6.374943,9.300854,1,7609.362505733967,ENSG00000105695
ENSG00000172361,7611.0,6.3735175,4.5531473,1,7610.362648248672,ENSG00000172361
ENSG00000221947,7612.0,6.3728647,0.9828668,1,7611.3627135157585,ENSG00000221947
ENSG00000178966,7613.0,6.372322,2.5924265,1,7612.36276781559,ENSG00000178966
ENSG00000107872,7614.0,6.371692,1.2077322,1,7613.362830758095,ENSG00000107872
ENSG00000039139,7615.0,6.371614,6.5777965,1,7614.362838625908,ENSG00000039139
ENSG00000213967,7616.0,6.3676615,2.24127,1,7615.363233864307,ENSG00000213967
ENSG00000059145,7617.0,6.3675017,1.4815218,1,7616.363249838352,ENSG00000059145
ENSG00000189298,7618.0,6.367448,0.89761806,1,7617.36325520277,ENSG00000189298
ENSG00000138193,7619.0,6.3667583,2.365586,1,7618.363324165344,ENSG00000138193
ENSG00000143390,7620.0,6.363645,1.2627218,1,7619.363635480404,ENSG00000143390
ENSG00000113838,7621.0,6.3635244,2.1102567,1,7620.363647580147,ENSG00000113838
ENSG00000174574,7622.0,6.3633666,5.5631266,1,7621.363663315773,ENSG00000174574
ENSG00000196417,7623.0,6.3621273,2.072332,1,7622.363787293434,ENSG00000196417
ENSG00000106701,7624.0,6.3617086,4.4683337,1,7623.363829135895,ENSG00000106701
ENSG00000177917,7625.0,6.358938,2.9084482,1,7624.364106178284,ENSG00000177917
ENSG00000113761,7626.0,6.355625,2.01316,1,7625.364437460899,ENSG00000113761
ENSG00000121988,7627.0,6.355317,3.1007128,1,7626.364468276501,ENSG00000121988
ENSG00000134461,7628.0,6.3552327,1.1129136,1,7627.36447674036,ENSG00000134461
ENSG00000152503,7629.0,6.3551702,1.5601069,1,7628.364482998848,ENSG00000152503
ENSG00000104142,7630.0,6.355118,3.0924668,1,7629.364488244057,ENSG00000104142
ENSG00000096717,7631.0,6.35251,2.1636212,1,7630.364749014378,ENSG00000096717
ENSG00000160360,7632.0,6.351623,4.906817,1,7631.364837706089,ENSG00000160360
ENSG00000110400,7633.0,6.3496227,3.0324614,1,7632.365037739277,ENSG00000110400
ENSG00000184517,7634.0,6.347622,4.095489,1,7633.365237832069,ENSG00000184517
ENSG00000136738,7635.0,6.347268,4.655123,1,7634.365273177624,ENSG00000136738
ENSG00000101639,7636.0,6.347143,1.0700072,1,7635.365285694599,ENSG00000101639
ENSG00000175592,7637.0,6.3430934,4.4453716,1,7636.365690648556,ENSG00000175592
ENSG00000151014,7638.0,6.3387938,2.6069877,1,7637.366120636463,ENSG00000151014
ENSG00000168612,7639.0,6.337611,1.3029829,1,7638.366238892078,ENSG00000168612
ENSG00000155868,7640.0,6.336646,1.5110898,1,7639.366335391998,ENSG00000155868
ENSG00000149260,7641.0,6.3302345,6.067066,1,7640.366976559162,ENSG00000149260
ENSG00000121742,7642.0,6.324902,11.31636,1,7641.367509782314,GJB6
ENSG00000173517,7643.0,6.322319,3.386805,1,7642.367768108845,ENSG00000173517
ENSG00000174705,7644.0,6.3199883,2.323792,1,7643.368001163006,ENSG00000174705
ENSG00000126746,7645.0,6.3162932,3.4788325,1,7644.368370652199,ENSG00000126746
ENSG00000203288,7646.0,6.3144183,2.578204,1,7645.368558168411,ENSG00000203288
ENSG00000100558,7647.0,6.311026,2.448096,1,7646.368897378445,ENSG00000100558
ENSG00000110801,7648.0,6.309809,3.9856298,1,7647.369019091129,ENSG00000110801
ENSG00000089091,7649.0,6.298429,2.5607963,1,7648.370157122612,ENSG00000089091
ENSG00000125846,7650.0,6.2977424,3.0890925,1,7649.370225787163,ENSG00000125846
ENSG00000178700,7651.0,6.2968893,3.5457146,1,7650.370311081409,ENSG00000178700
ENSG00000141837,7652.0,6.2966833,2.5312335,1,7651.370331645012,ENSG00000141837
ENSG00000292342,7653.0,6.284973,3.315743,1,7652.371502697468,ENSG00000292342
ENSG00000170425,7654.0,6.282365,5.025578,1,7653.371763527393,ENSG00000170425
ENSG00000143479,7655.0,6.2789,4.1693153,1,7654.372110009193,ENSG00000143479
ENSG00000132950,7656.0,6.2760572,1.6574575,1,7655.372394263744,ENSG00000132950
ENSG00000182326,7657.0,6.2749476,2.6028156,1,7656.372505247593,C1S
ENSG00000137275,7658.0,6.273506,1.7608949,1,7657.372649371624,ENSG00000137275
ENSG00000085644,7659.0,6.272487,2.4057224,1,7658.372751295567,ENSG00000085644
ENSG00000188859,7660.0,6.2711496,6.249446,1,7659.372885048389,ENSG00000188859
ENSG00000105613,7661.0,6.271026,4.8838263,1,7660.372897386551,ENSG00000105613
ENSG00000264230,7662.0,6.266389,8.741607,1,7661.373361110687,ENSG00000264230
ENSG00000119314,7663.0,6.264102,0.73188704,1,7662.373589813709,ENSG00000119314
ENSG00000006695,7664.0,6.26018,3.227188,1,7663.373982012272,ENSG00000006695
ENSG00000177479,7665.0,6.259018,4.878808,1,7664.374098181725,ENSG00000177479
ENSG00000162931,7666.0,6.255789,3.649122,1,7665.37442111969,ENSG00000162931
ENSG00000130734,7667.0,6.25516,2.1620712,1,7666.37448400259,ENSG00000130734
ENSG00000175920,7668.0,6.254952,5.2597876,1,7667.374504804611,ENSG00000175920
ENSG00000198218,7669.0,6.2530856,4.258117,1,7668.374691426754,ENSG00000198218
ENSG00000138326,7670.0,6.2489457,74.90918,1,7669.375105440617,ENSG00000138326
ENSG00000113594,7671.0,6.2485266,2.0340886,1,7670.375147342682,ENSG00000113594
ENSG00000176624,7672.0,6.2482705,0.59841,1,7671.375172972679,ENSG00000176624
ENSG00000124074,7673.0,6.2475257,2.9886887,1,7672.37524741888,ENSG00000124074
ENSG00000243335,7674.0,6.246756,1.8872863,1,7673.375324368477,ENSG00000243335
ENSG00000105953,7675.0,6.242985,1.5415277,1,7674.375701546669,ENSG00000105953
ENSG00000123600,7676.0,6.2429104,1.307234,1,7675.375708937645,ENSG00000123600
ENSG00000245571,7677.0,6.2410645,1.9337181,1,7676.37589353323,ENSG00000245571
ENSG00000175548,7678.0,6.240143,2.685359,1,7677.375985741615,ENSG00000175548
ENSG00000251396,7679.0,6.239645,4.113195,1,7678.376035511494,ENSG00000251396
ENSG00000214145,7680.0,6.239599,2.6551838,1,7679.376040101051,ENSG00000214145
ENSG00000007168,7681.0,6.2395954,2.2828326,1,7680.376040458679,ENSG00000007168
ENSG00000090863,7682.0,6.2384944,1.7773964,1,7681.376150548458,ENSG00000090863
ENSG00000002549,7683.0,6.23661,5.094736,1,7682.376339018345,ENSG00000002549
ENSG00000167244,7684.0,6.23344,9.376285,1,7683.376655995846,IGF2
ENSG00000139291,7685.0,6.232986,0.79434204,1,7684.376701414585,ENSG00000139291
ENSG00000167562,7686.0,6.23281,0.96610075,1,7685.376718997955,ENSG00000167562
ENSG00000122085,7687.0,6.23141,1.9934675,1,7686.376859009266,ENSG00000122085
ENSG00000121039,7688.0,6.2263947,0.6051792,1,7687.377360522747,ENSG00000121039
ENSG00000172273,7689.0,6.2250457,2.1736984,1,7688.377495408058,ENSG00000172273
ENSG00000204370,7690.0,6.223421,6.170799,1,7689.37765789032,ENSG00000204370
ENSG00000056586,7691.0,6.222457,1.5075133,1,7690.377754330635,ENSG00000056586
ENSG00000076258,7692.0,6.2220087,3.0339556,1,7691.377799153328,ENSG00000076258
ENSG00000164047,7693.0,6.2207866,5.766606,1,7692.37792134285,ENSG00000164047
ENSG00000078177,7694.0,6.2182775,1.2118399,1,7693.378172278404,ENSG00000078177
ENSG00000163762,7695.0,6.215445,2.3506691,1,7694.378455519676,ENSG00000163762
ENSG00000139044,7696.0,6.2147074,5.20122,1,7695.378529250622,ENSG00000139044
ENSG00000142910,7697.0,6.214221,0.52943766,1,7696.378577888012,ENSG00000142910
ENSG00000131470,7698.0,6.213212,4.2871847,1,7697.3786787986755,ENSG00000131470
ENSG00000163481,7699.0,6.2132096,4.0717387,1,7698.378679037094,ENSG00000163481
ENSG00000143847,7700.0,6.2116165,4.7272925,1,7699.37883836031,ENSG00000143847
ENSG00000103671,7701.0,6.2111726,2.3212476,1,7700.37888276577,ENSG00000103671
ENSG00000186364,7702.0,6.208725,3.4776845,1,7701.379127502441,ENSG00000186364
ENSG00000229950,7703.0,6.2063975,11.140541,1,7702.379360258579,ENSG00000229950
ENSG00000048405,7704.0,6.2055283,1.6926008,1,7703.379447162151,ENSG00000048405
ENSG00000198727,7705.0,6.200701,296.75818,1,7704.379929900169,ENSG00000198727
ENSG00000232656,7706.0,6.200045,6.1460767,1,7705.379995465279,ENSG00000232656
ENSG00000228065,7707.0,6.1998463,4.6188216,1,7706.38001537323,ENSG00000228065
ENSG00000113430,7708.0,6.196697,8.552352,1,7707.380330264568,ENSG00000113430
ENSG00000064932,7709.0,6.1953535,1.3599371,1,7708.380464673042,ENSG00000064932
ENSG00000158315,7710.0,6.194636,1.858954,1,7709.380536437035,ENSG00000158315
ENSG00000257704,7711.0,6.194582,0.6136116,1,7710.380541801453,ENSG00000257704
ENSG00000177119,7712.0,6.1929064,1.9197838,1,7711.380709350109,ENSG00000177119
ENSG00000197457,7713.0,6.1914587,2.05521,1,7712.380854129791,ENSG00000197457
ENSG00000168143,7714.0,6.187355,3.2526624,1,7713.38126450777,ENSG00000168143
ENSG00000169635,7715.0,6.183922,3.857584,1,7714.381607830524,ENSG00000169635
ENSG00000162869,7716.0,6.1837616,1.7229064,1,7715.381623864174,ENSG00000162869
ENSG00000243701,7717.0,6.1816506,6.1276217,1,7716.381834924221,ENSG00000243701
ENSG00000170961,7718.0,6.180257,10.456383,1,7717.381974339485,ENSG00000170961
ENSG00000118707,7719.0,6.1799264,2.03513,1,7718.382007360458,ENSG00000118707
ENSG00000171557,7720.0,6.1778064,9.360067,1,7719.38221937418,FGG
ENSG00000038532,7721.0,6.1694374,2.324669,1,7720.383056282997,ENSG00000038532
ENSG00000119688,7722.0,6.1690326,3.3260274,1,7721.383096754551,ENSG00000119688
ENSG00000120334,7723.0,6.1688676,2.5178163,1,7722.383113265037,ENSG00000120334
ENSG00000156103,7724.0,6.1651425,4.5298657,1,7723.383485734463,ENSG00000156103
ENSG00000126249,7725.0,6.165111,3.0048258,1,7724.383488893509,ENSG00000126249
ENSG00000089234,7726.0,6.1627584,3.3489094,1,7725.383724153042,ENSG00000089234
ENSG00000145743,7727.0,6.1600213,1.2097785,1,7726.383997857571,ENSG00000145743
ENSG00000176909,7728.0,6.1596913,3.1145067,1,7727.384030878544,ENSG00000176909
ENSG00000114859,7729.0,6.154144,5.4261227,1,7728.384585618973,ENSG00000114859
ENSG00000246174,7730.0,6.154028,3.2029557,1,7729.384597182274,ENSG00000246174
ENSG00000067445,7731.0,6.1536636,7.105228,1,7730.3846336603165,ENSG00000067445
ENSG00000008323,7732.0,6.1529846,3.8382442,1,7731.384701550007,ENSG00000008323
ENSG00000184445,7733.0,6.1511464,2.0799057,1,7732.384885370731,ENSG00000184445
ENSG00000106479,7734.0,6.1498513,1.1114694,1,7733.385014891624,ENSG00000106479
ENSG00000111711,7735.0,6.1496806,2.988855,1,7734.385031938553,ENSG00000111711
ENSG00000235109,7736.0,6.1488395,3.472373,1,7735.385116040707,ENSG00000235109
ENSG00000064601,7737.0,6.1487637,13.5190735,1,7736.385123610496,ENSG00000064601
ENSG00000170468,7738.0,6.14864,2.1697447,1,7737.385136008263,ENSG00000170468
ENSG00000076344,7739.0,6.1476846,4.357168,1,7738.385231554508,ENSG00000076344
ENSG00000023909,7740.0,6.1476526,1.0479116,1,7739.385234713554,ENSG00000023909
ENSG00000169900,7741.0,6.1475506,7.8376145,1,7740.385244965553,PYDC1
ENSG00000185946,7742.0,6.147212,0.9110768,1,7741.385278820991,ENSG00000185946
ENSG00000112282,7743.0,6.1459723,1.6334181,1,7742.385402798653,ENSG00000112282
ENSG00000083812,7744.0,6.1430464,2.4047468,1,7743.385695338249,ENSG00000083812
ENSG00000140691,7745.0,6.1394944,2.3758006,1,7744.386050581932,ENSG00000140691
ENSG00000129515,7746.0,6.138295,4.09167,1,7745.386170506477,ENSG00000129515
ENSG00000106772,7747.0,6.1378155,7.9464555,1,7746.386218428612,ENSG00000106772
ENSG00000115844,7748.0,6.1342335,7.3059254,1,7747.386576652527,ENSG00000115844
ENSG00000164603,7749.0,6.1300473,2.8173668,1,7748.386995255947,ENSG00000164603
ENSG00000182400,7750.0,6.1285787,2.6843204,1,7749.387142121792,ENSG00000182400
ENSG00000187607,7751.0,6.1282954,4.3382573,1,7750.387170433998,ENSG00000187607
ENSG00000139160,7752.0,6.126916,4.330903,1,7751.387308418751,ENSG00000139160
ENSG00000102854,7753.0,6.1267776,8.254526,1,7752.387322247028,MSLN
ENSG00000112855,7754.0,6.1228685,4.1501737,1,7753.387713134289,ENSG00000112855
ENSG00000162063,7755.0,6.12201,2.8791127,1,7754.387798964977,ENSG00000162063
ENSG00000115657,7756.0,6.1160693,7.94466,1,7755.388393044472,ENSG00000115657
ENSG00000170581,7757.0,6.1128035,5.0959,1,7756.388719677925,ENSG00000170581
ENSG00000143549,7758.0,6.112767,22.0045,1,7757.388723254204,ENSG00000143549
ENSG00000178685,7759.0,6.1127024,1.6117072,1,7758.38872975111,ENSG00000178685
ENSG00000148655,7760.0,6.111645,5.008331,1,7759.38883548975,ENSG00000148655
ENSG00000105538,7761.0,6.10489,2.7691593,1,7760.389510989189,ENSG00000105538
ENSG00000115474,7762.0,6.1038265,14.491446,1,7761.389617323875,ENSG00000115474
ENSG00000054267,7763.0,6.1036115,2.018566,1,7762.389638841152,ENSG00000054267
ENSG00000149599,7764.0,6.099331,5.35459,1,7763.390066921711,ENSG00000149599
ENSG00000141391,7765.0,6.095695,5.500133,1,7764.390430510044,ENSG00000141391
ENSG00000097007,7766.0,6.094443,3.4087093,1,7765.390555739403,ENSG00000097007
ENSG00000100625,7767.0,6.089746,0.7130172,1,7766.391025424004,ENSG00000100625
ENSG00000225377,7768.0,6.088772,6.1194744,1,7767.391122817993,ENSG00000225377
ENSG00000198093,7769.0,6.0878453,2.8104117,1,7768.391215443611,ENSG00000198093
ENSG00000158292,7770.0,6.0871806,6.2791104,1,7769.391281962395,ENSG00000158292
ENSG00000111206,7771.0,6.086529,4.6506124,1,7770.391347110271,ENSG00000111206
ENSG00000227471,7772.0,6.086449,3.8949106,1,7771.391355097294,ENSG00000227471
ENSG00000137601,7773.0,6.0824428,2.7748437,1,7772.391755700111,ENSG00000137601
ENSG00000164332,7774.0,6.0822926,1.7924594,1,7773.391770720482,ENSG00000164332
ENSG00000084628,7775.0,6.0813293,10.116676,1,7774.391867041588,ENSG00000084628
ENSG00000251247,7776.0,6.0812335,3.3026052,1,7775.391876637936,ENSG00000251247
ENSG00000042317,7777.0,6.0785065,4.4763727,1,7776.3921493291855,ENSG00000042317
ENSG00000158411,7778.0,6.076985,2.8305159,1,7777.392301499844,ENSG00000158411
ENSG00000103355,7779.0,6.07458,14.897126,1,7778.392542004585,PRSS33
ENSG00000108961,7780.0,6.068639,2.3117807,1,7779.393136143684,ENSG00000108961
ENSG00000091129,7781.0,6.0680847,5.822668,1,7780.393191516399,ENSG00000091129
ENSG00000175279,7782.0,6.06746,5.0539165,1,7781.393253982067,ENSG00000175279
ENSG00000122574,7783.0,6.066381,4.4723325,1,7782.393361926079,ENSG00000122574
ENSG00000105072,7784.0,6.0648484,3.4295332,1,7783.39351516962,ENSG00000105072
ENSG00000080503,7785.0,6.0613413,1.0610912,1,7784.39386588335,ENSG00000080503
ENSG00000119938,7786.0,6.0596795,3.9072978,1,7785.3940320611,ENSG00000119938
ENSG00000253846,7787.0,6.0577188,7.1473436,1,7786.394228100777,ENSG00000253846
ENSG00000078808,7788.0,6.057019,2.7808816,1,7787.39429807663,ENSG00000078808
ENSG00000255072,7789.0,6.0555587,9.3425255,1,7788.394444108009,ENSG00000255072
ENSG00000197757,7790.0,6.0551925,2.511476,1,7789.394480764866,ENSG00000197757
ENSG00000125046,7791.0,6.0545397,10.296187,1,7790.394546031952,ENSG00000125046
ENSG00000196440,7792.0,6.0544553,4.1282997,1,7791.3945544958115,ENSG00000196440
ENSG00000180481,7793.0,6.052603,0.64219284,1,7792.394739747047,ENSG00000180481
ENSG00000160392,7794.0,6.052134,2.716975,1,7793.394786596298,ENSG00000160392
ENSG00000183137,7795.0,6.045337,3.4729846,1,7794.395466268063,ENSG00000183137
ENSG00000167840,7796.0,6.0436397,3.1858768,1,7795.395636022091,ENSG00000167840
ENSG00000172059,7797.0,6.0430765,1.8869046,1,7796.39569234848,ENSG00000172059
ENSG00000088876,7798.0,6.0419474,4.6964707,1,7797.395805239677,ENSG00000088876
ENSG00000157368,7799.0,6.0418224,3.878603,1,7798.395817756653,ENSG00000157368
ENSG00000203780,7800.0,6.041612,1.7920974,1,7799.395838797092,ENSG00000203780
ENSG00000110060,7801.0,6.0410757,2.415117,1,7800.395892441273,ENSG00000110060
ENSG00000166979,7802.0,6.037115,1.4259084,1,7801.396288514137,ENSG00000166979
ENSG00000197530,7803.0,6.035455,2.37745,1,7802.396454453468,ENSG00000197530
ENSG00000165905,7804.0,6.0349126,4.819895,1,7803.3965087533,ENSG00000165905
ENSG00000076685,7805.0,6.0324073,2.6945782,1,7804.396759271622,ENSG00000076685
ENSG00000251381,7806.0,6.0316653,4.458578,1,7805.396833479404,ENSG00000251381
ENSG00000165078,7807.0,6.0279655,9.034611,1,7806.397203445435,ENSG00000165078
ENSG00000063601,7808.0,6.027849,1.1197096,1,7807.39721506834,ENSG00000063601
ENSG00000114395,7809.0,6.026059,0.64772236,1,7808.397394061089,ENSG00000114395
ENSG00000196549,7810.0,6.022613,8.182018,1,7809.397738695145,ENSG00000196549
ENSG00000145103,7811.0,6.0190907,1.3706735,1,7810.398090958595,ENSG00000145103
ENSG00000130348,7812.0,6.0188594,0.8432027,1,7811.398114085197,ENSG00000130348
ENSG00000167216,7813.0,6.0160894,5.589441,1,7812.398391067982,ENSG00000167216
ENSG00000268350,7814.0,6.013332,3.581871,1,7813.398666799068,ENSG00000268350
ENSG00000131697,7815.0,6.013171,3.8824286,1,7814.398682892322,ENSG00000131697
ENSG00000035681,7816.0,6.0089846,3.372573,1,7815.399101555347,ENSG00000035681
ENSG00000121270,7817.0,6.0085506,9.571535,1,7816.399144947529,ENSG00000121270
ENSG00000198133,7818.0,6.006792,2.0561419,1,7817.399320781231,ENSG00000198133
ENSG00000178184,7819.0,6.0056944,1.3438939,1,7818.399430572987,ENSG00000178184
ENSG00000198554,7820.0,6.0053387,4.064666,1,7819.399466156959,ENSG00000198554
ENSG00000146918,7821.0,6.003576,3.366375,1,7820.399642407894,ENSG00000146918
ENSG00000138399,7822.0,6.002718,2.706311,1,7821.399728178978,ENSG00000138399
ENSG00000112367,7823.0,5.99872,2.789667,1,7822.400128006935,ENSG00000112367
ENSG00000170265,7824.0,5.996768,1.5383478,1,7823.400323212147,ENSG00000170265
ENSG00000198208,7825.0,5.993327,4.240548,1,7824.400667309761,ENSG00000198208
ENSG00000175691,7826.0,5.9862194,2.8984504,1,7825.401378035545,ENSG00000175691
ENSG00000110497,7827.0,5.983482,2.4247212,1,7826.401651799679,ENSG00000110497
ENSG00000116668,7828.0,5.9828906,3.028977,1,7827.401710927486,ENSG00000116668
ENSG00000181915,7829.0,5.98125,2.3878133,1,7828.4018750190735,ENSG00000181915
ENSG00000197275,7830.0,5.9802485,4.1738286,1,7829.401975154877,ENSG00000197275
ENSG00000107021,7831.0,5.9793367,2.4199185,1,7830.402066349983,ENSG00000107021
ENSG00000125618,7832.0,5.9780164,2.5972984,1,7831.402198374271,ENSG00000125618
ENSG00000188883,7833.0,5.9761763,10.332172,1,7832.40238237381,ENSG00000188883
ENSG00000101144,7834.0,5.9759755,3.8827848,1,7833.402402460575,ENSG00000101144
ENSG00000259417,7835.0,5.975815,13.159936,1,7834.402418494225,ENSG00000259417
ENSG00000226124,7836.0,5.972988,3.2150123,1,7835.402701199055,ENSG00000226124
ENSG00000170260,7837.0,5.9598126,3.0078847,1,7836.404018759727,ENSG00000170260
ENSG00000196482,7838.0,5.957478,7.237367,1,7837.404252171516,ENSG00000196482
ENSG00000069812,7839.0,5.9538136,2.073454,1,7838.404618620872,ENSG00000069812
ENSG00000164976,7840.0,5.95372,4.543551,1,7839.404627978802,ENSG00000164976
ENSG00000159147,7841.0,5.953399,2.2053134,1,7840.404660105705,ENSG00000159147
ENSG00000121879,7842.0,5.9532433,1.0727911,1,7841.404675662518,ENSG00000121879
ENSG00000236144,7843.0,5.9520235,4.0666094,1,7842.404797673225,ENSG00000236144
ENSG00000172006,7844.0,5.950951,0.917077,1,7843.404904901981,ENSG00000172006
ENSG00000101680,7845.0,5.950527,6.9227386,1,7844.404947280884,ENSG00000101680
ENSG00000023516,7846.0,5.949034,0.67770576,1,7845.405096590519,ENSG00000023516
ENSG00000122566,7847.0,5.9481134,28.68089,1,7846.405188679695,ENSG00000122566
ENSG00000165169,7848.0,5.94744,2.1493387,1,7847.405255973339,ENSG00000165169
ENSG00000163293,7849.0,5.94296,5.4770503,1,7848.405704021454,ENSG00000163293
ENSG00000186318,7850.0,5.941123,2.158308,1,7849.405887722969,ENSG00000186318
ENSG00000139352,7851.0,5.9407635,8.904941,1,7850.40592366457,ASCL1
ENSG00000137713,7852.0,5.937162,2.4827895,1,7851.406283795834,ENSG00000137713
ENSG00000128274,7853.0,5.936881,1.5518565,1,7852.406311869621,ENSG00000128274
ENSG00000255690,7854.0,5.9336405,4.4044642,1,7853.406635940075,ENSG00000255690
ENSG00000110318,7855.0,5.930805,2.2481236,1,7854.40691947937,ENSG00000110318
ENSG00000092969,7856.0,5.9288764,5.350316,1,7855.407112360001,ENSG00000092969
ENSG00000181938,7857.0,5.927664,3.6024694,1,7856.407233595848,ENSG00000181938
ENSG00000125633,7858.0,5.927533,2.1787705,1,7857.40724670887,ENSG00000125633
ENSG00000075234,7859.0,5.9241548,2.4664595,1,7858.4075845479965,ENSG00000075234
ENSG00000105889,7860.0,5.923947,9.505568,1,7859.407605290413,ENSG00000105889
ENSG00000205659,7861.0,5.923323,3.0900397,1,7860.407667696476,ENSG00000205659
ENSG00000126890,7862.0,5.9203124,10.822505,1,7861.407968759537,ENSG00000126890
ENSG00000240204,7863.0,5.916722,4.126555,1,7862.408327817917,ENSG00000240204
ENSG00000115568,7864.0,5.9158826,1.3797846,1,7863.408411741257,ENSG00000115568
ENSG00000253276,7865.0,5.9150505,1.4521207,1,7864.408494949341,ENSG00000253276
ENSG00000121350,7866.0,5.913368,1.5418009,1,7865.408663153648,ENSG00000121350
ENSG00000075651,7867.0,5.9120564,6.3308377,1,7866.408794343471,ENSG00000075651
ENSG00000134283,7868.0,5.9115205,4.169467,1,7867.408847928047,ENSG00000134283
ENSG00000164010,7869.0,5.9090815,2.2825432,1,7868.409091830254,ENSG00000164010
ENSG00000146263,7870.0,5.904798,1.5273918,1,7869.409520208836,ENSG00000146263
ENSG00000159184,7871.0,5.9043574,7.488891,1,7870.409564256668,ENSG00000159184
ENSG00000023839,7872.0,5.9039645,7.3686275,1,7871.409603536129,ENSG00000023839
ENSG00000277462,7873.0,5.903949,3.6790822,1,7872.409605145454,ENSG00000277462
ENSG00000204792,7874.0,5.9038873,9.4972105,1,7873.409611284733,ENSG00000204792
ENSG00000107819,7875.0,5.9029403,3.5647051,1,7874.409705996513,ENSG00000107819
ENSG00000250067,7876.0,5.9015365,4.9198785,1,7875.409846365452,ENSG00000250067
ENSG00000079101,7877.0,5.9000955,8.994772,1,7876.409990429878,ENSG00000079101
ENSG00000163017,7878.0,5.8986664,3.7839513,1,7877.410133361816,ACTG2
ENSG00000131650,7879.0,5.8962936,8.450854,1,7878.410370647907,ENSG00000131650
ENSG00000185010,7880.0,5.8954215,1.5479859,1,7879.410457849503,ENSG00000185010
ENSG00000123552,7881.0,5.893961,2.3435533,1,7880.410603880882,ENSG00000123552
ENSG00000168589,7882.0,5.8939357,4.333236,1,7881.410606443882,ENSG00000168589
ENSG00000198429,7883.0,5.8913746,2.571952,1,7882.410862565041,ENSG00000198429
ENSG00000196196,7884.0,5.8911037,4.124593,1,7883.410889625549,ENSG00000196196
ENSG00000135338,7885.0,5.8906393,4.151676,1,7884.410936057568,ENSG00000135338
ENSG00000116337,7886.0,5.889144,3.5981848,1,7885.411085605621,ENSG00000116337
ENSG00000151092,7887.0,5.8887057,2.5046852,1,7886.411129415035,ENSG00000151092
ENSG00000133401,7888.0,5.8881226,4.2298903,1,7887.4111877679825,ENSG00000133401
ENSG00000102181,7889.0,5.88537,2.426213,1,7888.411463022232,ENSG00000102181
ENSG00000137338,7890.0,5.884777,3.4008517,1,7889.411522269249,ENSG00000137338
ENSG00000197062,7891.0,5.883085,3.2129607,1,7890.41169154644,ENSG00000197062
ENSG00000112031,7892.0,5.880529,3.6015775,1,7891.411947131157,ENSG00000112031
ENSG00000151849,7893.0,5.880448,2.4261425,1,7892.411955237389,ENSG00000151849
ENSG00000123388,7894.0,5.878743,9.05203,1,7893.412125706673,ENSG00000123388
ENSG00000101442,7895.0,5.8783064,4.1397305,1,7894.412169337273,ENSG00000101442
ENSG00000011376,7896.0,5.8782873,1.5469952,1,7895.412171244621,ENSG00000011376
ENSG00000112624,7897.0,5.8764067,1.1030303,1,7896.41235935688,ENSG00000112624
ENSG00000141933,7898.0,5.8763847,1.1180679,1,7897.412361502647,ENSG00000141933
ENSG00000269386,7899.0,5.873068,2.6060836,1,7898.412693202496,ENSG00000269386
ENSG00000151229,7900.0,5.8699965,2.9818554,1,7899.41300034523,ENSG00000151229
ENSG00000162236,7901.0,5.8681865,0.82267314,1,7900.413181364536,ENSG00000162236
ENSG00000221955,7902.0,5.864963,2.2957742,1,7901.413503706455,ENSG00000221955
ENSG00000166340,7903.0,5.86455,10.178412,1,7902.413545012474,ENSG00000166340
ENSG00000167280,7904.0,5.8643312,0.65431064,1,7903.413566887379,ENSG00000167280
ENSG00000155256,7905.0,5.863656,2.325585,1,7904.413634419441,ENSG00000155256
ENSG00000144504,7906.0,5.86317,1.0052812,1,7905.413682997227,ENSG00000144504
ENSG00000175470,7907.0,5.8575835,1.9670871,1,7906.414241671562,ENSG00000175470
ENSG00000188786,7908.0,5.8564506,2.0086896,1,7907.414354920387,ENSG00000188786
ENSG00000221829,7909.0,5.8519163,3.8951266,1,7908.414808392525,ENSG00000221829
ENSG00000100439,7910.0,5.8502626,4.743065,1,7909.414973735809,ENSG00000100439
ENSG00000250451,7911.0,5.84818,4.7629147,1,7910.415181994438,ENSG00000250451
ENSG00000127080,7912.0,5.8454123,2.1809177,1,7911.415458798408,ENSG00000127080
ENSG00000106609,7913.0,5.8402147,1.7119461,1,7912.415978550911,ENSG00000106609
ENSG00000170185,7914.0,5.8367,0.90244335,1,7913.416329979897,ENSG00000170185
ENSG00000232164,7915.0,5.8345456,4.349476,1,7914.416545450687,ENSG00000232164
ENSG00000256683,7916.0,5.8309383,1.16962,1,7915.416906177998,ENSG00000256683
ENSG00000121068,7917.0,5.8306203,3.08799,1,7916.416937947273,ENSG00000121068
ENSG00000105672,7918.0,5.8301888,3.1346276,1,7917.416981101036,ENSG00000105672
ENSG00000181588,7919.0,5.829867,3.045477,1,7918.417013287544,ENSG00000181588
ENSG00000127564,7920.0,5.828448,3.7132995,1,7919.4171552062035,ENSG00000127564
ENSG00000135437,7921.0,5.8270187,4.103729,1,7920.417298138142,ENSG00000135437
ENSG00000280798,7922.0,5.8217564,0.66184855,1,7921.41782438755,ENSG00000280798
ENSG00000196834,7923.0,5.820394,8.3874445,1,7922.417960584164,ENSG00000196834
ENSG00000144406,7924.0,5.820236,4.209928,1,7923.417976379394,ENSG00000144406
ENSG00000182134,7925.0,5.819192,3.752185,1,7924.418080806732,ENSG00000182134
ENSG00000176920,7926.0,5.8182583,1.0882881,1,7925.418174147606,ENSG00000176920
ENSG00000099381,7927.0,5.817003,1.9246509,1,7926.418299734592,ENSG00000099381
ENSG00000196562,7928.0,5.813886,1.0314441,1,7927.41861140728,ENSG00000196562
ENSG00000135482,7929.0,5.813403,1.8496562,1,7928.418659687042,ENSG00000135482
ENSG00000104497,7930.0,5.811167,2.7257655,1,7929.418883323669,ENSG00000104497
ENSG00000170836,7931.0,5.81027,2.499226,1,7930.41897302866,ENSG00000170836
ENSG00000184925,7932.0,5.807393,5.8039327,1,7931.4192606806755,ENSG00000184925
ENSG00000138757,7933.0,5.8070645,2.7695265,1,7932.419293522835,ENSG00000138757
ENSG00000116903,7934.0,5.8062468,0.8569261,1,7933.419375300407,ENSG00000116903
ENSG00000215251,7935.0,5.8055415,3.2520063,1,7934.419445872307,ENSG00000215251
ENSG00000230844,7936.0,5.8053126,3.4465735,1,7935.41946876049,ENSG00000230844
ENSG00000185920,7937.0,5.799161,3.38942,1,7936.420083880424,ENSG00000185920
ENSG00000180346,7938.0,5.798619,3.0530698,1,7937.420138120651,ENSG00000180346
ENSG00000100591,7939.0,5.7932386,9.227363,1,7938.420676112175,ENSG00000100591
ENSG00000154229,7940.0,5.792234,1.1986061,1,7939.420776605606,ENSG00000154229
ENSG00000251369,7941.0,5.7915525,3.4627323,1,7940.420844733715,ENSG00000251369
ENSG00000113272,7942.0,5.791378,3.5818057,1,7941.420862197876,ENSG00000113272
ENSG00000051825,7943.0,5.7905984,1.7514639,1,7942.420940160751,ENSG00000051825
ENSG00000158792,7944.0,5.788051,2.560004,1,7943.421194911003,ENSG00000158792
ENSG00000102606,7945.0,5.787612,1.8502417,1,7944.421238780022,ENSG00000102606
ENSG00000071539,7946.0,5.786498,4.6662817,1,7945.421350181103,ENSG00000071539
ENSG00000015568,7947.0,5.7844872,2.1760228,1,7946.421551287174,ENSG00000015568
ENSG00000141579,7948.0,5.7844777,8.601924,1,7947.421552240848,ENSG00000141579
ENSG00000165424,7949.0,5.7841063,2.3494916,1,7948.421589374542,ENSG00000165424
ENSG00000262454,7950.0,5.7814565,2.813227,1,7949.421854376793,ENSG00000262454
ENSG00000197037,7951.0,5.781272,1.7660053,1,7950.421872794628,ENSG00000197037
ENSG00000162227,7952.0,5.778975,2.9380655,1,7951.422102510929,ENSG00000162227
ENSG00000249673,7953.0,5.7783604,1.348607,1,7952.422163963318,ENSG00000249673
ENSG00000241343,7954.0,5.7720356,48.340904,1,7953.422796428204,RPL36A
ENSG00000185220,7955.0,5.769414,2.6178012,1,7954.423058629036,ENSG00000185220
ENSG00000158882,7956.0,5.7683687,0.8964281,1,7955.423163115978,ENSG00000158882
ENSG00000166450,7957.0,5.766744,4.8552847,1,7956.42332559824,ENSG00000166450
ENSG00000178381,7958.0,5.7640457,3.7371485,1,7957.423595428467,ENSG00000178381
ENSG00000122592,7959.0,5.764033,4.074626,1,7958.423596739769,ENSG00000122592
ENSG00000176208,7960.0,5.7635136,0.52478766,1,7959.423648655415,ENSG00000176208
ENSG00000292339,7961.0,5.759251,1.7298732,1,7960.424074888229,ENSG00000292339
ENSG00000243926,7962.0,5.7514315,1.6834558,1,7961.424856841564,ENSG00000243926
ENSG00000125999,7963.0,5.7504907,2.8442137,1,7962.424950957298,ENSG00000125999
ENSG00000178665,7964.0,5.748836,1.5222523,1,7963.425116419792,ENSG00000178665
ENSG00000198382,7965.0,5.7486486,1.6847395,1,7964.425135135651,ENSG00000198382
ENSG00000109756,7966.0,5.746204,3.0370684,1,7965.425379633903,ENSG00000109756
ENSG00000107338,7967.0,5.7459373,3.383527,1,7966.42540627718,ENSG00000107338
ENSG00000183718,7968.0,5.7453427,0.95254534,1,7967.425465703011,ENSG00000183718
ENSG00000168333,7969.0,5.7416296,10.245312,1,7968.4258370399475,PPDPFL
ENSG00000129194,7970.0,5.7412777,2.4088345,1,7969.425872206688,ENSG00000129194
ENSG00000012660,7971.0,5.7398005,5.388213,1,7970.426019966602,ENSG00000012660
ENSG00000112280,7972.0,5.738546,9.299575,1,7971.42614543438,ENSG00000112280
ENSG00000164251,7973.0,5.737989,3.509744,1,7972.426201105118,ENSG00000164251
ENSG00000130023,7974.0,5.7348056,2.3493805,1,7973.426519453525,ENSG00000130023
ENSG00000124067,7975.0,5.732157,3.7384048,1,7974.426784276962,ENSG00000124067
ENSG00000025434,7976.0,5.7314315,2.56318,1,7975.42685687542,ENSG00000025434
ENSG00000107815,7977.0,5.731231,4.87758,1,7976.42687690258,ENSG00000107815
ENSG00000247746,7978.0,5.726881,4.3563156,1,7977.427311897278,ENSG00000247746
ENSG00000184304,7979.0,5.725933,4.7452602,1,7978.427406668663,ENSG00000184304
ENSG00000110321,7980.0,5.72537,13.742014,1,7979.427462995052,ENSG00000110321
ENSG00000144802,7981.0,5.7253103,2.4935722,1,7980.427468955517,ENSG00000144802
ENSG00000146205,7982.0,5.7247896,5.790995,1,7981.427521049976,ENSG00000146205
ENSG00000140829,7983.0,5.7234535,2.3045268,1,7982.427654623985,ENSG00000140829
ENSG00000175376,7984.0,5.7221293,3.1204646,1,7983.427787065506,ENSG00000175376
ENSG00000176973,7985.0,5.7209935,1.1113256,1,7984.427900671959,ENSG00000176973
ENSG00000187140,7986.0,5.72014,10.149471,1,7985.42798602581,ENSG00000187140
ENSG00000113119,7987.0,5.7189736,3.2852123,1,7986.428102612495,ENSG00000113119
ENSG00000256771,7988.0,5.718081,1.4175069,1,7987.428191900253,ENSG00000256771
ENSG00000175467,7989.0,5.7177534,2.732873,1,7988.428224682808,ENSG00000175467
ENSG00000127585,7990.0,5.717251,2.3846037,1,7989.4282749295235,ENSG00000127585
ENSG00000161055,7991.0,5.7139893,6.4312043,1,7990.42860108614,SCGB3A1
ENSG00000109670,7992.0,5.7117243,1.3966775,1,7991.42882758379,ENSG00000109670
ENSG00000100285,7993.0,5.709955,6.40757,1,7992.429004490375,ENSG00000100285
ENSG00000124160,7994.0,5.708589,2.0086362,1,7993.429141104221,ENSG00000124160
ENSG00000162994,7995.0,5.7068214,4.251523,1,7994.429317831993,ENSG00000162994
ENSG00000188522,7996.0,5.7038083,1.974621,1,7995.429619193077,ENSG00000188522
ENSG00000247626,7997.0,5.703488,2.0691407,1,7996.429651200771,ENSG00000247626
ENSG00000162543,7998.0,5.699134,6.9468236,1,7997.430086612701,ENSG00000162543
ENSG00000135622,7999.0,5.699065,2.4007201,1,7998.430093467236,ENSG00000135622
ENSG00000198912,8000.0,5.698336,2.2053297,1,7999.430166363716,ENSG00000198912
ENSG00000115507,8001.0,5.6974745,11.535783,1,8000.430252552032,ENSG00000115507
ENSG00000188785,8002.0,5.697396,1.069681,1,8001.430260419846,ENSG00000188785
ENSG00000135119,8003.0,5.6961904,3.105917,1,8002.430380940437,ENSG00000135119
ENSG00000177963,8004.0,5.696123,3.6443086,1,8003.430387675762,ENSG00000177963
ENSG00000174788,8005.0,5.694198,4.7482853,1,8004.430580198765,ENSG00000174788
ENSG00000086848,8006.0,5.694193,4.9291773,1,8005.430580735207,ENSG00000086848
ENSG00000126233,8007.0,5.6937604,12.577314,1,8006.430623948574,SLURP1
ENSG00000132256,8008.0,5.693557,2.7476654,1,8007.430644333363,ENSG00000132256
ENSG00000106004,8009.0,5.691094,6.0052853,1,8008.430890619755,ENSG00000106004
ENSG00000124615,8010.0,5.690106,5.487961,1,8009.430989384651,ENSG00000124615
ENSG00000166716,8011.0,5.6894026,1.4327523,1,8010.431059718132,ENSG00000166716
ENSG00000151503,8012.0,5.6873727,2.1401086,1,8011.431262731552,ENSG00000151503
ENSG00000086589,8013.0,5.687153,2.1503265,1,8012.431284725666,ENSG00000086589
ENSG00000003509,8014.0,5.6871324,2.5135212,1,8013.431286752224,ENSG00000003509
ENSG00000130653,8015.0,5.686146,1.8359613,1,8014.431385397911,ENSG00000130653
ENSG00000141569,8016.0,5.6839232,0.8072598,1,8015.431607663631,ENSG00000141569
ENSG00000148331,8017.0,5.6831117,3.2497313,1,8016.431688845158,ENSG00000148331
ENSG00000103599,8018.0,5.6802325,7.3052263,1,8017.431976735592,ENSG00000103599
ENSG00000163898,8019.0,5.6799517,4.9848766,1,8018.43200480938,ENSG00000163898
ENSG00000163006,8020.0,5.678696,3.941715,1,8019.432130396366,ENSG00000163006
ENSG00000156876,8021.0,5.6760745,2.946725,1,8020.432392537594,ENSG00000156876
ENSG00000243477,8022.0,5.6744566,2.9046388,1,8021.432554364204,ENSG00000243477
ENSG00000172167,8023.0,5.67265,4.3919654,1,8022.432735025883,ENSG00000172167
ENSG00000234684,8024.0,5.669727,1.9336302,1,8023.433027327061,ENSG00000234684
ENSG00000197647,8025.0,5.668064,3.0359478,1,8024.433193564415,ENSG00000197647
ENSG00000164535,8026.0,5.6670775,2.1148636,1,8025.433292269707,ENSG00000164535
ENSG00000169247,8027.0,5.6663356,6.3336864,1,8026.433366417885,ENSG00000169247
ENSG00000161888,8028.0,5.6660047,2.023832,1,8027.433399558067,ENSG00000161888
ENSG00000085185,8029.0,5.6643877,3.1844838,1,8028.433561205864,ENSG00000085185
ENSG00000165417,8030.0,5.6624484,1.6009581,1,8029.433755159378,ENSG00000165417
ENSG00000150961,8031.0,5.66206,1.3537128,1,8030.433794021606,ENSG00000150961
ENSG00000184731,8032.0,5.661784,5.4550357,1,8031.433821558952,ENSG00000184731
ENSG00000125703,8033.0,5.661445,3.960569,1,8032.433855473995,ENSG00000125703
ENSG00000169410,8034.0,5.6609707,1.7119377,1,8033.433902919292,ENSG00000169410
ENSG00000188613,8035.0,5.6588097,5.020453,1,8034.434119045734,ENSG00000188613
ENSG00000164897,8036.0,5.657877,1.0358207,1,8035.4342123270035,ENSG00000164897
ENSG00000157557,8037.0,5.656911,1.4889938,1,8036.434308886528,ENSG00000157557
ENSG00000110367,8038.0,5.65514,3.673889,1,8037.434486031532,ENSG00000110367
ENSG00000106462,8039.0,5.654091,2.3449137,1,8038.434590935707,ENSG00000106462
ENSG00000169026,8040.0,5.6519337,2.472462,1,8039.434806644916,ENSG00000169026
ENSG00000087206,8041.0,5.651876,1.26304,1,8040.434812426567,ENSG00000087206
ENSG00000093144,8042.0,5.6468625,4.4274535,1,8041.435313761234,ENSG00000093144
ENSG00000164574,8043.0,5.64342,0.71547145,1,8042.435657978058,ENSG00000164574
ENSG00000126003,8044.0,5.642483,1.2502947,1,8043.435751676559,ENSG00000126003
ENSG00000231806,8045.0,5.637967,5.215869,1,8044.436203300953,ENSG00000231806
ENSG00000152439,8046.0,5.6370664,3.9915705,1,8045.436293363571,ENSG00000152439
ENSG00000182810,8047.0,5.6367626,3.0803087,1,8046.43632376194,ENSG00000182810
ENSG00000162062,8048.0,5.6305537,3.670697,1,8047.43694460392,ENSG00000162062
ENSG00000046774,8049.0,5.6292877,10.695707,1,8048.4370712041855,ENSG00000046774
ENSG00000160051,8050.0,5.625543,2.4174159,1,8049.437445700169,ENSG00000160051
ENSG00000105136,8051.0,5.6246486,3.9479866,1,8050.43753516674,ENSG00000105136
ENSG00000138439,8052.0,5.6197243,0.740334,1,8051.438027560711,ENSG00000138439
ENSG00000130024,8053.0,5.613464,0.6870254,1,8052.438653588295,ENSG00000130024
ENSG00000173950,8054.0,5.6129327,2.536308,1,8053.438706755638,ENSG00000173950
ENSG00000205078,8055.0,5.612117,2.02911,1,8054.438788294792,ENSG00000205078
ENSG00000167656,8056.0,5.610092,14.364006,1,8055.43899077177,LY6D
ENSG00000152455,8057.0,5.607768,3.039724,1,8056.43922317028,ENSG00000152455
ENSG00000151715,8058.0,5.607717,2.0854566,1,8057.43922829628,ENSG00000151715
ENSG00000174791,8059.0,5.605575,4.6119237,1,8058.439442515373,ENSG00000174791
ENSG00000233559,8060.0,5.603793,0.8637747,1,8059.439620673656,ENSG00000233559
ENSG00000021826,8061.0,5.6035724,7.2708745,1,8060.43964278698,ENSG00000021826
ENSG00000214954,8062.0,5.6032405,2.2212865,1,8061.439675927162,ENSG00000214954
ENSG00000131848,8063.0,5.602702,3.2735662,1,8062.439729809761,ENSG00000131848
ENSG00000124279,8064.0,5.6019263,3.5319471,1,8063.439807355404,ENSG00000124279
ENSG00000156050,8065.0,5.601777,2.6566572,1,8064.43982231617,ENSG00000156050
ENSG00000103066,8066.0,5.601033,3.743856,1,8065.439896702766,ENSG00000103066
ENSG00000197951,8067.0,5.5986943,2.648976,1,8066.440130591392,ENSG00000197951
ENSG00000187189,8068.0,5.5953794,1.8986613,1,8067.440462052822,ENSG00000187189
ENSG00000163389,8069.0,5.594054,2.368107,1,8068.440594553947,ENSG00000163389
ENSG00000179240,8070.0,5.591533,3.5933683,1,8069.440846681595,ENSG00000179240
ENSG00000011426,8071.0,5.5891356,4.2332253,1,8070.441086411476,ENSG00000011426
ENSG00000134574,8072.0,5.587422,2.699069,1,8071.441257834434,ENSG00000134574
ENSG00000063169,8073.0,5.5866537,2.9202843,1,8072.441334605217,ENSG00000063169
ENSG00000140299,8074.0,5.5863595,3.9774647,1,8073.441364049911,ENSG00000140299
ENSG00000132394,8075.0,5.5844293,2.7172017,1,8074.441557049751,ENSG00000132394
ENSG00000197937,8076.0,5.582271,1.6128253,1,8075.44177287817,ENSG00000197937
ENSG00000063761,8077.0,5.581872,3.9786718,1,8076.441812813282,ENSG00000063761
ENSG00000099992,8078.0,5.581859,2.8803024,1,8077.44181406498,ENSG00000099992
ENSG00000167693,8079.0,5.5799565,1.889782,1,8078.442004323006,ENSG00000167693
ENSG00000158089,8080.0,5.5795765,9.606744,1,8079.442042350769,ENSG00000158089
ENSG00000187792,8081.0,5.5791464,2.7055845,1,8080.442085385323,ENSG00000187792
ENSG00000176714,8082.0,5.5788007,5.289333,1,8081.442119956016,ENSG00000176714
ENSG00000154864,8083.0,5.578514,3.8736024,1,8082.442148566246,ENSG00000154864
ENSG00000132825,8084.0,5.576192,0.95824105,1,8083.442380785942,ENSG00000132825
ENSG00000165548,8085.0,5.574491,3.337174,1,8084.442550897598,ENSG00000165548
ENSG00000163795,8086.0,5.5731225,1.73322,1,8085.442687749863,ENSG00000163795
ENSG00000233527,8087.0,5.5705786,3.6084204,1,8086.442942142487,ENSG00000233527
ENSG00000164073,8088.0,5.568653,2.4511824,1,8087.443134665489,ENSG00000164073
ENSG00000224577,8089.0,5.564827,3.5737262,1,8088.443517327309,ENSG00000224577
ENSG00000185347,8090.0,5.5629525,2.1916068,1,8089.443704724312,ENSG00000185347
ENSG00000068650,8091.0,5.5612297,1.4104583,1,8090.44387704134,ENSG00000068650
ENSG00000197774,8092.0,5.558231,1.8722214,1,8091.444176912308,ENSG00000197774
ENSG00000153132,8093.0,5.55797,9.03577,1,8092.444203019142,ENSG00000153132
ENSG00000013503,8094.0,5.557664,3.4264977,1,8093.444233596325,ENSG00000013503
ENSG00000153786,8095.0,5.5557823,0.5258459,1,8094.4444217681885,ENSG00000153786
ENSG00000189369,8096.0,5.55515,1.3622327,1,8095.444485008717,ENSG00000189369
ENSG00000075702,8097.0,5.5498333,3.1730459,1,8096.445016682148,ENSG00000075702
ENSG00000179988,8098.0,5.5478225,3.7724745,1,8097.445217728615,ENSG00000179988
ENSG00000164291,8099.0,5.547299,2.9567788,1,8098.445270121098,ENSG00000164291
ENSG00000137857,8100.0,5.546927,2.218015,1,8099.445307314396,ENSG00000137857
ENSG00000204084,8101.0,5.5459843,1.2126728,1,8100.445401549339,ENSG00000204084
ENSG00000176715,8102.0,5.5451784,1.8644764,1,8101.445482134819,ENSG00000176715
ENSG00000153179,8103.0,5.5448685,2.4372458,1,8102.445513129234,ENSG00000153179
ENSG00000140830,8104.0,5.542049,2.1137745,1,8103.445795118809,ENSG00000140830
ENSG00000106686,8105.0,5.5394707,2.1720114,1,8104.446052908897,ENSG00000106686
ENSG00000198918,8106.0,5.5383573,88.09876,1,8105.446164250374,ENSG00000198918
ENSG00000178776,8107.0,5.538076,4.6312037,1,8106.446192383766,C5orf46
ENSG00000125812,8108.0,5.537836,3.0094106,1,8107.446216404438,ENSG00000125812
ENSG00000176204,8109.0,5.53659,3.3221405,1,8108.446340978146,ENSG00000176204
ENSG00000184368,8110.0,5.5354857,8.206439,1,8109.446451425552,ENSG00000184368
ENSG00000163220,8111.0,5.5337653,2.4978688,1,8110.446623444557,S100A9
ENSG00000168913,8112.0,5.529532,6.1730165,1,8111.447046816349,ENSG00000168913
ENSG00000188315,8113.0,5.529332,1.9168304,1,8112.447066783905,ENSG00000188315
ENSG00000068323,8114.0,5.524465,1.9886888,1,8113.447553515434,ENSG00000068323
ENSG00000084093,8115.0,5.5204425,1.9790622,1,8114.447955727577,ENSG00000084093
ENSG00000164031,8116.0,5.520231,0.9681178,1,8115.447976946831,ENSG00000164031
ENSG00000186111,8117.0,5.5186234,2.479512,1,8116.448137640953,ENSG00000186111
ENSG00000189064,8118.0,5.5177827,17.219604,1,8117.448221743107,GAGE2A
ENSG00000137842,8119.0,5.5151973,0.64577013,1,8118.448480248451,ENSG00000137842
ENSG00000158887,8120.0,5.5150557,6.5888824,1,8119.448494434357,ENSG00000158887
ENSG00000263002,8121.0,5.513303,2.4116135,1,8120.448669731617,ENSG00000263002
ENSG00000110218,8122.0,5.511426,2.3769162,1,8121.448857426643,ENSG00000110218
ENSG00000188910,8123.0,5.5095153,9.261437,1,8122.44904845953,ENSG00000188910
ENSG00000115520,8124.0,5.507971,3.5876677,1,8123.4492028951645,ENSG00000115520
ENSG00000178363,8125.0,5.5058794,12.177289,1,8124.449412047863,CALML3
ENSG00000152582,8126.0,5.49681,2.0503597,1,8125.450318992138,ENSG00000152582
ENSG00000179431,8127.0,5.4956694,3.0958683,1,8126.450433075428,ENSG00000179431
ENSG00000103496,8128.0,5.4944263,0.9585378,1,8127.450557351112,ENSG00000103496
ENSG00000152953,8129.0,5.49308,4.01355,1,8128.450691998005,ENSG00000152953
ENSG00000086827,8130.0,5.4905505,3.4870324,1,8129.450944960117,ENSG00000086827
ENSG00000188783,8131.0,5.489635,2.650929,1,8130.451036512852,ENSG00000188783
ENSG00000154813,8132.0,5.4849973,3.1419332,1,8131.451500296593,ENSG00000154813
ENSG00000214300,8133.0,5.4830728,2.7353463,1,8132.451692700386,ENSG00000214300
ENSG00000111199,8134.0,5.48223,4.49589,1,8133.451776981354,ENSG00000111199
ENSG00000161544,8135.0,5.4820013,5.560702,1,8134.451799869537,ENSG00000161544
ENSG00000068615,8136.0,5.481725,4.826449,1,8135.451827466488,ENSG00000068615
ENSG00000177283,8137.0,5.479649,4.194624,1,8136.452035069466,ENSG00000177283
ENSG00000163867,8138.0,5.475853,1.9477415,1,8137.452414691448,ENSG00000163867
ENSG00000178502,8139.0,5.4755635,3.2533548,1,8138.452443659306,ENSG00000178502
ENSG00000225791,8140.0,5.474718,4.4321933,1,8139.452528178692,ENSG00000225791
ENSG00000132204,8141.0,5.47203,9.665963,1,8140.45279699564,ENSG00000132204
ENSG00000132207,8142.0,5.4718423,2.0490084,1,8141.452815771103,ENSG00000132207
ENSG00000006837,8143.0,5.4688845,4.372878,1,8142.45311152935,ENSG00000006837
ENSG00000156689,8144.0,5.4659142,5.5065193,1,8143.4534085989,GLYATL2
ENSG00000077458,8145.0,5.4651566,2.0042446,1,8144.453484356403,ENSG00000077458
ENSG00000225518,8146.0,5.4625034,8.104408,1,8145.453749656677,ENSG00000225518
ENSG00000160145,8147.0,5.4624543,4.8333936,1,8146.453754544258,ENSG00000160145
ENSG00000095574,8148.0,5.4590626,0.96925765,1,8147.4540937542915,ENSG00000095574
ENSG00000179943,8149.0,5.456877,2.8472013,1,8148.454312264919,ENSG00000179943
ENSG00000256087,8150.0,5.4491534,3.5645797,1,8149.455084681511,ENSG00000256087
ENSG00000113966,8151.0,5.447996,3.8471735,1,8150.455200374126,ENSG00000113966
ENSG00000170276,8152.0,5.445258,7.0287976,1,8151.455474197864,ENSG00000170276
ENSG00000276043,8153.0,5.445082,6.1633635,1,8152.455491781235,ENSG00000276043
ENSG00000148672,8154.0,5.443132,1.8658422,1,8153.455686807632,ENSG00000148672
ENSG00000120675,8155.0,5.4414024,2.479847,1,8154.455859780312,ENSG00000120675
ENSG00000150093,8156.0,5.4400396,4.529117,1,8155.4559960365295,ENSG00000150093
ENSG00000139289,8157.0,5.4381504,5.979189,1,8156.456184983253,ENSG00000139289
ENSG00000170190,8158.0,5.428853,2.9008121,1,8157.457114696503,ENSG00000170190
ENSG00000181409,8159.0,5.428227,5.7684293,1,8158.45717728138,ENSG00000181409
ENSG00000213020,8160.0,5.426078,0.66768694,1,8159.457392215729,ENSG00000213020
ENSG00000185090,8161.0,5.4258447,1.1447614,1,8160.457415521145,ENSG00000185090
ENSG00000133985,8162.0,5.425096,1.5591786,1,8161.457490384579,ENSG00000133985
ENSG00000145794,8163.0,5.423674,7.154957,1,8162.457632601261,ENSG00000145794
ENSG00000171385,8164.0,5.422345,4.948303,1,8163.457765460014,ENSG00000171385
ENSG00000177606,8165.0,5.4201236,7.987068,1,8164.45798766613,JUN
ENSG00000162139,8166.0,5.41886,2.5947669,1,8165.458114027977,ENSG00000162139
ENSG00000120093,8167.0,5.4179025,2.6416755,1,8166.4582097530365,ENSG00000120093
ENSG00000173039,8168.0,5.414604,1.5338833,1,8167.458539605141,ENSG00000173039
ENSG00000167977,8169.0,5.4145207,1.9619055,1,8168.458547949791,ENSG00000167977
ENSG00000115318,8170.0,5.410718,6.319322,1,8169.458928227425,ENSG00000115318
ENSG00000172159,8171.0,5.4074965,4.33913,1,8170.459250330925,ENSG00000172159
ENSG00000101276,8172.0,5.401208,4.188649,1,8171.459879219532,ENSG00000101276
ENSG00000175213,8173.0,5.400964,2.870816,1,8172.459903597832,ENSG00000175213
ENSG00000144395,8174.0,5.3983517,2.7413907,1,8173.46016484499,ENSG00000144395
ENSG00000198355,8175.0,5.3979855,1.8675327,1,8174.460201442242,ENSG00000198355
ENSG00000181449,8176.0,5.3968964,8.455661,1,8175.460310339928,ENSG00000181449
ENSG00000166206,8177.0,5.3968077,5.029909,1,8176.46031922102,ENSG00000166206
ENSG00000148343,8178.0,5.394077,2.191015,1,8177.460592329502,ENSG00000148343
ENSG00000171291,8179.0,5.3847246,1.8037683,1,8178.461527526379,ENSG00000171291
ENSG00000146038,8180.0,5.3834214,4.2247815,1,8179.461657881737,ENSG00000146038
ENSG00000154832,8181.0,5.378944,2.8853333,1,8180.462105631828,ENSG00000154832
ENSG00000134240,8182.0,5.3783484,8.939236,1,8181.462165176868,HMGCS2
ENSG00000188878,8183.0,5.377003,2.1588814,1,8182.462299704552,ENSG00000188878
ENSG00000164576,8184.0,5.3725023,2.637223,1,8183.462749779224,ENSG00000164576
ENSG00000173276,8185.0,5.368224,1.8193902,1,8184.46317756176,ENSG00000173276
ENSG00000006534,8186.0,5.366431,2.4278245,1,8185.463356852531,ENSG00000006534
ENSG00000119866,8187.0,5.3642807,0.6819456,1,8186.46357190609,ENSG00000119866
ENSG00000085433,8188.0,5.3631477,2.0666294,1,8187.463685214519,ENSG00000085433
ENSG00000162437,8189.0,5.36262,3.8890479,1,8188.463738024235,ENSG00000162437
ENSG00000188322,8190.0,5.3625555,3.6599765,1,8189.463744461536,ENSG00000188322
ENSG00000278175,8191.0,5.362059,3.6534343,1,8190.463794112205,ENSG00000278175
ENSG00000108932,8192.0,5.358944,3.2403653,1,8191.464105606079,ENSG00000108932
ENSG00000184619,8193.0,5.35877,2.275099,1,8192.464123010635,ENSG00000184619
ENSG00000139946,8194.0,5.3579655,3.5345592,1,8193.464203476906,ENSG00000139946
ENSG00000163866,8195.0,5.352885,2.6210134,1,8194.464711546898,ENSG00000163866
ENSG00000234678,8196.0,5.352488,6.152201,1,8195.464751183987,ENSG00000234678
ENSG00000183826,8197.0,5.350717,1.8775593,1,8196.464928269386,ENSG00000183826
ENSG00000166741,8198.0,5.3486843,5.194233,1,8197.46513158083,NNMT
ENSG00000123268,8199.0,5.3473034,2.1511965,1,8198.465269684792,ENSG00000123268
ENSG00000196167,8200.0,5.3472495,2.8291147,1,8199.46527504921,ENSG00000196167
ENSG00000123191,8201.0,5.3469057,7.6641517,1,8200.46530944109,ENSG00000123191
ENSG00000129028,8202.0,5.3467374,4.4430017,1,8201.4653262496,ENSG00000129028
ENSG00000176018,8203.0,5.3460083,1.863706,1,8202.46539914608,ENSG00000176018
ENSG00000088726,8204.0,5.3456154,4.826898,1,8203.465438485146,ENSG00000088726
ENSG00000097046,8205.0,5.344971,2.5153813,1,8204.465502858162,ENSG00000097046
ENSG00000196967,8206.0,5.343916,1.4767029,1,8205.465608417988,ENSG00000196967
ENSG00000163618,8207.0,5.3431687,8.465652,1,8206.465683102608,ENSG00000163618
ENSG00000077454,8208.0,5.342466,1.1738334,1,8207.465753436089,ENSG00000077454
ENSG00000132970,8209.0,5.3393006,4.9172645,1,8208.466069936752,ENSG00000132970
ENSG00000105298,8210.0,5.336654,1.8430023,1,8209.466334581375,ENSG00000105298
ENSG00000114316,8211.0,5.334596,2.0221274,1,8210.466540396214,ENSG00000114316
ENSG00000184221,8212.0,5.334307,7.133724,1,8211.466569304466,ENSG00000184221
ENSG00000226746,8213.0,5.3340244,5.52496,1,8212.466597557068,ENSG00000226746
ENSG00000175390,8214.0,5.332805,19.39762,1,8213.466719508171,ENSG00000175390
ENSG00000121989,8215.0,5.3311443,2.620149,1,8214.466885566711,ENSG00000121989
ENSG00000221823,8216.0,5.330755,1.0050827,1,8215.466924488544,ENSG00000221823
ENSG00000197724,8217.0,5.3304,1.1408204,1,8216.466960012913,ENSG00000197724
ENSG00000107789,8218.0,5.3295736,2.8872437,1,8217.46704262495,ENSG00000107789
ENSG00000198746,8219.0,5.3251987,2.5704975,1,8218.467480123043,ENSG00000198746
ENSG00000100162,8220.0,5.3237405,1.7012712,1,8219.467625975609,ENSG00000100162
ENSG00000196584,8221.0,5.321903,0.5946758,1,8220.467809677124,ENSG00000196584
ENSG00000140522,8222.0,5.320173,9.341522,1,8221.467982709408,ENSG00000140522
ENSG00000204519,8223.0,5.318163,2.562558,1,8222.46818369627,ENSG00000204519
ENSG00000092140,8224.0,5.3145804,0.81189543,1,8223.46854197979,ENSG00000092140
ENSG00000115137,8225.0,5.3135324,2.5601754,1,8224.468646764755,ENSG00000115137
ENSG00000107130,8226.0,5.306981,3.5830042,1,8225.469301879406,ENSG00000107130
ENSG00000205808,8227.0,5.3033285,2.1672246,1,8226.46966713667,ENSG00000205808
ENSG00000130294,8228.0,5.303194,5.4776134,1,8227.469680607319,ENSG00000130294
ENSG00000260083,8229.0,5.3029003,1.945806,1,8228.469709992409,ENSG00000260083
ENSG00000168564,8230.0,5.3001432,2.7405605,1,8229.46998566389,ENSG00000168564
ENSG00000267368,8231.0,5.299667,3.6802633,1,8230.470033288002,ENSG00000267368
ENSG00000254402,8232.0,5.2972116,4.193396,1,8231.470278859138,ENSG00000254402
ENSG00000167797,8233.0,5.2966814,2.1201673,1,8232.470331847668,ENSG00000167797
ENSG00000162746,8234.0,5.2964425,3.2187378,1,8233.47035574913,ENSG00000162746
ENSG00000105397,8235.0,5.2948933,2.7771273,1,8234.470510661602,ENSG00000105397
ENSG00000100425,8236.0,5.2935085,0.6009147,1,8235.470649123192,ENSG00000100425
ENSG00000146066,8237.0,5.291751,6.5665665,1,8236.47082489729,ENSG00000146066
ENSG00000145431,8238.0,5.2903934,1.3930436,1,8237.47096067667,ENSG00000145431
ENSG00000177613,8239.0,5.288628,1.6708866,1,8238.471137166023,ENSG00000177613
ENSG00000180233,8240.0,5.2872996,1.593252,1,8239.471270024776,ENSG00000180233
ENSG00000180776,8241.0,5.2872453,1.8334068,1,8240.4712754488,ENSG00000180776
ENSG00000168993,8242.0,5.2808676,1.7775623,1,8241.471913218498,ENSG00000168993
ENSG00000221916,8243.0,5.279397,4.1602564,1,8242.472060322762,ENSG00000221916
ENSG00000204611,8244.0,5.2780786,1.7167106,1,8243.472192168236,ENSG00000204611
ENSG00000168411,8245.0,5.277224,3.002547,1,8244.472277581692,ENSG00000168411
ENSG00000198807,8246.0,5.2771244,7.732679,1,8245.472287535667,ENSG00000198807
ENSG00000167173,8247.0,5.275275,2.122877,1,8246.47247248888,ENSG00000167173
ENSG00000185019,8248.0,5.2752156,3.0954635,1,8247.472478449345,ENSG00000185019
ENSG00000242114,8249.0,5.2733655,2.657234,1,8248.472663462162,ENSG00000242114
ENSG00000143469,8250.0,5.2683477,9.417189,1,8249.473165214062,ENSG00000143469
ENSG00000198046,8251.0,5.263783,3.8512158,1,8250.473621726036,ENSG00000198046
ENSG00000213397,8252.0,5.2632895,4.075498,1,8251.473671078682,ENSG00000213397
ENSG00000229140,8253.0,5.260912,3.8678923,1,8252.473908782005,ENSG00000229140
ENSG00000103647,8254.0,5.2602444,7.1629853,1,8253.473975539207,ENSG00000103647
ENSG00000198743,8255.0,5.2593117,2.7347136,1,8254.474068820477,ENSG00000198743
ENSG00000224184,8256.0,5.257411,17.279604,1,8255.474258899689,ENSG00000224184
ENSG00000155330,8257.0,5.2545323,1.7035638,1,8256.474546790123,ENSG00000155330
ENSG00000292327,8258.0,5.2543635,2.894869,1,8257.474563658237,ENSG00000292327
ENSG00000189157,8259.0,5.2542787,4.385169,1,8258.474572122097,ENSG00000189157
ENSG00000178338,8260.0,5.253547,2.3815854,1,8259.474645256996,ENSG00000178338
ENSG00000266964,8261.0,5.252751,1.1672523,1,8260.474724888802,ENSG00000266964
ENSG00000032444,8262.0,5.252298,2.0612068,1,8261.474770188332,ENSG00000032444
ENSG00000125246,8263.0,5.251825,3.3338282,1,8262.47481751442,ENSG00000125246
ENSG00000136982,8264.0,5.2513895,4.836249,1,8263.47486102581,ENSG00000136982
ENSG00000169564,8265.0,5.2500257,6.166466,1,8264.474997401237,ENSG00000169564
ENSG00000129151,8266.0,5.248051,7.6334295,1,8265.475194871426,BBOX1
ENSG00000224531,8267.0,5.247633,2.2085996,1,8266.475236713886,ENSG00000224531
ENSG00000143556,8268.0,5.2457557,14.939625,1,8267.475424408913,S100A7
ENSG00000130590,8269.0,5.2426934,1.1910609,1,8268.475730657578,ENSG00000130590
ENSG00000180376,8270.0,5.238982,2.319789,1,8269.476101756096,ENSG00000180376
ENSG00000101311,8271.0,5.2335124,6.4288154,1,8270.476648747921,ENSG00000101311
ENSG00000270069,8272.0,5.2334294,5.2172318,1,8271.476657032967,ENSG00000270069
ENSG00000160401,8273.0,5.2317696,4.676581,1,8272.476823031902,ENSG00000160401
ENSG00000099904,8274.0,5.2304773,2.2279642,1,8273.476952254772,ENSG00000099904
ENSG00000197168,8275.0,5.2293754,0.5427799,1,8274.47706246376,ENSG00000197168
ENSG00000182544,8276.0,5.2278404,3.1472728,1,8275.47721594572,ENSG00000182544
ENSG00000178301,8277.0,5.2254577,3.8820162,1,8276.47745424509,ENSG00000178301
ENSG00000204152,8278.0,5.218603,1.9357127,1,8277.478139698505,ENSG00000204152
ENSG00000256628,8279.0,5.2152486,2.236145,1,8278.478475153446,ENSG00000256628
ENSG00000095203,8280.0,5.2131534,6.3359585,1,8279.478684663773,ENSG00000095203
ENSG00000249614,8281.0,5.2130103,4.693602,1,8280.478698968887,ENSG00000249614
ENSG00000166106,8282.0,5.2109804,4.477535,1,8281.478901982307,ENSG00000166106
ENSG00000062650,8283.0,5.2103786,0.9081874,1,8282.478962123394,ENSG00000062650
ENSG00000152422,8284.0,5.209495,3.0764627,1,8283.479050517082,ENSG00000152422
ENSG00000239445,8285.0,5.2077537,8.382566,1,8284.47922462225,ENSG00000239445
ENSG00000113615,8286.0,5.206251,2.296927,1,8285.479374885559,ENSG00000113615
ENSG00000163013,8287.0,5.2043138,1.1585077,1,8286.479568600655,ENSG00000163013
ENSG00000167670,8288.0,5.2042294,1.8548931,1,8287.479577064514,ENSG00000167670
ENSG00000213213,8289.0,5.203785,5.8853097,1,8288.47962152958,ENSG00000213213
ENSG00000137502,8290.0,5.2024307,1.186981,1,8289.479756951332,ENSG00000137502
ENSG00000120029,8291.0,5.2021194,1.6476879,1,8290.479788064957,ENSG00000120029
ENSG00000151470,8292.0,5.1989956,2.6139102,1,8291.4801004529,ENSG00000151470
ENSG00000136237,8293.0,5.198972,2.8594363,1,8292.480102777481,ENSG00000136237
ENSG00000132554,8294.0,5.1873116,5.4806542,1,8293.481268823147,ENSG00000132554
ENSG00000260423,8295.0,5.1872683,11.125848,1,8294.481273174286,ENSG00000260423
ENSG00000120647,8296.0,5.185435,2.7266297,1,8295.481456518173,ENSG00000120647
ENSG00000126215,8297.0,5.185393,2.2538037,1,8296.481460690498,ENSG00000126215
ENSG00000258366,8298.0,5.184616,3.0039177,1,8297.481538414955,ENSG00000258366
ENSG00000170145,8299.0,5.183217,1.7801973,1,8298.481678307056,ENSG00000170145
ENSG00000153767,8300.0,5.1809106,1.5654107,1,8299.481908917427,ENSG00000153767
ENSG00000162298,8301.0,5.1769733,0.89422613,1,8300.48230266571,ENSG00000162298
ENSG00000196605,8302.0,5.1734767,2.6330872,1,8301.482652306557,ENSG00000196605
ENSG00000164638,8303.0,5.173395,2.9481444,1,8302.482660472393,ENSG00000164638
ENSG00000132681,8304.0,5.1723423,3.176621,1,8303.4827657938,ENSG00000132681
ENSG00000223802,8305.0,5.172053,8.494887,1,8304.482794702053,ENSG00000223802
ENSG00000099364,8306.0,5.168966,2.7634327,1,8305.483103394508,ENSG00000099364
ENSG00000122966,8307.0,5.1689405,3.6657686,1,8306.483105957508,ENSG00000122966
ENSG00000135365,8308.0,5.1632223,1.6696382,1,8307.483677744865,ENSG00000135365
ENSG00000141034,8309.0,5.1620936,2.3011312,1,8308.483790636063,ENSG00000141034
ENSG00000185453,8310.0,5.1592484,2.621398,1,8309.484075188637,ENSG00000185453
ENSG00000101624,8311.0,5.1591363,2.9278183,1,8310.48408639431,ENSG00000101624
ENSG00000100749,8312.0,5.1559443,2.291629,1,8311.484405577183,ENSG00000100749
ENSG00000167034,8313.0,5.1547704,4.180855,1,8312.484522938728,ENSG00000167034
ENSG00000006071,8314.0,5.154701,9.190173,1,8313.484529852867,ENSG00000006071
ENSG00000165084,8315.0,5.151119,3.8860674,1,8314.484888076782,ENSG00000165084
ENSG00000068354,8316.0,5.1501384,1.4457772,1,8315.484986186028,ENSG00000068354
ENSG00000158296,8317.0,5.1489882,8.348531,1,8316.485101163387,ENSG00000158296
ENSG00000116213,8318.0,5.146655,2.8391712,1,8317.485334515572,ENSG00000116213
ENSG00000054611,8319.0,5.1465936,1.0586218,1,8318.48534065485,ENSG00000054611
ENSG00000129696,8320.0,5.1452365,1.9306012,1,8319.485476374626,ENSG00000129696
ENSG00000262468,8321.0,5.1427474,3.1050384,1,8320.485725283623,ENSG00000262468
ENSG00000235947,8322.0,5.1420817,2.4431388,1,8321.485791802406,ENSG00000235947
ENSG00000169246,8323.0,5.139337,2.2949235,1,8322.486066281796,ENSG00000169246
ENSG00000179588,8324.0,5.1389866,3.6857042,1,8323.486101329327,ENSG00000179588
ENSG00000169169,8325.0,5.1354284,4.569126,1,8324.486457169056,ENSG00000169169
ENSG00000221883,8326.0,5.133479,1.0714442,1,8325.486652076244,ENSG00000221883
ENSG00000184384,8327.0,5.132067,0.95710856,1,8326.486793279648,ENSG00000184384
ENSG00000169436,8328.0,5.130246,10.1734295,1,8327.486975371838,ENSG00000169436
ENSG00000157193,8329.0,5.128541,1.9787706,1,8328.487145900726,ENSG00000157193
ENSG00000128487,8330.0,5.1268706,2.9921408,1,8329.487312912941,ENSG00000128487
ENSG00000214128,8331.0,5.126759,1.2909149,1,8330.487324118614,ENSG00000214128
ENSG00000102984,8332.0,5.120129,1.4252493,1,8331.487987101078,ENSG00000102984
ENSG00000162004,8333.0,5.118984,3.8565533,1,8332.4881016016,ENSG00000162004
ENSG00000082269,8334.0,5.118154,1.9153792,1,8333.488184571266,ENSG00000082269
ENSG00000159212,8335.0,5.1173854,4.444883,1,8334.488261461258,ENSG00000159212
ENSG00000176563,8336.0,5.117379,2.4776943,1,8335.488262057304,ENSG00000176563
ENSG00000137872,8337.0,5.115816,7.1982155,1,8336.488418400288,ENSG00000137872
ENSG00000114541,8338.0,5.1146894,3.2036786,1,8337.488531053066,ENSG00000114541
ENSG00000187889,8339.0,5.113551,6.6719656,1,8338.488644897938,ENSG00000187889
ENSG00000197933,8340.0,5.11322,4.5750685,1,8339.488677978516,ENSG00000197933
ENSG00000142556,8341.0,5.111572,1.8762065,1,8340.488842844963,ENSG00000142556
ENSG00000149503,8342.0,5.1109214,3.5475428,1,8341.48890787363,ENSG00000149503
ENSG00000258388,8343.0,5.1101522,5.2249684,1,8342.488984763622,ENSG00000258388
ENSG00000185043,8344.0,5.1060934,1.7250792,1,8343.489390671253,ENSG00000185043
ENSG00000142920,8345.0,5.097521,3.6430404,1,8344.490247905254,ENSG00000142920
ENSG00000019102,8346.0,5.096693,5.7278075,1,8345.490330696106,ENSG00000019102
ENSG00000180626,8347.0,5.090039,2.1810482,1,8346.49099612236,ENSG00000180626
ENSG00000159217,8348.0,5.08961,9.281948,1,8347.4910389781,ENSG00000159217
ENSG00000162396,8349.0,5.086227,5.6113386,1,8348.491377294064,ENSG00000162396
ENSG00000187583,8350.0,5.085087,1.9198285,1,8349.491491317749,ENSG00000187583
ENSG00000233008,8351.0,5.0837984,7.381488,1,8350.491620182991,ENSG00000233008
ENSG00000170100,8352.0,5.082631,2.7354016,1,8351.491736888885,ENSG00000170100
ENSG00000197728,8353.0,5.081862,23.05289,1,8352.491813778877,ENSG00000197728
ENSG00000245573,8354.0,5.081368,2.7007961,1,8353.491863191128,ENSG00000245573
ENSG00000156042,8355.0,5.080145,4.309464,1,8354.491985499859,ENSG00000156042
ENSG00000130544,8356.0,5.0766873,0.5900655,1,8355.492331266403,ENSG00000130544
ENSG00000117525,8357.0,5.073776,4.1629286,1,8356.492622435093,ENSG00000117525
ENSG00000040531,8358.0,5.0715804,3.1175766,1,8357.492841959,ENSG00000040531
ENSG00000167995,8359.0,5.070892,3.9973302,1,8358.492910802364,ENSG00000167995
ENSG00000181027,8360.0,5.070246,3.246317,1,8359.492975354195,ENSG00000181027
ENSG00000156463,8361.0,5.0667887,4.924709,1,8360.493321120739,ENSG00000156463
ENSG00000198681,8362.0,5.063963,13.899579,1,8361.49360370636,ENSG00000198681
ENSG00000101198,8363.0,5.0619307,10.715882,1,8362.493806958199,ENSG00000101198
ENSG00000156298,8364.0,5.056089,6.6677823,1,8363.494391083717,ENSG00000156298
ENSG00000105997,8365.0,5.055721,4.3105755,1,8364.494427919388,ENSG00000105997
ENSG00000161618,8366.0,5.0555625,2.6002796,1,8365.494443774223,ENSG00000161618
ENSG00000073921,8367.0,5.055045,1.56521,1,8366.494495511055,ENSG00000073921
ENSG00000250127,8368.0,5.049671,2.8749654,1,8367.495032906532,ENSG00000250127
ENSG00000176402,8369.0,5.048491,8.774998,1,8368.495150923729,ENSG00000176402
ENSG00000205559,8370.0,5.045829,3.2860384,1,8369.495417118073,ENSG00000205559
ENSG00000115257,8371.0,5.0441947,5.743455,1,8370.495580554008,ENSG00000115257
ENSG00000137814,8372.0,5.043177,2.0959203,1,8371.495682299137,ENSG00000137814
ENSG00000008382,8373.0,5.04295,2.775473,1,8372.495705008507,ENSG00000008382
ENSG00000140538,8374.0,5.0413613,6.131094,1,8373.495863854885,ENSG00000140538
ENSG00000182986,8375.0,5.0412292,2.5239,1,8374.495877087116,ENSG00000182986
ENSG00000185339,8376.0,5.03925,3.6501622,1,8375.496075034142,ENSG00000185339
ENSG00000143106,8377.0,5.039136,5.867455,1,8376.496086418629,ENSG00000143106
ENSG00000121671,8378.0,5.037823,1.8487682,1,8377.496217668056,ENSG00000121671
ENSG00000172687,8379.0,5.037206,0.95921147,1,8378.496279358864,ENSG00000172687
ENSG00000196182,8380.0,5.036482,1.0689676,1,8379.496351838112,ENSG00000196182
ENSG00000168026,8381.0,5.03559,2.6486495,1,8380.49644100666,ENSG00000168026
ENSG00000109680,8382.0,5.035461,2.5219316,1,8381.496453881264,ENSG00000109680
ENSG00000242802,8383.0,5.034897,2.6505845,1,8382.496510326862,ENSG00000242802
ENSG00000158163,8384.0,5.034549,5.7754817,1,8383.49654507637,ENSG00000158163
ENSG00000130956,8385.0,5.0344768,2.2704391,1,8384.496552348137,ENSG00000130956
ENSG00000235961,8386.0,5.0319486,6.161829,1,8385.496805131435,ENSG00000235961
ENSG00000125864,8387.0,5.0300803,7.206748,1,8386.496991991997,ENSG00000125864
ENSG00000104313,8388.0,5.0276484,9.388979,1,8387.497235178947,ENSG00000104313
ENSG00000011201,8389.0,5.0258718,2.2433074,1,8388.497412800789,ENSG00000011201
ENSG00000108511,8390.0,5.025251,4.8456335,1,8389.497474908829,ENSG00000108511
ENSG00000010704,8391.0,5.02517,3.48279,1,8390.49748301506,ENSG00000010704
ENSG00000151365,8392.0,5.0247517,9.441487,1,8391.497524857521,THRSP
ENSG00000127415,8393.0,5.0242214,1.6672734,1,8392.49757784605,ENSG00000127415
ENSG00000221890,8394.0,5.02327,1.4839376,1,8393.497672975063,ENSG00000221890
ENSG00000267858,8395.0,5.0232353,2.5403836,1,8394.497676491737,ENSG00000267858
ENSG00000073910,8396.0,5.020199,1.3574365,1,8395.497980117798,ENSG00000073910
ENSG00000175879,8397.0,5.0195208,3.7957578,1,8396.498047947884,ENSG00000175879
ENSG00000066185,8398.0,5.0189734,8.336407,1,8397.498102664948,ENSG00000066185
ENSG00000006451,8399.0,5.0177603,3.636277,1,8398.4982239604,ENSG00000006451
ENSG00000015153,8400.0,5.01736,1.35429,1,8399.498263955116,ENSG00000015153
ENSG00000170092,8401.0,5.016686,0.8724017,1,8400.498331427574,ENSG00000170092
ENSG00000127191,8402.0,5.0146866,1.3841078,1,8401.498531341553,ENSG00000127191
ENSG00000197128,8403.0,5.0136857,3.6421742,1,8402.498631417751,ENSG00000197128
ENSG00000237330,8404.0,5.012222,7.9968443,1,8403.498777806759,ENSG00000237330
ENSG00000135597,8405.0,5.0103464,2.3536687,1,8404.498965382576,ENSG00000135597
ENSG00000162927,8406.0,5.0101185,2.4519806,1,8405.49898815155,ENSG00000162927
ENSG00000228889,8407.0,5.0095096,3.9665246,1,8406.499049067497,ENSG00000228889
ENSG00000196081,8408.0,5.0090995,2.6832333,1,8407.499090075493,ENSG00000196081
ENSG00000145349,8409.0,5.0085,1.512707,1,8408.49914997816,ENSG00000145349
ENSG00000145020,8410.0,5.0082006,3.0696976,1,8409.499179959297,ENSG00000145020
ENSG00000165684,8411.0,5.003602,2.290628,1,8410.499639809132,ENSG00000165684
ENSG00000147536,8412.0,5.0033035,1.7841439,1,8411.499669671059,ENSG00000147536
ENSG00000102543,8413.0,5.002727,2.1727808,1,8412.49972730875,ENSG00000102543
ENSG00000164406,8414.0,5.000992,4.817257,1,8413.499900817871,ENSG00000164406
ENSG00000250479,8415.0,4.9986153,2.2091594,1,8414.50013846159,ENSG00000250479
ENSG00000166881,8416.0,4.997589,2.804222,1,8415.500241100788,ENSG00000166881
ENSG00000109819,8417.0,4.99449,11.332435,1,8416.500550985336,ENSG00000109819
ENSG00000068024,8418.0,4.9903827,1.4227865,1,8417.500961720943,ENSG00000068024
ENSG00000112319,8419.0,4.9868283,7.288323,1,8418.501317173243,ENSG00000112319
ENSG00000079156,8420.0,4.9865413,4.476496,1,8419.501345872879,ENSG00000079156
ENSG00000151117,8421.0,4.9857564,2.414607,1,8420.501424372196,ENSG00000151117
ENSG00000153246,8422.0,4.981911,2.2724814,1,8421.50180888176,ENSG00000153246
ENSG00000256806,8423.0,4.9797974,3.9019017,1,8422.502020269632,ENSG00000256806
ENSG00000132330,8424.0,4.9732437,2.563704,1,8423.502675622702,ENSG00000132330
ENSG00000146426,8425.0,4.972779,2.595468,1,8424.502722114325,ENSG00000146426
ENSG00000005812,8426.0,4.97154,1.236582,1,8425.502846002579,ENSG00000005812
ENSG00000160799,8427.0,4.9708157,2.3530211,1,8426.502918422222,ENSG00000160799
ENSG00000138286,8428.0,4.9706383,2.2124465,1,8427.502936184406,ENSG00000138286
ENSG00000121769,8429.0,4.969274,4.779363,1,8428.503072589636,ENSG00000121769
ENSG00000026559,8430.0,4.968582,6.0857444,1,8429.503141790628,ENSG00000026559
ENSG00000178460,8431.0,4.9661627,3.4130032,1,8430.503383725882,ENSG00000178460
ENSG00000116035,8432.0,4.964469,5.2700667,1,8431.50355309248,ENSG00000116035
ENSG00000127993,8433.0,4.962195,2.7150962,1,8432.503780514002,ENSG00000127993
ENSG00000198794,8434.0,4.96123,2.0209973,1,8433.503877013922,ENSG00000198794
ENSG00000129810,8435.0,4.960429,2.2829287,1,8434.503957092762,ENSG00000129810
ENSG00000256223,8436.0,4.958416,1.0246497,1,8435.50415840745,ENSG00000256223
ENSG00000174106,8437.0,4.95806,1.3452184,1,8436.504194021225,ENSG00000174106
ENSG00000033327,8438.0,4.9545507,6.611738,1,8437.504544913769,ENSG00000033327
ENSG00000105640,8439.0,4.9509115,99.01034,1,8438.50490885973,ENSG00000105640
ENSG00000167302,8440.0,4.9495883,1.982325,1,8439.505041182041,ENSG00000167302
ENSG00000126709,8441.0,4.9458704,36.685455,1,8440.505412966013,IFI6
ENSG00000281398,8442.0,4.9457803,3.48599,1,8441.505421966314,ENSG00000281398
ENSG00000176695,8443.0,4.944715,3.2929657,1,8442.505528509617,ENSG00000176695
ENSG00000185963,8444.0,4.944074,1.4894549,1,8443.50559258461,ENSG00000185963
ENSG00000075891,8445.0,4.939469,9.229769,1,8444.506053119898,ENSG00000075891
ENSG00000119682,8446.0,4.9322624,2.064695,1,8445.506773769855,ENSG00000119682
ENSG00000111247,8447.0,4.929731,3.2842956,1,8446.507026910782,ENSG00000111247
ENSG00000132840,8448.0,4.9292326,0.9572734,1,8447.507076740265,ENSG00000132840
ENSG00000231889,8449.0,4.926536,2.4964225,1,8448.507346391678,ENSG00000231889
ENSG00000056736,8450.0,4.9243946,3.2795014,1,8449.507560551167,ENSG00000056736
ENSG00000020129,8451.0,4.9242115,1.0898899,1,8450.507578849792,ENSG00000020129
ENSG00000196646,8452.0,4.9217343,1.750036,1,8451.507826566696,ENSG00000196646
ENSG00000198064,8453.0,4.9186573,2.3837032,1,8452.508134275675,ENSG00000198064
ENSG00000184047,8454.0,4.9166636,6.2915435,1,8453.50833362341,ENSG00000184047
ENSG00000173809,8455.0,4.9154305,5.284096,1,8454.50845694542,ENSG00000173809
ENSG00000226686,8456.0,4.9149284,5.4336863,1,8455.508507162333,ENSG00000226686
ENSG00000239213,8457.0,4.9147644,1.5693333,1,8456.50852355361,ENSG00000239213
ENSG00000198346,8458.0,4.913035,1.6565557,1,8457.508696496487,ENSG00000198346
ENSG00000133056,8459.0,4.9127545,0.90490264,1,8458.508724540472,ENSG00000133056
ENSG00000107938,8460.0,4.9121985,1.6666293,1,8459.508780151606,ENSG00000107938
ENSG00000258644,8461.0,4.911887,4.2619863,1,8460.508811295033,ENSG00000258644
ENSG00000228109,8462.0,4.908358,3.790197,1,8461.509164184332,ENSG00000228109
ENSG00000121440,8463.0,4.907632,6.8021603,1,8462.509236812592,ENSG00000121440
ENSG00000284770,8464.0,4.907402,4.739755,1,8463.509259790182,ENSG00000284770
ENSG00000186193,8465.0,4.905424,1.73229,1,8464.509457588196,ENSG00000186193
ENSG00000169085,8466.0,4.9050317,9.324983,1,8465.509496837854,ENSG00000169085
ENSG00000165115,8467.0,4.9033504,3.0881226,1,8466.509664952755,ENSG00000165115
ENSG00000168228,8468.0,4.899354,1.800836,1,8467.510064601898,ENSG00000168228
ENSG00000188185,8469.0,4.898934,3.0805757,1,8468.510106623173,ENSG00000188185
ENSG00000050344,8470.0,4.898763,2.4898062,1,8469.510123670101,ENSG00000050344
ENSG00000120054,8471.0,4.897972,10.521702,1,8470.510202795267,ENSG00000120054
ENSG00000071994,8472.0,4.8976483,2.6217055,1,8471.51023516059,ENSG00000071994
ENSG00000070423,8473.0,4.893135,1.5488126,1,8472.51068648696,ENSG00000070423
ENSG00000160563,8474.0,4.8900747,2.3957381,1,8473.510992527008,ENSG00000160563
ENSG00000167447,8475.0,4.8894916,3.375037,1,8474.511050850153,ENSG00000167447
ENSG00000175745,8476.0,4.8889804,3.3954594,1,8475.511101961136,ENSG00000175745
ENSG00000243955,8477.0,4.888329,3.2790267,1,8476.511167109013,GSTA1
ENSG00000174032,8478.0,4.885104,2.536374,1,8477.51148957014,ENSG00000174032
ENSG00000107140,8479.0,4.8844514,1.4043412,1,8478.51155486703,ENSG00000107140
ENSG00000175106,8480.0,4.8817883,0.7919366,1,8479.511821180582,ENSG00000175106
ENSG00000164087,8481.0,4.8794875,3.4893038,1,8480.51205125451,ENSG00000164087
ENSG00000173320,8482.0,4.878103,4.349537,1,8481.5121897161,ENSG00000173320
ENSG00000167767,8483.0,4.8777876,3.193462,1,8482.512221246958,ENSG00000167767
ENSG00000031691,8484.0,4.877694,3.7462454,1,8483.512230575085,ENSG00000031691
ENSG00000146197,8485.0,4.877232,3.413516,1,8484.512276798487,ENSG00000146197
ENSG00000197016,8486.0,4.876147,3.2726834,1,8485.512385308743,ENSG00000197016
ENSG00000103047,8487.0,4.875803,1.6760116,1,8486.512419700623,ENSG00000103047
ENSG00000260442,8488.0,4.873047,3.7709858,1,8487.5126953125,ENSG00000260442
ENSG00000161298,8489.0,4.8730016,2.2085304,1,8488.512699842453,ENSG00000161298
ENSG00000129167,8490.0,4.8721085,4.1658754,1,8489.512789160013,ENSG00000129167
ENSG00000164776,8491.0,4.8705783,2.422377,1,8490.512942165136,ENSG00000164776
ENSG00000132359,8492.0,4.8699594,0.8789679,1,8491.51300406456,ENSG00000132359
ENSG00000065802,8493.0,4.8692226,1.7217268,1,8492.5130777359,ENSG00000065802
ENSG00000137709,8494.0,4.8689613,3.128452,1,8493.513103872538,ENSG00000137709
ENSG00000253522,8495.0,4.8678308,4.9551926,1,8494.513216912746,ENSG00000253522
ENSG00000203943,8496.0,4.866694,8.7166605,1,8495.513330608606,ENSG00000203943
ENSG00000113327,8497.0,4.8661747,3.0496902,1,8496.513382524252,ENSG00000113327
ENSG00000119414,8498.0,4.8661504,1.9939952,1,8497.513384968042,ENSG00000119414
ENSG00000143452,8499.0,4.8653464,11.077659,1,8498.513465344906,ENSG00000143452
ENSG00000185869,8500.0,4.8651714,1.5655565,1,8499.513482868671,ENSG00000185869
ENSG00000162373,8501.0,4.865166,3.0082755,1,8500.51348337531,ENSG00000162373
ENSG00000153975,8502.0,4.860566,2.0015996,1,8501.513943374157,ENSG00000153975
ENSG00000151233,8503.0,4.8595657,1.5961167,1,8502.514043420553,ENSG00000151233
ENSG00000172939,8504.0,4.8593307,1.5006146,1,8503.514066934586,ENSG00000172939
ENSG00000070961,8505.0,4.858505,2.6789546,1,8504.51414951682,ENSG00000070961
ENSG00000106714,8506.0,4.8578467,3.2585065,1,8505.514215320349,ENSG00000106714
ENSG00000107554,8507.0,4.8561473,4.346075,1,8506.514385282993,ENSG00000107554
ENSG00000132141,8508.0,4.8542204,2.9388385,1,8507.514577955008,ENSG00000132141
ENSG00000100033,8509.0,4.8538575,7.15194,1,8508.514614254236,PRODH
ENSG00000188596,8510.0,4.853291,2.9289966,1,8509.514670908451,ENSG00000188596
ENSG00000213694,8511.0,4.8532295,2.1746743,1,8510.51467704773,ENSG00000213694
ENSG00000147257,8512.0,4.8510795,7.514429,1,8511.514892041683,ENSG00000147257
ENSG00000116704,8513.0,4.8490243,1.9864875,1,8512.515097558498,ENSG00000116704
ENSG00000196116,8514.0,4.84859,4.511472,1,8513.515141010284,ENSG00000196116
ENSG00000135451,8515.0,4.8484607,3.1214645,1,8514.515153944492,ENSG00000135451
ENSG00000100744,8516.0,4.8458395,1.9419736,1,8515.515416055918,ENSG00000100744
ENSG00000198054,8517.0,4.8446817,13.411413,1,8516.51553183794,ENSG00000198054
ENSG00000134780,8518.0,4.843593,3.3758128,1,8517.515640676022,ENSG00000134780
ENSG00000079387,8519.0,4.8406367,1.1059878,1,8518.51593631506,ENSG00000079387
ENSG00000189114,8520.0,4.840075,1.7565359,1,8519.515992492437,ENSG00000189114
ENSG00000171357,8521.0,4.837296,5.9755597,1,8520.516270399094,ENSG00000171357
ENSG00000167394,8522.0,4.836269,2.3417332,1,8521.516373097897,ENSG00000167394
ENSG00000181894,8523.0,4.833933,1.1342572,1,8522.516606718302,ENSG00000181894
ENSG00000109738,8524.0,4.8337216,5.3402734,1,8523.516627848148,ENSG00000109738
ENSG00000163026,8525.0,4.8324513,3.8069887,1,8524.516754865646,ENSG00000163026
ENSG00000226688,8526.0,4.831359,2.2847435,1,8525.51686412096,ENSG00000226688
ENSG00000124900,8527.0,4.8309402,13.483598,1,8526.51690596342,ENSG00000124900
ENSG00000156858,8528.0,4.830184,0.9160618,1,8527.516981601715,ENSG00000156858
ENSG00000132026,8529.0,4.8293643,6.179731,1,8528.517063558102,ENSG00000132026
ENSG00000177990,8530.0,4.827674,4.073222,1,8529.517232596874,ENSG00000177990
ENSG00000157510,8531.0,4.8273516,5.0685086,1,8530.517264842987,ENSG00000157510
ENSG00000006377,8532.0,4.8268123,11.379609,1,8531.51731878519,ENSG00000006377
ENSG00000099995,8533.0,4.8263164,3.0560544,1,8532.517368376255,ENSG00000099995
ENSG00000176903,8534.0,4.825723,3.3580816,1,8533.517427682877,ENSG00000176903
ENSG00000186187,8535.0,4.8254986,0.89785004,1,8534.517450153828,ENSG00000186187
ENSG00000129244,8536.0,4.8242345,3.149133,1,8535.517576545477,ENSG00000129244
ENSG00000186496,8537.0,4.8225718,3.2494907,1,8536.517742812634,ENSG00000186496
ENSG00000131899,8538.0,4.8222194,1.4695796,1,8537.51777806878,ENSG00000131899
ENSG00000165973,8539.0,4.818437,12.195768,1,8538.518156290054,ENSG00000165973
ENSG00000198951,8540.0,4.816999,3.1239135,1,8539.518300116062,ENSG00000198951
ENSG00000128791,8541.0,4.8142858,1.8490444,1,8540.518571436405,ENSG00000128791
ENSG00000147316,8542.0,4.8126636,1.3837262,1,8541.518733650446,ENSG00000147316
ENSG00000217442,8543.0,4.812608,6.7965755,1,8542.51873922348,ENSG00000217442
ENSG00000174599,8544.0,4.8119106,6.5399885,1,8543.518808931112,ENSG00000174599
ENSG00000100650,8545.0,4.810748,10.261105,1,8544.518925189972,ENSG00000100650
ENSG00000146147,8546.0,4.810022,10.08446,1,8545.518997818232,ENSG00000146147
ENSG00000138756,8547.0,4.8065605,0.63383216,1,8546.519343942404,ENSG00000138756
ENSG00000197863,8548.0,4.806099,1.8346843,1,8547.519390106201,ENSG00000197863
ENSG00000115526,8549.0,4.8056293,4.1905932,1,8548.519437074661,ENSG00000115526
ENSG00000215421,8550.0,4.8011284,0.7858141,1,8549.519887149334,ENSG00000215421
ENSG00000096654,8551.0,4.799014,2.7306957,1,8550.520098596811,ENSG00000096654
ENSG00000203326,8552.0,4.798649,0.8126751,1,8551.520135104656,ENSG00000203326
ENSG00000131747,8553.0,4.7931404,4.9548144,1,8552.520685970783,ENSG00000131747
ENSG00000167513,8554.0,4.7931094,2.2585683,1,8553.520689070225,ENSG00000167513
ENSG00000178229,8555.0,4.792178,1.5876617,1,8554.52078217268,ENSG00000178229
ENSG00000139998,8556.0,4.791252,3.943558,1,8555.520874798298,ENSG00000139998
ENSG00000153989,8557.0,4.7884793,2.1208456,1,8556.521152079105,ENSG00000153989
ENSG00000064655,8558.0,4.7832246,4.8878536,1,8557.521677553654,ENSG00000064655
ENSG00000183208,8559.0,4.7829967,3.467578,1,8558.521700322628,ENSG00000183208
ENSG00000123737,8560.0,4.782358,2.1514637,1,8559.521764189005,ENSG00000123737
ENSG00000184661,8561.0,4.7802615,2.3954396,1,8560.521973848343,ENSG00000184661
ENSG00000154654,8562.0,4.779765,8.144274,1,8561.522023499012,ENSG00000154654
ENSG00000177842,8563.0,4.777601,0.65258145,1,8562.522239923477,ENSG00000177842
ENSG00000197771,8564.0,4.7775717,2.1225545,1,8563.522242844105,ENSG00000197771
ENSG00000171497,8565.0,4.7759213,4.0956354,1,8564.522407859564,ENSG00000171497
ENSG00000224424,8566.0,4.7741556,2.760966,1,8565.522584438324,ENSG00000224424
ENSG00000087586,8567.0,4.773897,3.539426,1,8566.522610276937,ENSG00000087586
ENSG00000229089,8568.0,4.7733545,5.9363794,1,8567.522664546967,ENSG00000229089
ENSG00000130701,8569.0,4.7722917,5.9452405,1,8568.522770822048,ENSG00000130701
ENSG00000266835,8570.0,4.7694454,6.4754653,1,8569.52305546403,ENSG00000266835
ENSG00000165630,8571.0,4.769056,1.0094577,1,8570.523094415665,ENSG00000165630
ENSG00000206140,8572.0,4.7687993,2.443859,1,8571.523120075464,ENSG00000206140
ENSG00000174928,8573.0,4.7679873,2.4402428,1,8572.523201286793,ENSG00000174928
ENSG00000146966,8574.0,4.76603,3.5129056,1,8573.523397028446,ENSG00000146966
ENSG00000228526,8575.0,4.7656713,4.521183,1,8574.52343288064,ENSG00000228526
ENSG00000163430,8576.0,4.7650023,4.9607,1,8575.523499786854,FSTL1
ENSG00000237298,8577.0,4.7648544,1.799102,1,8576.523514568806,ENSG00000237298
ENSG00000198182,8578.0,4.764019,1.7717613,1,8577.523598104715,ENSG00000198182
ENSG00000066827,8579.0,4.7634897,2.4779253,1,8578.52365103364,ENSG00000066827
ENSG00000145362,8580.0,4.7617655,5.6451244,1,8579.523823440075,ENSG00000145362
ENSG00000169203,8581.0,4.7610145,2.9188578,1,8580.523898541927,ENSG00000169203
ENSG00000151322,8582.0,4.758253,3.7113683,1,8581.524174690247,ENSG00000151322
ENSG00000108509,8583.0,4.755318,1.1725485,1,8582.524468183517,ENSG00000108509
ENSG00000184916,8584.0,4.754386,1.4397192,1,8583.524561405182,ENSG00000184916
ENSG00000212864,8585.0,4.7543845,5.828422,1,8584.524561554193,ENSG00000212864
ENSG00000214456,8586.0,4.7521534,3.0063968,1,8585.524784654379,ENSG00000214456
ENSG00000079313,8587.0,4.750541,1.2520568,1,8586.524945884943,ENSG00000079313
ENSG00000169783,8588.0,4.749784,5.318695,1,8587.525021612644,ENSG00000169783
ENSG00000186007,8589.0,4.743359,6.836023,1,8588.52566409111,ENSG00000186007
ENSG00000258708,8590.0,4.7430916,5.497673,1,8589.525690853596,ENSG00000258708
ENSG00000125249,8591.0,4.7430835,1.4978992,1,8590.525691658258,ENSG00000125249
ENSG00000120798,8592.0,4.7411857,3.6459534,1,8591.525881439447,ENSG00000120798
ENSG00000173349,8593.0,4.739052,2.9722648,1,8592.526094824076,ENSG00000173349
ENSG00000163961,8594.0,4.7328115,1.8458781,1,8593.526718854904,ENSG00000163961
ENSG00000154309,8595.0,4.731235,2.818853,1,8594.52687650919,ENSG00000154309
ENSG00000136842,8596.0,4.7310977,2.5665154,1,8595.526890218258,ENSG00000136842
ENSG00000254389,8597.0,4.729672,5.682406,1,8596.527032792568,ENSG00000254389
ENSG00000158164,8598.0,4.724434,6.6523714,1,8597.527556598186,ENSG00000158164
ENSG00000065665,8599.0,4.71131,2.3909304,1,8598.528869003057,ENSG00000065665
ENSG00000224897,8600.0,4.710993,3.2881343,1,8599.528900712729,ENSG00000224897
ENSG00000167103,8601.0,4.710851,2.545401,1,8600.528914868832,ENSG00000167103
ENSG00000142039,8602.0,4.7082915,1.7037688,1,8601.529170840979,ENSG00000142039
ENSG00000137070,8603.0,4.703361,3.5258496,1,8602.5296638906,ENSG00000137070
ENSG00000171206,8604.0,4.703092,0.6434779,1,8603.529690802097,ENSG00000171206
ENSG00000183066,8605.0,4.702292,4.754455,1,8604.52977079153,ENSG00000183066
ENSG00000161798,8606.0,4.7010236,11.678175,1,8605.529897630215,AQP5
ENSG00000184056,8607.0,4.700109,2.8041146,1,8606.529989093542,ENSG00000184056
ENSG00000153574,8608.0,4.699981,0.88311356,1,8607.530001878738,ENSG00000153574
ENSG00000197381,8609.0,4.699693,2.2084453,1,8608.530030667782,ENSG00000197381
ENSG00000084676,8610.0,4.698359,1.0369847,1,8609.53016409278,ENSG00000084676
ENSG00000147381,8611.0,4.6965303,17.974895,1,8610.53034695983,ENSG00000147381
ENSG00000140521,8612.0,4.696255,2.276303,1,8611.530374467373,ENSG00000140521
ENSG00000278615,8613.0,4.6960154,2.4617906,1,8612.530398458242,ENSG00000278615
ENSG00000102144,8614.0,4.695996,48.58008,1,8613.530400425196,ENSG00000102144
ENSG00000140577,8615.0,4.6937222,2.7572987,1,8614.530627787113,ENSG00000140577
ENSG00000164620,8616.0,4.6876636,1.3627688,1,8615.531233638525,ENSG00000164620
ENSG00000266554,8617.0,4.685851,9.853016,1,8616.53141489625,ENSG00000266554
ENSG00000081138,8618.0,4.6847477,9.040498,1,8617.531525224447,ENSG00000081138
ENSG00000185837,8619.0,4.682558,6.427816,1,8618.53174418211,ENSG00000185837
ENSG00000158445,8620.0,4.681532,3.3157117,1,8619.531846821308,ENSG00000158445
ENSG00000037965,8621.0,4.6809554,2.7529666,1,8620.531904459,ENSG00000037965
ENSG00000111912,8622.0,4.680895,3.439632,1,8621.531910508871,ENSG00000111912
ENSG00000165138,8623.0,4.680125,2.3199873,1,8622.53198748827,ENSG00000165138
ENSG00000102743,8624.0,4.6783605,2.2790036,1,8623.53216394782,ENSG00000102743
ENSG00000142459,8625.0,4.67584,2.8291147,1,8624.532416015863,ENSG00000142459
ENSG00000102699,8626.0,4.6751924,0.7461684,1,8625.53248077631,ENSG00000102699
ENSG00000232233,8627.0,4.673494,1.9558462,1,8626.532650619745,ENSG00000232233
ENSG00000196932,8628.0,4.6730404,4.725594,1,8627.532695949078,ENSG00000196932
ENSG00000094804,8629.0,4.6726184,4.7713985,1,8628.532738149166,ENSG00000094804
ENSG00000099256,8630.0,4.6708193,2.4292321,1,8629.532918065786,ENSG00000099256
ENSG00000198026,8631.0,4.6699862,0.9590349,1,8630.533001363277,ENSG00000198026
ENSG00000119522,8632.0,4.6696944,0.68372846,1,8631.533030569553,ENSG00000119522
ENSG00000230873,8633.0,4.6679626,3.082885,1,8632.533203750849,ENSG00000230873
ENSG00000138100,8634.0,4.666101,7.298463,1,8633.533389896154,TRIM54
ENSG00000178694,8635.0,4.6639867,1.9652934,1,8634.533601343632,ENSG00000178694
ENSG00000183814,8636.0,4.6566057,3.115518,1,8635.534339427948,ENSG00000183814
ENSG00000171243,8637.0,4.656489,14.652864,1,8636.534351110458,ENSG00000171243
ENSG00000267165,8638.0,4.6564355,4.160441,1,8637.534356445074,ENSG00000267165
ENSG00000185164,8639.0,4.655089,2.7007954,1,8638.534491121769,ENSG00000185164
ENSG00000125968,8640.0,4.6534524,2.8632047,1,8639.534654766321,ID1
ENSG00000101003,8641.0,4.65266,4.255007,1,8640.534734010696,ENSG00000101003
ENSG00000128165,8642.0,4.651919,2.0563087,1,8641.53480809927,ENSG00000128165
ENSG00000081377,8643.0,4.650399,2.5564709,1,8642.534960091114,ENSG00000081377
ENSG00000167074,8644.0,4.6502104,2.681785,1,8643.534978955984,ENSG00000167074
ENSG00000171951,8645.0,4.6458335,5.542989,1,8644.535416662693,ENSG00000171951
ENSG00000118804,8646.0,4.64483,2.2559173,1,8645.53551697731,ENSG00000118804
ENSG00000143994,8647.0,4.64456,2.7878547,1,8646.535544008017,ENSG00000143994
ENSG00000166839,8648.0,4.644464,1.1794006,1,8647.535553604364,ENSG00000166839
ENSG00000124257,8649.0,4.642306,3.770901,1,8648.53576940298,ENSG00000124257
ENSG00000179456,8650.0,4.640061,1.9371775,1,8649.535993903875,ENSG00000179456
ENSG00000171564,8651.0,4.635668,7.219634,1,8650.53643321991,FGB
ENSG00000139651,8652.0,4.6339526,1.5786219,1,8651.536604732275,ENSG00000139651
ENSG00000205307,8653.0,4.6309924,1.8226501,1,8652.536900758743,ENSG00000205307
ENSG00000110851,8654.0,4.6298776,2.2009828,1,8653.537012249231,ENSG00000110851
ENSG00000198300,8655.0,4.6292973,6.559187,1,8654.537070274353,ENSG00000198300
ENSG00000203952,8656.0,4.625429,8.349291,1,8655.537457078695,ENSG00000203952
ENSG00000197106,8657.0,4.6239047,5.098966,1,8656.537609517574,ENSG00000197106
ENSG00000135205,8658.0,4.6231318,1.6160085,1,8657.537686824799,ENSG00000135205
ENSG00000163032,8659.0,4.6220493,2.110204,1,8658.537795066833,ENSG00000163032
ENSG00000107611,8660.0,4.6216025,2.2901754,1,8659.537839740515,ENSG00000107611
ENSG00000178821,8661.0,4.621085,5.013797,1,8660.537891477346,ENSG00000178821
ENSG00000198324,8662.0,4.620172,2.5851278,1,8661.537982791662,ENSG00000198324
ENSG00000158773,8663.0,4.613575,3.7799375,1,8662.53864249587,ENSG00000158773
ENSG00000196757,8664.0,4.613421,0.7486645,1,8663.538657903671,ENSG00000196757
ENSG00000140987,8665.0,4.6125965,3.2076128,1,8664.538740336895,ENSG00000140987
ENSG00000186907,8666.0,4.6105704,3.146077,1,8665.538942962885,ENSG00000186907
ENSG00000186416,8667.0,4.6095,2.487649,1,8666.539050012827,ENSG00000186416
ENSG00000116117,8668.0,4.607987,2.5953135,1,8667.539201319218,ENSG00000116117
ENSG00000164627,8669.0,4.6075697,6.522014,1,8668.539243042469,ENSG00000164627
ENSG00000198925,8670.0,4.6051803,3.627389,1,8669.539481967688,ENSG00000198925
ENSG00000168078,8671.0,4.6042414,5.965529,1,8670.539575874805,ENSG00000168078
ENSG00000218357,8672.0,4.603367,4.08487,1,8671.53966331482,ENSG00000218357
ENSG00000214189,8673.0,4.6022997,2.6386228,1,8672.539770036936,ENSG00000214189
ENSG00000099260,8674.0,4.6008854,2.1875803,1,8673.539911448956,ENSG00000099260
ENSG00000102287,8675.0,4.598198,3.9139113,1,8674.540180206299,ENSG00000102287
ENSG00000164053,8676.0,4.597425,3.3160725,1,8675.540257513523,ENSG00000164053
ENSG00000198732,8677.0,4.5927773,3.254917,1,8676.54072228074,ENSG00000198732
ENSG00000139117,8678.0,4.592084,3.7382104,1,8677.540791600943,ENSG00000139117
ENSG00000122877,8679.0,4.5897493,3.9699419,1,8678.541025072336,ENSG00000122877
ENSG00000140471,8680.0,4.5889783,1.8840905,1,8679.541102170944,ENSG00000140471
ENSG00000259248,8681.0,4.586957,2.99214,1,8680.541304290295,ENSG00000259248
ENSG00000224189,8682.0,4.585659,7.566801,1,8681.541434109211,ENSG00000224189
ENSG00000133703,8683.0,4.5825505,1.204412,1,8682.541744947433,ENSG00000133703
ENSG00000055483,8684.0,4.5822263,1.6057796,1,8683.54177737236,ENSG00000055483
ENSG00000112294,8685.0,4.5819836,1.813464,1,8684.54180163145,ENSG00000112294
ENSG00000111897,8686.0,4.58147,3.869236,1,8685.541853010654,ENSG00000111897
ENSG00000068489,8687.0,4.5813966,0.8195933,1,8686.541860342026,ENSG00000068489
ENSG00000147180,8688.0,4.5809336,2.8966236,1,8687.541906654835,ENSG00000147180
ENSG00000270816,8689.0,4.57735,8.582558,1,8688.54226499796,ENSG00000270816
ENSG00000205420,8690.0,4.575574,10.777605,1,8689.5424426198,KRT6A
ENSG00000080493,8691.0,4.5743403,4.0737853,1,8690.542565971613,ENSG00000080493
ENSG00000144369,8692.0,4.5724416,3.6819563,1,8691.542755842209,ENSG00000144369
ENSG00000161558,8693.0,4.572208,1.5438286,1,8692.54277920723,ENSG00000161558
ENSG00000213420,8694.0,4.5686035,3.9333334,1,8693.543139636517,ENSG00000213420
ENSG00000176095,8695.0,4.565707,3.194586,1,8694.543429285288,ENSG00000176095
ENSG00000163507,8696.0,4.5625615,3.2685118,1,8695.5437438488,ENSG00000163507
ENSG00000010539,8697.0,4.562137,2.1413138,1,8696.543786287308,ENSG00000010539
ENSG00000101098,8698.0,4.557895,10.298015,1,8697.544210493565,ENSG00000101098
ENSG00000154655,8699.0,4.5564003,2.4699967,1,8698.544359982014,ENSG00000154655
ENSG00000116711,8700.0,4.5552506,6.2383995,1,8699.544474929571,ENSG00000116711
ENSG00000176907,8701.0,4.554739,3.2868097,1,8700.544526100159,ENSG00000176907
ENSG00000160200,8702.0,4.5543523,10.42291,1,8701.544564783573,ENSG00000160200
ENSG00000163235,8703.0,4.5525527,3.78156,1,8702.544744729996,ENSG00000163235
ENSG00000143228,8704.0,4.5512133,4.596711,1,8703.544878661633,ENSG00000143228
ENSG00000205238,8705.0,4.5469007,2.976626,1,8704.54530993104,ENSG00000205238
ENSG00000254101,8706.0,4.5372033,8.94021,1,8705.546279668808,ENSG00000254101
ENSG00000164761,8707.0,4.5349407,6.1159987,1,8706.54650592804,ENSG00000164761
ENSG00000152133,8708.0,4.5343313,1.8067235,1,8707.546566873789,ENSG00000152133
ENSG00000178996,8709.0,4.5337224,1.0709194,1,8708.546627759933,ENSG00000178996
ENSG00000169057,8710.0,4.532396,2.1765468,1,8709.54676041007,ENSG00000169057
ENSG00000125779,8711.0,4.5309916,2.2765377,1,8710.546900838614,ENSG00000125779
ENSG00000159871,8712.0,4.53018,3.920112,1,8711.546981990337,ENSG00000159871
ENSG00000100601,8713.0,4.5300026,2.1754382,1,8712.546999752522,ENSG00000100601
ENSG00000099864,8714.0,4.527623,2.4608104,1,8713.547237694263,ENSG00000099864
ENSG00000151835,8715.0,4.5272517,2.682306,1,8714.547274827957,ENSG00000151835
ENSG00000198786,8716.0,4.525856,96.86044,1,8715.547414392233,ENSG00000198786
ENSG00000154277,8717.0,4.522513,3.7286158,1,8716.547748714685,UCHL1
ENSG00000276600,8718.0,4.5222235,2.3998356,1,8717.54777765274,ENSG00000276600
ENSG00000170231,8719.0,4.5204654,8.667931,1,8718.54795345664,FABP6
ENSG00000171169,8720.0,4.5198946,2.131641,1,8719.548010528088,ENSG00000171169
ENSG00000236200,8721.0,4.517141,2.1624594,1,8720.548285901546,ENSG00000236200
ENSG00000166816,8722.0,4.5153027,7.0824614,1,8721.548469722271,ENSG00000166816
ENSG00000131023,8723.0,4.5151834,0.56620324,1,8722.5484816432,ENSG00000131023
ENSG00000259207,8724.0,4.5151687,5.2437496,1,8723.548483133316,ENSG00000259207
ENSG00000105323,8725.0,4.512116,1.9615332,1,8724.548788398504,ENSG00000105323
ENSG00000160781,8726.0,4.511537,1.9338529,1,8725.548846304417,ENSG00000160781
ENSG00000118420,8727.0,4.5100193,2.3255446,1,8726.548998057842,ENSG00000118420
ENSG00000149633,8728.0,4.5076637,5.671557,1,8727.549233615398,ENSG00000149633
ENSG00000144554,8729.0,4.50765,2.9625683,1,8728.549235016108,ENSG00000144554
ENSG00000117650,8730.0,4.507383,3.714832,1,8729.549261718988,ENSG00000117650
ENSG00000197548,8731.0,4.5060363,1.988078,1,8730.549396365881,ENSG00000197548
ENSG00000150457,8732.0,4.505764,1.9777509,1,8731.549423605204,ENSG00000150457
ENSG00000236778,8733.0,4.5026474,2.3784006,1,8732.549735248089,ENSG00000236778
ENSG00000222009,8734.0,4.502036,3.6020415,1,8733.549796402454,ENSG00000222009
ENSG00000004139,8735.0,4.5016785,0.85844433,1,8734.549832165241,ENSG00000004139
ENSG00000184602,8736.0,4.5007577,0.9814737,1,8735.549924224615,ENSG00000184602
ENSG00000069943,8737.0,4.497584,2.1313405,1,8736.550241619349,ENSG00000069943
ENSG00000124429,8738.0,4.496968,2.3775744,1,8737.550303220749,ENSG00000124429
ENSG00000088899,8739.0,4.4928126,4.677061,1,8738.550718724728,ENSG00000088899
ENSG00000205356,8740.0,4.490257,2.0896292,1,8739.550974309444,ENSG00000205356
ENSG00000240303,8741.0,4.489819,2.4296083,1,8740.551018089056,ENSG00000240303
ENSG00000065833,8742.0,4.4888487,3.6951067,1,8741.551115125418,ENSG00000065833
ENSG00000124440,8743.0,4.486552,2.9940796,1,8742.551344811916,ENSG00000124440
ENSG00000175984,8744.0,4.4847803,4.691966,1,8743.55152195692,ENSG00000175984
ENSG00000167371,8745.0,4.484536,2.5064301,1,8744.551546394825,ENSG00000167371
ENSG00000203650,8746.0,4.4823236,4.033621,1,8745.551767647266,ENSG00000203650
ENSG00000129455,8747.0,4.482292,9.000552,1,8746.55177077651,KLK8
ENSG00000160201,8748.0,4.4805446,2.8431807,1,8747.551945537329,ENSG00000160201
ENSG00000119953,8749.0,4.4801755,1.2978663,1,8748.551982462406,ENSG00000119953
ENSG00000132781,8750.0,4.477849,2.7346313,1,8749.552215099335,ENSG00000132781
ENSG00000166997,8751.0,4.4694285,1.9113368,1,8750.553057134151,ENSG00000166997
ENSG00000163590,8752.0,4.469051,2.363984,1,8751.553094923496,ENSG00000163590
ENSG00000101974,8753.0,4.468634,0.853745,1,8752.553136587143,ENSG00000101974
ENSG00000231920,8754.0,4.467589,8.859197,1,8753.553241103888,ENSG00000231920
ENSG00000182359,8755.0,4.4672713,1.5448519,1,8754.553272873163,ENSG00000182359
ENSG00000155275,8756.0,4.465883,1.1484557,1,8755.553411722183,ENSG00000155275
ENSG00000180423,8757.0,4.4635944,4.0734754,1,8756.553640544415,ENSG00000180423
ENSG00000142544,8758.0,4.4627867,2.7091763,1,8757.55372133851,ENSG00000142544
ENSG00000187068,8759.0,4.461323,4.363797,1,8758.553867727518,ENSG00000187068
ENSG00000065970,8760.0,4.4581504,0.8786832,1,8759.55418497324,ENSG00000065970
ENSG00000263327,8761.0,4.455017,2.4649901,1,8760.554498285055,ENSG00000263327
ENSG00000187595,8762.0,4.4512396,3.458214,1,8761.554876029491,ENSG00000187595
ENSG00000187091,8763.0,4.45113,2.061109,1,8762.554886996746,ENSG00000187091
ENSG00000184635,8764.0,4.4508615,2.8948755,1,8763.554913848639,ENSG00000184635
ENSG00000144452,8765.0,4.449639,8.282873,1,8764.555036127567,ENSG00000144452
ENSG00000148484,8766.0,4.4490175,1.8208593,1,8765.555098235607,ENSG00000148484
ENSG00000168152,8767.0,4.44887,3.8769984,1,8766.555112987757,ENSG00000168152
ENSG00000162419,8768.0,4.447157,1.0667114,1,8767.555284321308,ENSG00000162419
ENSG00000234719,8769.0,4.445756,2.8662484,1,8768.555424392223,ENSG00000234719
ENSG00000132773,8770.0,4.4428167,3.8411262,1,8769.555718332529,ENSG00000132773
ENSG00000130347,8771.0,4.4423237,1.8050023,1,8770.55576762557,ENSG00000130347
ENSG00000067955,8772.0,4.4422812,2.1493428,1,8771.555771887302,ENSG00000067955
ENSG00000163485,8773.0,4.4422755,3.6873803,1,8772.555772453547,ENSG00000163485
ENSG00000179532,8774.0,4.440325,0.9815465,1,8773.555967509747,ENSG00000179532
ENSG00000183336,8775.0,4.439284,2.5413973,1,8774.556071609259,ENSG00000183336
ENSG00000233098,8776.0,4.4371376,5.029632,1,8775.556286245584,ENSG00000233098
ENSG00000114786,8777.0,4.4366302,5.6212745,1,8776.556336969137,ENSG00000114786
ENSG00000198468,8778.0,4.435008,2.8081343,1,8777.556499183178,ENSG00000198468
ENSG00000111665,8779.0,4.43394,2.5477736,1,8778.556605994701,ENSG00000111665
ENSG00000169105,8780.0,4.433297,2.2590477,1,8779.55667027831,ENSG00000169105
ENSG00000198331,8781.0,4.432989,2.6813288,1,8780.556701093912,ENSG00000198331
ENSG00000113621,8782.0,4.4328547,3.0319283,1,8781.55671453476,ENSG00000113621
ENSG00000075399,8783.0,4.432481,1.3616112,1,8782.556751906872,ENSG00000075399
ENSG00000121406,8784.0,4.4318657,2.3009422,1,8783.556813418865,ENSG00000121406
ENSG00000183735,8785.0,4.4307384,1.8173168,1,8784.55692616105,ENSG00000183735
ENSG00000204311,8786.0,4.43018,5.0159993,1,8785.5569819808,ENSG00000204311
ENSG00000170382,8787.0,4.4282365,4.0130296,1,8786.557176351547,ENSG00000170382
ENSG00000154240,8788.0,4.4270124,3.6246004,1,8787.557298749685,ENSG00000154240
ENSG00000203685,8789.0,4.4264736,5.537479,1,8788.557352632284,ENSG00000203685
ENSG00000164266,8790.0,4.4259853,5.9277186,1,8789.55740147829,SPINK1
ENSG00000168772,8791.0,4.4256325,5.2367167,1,8790.55743676424,ENSG00000168772
ENSG00000162620,8792.0,4.4253974,3.135729,1,8791.55746024847,ENSG00000162620
ENSG00000116016,8793.0,4.425315,1.3276784,1,8792.557468503714,ENSG00000116016
ENSG00000006638,8794.0,4.4213796,0.7446731,1,8793.55786204338,ENSG00000006638
ENSG00000268061,8795.0,4.4197326,2.1237986,1,8794.558026731014,ENSG00000268061
ENSG00000131115,8796.0,4.415796,1.6038271,1,8795.558420419693,ENSG00000131115
ENSG00000127324,8797.0,4.4149714,6.5432954,1,8796.558502852917,TSPAN8
ENSG00000164008,8798.0,4.414765,2.6098986,1,8797.558523505926,ENSG00000164008
ENSG00000047634,8799.0,4.4145694,2.6853437,1,8798.55854305625,ENSG00000047634
ENSG00000042429,8800.0,4.4139194,2.396515,1,8799.558608055115,ENSG00000042429
ENSG00000130032,8801.0,4.4139037,1.4388045,1,8800.558609634638,ENSG00000130032
ENSG00000140006,8802.0,4.4139023,1.6796607,1,8801.55860978365,ENSG00000140006
ENSG00000258791,8803.0,4.41336,10.982336,1,8802.558663994074,ENSG00000258791
ENSG00000250742,8804.0,4.4121685,3.0953279,1,8803.558783143759,ENSG00000250742
ENSG00000198914,8805.0,4.4052653,9.005086,1,8804.559473454952,ENSG00000198914
ENSG00000182310,8806.0,4.40471,2.7512057,1,8805.559529006481,ENSG00000182310
ENSG00000106089,8807.0,4.403847,1.6244167,1,8806.559615284204,ENSG00000106089
ENSG00000205208,8808.0,4.403343,3.48425,1,8807.559665679932,ENSG00000205208
ENSG00000213638,8809.0,4.4020486,1.7465816,1,8808.55979514122,ENSG00000213638
ENSG00000197363,8810.0,4.400096,2.208143,1,8809.559990406036,ENSG00000197363
ENSG00000249306,8811.0,4.399921,7.094644,1,8810.5600079,ENSG00000249306
ENSG00000225556,8812.0,4.39952,2.948989,1,8811.560048013926,ENSG00000225556
ENSG00000168389,8813.0,4.3977222,3.3500993,1,8812.560227781534,ENSG00000168389
ENSG00000134827,8814.0,4.3949294,11.0346155,1,8813.560507059097,TCN1
ENSG00000008300,8815.0,4.394041,3.9105835,1,8814.56059589982,ENSG00000008300
ENSG00000140455,8816.0,4.392804,0.7139425,1,8815.560719579458,ENSG00000140455
ENSG00000072954,8817.0,4.3910213,1.7016069,1,8816.560897886753,ENSG00000072954
ENSG00000237361,8818.0,4.3863125,10.408487,1,8817.561368763447,ENSG00000237361
ENSG00000229028,8819.0,4.38499,8.881208,1,8818.561500966549,KRT223P
ENSG00000099999,8820.0,4.3821297,5.2888794,1,8819.561787039042,ENSG00000099999
ENSG00000188659,8821.0,4.380235,6.081312,1,8820.561976492405,ENSG00000188659
ENSG00000083828,8822.0,4.375008,0.8431545,1,8821.562499195337,ENSG00000083828
ENSG00000198855,8823.0,4.3748927,2.1116476,1,8822.562510728836,ENSG00000198855
ENSG00000197608,8824.0,4.373165,2.1580822,1,8823.562683492899,ENSG00000197608
ENSG00000099338,8825.0,4.3709607,2.1839728,1,8824.562903940678,ENSG00000099338
ENSG00000165006,8826.0,4.3682656,2.6330104,1,8825.563173443079,ENSG00000165006
ENSG00000197417,8827.0,4.3677497,3.0174387,1,8826.563225030899,ENSG00000197417
ENSG00000116017,8828.0,4.366661,1.1281481,1,8827.563333898783,ENSG00000116017
ENSG00000101425,8829.0,4.365092,7.35456,1,8828.56349080801,BPI
ENSG00000108599,8830.0,4.3649764,1.7908087,1,8829.563502371311,ENSG00000108599
ENSG00000071127,8831.0,4.362715,5.4528427,1,8830.563728511333,ENSG00000071127
ENSG00000152782,8832.0,4.3584695,2.5057755,1,8831.564153045416,ENSG00000152782
ENSG00000125775,8833.0,4.350982,3.821704,1,8832.564901769161,ENSG00000125775
ENSG00000011478,8834.0,4.350078,0.7959803,1,8833.564992189407,ENSG00000011478
ENSG00000176387,8835.0,4.3462963,3.5264657,1,8834.565370380878,ENSG00000176387
ENSG00000153201,8836.0,4.3448544,1.1798629,1,8835.565514564514,ENSG00000153201
ENSG00000197380,8837.0,4.3426557,2.1322842,1,8836.565734446049,ENSG00000197380
ENSG00000116141,8838.0,4.3391438,5.0155697,1,8837.566085636616,ENSG00000116141
ENSG00000128872,8839.0,4.3373604,1.1763995,1,8838.566263973713,ENSG00000128872
ENSG00000124614,8840.0,4.3352566,68.001175,1,8839.566474348307,RPS10
ENSG00000136206,8841.0,4.3349037,1.3193284,1,8840.566509634256,ENSG00000136206
ENSG00000169347,8842.0,4.3339977,1.7915276,1,8841.566600233316,ENSG00000169347
ENSG00000247081,8843.0,4.333925,5.7166677,1,8842.566607534885,ENSG00000247081
ENSG00000144857,8844.0,4.328807,4.3329186,1,8843.567119300365,ENSG00000144857
ENSG00000120662,8845.0,4.328678,2.1179101,1,8844.567132174969,ENSG00000120662
ENSG00000173275,8846.0,4.3284287,3.594643,1,8845.567157119513,ENSG00000173275
ENSG00000106927,8847.0,4.327942,9.142523,1,8846.567205816507,AMBP
ENSG00000278318,8848.0,4.327497,5.706929,1,8847.567250311375,ENSG00000278318
ENSG00000128578,8849.0,4.3264966,2.318136,1,8848.567350327969,ENSG00000128578
ENSG00000165029,8850.0,4.3246408,0.7874708,1,8849.567535936832,ENSG00000165029
ENSG00000163873,8851.0,4.3242164,9.094195,1,8850.56757837534,ENSG00000163873
ENSG00000112877,8852.0,4.323091,4.240071,1,8851.567690908909,ENSG00000112877
ENSG00000142973,8853.0,4.322552,4.490411,1,8852.567744791508,ENSG00000142973
ENSG00000205362,8854.0,4.3218966,2.67991,1,8853.567810356617,ENSG00000205362
ENSG00000111641,8855.0,4.320423,3.9622862,1,8854.567957699299,ENSG00000111641
ENSG00000170779,8856.0,4.3150454,3.2214384,1,8855.568495452404,ENSG00000170779
ENSG00000184719,8857.0,4.3147063,4.3671484,1,8856.568529367447,ENSG00000184719
ENSG00000243660,8858.0,4.3135357,2.265727,1,8857.56864643097,ENSG00000243660
ENSG00000170312,8859.0,4.308416,4.919424,1,8858.569158405066,ENSG00000170312
ENSG00000071243,8860.0,4.307657,2.7930212,1,8859.56923431158,ENSG00000071243
ENSG00000110700,8861.0,4.3040032,87.060524,1,8860.569599688053,ENSG00000110700
ENSG00000198899,8862.0,4.300148,212.47324,1,8861.569985210896,ENSG00000198899
ENSG00000008405,8863.0,4.297994,2.5208175,1,8862.57020059228,ENSG00000008405
ENSG00000186767,8864.0,4.2979364,1.6880416,1,8863.570206344128,ENSG00000186767
ENSG00000125508,8865.0,4.296367,7.199311,1,8864.570363283157,ENSG00000125508
ENSG00000111554,8866.0,4.2949214,3.9838514,1,8865.570507854223,ENSG00000111554
ENSG00000180787,8867.0,4.2948956,0.78022313,1,8866.570510447025,ENSG00000180787
ENSG00000155016,8868.0,4.294612,2.0988777,1,8867.570538818836,ENSG00000155016
ENSG00000184058,8869.0,4.2939744,2.6412454,1,8868.570602566004,ENSG00000184058
ENSG00000268006,8870.0,4.2900496,0.90124595,1,8869.570995032787,ENSG00000268006
ENSG00000284753,8871.0,4.288571,4.873099,1,8870.571142911911,ENSG00000284753
ENSG00000164778,8872.0,4.287682,7.1370993,1,8871.571231782436,ENSG00000164778
ENSG00000119321,8873.0,4.2831693,1.520766,1,8872.571683079004,ENSG00000119321
ENSG00000070778,8874.0,4.282893,4.944866,1,8873.571710675955,ENSG00000070778
ENSG00000151611,8875.0,4.2821836,0.7683261,1,8874.571781635284,ENSG00000151611
ENSG00000180801,8876.0,4.279115,3.0128422,1,8875.572088479996,ENSG00000180801
ENSG00000110169,8877.0,4.278952,5.2198277,1,8876.572104781866,ENSG00000110169
ENSG00000288722,8878.0,4.27759,1.2859434,1,8877.572241008282,ENSG00000288722
ENSG00000288649,8879.0,4.276554,3.21277,1,8878.572344601154,ENSG00000288649
ENSG00000163633,8880.0,4.275187,2.3617055,1,8879.572481304407,ENSG00000163633
ENSG00000175414,8881.0,4.2727623,2.0602248,1,8880.572723776102,ENSG00000175414
ENSG00000231764,8882.0,4.2722335,3.8658953,1,8881.572776645422,ENSG00000231764
ENSG00000013392,8883.0,4.2701693,4.0409837,1,8882.57298308611,ENSG00000013392
ENSG00000164506,8884.0,4.2700143,2.2019875,1,8883.572998583317,ENSG00000164506
ENSG00000139734,8885.0,4.2683163,4.3105307,1,8884.573168367147,ENSG00000139734
ENSG00000165821,8886.0,4.2674823,4.327932,1,8885.573251783848,ENSG00000165821
ENSG00000148057,8887.0,4.2670817,0.79168147,1,8886.57329183817,ENSG00000148057
ENSG00000135776,8888.0,4.266659,1.2352407,1,8887.573334127665,ENSG00000135776
ENSG00000196867,8889.0,4.2663693,2.5844223,1,8888.57336306572,ENSG00000196867
ENSG00000212766,8890.0,4.2656283,10.422089,1,8889.573437154293,ENSG00000212766
ENSG00000183054,8891.0,4.265492,2.3474298,1,8890.573450803757,ENSG00000183054
ENSG00000186487,8892.0,4.2654257,4.1297336,1,8891.573457419872,ENSG00000186487
ENSG00000049323,8893.0,4.265123,2.0796964,1,8892.573487699032,ENSG00000049323
ENSG00000119771,8894.0,4.2639117,4.567992,1,8893.57360881567,ENSG00000119771
ENSG00000171858,8895.0,4.2604094,40.84731,1,8894.573959052563,ENSG00000171858
ENSG00000175305,8896.0,4.2588134,3.6912847,1,8895.574118673801,ENSG00000175305
ENSG00000189144,8897.0,4.2558804,1.9202445,1,8896.574411958456,ENSG00000189144
ENSG00000117385,8898.0,4.2550025,3.6455767,1,8897.574499756098,ENSG00000117385
ENSG00000197798,8899.0,4.253455,4.301319,1,8898.574654489756,ENSG00000197798
ENSG00000106125,8900.0,4.252837,5.0485196,1,8899.57471626997,ENSG00000106125
ENSG00000141448,8901.0,4.252641,4.806252,1,8900.574735879898,ENSG00000141448
ENSG00000156076,8902.0,4.2524385,9.023546,1,8901.574756145477,WIF1
ENSG00000242950,8903.0,4.252128,2.57528,1,8902.574787199497,ENSG00000242950
ENSG00000197818,8904.0,4.2482347,0.63441133,1,8903.575176537037,ENSG00000197818
ENSG00000146776,8905.0,4.247866,0.7051869,1,8904.575213372707,ENSG00000146776
ENSG00000198056,8906.0,4.2468495,3.4172568,1,8905.575315058231,ENSG00000198056
ENSG00000260942,8907.0,4.2454515,3.1898506,1,8906.575454860926,ENSG00000260942
ENSG00000173597,8908.0,4.2453055,1.6319239,1,8907.575469434261,ENSG00000173597
ENSG00000170915,8909.0,4.244967,2.7180316,1,8908.5755032897,ENSG00000170915
ENSG00000175643,8910.0,4.244531,2.5711226,1,8909.575546890497,ENSG00000175643
ENSG00000167842,8911.0,4.2442045,2.1326537,1,8910.575579553843,ENSG00000167842
ENSG00000229453,8912.0,4.2441707,9.679139,1,8911.575582921505,SPINK8
ENSG00000127720,8913.0,4.243355,2.6040974,1,8912.575664520264,ENSG00000127720
ENSG00000245614,8914.0,4.2403946,3.2504315,1,8913.575960546732,ENSG00000245614
ENSG00000006432,8915.0,4.240341,0.6433173,1,8914.575965881348,ENSG00000006432
ENSG00000253438,8916.0,4.237107,0.54181755,1,8915.576289325953,ENSG00000253438
ENSG00000163291,8917.0,4.2353716,1.9732741,1,8916.576462835073,ENSG00000163291
ENSG00000186603,8918.0,4.235044,8.129158,1,8917.576495587826,ENSG00000186603
ENSG00000113070,8919.0,4.2343564,3.1624846,1,8918.576564371586,ENSG00000113070
ENSG00000085377,8920.0,4.2322307,3.1589396,1,8919.57677692175,ENSG00000085377
ENSG00000279170,8921.0,4.2263203,0.74151474,1,8920.577367961407,ENSG00000279170
ENSG00000092531,8922.0,4.2202005,5.370895,1,8921.577979952097,ENSG00000092531
ENSG00000172007,8923.0,4.218364,1.2482479,1,8922.57816362381,ENSG00000172007
ENSG00000162385,8924.0,4.215262,2.6517956,1,8923.578473806381,ENSG00000162385
ENSG00000172731,8925.0,4.2134075,1.198616,1,8924.578659236431,ENSG00000172731
ENSG00000135315,8926.0,4.210931,2.6984067,1,8925.578906923532,ENSG00000135315
ENSG00000110436,8927.0,4.210781,2.570166,1,8926.578921884298,ENSG00000110436
ENSG00000187522,8928.0,4.2079716,2.3247468,1,8927.579202830791,ENSG00000187522
ENSG00000138271,8929.0,4.2066913,14.968217,1,8928.579330861568,ENSG00000138271
ENSG00000154914,8930.0,4.203796,7.4838133,1,8929.579620420933,ENSG00000154914
ENSG00000133069,8931.0,4.20059,5.7085114,1,8930.579940974712,ENSG00000133069
ENSG00000196436,8932.0,4.1994123,2.5190556,1,8931.58005875349,ENSG00000196436
ENSG00000135407,8933.0,4.1989694,2.5612185,1,8932.580103069544,ENSG00000135407
ENSG00000137821,8934.0,4.1980944,4.157013,1,8933.580190569162,ENSG00000137821
ENSG00000261052,8935.0,4.1976438,1.3577999,1,8934.580235630274,ENSG00000261052
ENSG00000063978,8936.0,4.19628,1.6571457,1,8935.580372005701,ENSG00000063978
ENSG00000270959,8937.0,4.1960382,1.2959057,1,8936.580396175385,ENSG00000270959
ENSG00000129007,8938.0,4.195097,3.1240559,1,8937.580490291119,ENSG00000129007
ENSG00000270885,8939.0,4.193078,2.7121086,1,8938.580692201853,ENSG00000270885
ENSG00000144730,8940.0,4.1928096,1.6118342,1,8939.580719053745,ENSG00000144730
ENSG00000188175,8941.0,4.189857,10.362924,1,8940.581014305353,ENSG00000188175
ENSG00000177679,8942.0,4.1898127,5.3604493,1,8941.5810187459,ENSG00000177679
ENSG00000251192,8943.0,4.1862965,1.9295431,1,8942.581370353699,ENSG00000251192
ENSG00000171759,8944.0,4.185551,8.696754,1,8943.581444889307,PAH
ENSG00000197576,8945.0,4.1852856,5.2042503,1,8944.581471443176,ENSG00000197576
ENSG00000185305,8946.0,4.1851974,1.4171574,1,8945.581480264664,ENSG00000185305
ENSG00000160014,8947.0,4.184495,2.6796427,1,8946.581550508738,ENSG00000160014
ENSG00000168661,8948.0,4.1832323,2.0216267,1,8947.581676781178,ENSG00000168661
ENSG00000116514,8949.0,4.181618,1.0902495,1,8948.581838190556,ENSG00000116514
ENSG00000131061,8950.0,4.1797876,1.258172,1,8949.58202123642,ENSG00000131061
ENSG00000214900,8951.0,4.179744,0.53024614,1,8950.582025617361,ENSG00000214900
ENSG00000167554,8952.0,4.1795874,4.407147,1,8951.58204126358,ENSG00000167554
ENSG00000132964,8953.0,4.1786437,1.9295853,1,8952.582135617733,ENSG00000132964
ENSG00000198298,8954.0,4.1767964,4.6516805,1,8953.58232036233,ENSG00000198298
ENSG00000115041,8955.0,4.176299,8.520236,1,8954.582370102406,ENSG00000115041
ENSG00000239282,8956.0,4.1751566,2.1311448,1,8955.582484334707,ENSG00000239282
ENSG00000174010,8957.0,4.1744466,2.3097115,1,8956.582555353642,ENSG00000174010
ENSG00000166192,8958.0,4.1741285,2.480658,1,8957.58258715272,ENSG00000166192
ENSG00000213347,8959.0,4.1739006,1.5233281,1,8958.582609951496,ENSG00000213347
ENSG00000248690,8960.0,4.1734247,7.555306,1,8959.582657516003,ENSG00000248690
ENSG00000133640,8961.0,4.17107,6.1941047,1,8960.582892984152,ENSG00000133640
ENSG00000182405,8962.0,4.170978,0.95313376,1,8961.58290219307,ENSG00000182405
ENSG00000124508,8963.0,4.1664543,2.967433,1,8962.583354562521,ENSG00000124508
ENSG00000125170,8964.0,4.1639132,4.0806255,1,8963.583608686924,ENSG00000125170
ENSG00000164048,8965.0,4.1638103,1.6830229,1,8964.583618968725,ENSG00000164048
ENSG00000112769,8966.0,4.163152,4.5020757,1,8965.583684772253,ENSG00000112769
ENSG00000170419,8967.0,4.1630917,10.83048,1,8966.583690822124,VSTM2A
ENSG00000187049,8968.0,4.1599874,1.3243206,1,8967.584001243114,ENSG00000187049
ENSG00000157350,8969.0,4.1582456,1.5738477,1,8968.584175437689,ENSG00000157350
ENSG00000125449,8970.0,4.15602,1.8172996,1,8969.58439797163,ENSG00000125449
ENSG00000205609,8971.0,4.1555557,4.372218,1,8970.58444443345,ENSG00000205609
ENSG00000183150,8972.0,4.1545644,5.946831,1,8971.584543555975,ENSG00000183150
ENSG00000145029,8973.0,4.1542335,1.4693241,1,8972.584576666355,ENSG00000145029
ENSG00000069482,8974.0,4.1525354,2.9856875,1,8973.584746450186,GAL
ENSG00000124225,8975.0,4.151725,0.87596816,1,8974.584827512503,ENSG00000124225
ENSG00000158220,8976.0,4.150752,7.594566,1,8975.584924787283,ENSG00000158220
ENSG00000048028,8977.0,4.1503663,0.56191605,1,8976.58496338129,ENSG00000048028
ENSG00000137968,8978.0,4.1501484,4.482698,1,8977.584985166788,ENSG00000137968
ENSG00000278558,8979.0,4.147429,2.8090682,1,8978.58525711298,ENSG00000278558
ENSG00000188833,8980.0,4.144167,10.068624,1,8979.585583299398,ENSG00000188833
ENSG00000188215,8981.0,4.1439157,0.55858064,1,8980.585608422756,ENSG00000188215
ENSG00000143093,8982.0,4.1436076,2.0429342,1,8981.585639238358,ENSG00000143093
ENSG00000204444,8983.0,4.1428194,2.8904176,1,8982.5857180655,ENSG00000204444
ENSG00000181544,8984.0,4.140912,2.405913,1,8983.585908800364,ENSG00000181544
ENSG00000130427,8985.0,4.1350803,9.506976,1,8984.586491972208,EPO
ENSG00000128965,8986.0,4.135026,6.4190173,1,8985.58649739623,ENSG00000128965
ENSG00000184785,8987.0,4.133313,4.5316205,1,8986.586668670177,ENSG00000184785
ENSG00000196220,8988.0,4.1327343,1.29806,1,8987.58672657609,ENSG00000196220
ENSG00000174326,8989.0,4.1321464,3.1932132,1,8988.586785376072,ENSG00000174326
ENSG00000171680,8990.0,4.127223,2.8603096,1,8989.587277710438,ENSG00000171680
ENSG00000128881,8991.0,4.126703,1.383369,1,8990.58732971549,ENSG00000128881
ENSG00000268916,8992.0,4.1261005,9.359077,1,8991.587389945984,ENSG00000268916
ENSG00000155592,8993.0,4.1260796,1.1640205,1,8992.587392032146,ENSG00000155592
ENSG00000086696,8994.0,4.124576,6.808773,1,8993.587542384863,HSD17B2
ENSG00000227674,8995.0,4.1219416,5.4780707,1,8994.587805837393,ENSG00000227674
ENSG00000198720,8996.0,4.121549,4.6322436,1,8995.587845087051,ENSG00000198720
ENSG00000121211,8997.0,4.11899,3.5019884,1,8996.588100999594,ENSG00000121211
ENSG00000185924,8998.0,4.1180215,6.720798,1,8997.588197857141,ENSG00000185924
ENSG00000106546,8999.0,4.115392,3.3181183,1,8998.58846077323,ENSG00000106546
ENSG00000171970,9000.0,4.115174,4.687729,1,8999.588482618332,ENSG00000171970
ENSG00000136940,9001.0,4.1130514,2.1308572,1,9000.588694870472,ENSG00000136940
ENSG00000125954,9002.0,4.1112056,3.837484,1,9001.588879436255,ENSG00000125954
ENSG00000162896,9003.0,4.1105137,1.4518569,1,9002.588948637247,ENSG00000162896
ENSG00000188825,9004.0,4.1093054,2.413092,1,9003.589069455862,ENSG00000188825
ENSG00000160191,9005.0,4.10631,1.630542,1,9004.589368999004,ENSG00000160191
ENSG00000185332,9006.0,4.106226,1.5263867,1,9005.58937740326,ENSG00000185332
ENSG00000175161,9007.0,4.100909,5.759001,1,9006.58990907669,ENSG00000175161
ENSG00000213888,9008.0,4.1008983,3.0752647,1,9007.589910179377,ENSG00000213888
ENSG00000013619,9009.0,4.0983133,2.9240184,1,9008.59016865492,ENSG00000013619
ENSG00000157240,9010.0,4.0965133,0.6437992,1,9009.590348660946,ENSG00000157240
ENSG00000021645,9011.0,4.0962596,3.370535,1,9010.590374052525,ENSG00000021645
ENSG00000087258,9012.0,4.095513,3.8141649,1,9011.590448707342,ENSG00000087258
ENSG00000111450,9013.0,4.0932302,2.712846,1,9012.59067696333,ENSG00000111450
ENSG00000181220,9014.0,4.0928392,0.9376902,1,9013.590716063976,ENSG00000181220
ENSG00000171121,9015.0,4.0907135,1.9115505,1,9014.590928643942,ENSG00000171121
ENSG00000104369,9016.0,4.0891337,6.448497,1,9015.591086626053,ENSG00000104369
ENSG00000265666,9017.0,4.0885177,2.134779,1,9016.591148227451,ENSG00000265666
ENSG00000269897,9018.0,4.0853176,3.978993,1,9017.591468244793,ENSG00000269897
ENSG00000237149,9019.0,4.084113,6.144618,1,9018.591588675976,ENSG00000237149
ENSG00000157429,9020.0,4.083237,3.9361982,1,9019.591676294804,ENSG00000157429
ENSG00000100934,9021.0,4.0828795,4.121222,1,9020.59171205759,ENSG00000100934
ENSG00000187266,9022.0,4.080675,2.5028412,1,9021.591932475569,ENSG00000187266
ENSG00000122176,9023.0,4.0758333,3.6375055,1,9022.5924166739,ENSG00000122176
ENSG00000183597,9024.0,4.0729647,3.6886477,1,9023.592703521252,ENSG00000183597
ENSG00000292354,9025.0,4.072135,0.988819,1,9024.592786490915,ENSG00000292354
ENSG00000135838,9026.0,4.0716753,3.6933856,1,9025.5928324759,ENSG00000135838
ENSG00000139438,9027.0,4.071053,4.8931723,1,9026.59289470315,ENSG00000139438
ENSG00000237476,9028.0,4.069864,4.7352495,1,9027.593013614416,ENSG00000237476
ENSG00000187676,9029.0,4.069703,4.0386295,1,9028.593029677868,ENSG00000187676
ENSG00000142279,9030.0,4.068664,2.8401704,1,9029.593133598566,ENSG00000142279
ENSG00000153237,9031.0,4.061559,3.426862,1,9030.593844085932,ENSG00000153237
ENSG00000204052,9032.0,4.0609612,5.911289,1,9031.59390386939,ENSG00000204052
ENSG00000112592,9033.0,4.058674,1.7483556,1,9032.594132602217,ENSG00000112592
ENSG00000066923,9034.0,4.0576596,2.9897354,1,9033.59423404932,ENSG00000066923
ENSG00000230453,9035.0,4.05603,6.700044,1,9034.59439700842,ENSG00000230453
ENSG00000175318,9036.0,4.0559063,3.2004251,1,9035.594409376385,ENSG00000175318
ENSG00000121851,9037.0,4.054458,2.2178967,1,9036.594554185867,ENSG00000121851
ENSG00000158636,9038.0,4.0529146,0.9315785,1,9037.594708532097,ENSG00000158636
ENSG00000179750,9039.0,4.051962,1.9581455,1,9038.59480381012,ENSG00000179750
ENSG00000175536,9040.0,4.0489607,3.8281934,1,9039.595103919506,ENSG00000175536
ENSG00000143476,9041.0,4.0488405,4.654192,1,9040.595115959644,ENSG00000143476
ENSG00000235989,9042.0,4.048703,6.7961526,1,9041.595129668713,ENSG00000235989
ENSG00000177889,9043.0,4.0482783,5.4909477,1,9042.595172166824,ENSG00000177889
ENSG00000146373,9044.0,4.046238,1.7465569,1,9043.595376193523,ENSG00000146373
ENSG00000196267,9045.0,4.045442,1.9292481,1,9044.595455795528,ENSG00000196267
ENSG00000105877,9046.0,4.0419645,4.104975,1,9045.595803558826,ENSG00000105877
ENSG00000119004,9047.0,4.041545,1.6360639,1,9046.595845520496,ENSG00000119004
ENSG00000182712,9048.0,4.0402875,3.7619739,1,9047.595971256496,ENSG00000182712
ENSG00000034693,9049.0,4.0395584,2.3878102,1,9048.596044152977,ENSG00000034693
ENSG00000131845,9050.0,4.034732,2.6016355,1,9049.596526801586,ENSG00000131845
ENSG00000108984,9051.0,4.0344105,0.8732334,1,9050.596558958292,ENSG00000108984
ENSG00000196139,9052.0,4.0325427,2.374215,1,9051.596745729446,ENSG00000196139
ENSG00000138617,9053.0,4.032389,1.1677159,1,9052.596761077642,ENSG00000138617
ENSG00000158560,9054.0,4.032082,7.4964237,1,9053.596791803837,ENSG00000158560
ENSG00000158055,9055.0,4.031854,13.198712,1,9054.596814572811,ENSG00000158055
ENSG00000227354,9056.0,4.029028,3.3277411,1,9055.597097218037,ENSG00000227354
ENSG00000125457,9057.0,4.0278277,1.0175295,1,9056.597217231989,ENSG00000125457
ENSG00000108733,9058.0,4.0256534,5.2518096,1,9057.597434669731,ENSG00000108733
ENSG00000100170,9059.0,4.025179,6.4224954,1,9058.59748211503,SLC5A1
ENSG00000144909,9060.0,4.0245457,1.2404734,1,9059.597545444964,ENSG00000144909
ENSG00000167508,9061.0,4.0194116,2.3252616,1,9060.598058849571,ENSG00000167508
ENSG00000171560,9062.0,4.018031,8.264128,1,9061.59819689393,FGA
ENSG00000280109,9063.0,4.0178576,5.4470987,1,9062.598214238882,ENSG00000280109
ENSG00000149922,9064.0,4.0152993,3.7024388,1,9063.598470062016,ENSG00000149922
ENSG00000172748,9065.0,4.0133414,2.9397786,1,9064.598665863276,ENSG00000172748
ENSG00000154099,9066.0,4.0121455,0.9540668,1,9065.598785459995,ENSG00000154099
ENSG00000158856,9067.0,4.0094748,3.0192118,1,9066.599052518606,ENSG00000158856
ENSG00000100526,9068.0,4.0088305,3.1972995,1,9067.599116951227,ENSG00000100526
ENSG00000179044,9069.0,4.007272,3.5524507,1,9068.599272817371,ENSG00000179044
ENSG00000153922,9070.0,4.006332,0.7785721,1,9069.599366813898,ENSG00000153922
ENSG00000106976,9071.0,4.0053754,2.6874032,1,9070.59946244955,ENSG00000106976
ENSG00000187479,9072.0,4.0053263,2.6120543,1,9071.599467366934,ENSG00000187479
ENSG00000089009,9073.0,4.003765,103.674644,1,9072.5996235013,ENSG00000089009
ENSG00000156374,9074.0,4.00189,1.9929721,1,9073.599810987713,ENSG00000156374
ENSG00000164418,9075.0,3.9964857,5.069747,1,9074.600351423023,ENSG00000164418
ENSG00000119042,9076.0,3.9945803,3.153597,1,9075.600541979074,ENSG00000119042
ENSG00000237380,9077.0,3.9939756,2.5731173,1,9076.600602447988,ENSG00000237380
ENSG00000253731,9078.0,3.9933453,2.2511663,1,9077.600665479898,ENSG00000253731
ENSG00000196503,9079.0,3.9933045,4.429418,1,9078.600669562817,ENSG00000196503
ENSG00000187486,9080.0,3.9925349,1.1357881,1,9079.600746512411,ENSG00000187486
ENSG00000171984,9081.0,3.990895,0.91590846,1,9080.60091048479,ENSG00000171984
ENSG00000173805,9082.0,3.9905756,3.604138,1,9081.60094243288,ENSG00000173805
ENSG00000267221,9083.0,3.9901555,2.6609602,1,9082.600984454157,ENSG00000267221
ENSG00000102312,9084.0,3.9870899,1.793978,1,9083.601291000845,ENSG00000102312
ENSG00000196812,9085.0,3.986978,2.278665,1,9084.601302206516,ENSG00000196812
ENSG00000105137,9086.0,3.9867601,1.8780103,1,9085.601323992014,ENSG00000105137
ENSG00000169372,9087.0,3.9854937,2.2238243,1,9086.601450622082,ENSG00000169372
ENSG00000158301,9088.0,3.9853227,5.03028,1,9087.601467728617,ENSG00000158301
ENSG00000169515,9089.0,3.9852169,4.236963,1,9088.60147830844,ENSG00000169515
ENSG00000180035,9090.0,3.9811158,2.8556745,1,9089.601888418198,ENSG00000180035
ENSG00000177943,9091.0,3.980159,2.5969758,1,9090.601984083652,ENSG00000177943
ENSG00000172057,9092.0,3.97954,1.0142456,1,9091.602045983076,ENSG00000172057
ENSG00000181625,9093.0,3.9766078,1.7828841,1,9092.602339208126,ENSG00000181625
ENSG00000224259,9094.0,3.9757383,3.786489,1,9093.602426171305,ENSG00000224259
ENSG00000164463,9095.0,3.9749033,0.9305189,1,9094.60250967741,ENSG00000164463
ENSG00000110427,9096.0,3.9741073,5.6430554,1,9095.602589279411,ENSG00000110427
ENSG00000177311,9097.0,3.9707816,2.0449734,1,9096.602921843529,ENSG00000177311
ENSG00000172318,9098.0,3.9688637,8.590574,1,9097.603113621471,ENSG00000172318
ENSG00000165023,9099.0,3.9677546,2.5883586,1,9098.603224545715,ENSG00000165023
ENSG00000198185,9100.0,3.966663,4.3261085,1,9099.603333711624,ENSG00000198185
ENSG00000143546,9101.0,3.9627721,6.674158,1,9100.603722780945,S100A8
ENSG00000180773,9102.0,3.9605176,2.8125732,1,9101.603948235512,ENSG00000180773
ENSG00000138079,9103.0,3.958827,2.8104465,1,9102.604117304089,ENSG00000138079
ENSG00000118518,9104.0,3.9569578,2.3132281,1,9103.604304224253,ENSG00000118518
ENSG00000172146,9105.0,3.9568794,2.260316,1,9104.604312062263,ENSG00000172146
ENSG00000141744,9106.0,3.956384,5.973644,1,9105.604361593723,PNMT
ENSG00000094841,9107.0,3.9521391,1.5007831,1,9106.604786098003,ENSG00000094841
ENSG00000172421,9108.0,3.9497154,2.8845725,1,9107.605028450487,ENSG00000172421
ENSG00000100065,9109.0,3.9492586,4.15491,1,9108.60507413745,ENSG00000100065
ENSG00000134698,9110.0,3.9462376,0.83102566,1,9109.605376243591,ENSG00000134698
ENSG00000155530,9111.0,3.9346764,4.189398,1,9110.606532365084,ENSG00000155530
ENSG00000074211,9112.0,3.9337564,5.894202,1,9111.606624364853,ENSG00000074211
ENSG00000010282,9113.0,3.9332051,12.280728,1,9112.60667949915,HHATL
ENSG00000061656,9114.0,3.9321017,2.993356,1,9113.606789827349,ENSG00000061656
ENSG00000122335,9115.0,3.9309256,2.798187,1,9114.606907427313,ENSG00000122335
ENSG00000268895,9116.0,3.926993,1.113878,1,9115.607300698755,ENSG00000268895
ENSG00000109046,9117.0,3.9262183,11.624269,1,9116.607378184795,ENSG00000109046
ENSG00000178038,9118.0,3.9256759,1.5465511,1,9117.607432425022,ENSG00000178038
ENSG00000107984,9119.0,3.9253232,10.797377,1,9118.60746768117,DKK1
ENSG00000232931,9120.0,3.9223123,0.9396756,1,9119.607768774033,ENSG00000232931
ENSG00000077463,9121.0,3.9196951,1.9674523,1,9120.608030498028,ENSG00000077463
ENSG00000138669,9122.0,3.9191942,5.299325,1,9121.60808056593,ENSG00000138669
ENSG00000175315,9123.0,3.9173791,3.2095096,1,9122.608262091877,ENSG00000175315
ENSG00000180881,9124.0,3.9165413,2.711893,1,9123.608345866203,ENSG00000180881
ENSG00000229314,9125.0,3.915386,8.52187,1,9124.608461409807,ORM1
ENSG00000172932,9126.0,3.9153068,0.8453655,1,9125.608469307424,ENSG00000172932
ENSG00000136754,9127.0,3.9145355,1.0202336,1,9126.608546435831,ENSG00000136754
ENSG00000127666,9128.0,3.9144745,0.89704174,1,9127.608552545307,ENSG00000127666
ENSG00000171100,9129.0,3.913848,1.4244486,1,9128.608615219591,ENSG00000171100
ENSG00000162946,9130.0,3.9125643,2.9750574,1,9129.608743578196,ENSG00000162946
ENSG00000163312,9131.0,3.9123058,1.715162,1,9130.608769416807,ENSG00000163312
ENSG00000183250,9132.0,3.910404,3.4337213,1,9131.60895961523,ENSG00000183250
ENSG00000117010,9133.0,3.9100032,2.124201,1,9132.608999669552,ENSG00000117010
ENSG00000239523,9134.0,3.9093883,3.5340514,1,9133.609061181543,ENSG00000239523
ENSG00000037749,9135.0,3.909354,3.0767665,1,9134.609064608812,ENSG00000037749
ENSG00000149548,9136.0,3.9082165,2.9934642,1,9135.609178364277,ENSG00000149548
ENSG00000087903,9137.0,3.9060528,2.165831,1,9136.609394729136,ENSG00000087903
ENSG00000213886,9138.0,3.9050722,6.7190475,1,9137.609492778778,UBD
ENSG00000205464,9139.0,3.9046032,3.6724858,1,9138.609539687634,ENSG00000205464
ENSG00000105750,9140.0,3.9042635,0.7698794,1,9139.60957366228,ENSG00000105750
ENSG00000197046,9141.0,3.901455,3.867905,1,9140.609854519367,ENSG00000197046
ENSG00000102781,9142.0,3.9004881,1.0968946,1,9141.6099511981,ENSG00000102781
ENSG00000101670,9143.0,3.8994002,7.2132893,1,9142.610059976578,ENSG00000101670
ENSG00000124140,9144.0,3.8981643,3.32271,1,9143.610183566809,ENSG00000124140
ENSG00000141665,9145.0,3.8967302,3.5319386,1,9144.610326975584,ENSG00000141665
ENSG00000262001,9146.0,3.8932803,3.841994,1,9145.610671967268,ENSG00000262001
ENSG00000188243,9147.0,3.8902748,6.0712657,1,9146.61097252369,ENSG00000188243
ENSG00000214827,9148.0,3.8882756,5.555602,1,9147.611172437668,ENSG00000214827
ENSG00000228126,9149.0,3.888093,3.149459,1,9148.611190706491,ENSG00000228126
ENSG00000084453,9150.0,3.8863761,2.591982,1,9149.61136239767,ENSG00000084453
ENSG00000231106,9151.0,3.8861735,3.6611667,1,9150.61138266325,ENSG00000231106
ENSG00000267680,9152.0,3.8858082,1.6812586,1,9151.611419171097,ENSG00000267680
ENSG00000198756,9153.0,3.8852031,3.369109,1,9152.611479699612,ENSG00000198756
ENSG00000103005,9154.0,3.8850095,2.4206057,1,9153.61149904132,ENSG00000103005
ENSG00000146054,9155.0,3.884271,4.1969423,1,9154.611572921276,ENSG00000146054
ENSG00000124116,9156.0,3.8800223,3.0367815,1,9155.611997783184,ENSG00000124116
ENSG00000087085,9157.0,3.879049,3.1612022,1,9156.612095087768,ENSG00000087085
ENSG00000059728,9158.0,3.878023,0.64099526,1,9157.612197697164,ENSG00000059728
ENSG00000165805,9159.0,3.8779752,2.2667892,1,9158.612202465534,ENSG00000165805
ENSG00000225265,9160.0,3.8777509,5.9838715,1,9159.612224906685,ENSG00000225265
ENSG00000105647,9161.0,3.8766026,3.9721127,1,9160.612339735031,ENSG00000105647
ENSG00000054938,9162.0,3.875643,6.7554016,1,9161.61243569851,ENSG00000054938
ENSG00000138658,9163.0,3.875635,2.2875326,1,9162.612436503172,ENSG00000138658
ENSG00000104983,9164.0,3.8752477,1.5611122,1,9163.612475216389,ENSG00000104983
ENSG00000129680,9165.0,3.875051,1.0576541,1,9164.61249488592,ENSG00000129680
ENSG00000204179,9166.0,3.8738554,5.1294146,1,9165.61261445284,ENSG00000204179
ENSG00000103723,9167.0,3.8732662,2.751082,1,9166.61267337203,ENSG00000103723
ENSG00000137975,9168.0,3.8672187,7.723322,1,9167.613278120756,ENSG00000137975
ENSG00000188283,9169.0,3.8668544,1.4715682,1,9168.613314568996,ENSG00000188283
ENSG00000147162,9170.0,3.8646486,1.2948539,1,9169.613535135984,ENSG00000147162
ENSG00000165272,9171.0,3.8627167,3.2161965,1,9170.61372834444,ENSG00000165272
ENSG00000095539,9172.0,3.8597398,3.8380904,1,9171.614026010036,ENSG00000095539
ENSG00000185008,9173.0,3.856986,6.909002,1,9172.614301383495,ENSG00000185008
ENSG00000213780,9174.0,3.8473146,3.3775878,1,9173.61526852846,ENSG00000213780
ENSG00000156787,9175.0,3.8458858,1.7801988,1,9174.615411430595,ENSG00000156787
ENSG00000158806,9176.0,3.84522,4.521919,1,9175.615477979183,ENSG00000158806
ENSG00000145692,9177.0,3.840979,7.1523576,1,9176.615902096031,BHMT
ENSG00000166682,9178.0,3.8398178,10.065698,1,9177.616018235683,ENSG00000166682
ENSG00000176273,9179.0,3.8394973,4.0439124,1,9178.61605027318,ENSG00000176273
ENSG00000108515,9180.0,3.8390126,3.0737798,1,9179.616098731756,ENSG00000108515
ENSG00000090776,9181.0,3.8382318,2.362094,1,9180.61617681384,ENSG00000090776
ENSG00000080709,9182.0,3.8364718,6.869298,1,9181.616352826357,ENSG00000080709
ENSG00000167646,9183.0,3.835702,8.26934,1,9182.616429805756,ENSG00000167646
ENSG00000162783,9184.0,3.8345985,0.8930665,1,9183.616540133951,ENSG00000162783
ENSG00000134884,9185.0,3.8342612,2.6597667,1,9184.616573870182,ENSG00000134884
ENSG00000266904,9186.0,3.831653,1.3812152,1,9185.616834700108,ENSG00000266904
ENSG00000172409,9187.0,3.8316417,3.4579878,1,9186.616835832596,ENSG00000172409
ENSG00000235244,9188.0,3.8285675,1.3146077,1,9187.617143243551,ENSG00000235244
ENSG00000156384,9189.0,3.8278105,2.5552065,1,9188.61721894145,ENSG00000156384
ENSG00000091428,9190.0,3.827566,5.0663633,1,9189.617243409157,ENSG00000091428
ENSG00000224843,9191.0,3.8264635,8.577358,1,9190.617353647947,ENSG00000224843
ENSG00000129968,9192.0,3.823829,0.97808707,1,9191.617617100475,ENSG00000129968
ENSG00000112210,9193.0,3.8235056,2.6447446,1,9192.617649435995,ENSG00000112210
ENSG00000164077,9194.0,3.8232393,3.6274557,1,9193.617676079271,ENSG00000164077
ENSG00000179593,9195.0,3.8219156,2.854705,1,9194.617808431389,ENSG00000179593
ENSG00000101224,9196.0,3.8209176,1.7432433,1,9195.617908239365,ENSG00000101224
ENSG00000119725,9197.0,3.8200312,3.4748857,1,9196.617996871471,ENSG00000119725
ENSG00000198515,9198.0,3.8186166,3.8142502,1,9197.618138343096,ENSG00000198515
ENSG00000101412,9199.0,3.8162522,4.653969,1,9198.61837476492,ENSG00000101412
ENSG00000171827,9200.0,3.816089,1.4256641,1,9199.618391096592,ENSG00000171827
ENSG00000100302,9201.0,3.8145635,4.225344,1,9200.61854365468,ENSG00000100302
ENSG00000189164,9202.0,3.8136868,0.92498875,1,9201.61863130331,ENSG00000189164
ENSG00000079805,9203.0,3.8135283,0.50334436,1,9202.618647158146,ENSG00000079805
ENSG00000197050,9204.0,3.8130589,0.7380551,1,9203.618694126606,ENSG00000197050
ENSG00000078814,9205.0,3.8127255,2.3371782,1,9204.618727445602,ENSG00000078814
ENSG00000187626,9206.0,3.8124423,3.15648,1,9205.618755757809,ENSG00000187626
ENSG00000155495,9207.0,3.8113887,10.617887,1,9206.61886113882,ENSG00000155495
ENSG00000175426,9208.0,3.8072336,6.806944,1,9207.6192766428,PCSK1
ENSG00000003096,9209.0,3.8064647,8.438502,1,9208.619353532791,ENSG00000003096
ENSG00000168062,9210.0,3.8058739,3.759118,1,9209.619412600994,ENSG00000168062
ENSG00000155508,9211.0,3.8056173,2.5360894,1,9210.619438260794,ENSG00000155508
ENSG00000100362,9212.0,3.8001802,2.7805674,1,9211.619981974363,ENSG00000100362
ENSG00000103089,9213.0,3.7962162,4.9625473,1,9212.620378375052,ENSG00000103089
ENSG00000198837,9214.0,3.796117,0.7255585,1,9213.620388299229,ENSG00000198837
ENSG00000237877,9215.0,3.7943873,7.221919,1,9214.620561271906,ENSG00000237877
ENSG00000174586,9216.0,3.794229,2.738679,1,9215.62057709694,ENSG00000174586
ENSG00000100478,9217.0,3.7939827,0.6318172,1,9216.620601713656,ENSG00000100478
ENSG00000197619,9218.0,3.7927132,2.0400226,1,9217.62072867155,ENSG00000197619
ENSG00000183793,9219.0,3.7908368,4.2497644,1,9218.620916306973,ENSG00000183793
ENSG00000184232,9220.0,3.7882733,1.6492679,1,9219.62117266655,ENSG00000184232
ENSG00000143515,9221.0,3.7856164,1.3791115,1,9220.621438354254,ENSG00000143515
ENSG00000167182,9222.0,3.7818348,1.5348693,1,9221.621816515924,ENSG00000167182
ENSG00000185760,9223.0,3.7795508,4.540914,1,9222.62204492092,ENSG00000185760
ENSG00000166851,9224.0,3.7789311,4.135624,1,9223.62210687995,ENSG00000166851
ENSG00000187566,9225.0,3.7763333,2.5182674,1,9224.622366666794,ENSG00000187566
ENSG00000177181,9226.0,3.77432,2.9509044,1,9225.622568011284,ENSG00000177181
ENSG00000139323,9227.0,3.7699585,0.8685619,1,9226.62300413847,ENSG00000139323
ENSG00000170043,9228.0,3.7694602,2.7563422,1,9227.623053967953,ENSG00000170043
ENSG00000264575,9229.0,3.7685432,4.35577,1,9228.6231456697,ENSG00000264575
ENSG00000151414,9230.0,3.7684627,1.4779617,1,9229.623153746128,ENSG00000151414
ENSG00000180479,9231.0,3.7653513,2.8020751,1,9230.623464882374,ENSG00000180479
ENSG00000135537,9232.0,3.7615657,2.8026001,1,9231.623843431473,ENSG00000135537
ENSG00000166509,9233.0,3.7614179,12.455641,1,9232.623858213425,CLEC3A
ENSG00000149489,9234.0,3.7606282,3.5895119,1,9233.62393718958,ENSG00000149489
ENSG00000171903,9235.0,3.7598345,4.2824197,1,9234.624016553164,ENSG00000171903
ENSG00000116396,9236.0,3.7584114,4.1256747,1,9235.624158859251,ENSG00000116396
ENSG00000198841,9237.0,3.7582011,3.2358747,1,9236.624179899693,ENSG00000198841
ENSG00000205456,9238.0,3.7581608,10.01375,1,9237.624183923006,ENSG00000205456
ENSG00000241570,9239.0,3.7563143,2.2579367,1,9238.624368578196,ENSG00000241570
ENSG00000119782,9240.0,3.750995,3.8009083,1,9239.624900519848,ENSG00000119782
ENSG00000137441,9241.0,3.7502167,1.7907389,1,9240.624978333712,FGFBP2
ENSG00000157680,9242.0,3.748048,7.1197186,1,9241.625195205212,ENSG00000157680
ENSG00000186792,9243.0,3.747677,3.0167036,1,9242.6252322793,ENSG00000186792
ENSG00000187736,9244.0,3.7467687,4.3207836,1,9243.62532311678,ENSG00000187736
ENSG00000151689,9245.0,3.7466362,2.8004394,1,9244.625336378813,ENSG00000151689
ENSG00000100228,9246.0,3.7466342,2.4334283,1,9245.625336587427,ENSG00000100228
ENSG00000153404,9247.0,3.7434316,0.64189756,1,9246.625656843184,ENSG00000153404
ENSG00000163251,9248.0,3.7414424,4.920321,1,9247.625855743883,ENSG00000163251
ENSG00000159263,9249.0,3.74138,6.02257,1,9248.625862002373,ENSG00000159263
ENSG00000197915,9250.0,3.7412617,5.8248115,1,9249.625873833897,ENSG00000197915
ENSG00000223949,9251.0,3.7397046,3.66295,1,9250.62602955103,ENSG00000223949
ENSG00000236305,9252.0,3.7371094,6.3381577,1,9251.626289069653,ENSG00000236305
ENSG00000235903,9253.0,3.7368042,2.2784936,1,9252.62631958723,ENSG00000235903
ENSG00000080200,9254.0,3.734577,1.0771235,1,9253.626542299986,ENSG00000080200
ENSG00000157423,9255.0,3.7344956,5.0964036,1,9254.62655043602,ENSG00000157423
ENSG00000261115,9256.0,3.7340794,3.7888658,1,9255.626592069864,ENSG00000261115
ENSG00000133019,9257.0,3.7340024,2.6340468,1,9256.626599758863,ENSG00000133019
ENSG00000109618,9258.0,3.7338345,1.3946965,1,9257.626616537573,ENSG00000109618
ENSG00000122367,9259.0,3.7318575,3.9344451,1,9258.626814246178,ENSG00000122367
ENSG00000143494,9260.0,3.7309775,3.1488113,1,9259.626902252436,ENSG00000143494
ENSG00000175048,9261.0,3.7300084,2.062872,1,9260.626999169588,ENSG00000175048
ENSG00000250337,9262.0,3.7286875,8.425778,1,9261.62713125348,ENSG00000250337
ENSG00000004660,9263.0,3.728057,1.6882498,1,9262.627194315197,ENSG00000004660
ENSG00000100241,9264.0,3.7256036,1.4876406,1,9263.627439647911,ENSG00000100241
ENSG00000077585,9265.0,3.724574,3.4967406,1,9264.627542585136,ENSG00000077585
ENSG00000138032,9266.0,3.719339,0.5057074,1,9265.628066122532,ENSG00000138032
ENSG00000069188,9267.0,3.718326,2.6941798,1,9266.628167390823,ENSG00000069188
ENSG00000188763,9268.0,3.7178,10.370706,1,9267.628220021725,ENSG00000188763
ENSG00000142534,9269.0,3.7171433,64.25906,1,9268.62828567624,ENSG00000142534
ENSG00000002919,9270.0,3.7169046,2.478078,1,9269.6283095479,ENSG00000002919
ENSG00000181035,9271.0,3.7149057,1.0981075,1,9270.628509432076,ENSG00000181035
ENSG00000197165,9272.0,3.7127335,3.8086188,1,9271.628726661203,ENSG00000197165
ENSG00000242759,9273.0,3.7108889,4.9751115,1,9272.62891110778,ENSG00000242759
ENSG00000169598,9274.0,3.7102273,1.1593626,1,9273.628977268934,ENSG00000169598
ENSG00000225880,9275.0,3.7098734,2.1189966,1,9274.629012644293,ENSG00000225880
ENSG00000168491,9276.0,3.7088482,5.7282896,1,9275.62911516428,ENSG00000168491
ENSG00000172000,9277.0,3.7055278,2.2093782,1,9276.629447221756,ENSG00000172000
ENSG00000073464,9278.0,3.702534,4.1596675,1,9277.629746615889,ENSG00000073464
ENSG00000205593,9279.0,3.702208,1.4890411,1,9278.629779189823,ENSG00000205593
ENSG00000198353,9280.0,3.70199,2.0989664,1,9279.629801005123,ENSG00000198353
ENSG00000077063,9281.0,3.7009351,4.8459554,1,9280.629906475544,ENSG00000077063
ENSG00000262664,9282.0,3.6970818,2.5592833,1,9281.630291819572,ENSG00000262664
ENSG00000167552,9283.0,3.696538,28.475544,1,9282.63034620881,ENSG00000167552
ENSG00000158352,9284.0,3.6955228,2.8175359,1,9283.63044771552,ENSG00000158352
ENSG00000156219,9285.0,3.6953075,7.3894267,1,9284.6304692626,ENSG00000156219
ENSG00000245468,9286.0,3.694284,3.8142693,1,9285.630571603777,ENSG00000245468
ENSG00000221994,9287.0,3.693799,1.1245015,1,9286.630620092154,ENSG00000221994
ENSG00000150551,9288.0,3.6916358,4.364176,1,9287.630836427212,ENSG00000150551
ENSG00000168843,9289.0,3.6907852,12.917691,1,9288.63092148304,ENSG00000168843
ENSG00000187730,9290.0,3.6907446,2.5866547,1,9289.630925536156,ENSG00000187730
ENSG00000111802,9291.0,3.6905875,2.1913588,1,9290.63094124198,ENSG00000111802
ENSG00000179820,9292.0,3.6882,2.9417655,1,9291.631179988384,ENSG00000179820
ENSG00000176840,9293.0,3.6868176,9.217105,1,9292.631318241358,MIR7-3HG
ENSG00000153982,9294.0,3.686586,0.65380305,1,9293.631341397762,ENSG00000153982
ENSG00000132952,9295.0,3.684982,0.96684146,1,9294.63150179386,ENSG00000132952
ENSG00000170633,9296.0,3.6849303,1.5903881,1,9295.631506979464,ENSG00000170633
ENSG00000160207,9297.0,3.6848922,4.3498907,1,9296.631510794165,ENSG00000160207
ENSG00000188095,9298.0,3.683735,7.012305,1,9297.63162651658,ENSG00000188095
ENSG00000166925,9299.0,3.6827636,1.3617419,1,9298.63172364235,ENSG00000166925
ENSG00000135953,9300.0,3.682355,2.032919,1,9299.631764501331,ENSG00000135953
ENSG00000162775,9301.0,3.679324,1.072401,1,9300.632067620754,ENSG00000162775
ENSG00000167264,9302.0,3.6781392,3.0750237,1,9301.632186084986,ENSG00000167264
ENSG00000112335,9303.0,3.6767788,4.116708,1,9302.632322132587,ENSG00000112335
ENSG00000181004,9304.0,3.6765018,3.5151799,1,9303.632349818943,ENSG00000181004
ENSG00000160282,9305.0,3.676086,1.2822813,1,9304.632391393185,FTCD
ENSG00000119965,9306.0,3.673822,2.945521,1,9305.632617801428,ENSG00000119965
ENSG00000120837,9307.0,3.6731093,2.3895512,1,9306.63268905878,ENSG00000120837
ENSG00000142541,9308.0,3.672804,93.993195,1,9307.63271957636,ENSG00000142541
ENSG00000124920,9309.0,3.6716714,3.8531268,1,9308.632832854986,ENSG00000124920
ENSG00000175985,9310.0,3.671527,3.9040911,1,9309.632847309113,ENSG00000175985
ENSG00000113389,9311.0,3.6702895,3.7093627,1,9310.632971048355,ENSG00000113389
ENSG00000110046,9312.0,3.6695755,0.59152395,1,9311.63304245472,ENSG00000110046
ENSG00000176597,9313.0,3.6688094,1.5020567,1,9312.633119046688,ENSG00000176597
ENSG00000077327,9314.0,3.664791,3.7209988,1,9313.633520901203,ENSG00000077327
ENSG00000144354,9315.0,3.661177,2.7006629,1,9314.633882313969,ENSG00000144354
ENSG00000165914,9316.0,3.6607864,3.4570088,1,9315.633921355007,ENSG00000165914
ENSG00000151376,9317.0,3.659348,1.1658449,1,9316.63406521082,ENSG00000151376
ENSG00000174950,9318.0,3.6592598,9.667719,1,9317.634074032308,ENSG00000174950
ENSG00000140326,9319.0,3.658007,2.238062,1,9318.63419932127,ENSG00000140326
ENSG00000109790,9320.0,3.6563933,0.54958975,1,9319.634360671043,ENSG00000109790
ENSG00000233429,9321.0,3.653471,2.2785122,1,9320.634652912617,ENSG00000233429
ENSG00000183060,9322.0,3.6526954,2.0494826,1,9321.63473045826,ENSG00000183060
ENSG00000227258,9323.0,3.6454983,3.6243114,1,9322.635450184343,ENSG00000227258
ENSG00000141956,9324.0,3.6441283,1.3628976,1,9323.63558715582,ENSG00000141956
ENSG00000149177,9325.0,3.6429183,1.5750661,1,9324.635708153248,ENSG00000149177
ENSG00000147100,9326.0,3.6415164,3.7382772,1,9325.635848343372,ENSG00000147100
ENSG00000184343,9327.0,3.6383946,7.0458603,1,9326.636160552502,ENSG00000184343
ENSG00000198075,9328.0,3.637785,6.74808,1,9327.636221498253,ENSG00000198075
ENSG00000112964,9329.0,3.636925,2.1933198,1,9328.636307507752,ENSG00000112964
ENSG00000138759,9330.0,3.6367838,4.905697,1,9329.636321604252,ENSG00000138759
ENSG00000152527,9331.0,3.6364713,2.3451622,1,9330.636352866888,ENSG00000152527
ENSG00000234494,9332.0,3.635585,5.8039327,1,9331.636441498997,ENSG00000234494
ENSG00000177932,9333.0,3.6329322,2.4194596,1,9332.636706769466,ENSG00000177932
ENSG00000114270,9334.0,3.632167,3.1161587,1,9333.63678330183,ENSG00000114270
ENSG00000139970,9335.0,3.6298265,3.2657032,1,9334.637017339468,ENSG00000139970
ENSG00000135045,9336.0,3.6284184,1.7843685,1,9335.63715815544,ENSG00000135045
ENSG00000148459,9337.0,3.626515,1.612084,1,9336.637348502874,ENSG00000148459
ENSG00000094963,9338.0,3.624057,3.9955416,1,9337.637594282627,FMO2
ENSG00000141642,9339.0,3.6229348,2.2710743,1,9338.637706518171,ENSG00000141642
ENSG00000180071,9340.0,3.6198218,2.0283926,1,9339.638017833233,ENSG00000180071
ENSG00000171311,9341.0,3.6194108,1.9837664,1,9340.638058930635,ENSG00000171311
ENSG00000128242,9342.0,3.6188104,7.8811965,1,9341.638118952513,GAL3ST1
ENSG00000196456,9343.0,3.617737,2.7004416,1,9342.638226300478,ENSG00000196456
ENSG00000185112,9344.0,3.616194,2.611358,1,9343.6383805871,ENSG00000185112
ENSG00000057593,9345.0,3.6159058,8.130884,1,9344.638409435747,ENSG00000057593
ENSG00000198797,9346.0,3.6142998,12.267138,1,9345.638570010662,ENSG00000198797
ENSG00000081014,9347.0,3.6130943,1.0608243,1,9346.638690561056,ENSG00000081014
ENSG00000101222,9348.0,3.6101153,9.667995,1,9347.63898846507,ENSG00000101222
ENSG00000076555,9349.0,3.6092432,1.748344,1,9348.639075696468,ENSG00000076555
ENSG00000196391,9350.0,3.6083193,4.364434,1,9349.639168083668,ENSG00000196391
ENSG00000149557,9351.0,3.6078744,5.0120754,1,9350.639212548733,ENSG00000149557
ENSG00000062370,9352.0,3.606759,7.35191,1,9351.639324098824,ENSG00000062370
ENSG00000130829,9353.0,3.605227,10.636321,1,9352.639477312565,ENSG00000130829
ENSG00000108830,9354.0,3.6043644,4.9806314,1,9353.639563560486,ENSG00000108830
ENSG00000137135,9355.0,3.6042264,0.7418985,1,9354.63957735896,ENSG00000137135
ENSG00000050767,9356.0,3.6027596,4.123099,1,9355.639724045992,COL23A1
ENSG00000130589,9357.0,3.601271,2.506087,1,9356.639872908592,ENSG00000130589
ENSG00000176476,9358.0,3.6005871,1.6069323,1,9357.63994127512,ENSG00000176476
ENSG00000167754,9359.0,3.6001012,5.260969,1,9358.639989882708,KLK5
ENSG00000266714,9360.0,3.5981548,1.4917178,1,9359.640184521675,ENSG00000266714
ENSG00000226091,9361.0,3.5954664,3.8278148,1,9360.640453368424,ENSG00000226091
ENSG00000141040,9362.0,3.5947943,2.7207234,1,9361.640520572662,ENSG00000141040
ENSG00000280670,9363.0,3.5944815,3.008301,1,9362.6405518651,ENSG00000280670
ENSG00000168286,9364.0,3.5908213,0.8689659,1,9363.640917867422,ENSG00000168286
ENSG00000182318,9365.0,3.588272,1.6972594,1,9364.641172796488,ENSG00000182318
ENSG00000172828,9366.0,3.5870225,0.7877653,1,9365.641297757626,ENSG00000172828
ENSG00000109771,9367.0,3.5867193,3.0968857,1,9366.641328066587,ENSG00000109771
ENSG00000254109,9368.0,3.5862818,8.221635,1,9367.641371816397,ENSG00000254109
ENSG00000088543,9369.0,3.5848489,1.6794829,1,9368.641515105965,ENSG00000088543
ENSG00000169951,9370.0,3.5833523,1.4923425,1,9369.641664773226,ENSG00000169951
ENSG00000228630,9371.0,3.5831032,10.21338,1,9370.641689687967,ENSG00000228630
ENSG00000269743,9372.0,3.5830717,1.2994987,1,9371.641692817211,ENSG00000269743
ENSG00000108381,9373.0,3.5821576,8.194775,1,9372.641784250736,ENSG00000108381
ENSG00000186300,9374.0,3.5809474,1.9331607,1,9373.641905248163,ENSG00000186300
ENSG00000099994,9375.0,3.580479,3.6790507,1,9374.641952097416,ENSG00000099994
ENSG00000187243,9376.0,3.5784838,9.110537,1,9375.642151623964,ENSG00000187243
ENSG00000121653,9377.0,3.5777013,2.1500435,1,9376.64222985506,ENSG00000121653
ENSG00000066279,9378.0,3.5776331,3.5884652,1,9377.642236679792,ENSG00000066279
ENSG00000234380,9379.0,3.5776281,1.8454415,1,9378.642237186432,ENSG00000234380
ENSG00000111490,9380.0,3.5755768,1.40752,1,9379.642442315817,ENSG00000111490
ENSG00000106327,9381.0,3.5712938,2.4007626,1,9380.642870604992,ENSG00000106327
ENSG00000175928,9382.0,3.5708816,4.320176,1,9381.642911851406,ENSG00000175928
ENSG00000170085,9383.0,3.5698636,2.2795548,1,9382.64301365614,ENSG00000170085
ENSG00000171448,9384.0,3.5693374,2.1844518,1,9383.643066257238,ENSG00000171448
ENSG00000154269,9385.0,3.5686567,5.712783,1,9384.643134325745,ENPP3
ENSG00000189280,9386.0,3.564808,12.410936,1,9385.643519222736,ENSG00000189280
ENSG00000261359,9387.0,3.5647974,3.608648,1,9386.643520265818,ENSG00000261359
ENSG00000178852,9388.0,3.563225,2.4854405,1,9387.64367750287,ENSG00000178852
ENSG00000117425,9389.0,3.5625894,2.9961042,1,9388.643741071224,ENSG00000117425
ENSG00000118997,9390.0,3.5623722,4.0551863,1,9389.643762767317,ENSG00000118997
ENSG00000235865,9391.0,3.5623152,7.4429064,1,9390.64376848936,ENSG00000235865
ENSG00000116525,9392.0,3.5616534,1.0868788,1,9391.643834650517,ENSG00000116525
ENSG00000077935,9393.0,3.5581656,7.5119443,1,9392.644183456898,ENSG00000077935
ENSG00000079931,9394.0,3.5545046,7.238977,1,9393.644549548626,ENSG00000079931
ENSG00000091136,9395.0,3.5532687,4.685804,1,9394.644673138857,ENSG00000091136
ENSG00000154188,9396.0,3.5506186,6.3757915,1,9395.644938141108,ENSG00000154188
ENSG00000185272,9397.0,3.5482357,1.8884318,1,9396.645176440476,ENSG00000185272
ENSG00000204524,9398.0,3.5482128,1.4875008,1,9397.645178735256,ENSG00000204524
ENSG00000124459,9399.0,3.5417428,1.7791399,1,9398.645825713871,ENSG00000124459
ENSG00000163607,9400.0,3.5409746,2.7500086,1,9399.64590254426,ENSG00000163607
ENSG00000128602,9401.0,3.5390072,3.5181193,1,9400.64609926939,ENSG00000128602
ENSG00000109072,9402.0,3.5388665,6.561025,1,9401.646113336086,VTN
ENSG00000131398,9403.0,3.5370202,3.3337502,1,9402.646297991276,ENSG00000131398
ENSG00000170222,9404.0,3.53616,3.044357,1,9403.646384000778,ENSG00000170222
ENSG00000175591,9405.0,3.5358973,3.576422,1,9404.646410286428,ENSG00000175591
ENSG00000188827,9406.0,3.5319417,0.9714833,1,9405.64680582285,ENSG00000188827
ENSG00000112305,9407.0,3.5291917,1.6330279,1,9406.64708083868,ENSG00000112305
ENSG00000215018,9408.0,3.5285985,3.9001563,1,9407.647140145302,ENSG00000215018
ENSG00000228278,9409.0,3.5273228,7.0433693,1,9408.647267729044,ORM2
ENSG00000149679,9410.0,3.5260499,2.6251328,1,9409.647395014765,ENSG00000149679
ENSG00000104154,9411.0,3.5257926,2.1041496,1,9410.647420734167,ENSG00000104154
ENSG00000141294,9412.0,3.5244384,4.553978,1,9411.64755615592,ENSG00000141294
ENSG00000100031,9413.0,3.5240626,0.5748407,1,9412.647593736649,ENSG00000100031
ENSG00000169087,9414.0,3.523859,2.5185037,1,9413.647614091637,ENSG00000169087
ENSG00000197111,9415.0,3.5233383,10.795876,1,9414.647666156292,ENSG00000197111
ENSG00000251209,9416.0,3.520101,2.6192026,1,9415.64798989892,ENSG00000251209
ENSG00000169629,9417.0,3.5171115,2.0217452,1,9416.648288846016,ENSG00000169629
ENSG00000155393,9418.0,3.5159874,1.7337059,1,9417.648401260376,ENSG00000155393
ENSG00000090238,9419.0,3.5139017,1.108231,1,9418.648609817028,ENSG00000090238
ENSG00000259462,9420.0,3.512934,2.6449227,1,9419.648706614971,ENSG00000259462
ENSG00000086061,9421.0,3.512811,17.226555,1,9420.648718893528,ENSG00000086061
ENSG00000068383,9422.0,3.5109556,3.2207434,1,9421.648904442787,ENSG00000068383
ENSG00000143882,9423.0,3.509219,3.0872192,1,9422.64907810092,ENSG00000143882
ENSG00000280081,9424.0,3.5066025,12.248471,1,9423.649339735508,ENSG00000280081
ENSG00000130518,9425.0,3.5047648,2.2449517,1,9424.64952352643,ENSG00000130518
ENSG00000160181,9426.0,3.5046103,6.5896034,1,9425.649538964031,TFF2
ENSG00000234771,9427.0,3.4996588,2.3442023,1,9426.65003412962,ENSG00000234771
ENSG00000124260,9428.0,3.4984066,7.644235,1,9427.650159329176,ENSG00000124260
ENSG00000065320,9429.0,3.4983482,3.6264732,1,9428.650165170431,ENSG00000065320
ENSG00000204382,9430.0,3.4980361,14.063037,1,9429.650196373464,ENSG00000204382
ENSG00000268902,9431.0,3.4974902,15.682821,1,9430.650250971315,ENSG00000268902
ENSG00000198959,9432.0,3.4971685,2.2788827,1,9431.650283157824,ENSG00000198959
ENSG00000152380,9433.0,3.4927528,5.56739,1,9432.650724709034,ENSG00000152380
ENSG00000219200,9434.0,3.4923918,15.1040945,1,9433.650760829449,ENSG00000219200
ENSG00000196689,9435.0,3.4922137,0.6222779,1,9434.650778621435,ENSG00000196689
ENSG00000112425,9436.0,3.490367,5.530389,1,9435.650963306429,ENSG00000112425
ENSG00000167889,9437.0,3.4903338,5.6595306,1,9436.650966614485,ENSG00000167889
ENSG00000240694,9438.0,3.4887047,1.7842687,1,9437.65112954378,ENSG00000240694
ENSG00000267060,9439.0,3.48855,2.0504503,1,9438.651145011188,ENSG00000267060
ENSG00000173285,9440.0,3.487696,2.5052316,1,9439.65123039484,ENSG00000173285
ENSG00000056277,9441.0,3.487644,1.5739307,1,9440.651235610248,ENSG00000056277
ENSG00000240498,9442.0,3.485543,2.601686,1,9441.651445686815,ENSG00000240498
ENSG00000124713,9443.0,3.4854646,3.4455626,1,9442.65145355463,ENSG00000124713
ENSG00000136367,9444.0,3.4851975,2.9041061,1,9443.651480257511,ENSG00000136367
ENSG00000225855,9445.0,3.4839337,3.3909774,1,9444.651606619358,ENSG00000225855
ENSG00000135148,9446.0,3.4831848,1.5183305,1,9445.651681512594,ENSG00000135148
ENSG00000258754,9447.0,3.4812908,9.954874,1,9446.651870906351,ENSG00000258754
ENSG00000176399,9448.0,3.4812427,7.89324,1,9447.65187573433,ENSG00000176399
ENSG00000273061,9449.0,3.4807262,2.4129014,1,9448.651927381754,ENSG00000273061
ENSG00000123570,9450.0,3.4805954,3.2126858,1,9449.651940464972,ENSG00000123570
ENSG00000118496,9451.0,3.480537,1.7401639,1,9450.651946306229,ENSG00000118496
ENSG00000144868,9452.0,3.4797192,4.921208,1,9451.6520280838,ENSG00000144868
ENSG00000109794,9453.0,3.4781663,4.423651,1,9452.6521833539,ENSG00000109794
ENSG00000079308,9454.0,3.4773402,8.4962845,1,9453.65226596594,ENSG00000079308
ENSG00000183072,9455.0,3.4748983,5.8492126,1,9454.652510166168,ENSG00000183072
ENSG00000135083,9456.0,3.474114,3.3788028,1,9455.65258860588,ENSG00000135083
ENSG00000005189,9457.0,3.4729297,3.3953137,1,9456.65270704031,ENSG00000005189
ENSG00000227110,9458.0,3.470447,4.7470484,1,9457.652955293655,ENSG00000227110
ENSG00000134873,9459.0,3.4690063,2.9040833,1,9458.653099358082,CLDN10
ENSG00000170523,9460.0,3.467679,6.1146665,1,9459.653232097626,KRT83
ENSG00000130522,9461.0,3.4664197,1.7458858,1,9460.65335804224,ENSG00000130522
ENSG00000237289,9462.0,3.4662886,10.97842,1,9461.653371155262,ENSG00000237289
ENSG00000146856,9463.0,3.4629283,3.4318206,1,9462.653707176449,ENSG00000146856
ENSG00000111052,9464.0,3.4620724,3.2563484,1,9463.653792768717,ENSG00000111052
ENSG00000260852,9465.0,3.460198,1.1372805,1,9464.653980195522,ENSG00000260852
ENSG00000127334,9466.0,3.4592664,1.956563,1,9465.654073357582,ENSG00000127334
ENSG00000163631,9467.0,3.4559667,11.531437,1,9466.654403328896,ALB
ENSG00000205913,9468.0,3.4520793,0.9217897,1,9467.654792070389,ENSG00000205913
ENSG00000168005,9469.0,3.4516153,3.7107522,1,9468.654838472605,ENSG00000168005
ENSG00000166415,9470.0,3.4498284,3.9195323,1,9469.65501716733,ENSG00000166415
ENSG00000151025,9471.0,3.4488292,8.9262,1,9470.655117094517,ENSG00000151025
ENSG00000119703,9472.0,3.4486442,4.3107777,1,9471.655135571957,ENSG00000119703
ENSG00000170837,9473.0,3.4483116,4.3222437,1,9472.655168831348,ENSG00000170837
ENSG00000177469,9474.0,3.4474695,0.51885474,1,9473.655253052711,CAVIN1
ENSG00000165816,9475.0,3.4468281,1.0288305,1,9474.65531718731,ENSG00000165816
ENSG00000166484,9476.0,3.4460568,2.2721488,1,9475.65539431572,ENSG00000166484
ENSG00000275111,9477.0,3.445538,2.8194315,1,9476.655446201565,ENSG00000275111
ENSG00000123096,9478.0,3.444486,1.3695076,1,9477.65555140376,ENSG00000123096
ENSG00000103642,9479.0,3.4422338,1.0142348,1,9478.655776619911,ENSG00000103642
ENSG00000198089,9480.0,3.4412963,1.7725586,1,9479.655870378016,ENSG00000198089
ENSG00000177993,9481.0,3.4390187,1.0807849,1,9480.656098127363,ENSG00000177993
ENSG00000130449,9482.0,3.437166,1.19704,1,9481.656283408403,ENSG00000130449
ENSG00000145451,9483.0,3.436427,6.297164,1,9482.65635728836,ENSG00000145451
ENSG00000115380,9484.0,3.4362185,1.6140946,1,9483.656378149986,ENSG00000115380
ENSG00000160447,9485.0,3.436211,2.867223,1,9484.656378895044,ENSG00000160447
ENSG00000145723,9486.0,3.4347541,1.6568716,1,9485.656524598598,ENSG00000145723
ENSG00000225526,9487.0,3.434292,6.946676,1,9486.656570792198,ENSG00000225526
ENSG00000253187,9488.0,3.4332716,3.7708473,1,9487.65667283535,ENSG00000253187
ENSG00000126550,9489.0,3.4317303,11.998446,1,9488.65682697296,ENSG00000126550
ENSG00000095485,9490.0,3.431047,1.2260703,1,9489.656895309688,ENSG00000095485
ENSG00000140022,9491.0,3.4280303,1.4591029,1,9490.657196968794,ENSG00000140022
ENSG00000130988,9492.0,3.4248686,4.0612655,1,9491.657513141632,ENSG00000130988
ENSG00000164086,9493.0,3.4236693,2.3421597,1,9492.657633066176,ENSG00000164086
ENSG00000223839,9494.0,3.4181566,4.1811905,1,9493.658184349537,ENSG00000223839
ENSG00000185670,9495.0,3.4180744,1.2916021,1,9494.658192574978,ENSG00000185670
ENSG00000167528,9496.0,3.4179494,1.4301268,1,9495.658205062153,ENSG00000167528
ENSG00000243479,9497.0,3.4168391,9.601165,1,9496.658316075802,ENSG00000243479
ENSG00000173705,9498.0,3.4155269,5.3441253,1,9497.65844732523,ENSG00000173705
ENSG00000281332,9499.0,3.4141436,5.85518,1,9498.658585637808,ENSG00000281332
ENSG00000174808,9500.0,3.4136224,7.012161,1,9499.65863776207,ENSG00000174808
ENSG00000241945,9501.0,3.4135385,3.2251034,1,9500.658646166325,ENSG00000241945
ENSG00000267065,9502.0,3.4120317,3.323752,1,9501.658796846868,ENSG00000267065
ENSG00000181785,9503.0,3.4106123,2.5332484,1,9502.658938765526,ENSG00000181785
ENSG00000160404,9504.0,3.4091916,1.2633015,1,9503.659080833197,ENSG00000160404
ENSG00000196911,9505.0,3.406269,1.2163038,1,9504.659373104572,ENSG00000196911
ENSG00000086289,9506.0,3.4061449,4.1244373,1,9505.659385502338,ENSG00000086289
ENSG00000176887,9507.0,3.4058113,7.674001,1,9506.65941888094,ENSG00000176887
ENSG00000181016,9508.0,3.4042978,4.3319793,1,9507.659570217133,ENSG00000181016
ENSG00000188234,9509.0,3.4035633,1.5346336,1,9508.659643679855,ENSG00000188234
ENSG00000005243,9510.0,3.3974433,3.9651835,1,9509.660255670547,ENSG00000005243
ENSG00000099960,9511.0,3.3965573,7.798001,1,9510.660344272852,ENSG00000099960
ENSG00000161800,9512.0,3.395746,2.2549155,1,9511.660425394772,ENSG00000161800
ENSG00000215472,9513.0,3.394451,3.9286268,1,9512.660554915668,ENSG00000215472
ENSG00000197361,9514.0,3.3939312,2.467605,1,9513.660606890917,ENSG00000197361
ENSG00000197808,9515.0,3.3912742,1.5920033,1,9514.66087257862,ENSG00000197808
ENSG00000203506,9516.0,3.3902001,2.764665,1,9515.66097998619,ENSG00000203506
ENSG00000186130,9517.0,3.3879814,1.0717977,1,9516.66120186448,ENSG00000186130
ENSG00000033100,9518.0,3.3874876,1.0737373,1,9517.66125124693,ENSG00000033100
ENSG00000109576,9519.0,3.3873937,7.094941,1,9518.66126063466,ENSG00000109576
ENSG00000105173,9520.0,3.3873246,4.35723,1,9519.6612675488,ENSG00000105173
ENSG00000106804,9521.0,3.3857825,2.3588438,1,9520.661421746016,ENSG00000106804
ENSG00000014138,9522.0,3.3844001,2.4121637,1,9521.66155999899,ENSG00000014138
ENSG00000135917,9523.0,3.3841732,2.3465736,1,9522.661582678556,ENSG00000135917
ENSG00000163467,9524.0,3.3837206,4.039976,1,9523.661627948284,ENSG00000163467
ENSG00000179455,9525.0,3.3815808,4.490089,1,9524.66184192896,ENSG00000179455
ENSG00000180370,9526.0,3.3807888,1.4184762,1,9525.66192111373,ENSG00000180370
ENSG00000121236,9527.0,3.3787286,3.9299738,1,9526.662127137184,ENSG00000121236
ENSG00000164002,9528.0,3.3783398,0.90981376,1,9527.662166029217,ENSG00000164002
ENSG00000246922,9529.0,3.376446,2.3723452,1,9528.662355393171,ENSG00000246922
ENSG00000184206,9530.0,3.3759718,3.1154478,1,9529.662402808666,ENSG00000184206
ENSG00000182983,9531.0,3.3713593,1.6369432,1,9530.66286405921,ENSG00000182983
ENSG00000160229,9532.0,3.371181,0.83556926,1,9531.6628819108,ENSG00000160229
ENSG00000198924,9533.0,3.369011,2.4651475,1,9532.66309890151,ENSG00000198924
ENSG00000155974,9534.0,3.3659918,4.250844,1,9533.663400828838,ENSG00000155974
ENSG00000145832,9535.0,3.3647764,7.7017503,1,9534.663522362707,ENSG00000145832
ENSG00000158639,9536.0,3.3641748,8.797234,1,9535.663582503796,ENSG00000158639
ENSG00000174514,9537.0,3.3640738,1.4464178,1,9536.663592636583,ENSG00000174514
ENSG00000224652,9538.0,3.3639698,5.898938,1,9537.663603007792,ENSG00000224652
ENSG00000154237,9539.0,3.3633957,1.4191728,1,9538.663660436869,ENSG00000154237
ENSG00000286112,9540.0,3.3618019,2.7728503,1,9539.663819819689,ENSG00000286112
ENSG00000169862,9541.0,3.360271,7.0064845,1,9540.66397291422,ENSG00000169862
ENSG00000225321,9542.0,3.3568025,2.5764642,1,9541.664319753649,ENSG00000225321
ENSG00000277149,9543.0,3.3555658,2.63246,1,9542.664443433285,ENSG00000277149
ENSG00000215808,9544.0,3.351089,6.5223794,1,9543.66489109397,ENSG00000215808
ENSG00000213551,9545.0,3.3486211,2.0857196,1,9544.665137887,ENSG00000213551
ENSG00000170537,9546.0,3.3481464,1.3179175,1,9545.6651853621,ENSG00000170537
ENSG00000249550,9547.0,3.3478951,6.123557,1,9546.665210485458,ENSG00000249550
ENSG00000082126,9548.0,3.347666,3.9025738,1,9547.665233403444,ENSG00000082126
ENSG00000158423,9549.0,3.3466566,5.668037,1,9548.66533434391,ENSG00000158423
ENSG00000178187,9550.0,3.3464649,4.117722,1,9549.665353506804,ENSG00000178187
ENSG00000224020,9551.0,3.3451977,5.3586164,1,9550.665480226278,ENSG00000224020
ENSG00000185046,9552.0,3.3420846,3.2067294,1,9551.665791541338,ENSG00000185046
ENSG00000197776,9553.0,3.3416696,2.5006657,1,9552.665833055971,ENSG00000197776
ENSG00000148175,9554.0,3.338973,5.283995,1,9553.666102707386,ENSG00000148175
ENSG00000118655,9555.0,3.3371367,3.4511833,1,9554.666286319494,ENSG00000118655
ENSG00000242516,9556.0,3.3370512,4.826427,1,9555.66629487276,ENSG00000242516
ENSG00000268606,9557.0,3.336274,15.759493,1,9556.666372597218,ENSG00000268606
ENSG00000153446,9558.0,3.3345325,3.8259404,1,9557.66654676199,ENSG00000153446
ENSG00000136108,9559.0,3.3340282,1.7729418,1,9558.66659718752,ENSG00000136108
ENSG00000007402,9560.0,3.3327844,2.572397,1,9559.66672155261,ENSG00000007402
ENSG00000167065,9561.0,3.3327584,0.919824,1,9560.666724145412,ENSG00000167065
ENSG00000187642,9562.0,3.331461,6.6777725,1,9561.666853904724,ENSG00000187642
ENSG00000127364,9563.0,3.3301623,2.3560452,1,9562.666983783243,ENSG00000127364
ENSG00000185985,9564.0,3.3286338,8.830139,1,9563.667136609554,ENSG00000185985
ENSG00000232415,9565.0,3.3285213,6.1030693,1,9564.667147874832,ENSG00000232415
ENSG00000165626,9566.0,3.326589,3.1088712,1,9565.667341083288,ENSG00000165626
ENSG00000179476,9567.0,3.3243513,1.7291017,1,9566.667564868929,ENSG00000179476
ENSG00000103174,9568.0,3.3239803,2.0569415,1,9567.667601972818,ENSG00000103174
ENSG00000213901,9569.0,3.3238332,3.8005266,1,9568.667616665363,ENSG00000213901
ENSG00000088305,9570.0,3.3234372,6.050261,1,9569.66765627265,ENSG00000088305
ENSG00000011052,9571.0,3.3228798,5.213092,1,9570.667712032797,ENSG00000011052
ENSG00000155754,9572.0,3.3200667,9.348537,1,9571.667993336916,ENSG00000155754
ENSG00000237187,9573.0,3.3190763,3.7381227,1,9572.668092370031,ENSG00000237187
ENSG00000153060,9574.0,3.3179803,13.764479,1,9573.668201982977,ENSG00000153060
ENSG00000138468,9575.0,3.3161452,1.3288285,1,9574.668385475874,ENSG00000138468
ENSG00000116985,9576.0,3.3132262,4.0579424,1,9575.668677389622,ENSG00000116985
ENSG00000279094,9577.0,3.3122725,5.4214563,1,9576.668772757052,ENSG00000279094
ENSG00000154640,9578.0,3.311855,5.3234067,1,9577.668814480305,ENSG00000154640
ENSG00000177125,9579.0,3.3066452,2.5565364,1,9578.669335484505,ENSG00000177125
ENSG00000108309,9580.0,3.305856,3.958452,1,9579.669414401054,ENSG00000108309
ENSG00000160908,9581.0,3.2997959,1.644915,1,9580.670020401478,ENSG00000160908
ENSG00000186094,9582.0,3.2964468,7.3765817,1,9581.670355319977,ENSG00000186094
ENSG00000236882,9583.0,3.2952304,3.3308406,1,9582.670476973057,ENSG00000236882
ENSG00000082293,9584.0,3.2941985,1.1065698,1,9583.670580148697,ENSG00000082293
ENSG00000099866,9585.0,3.2869627,3.0753663,1,9584.671303719282,ENSG00000099866
ENSG00000123364,9586.0,3.2868135,9.864759,1,9585.671318650246,ENSG00000123364
ENSG00000148426,9587.0,3.2861023,3.585352,1,9586.671389758589,ENSG00000148426
ENSG00000080007,9588.0,3.2856665,4.7988358,1,9587.671433359385,ENSG00000080007
ENSG00000160712,9589.0,3.2854073,2.93438,1,9588.671459257605,ENSG00000160712
ENSG00000134690,9590.0,3.2853072,2.2064438,1,9589.671469271185,ENSG00000134690
ENSG00000164074,9591.0,3.2833493,0.7339524,1,9590.67166507244,ENSG00000164074
ENSG00000074855,9592.0,3.282534,2.2456486,1,9591.671746611595,ENSG00000074855
ENSG00000224238,9593.0,3.2822852,2.2037024,1,9592.671771466732,ENSG00000224238
ENSG00000244041,9594.0,3.279654,2.1359792,1,9593.672034591436,ENSG00000244041
ENSG00000231908,9595.0,3.2796056,4.543922,1,9594.672039449217,ENSG00000231908
ENSG00000048540,9596.0,3.2787378,6.0636363,1,9595.672126233578,ENSG00000048540
ENSG00000186088,9597.0,3.2786517,1.2526405,1,9596.672134816648,ENSG00000186088
ENSG00000169758,9598.0,3.2783794,2.6819751,1,9597.67216205597,ENSG00000169758
ENSG00000093009,9599.0,3.2778015,3.365012,1,9598.672219842672,ENSG00000093009
ENSG00000187546,9600.0,3.2761881,4.347777,1,9599.672381192446,ENSG00000187546
ENSG00000179528,9601.0,3.2761717,3.8031085,1,9600.672382831572,ENSG00000179528
ENSG00000259343,9602.0,3.27592,6.099635,1,9601.672408014536,ENSG00000259343
ENSG00000169258,9603.0,3.2755895,4.7143903,1,9602.672441065311,ENSG00000169258
ENSG00000156284,9604.0,3.2734218,8.709418,1,9603.672657817602,ENSG00000156284
ENSG00000066248,9605.0,3.2720573,4.7264853,1,9604.672794282436,ENSG00000066248
ENSG00000280623,9606.0,3.2704349,4.525121,1,9605.67295652628,ENSG00000280623
ENSG00000123843,9607.0,3.2694967,3.8126981,1,9606.67305034399,ENSG00000123843
ENSG00000105982,9608.0,3.2680697,2.5540845,1,9607.67319303751,ENSG00000105982
ENSG00000150773,9609.0,3.267493,5.65326,1,9608.673250705004,ENSG00000150773
ENSG00000167377,9610.0,3.2673612,3.0133772,1,9609.67326387763,ENSG00000167377
ENSG00000230797,9611.0,3.2661722,4.6333227,1,9610.673382788897,ENSG00000230797
ENSG00000197372,9612.0,3.2659376,0.5658772,1,9611.673406243324,ENSG00000197372
ENSG00000138400,9613.0,3.2656806,6.870916,1,9612.673431932926,ENSG00000138400
ENSG00000100027,9614.0,3.2648141,0.8641063,1,9613.67351859808,ENSG00000100027
ENSG00000233927,9615.0,3.2644844,81.30443,1,9614.673551559448,ENSG00000233927
ENSG00000226200,9616.0,3.2639596,2.8909113,1,9615.673604041338,ENSG00000226200
ENSG00000154548,9617.0,3.2608967,2.8866286,1,9616.673910319803,ENSG00000154548
ENSG00000076382,9618.0,3.256316,4.229612,1,9617.674368411304,ENSG00000076382
ENSG00000163719,9619.0,3.252371,2.8333776,1,9618.674762904644,ENSG00000163719
ENSG00000168502,9620.0,3.2521384,3.8202085,1,9619.674786150455,ENSG00000168502
ENSG00000157881,9621.0,3.2486932,1.382294,1,9620.675130665302,ENSG00000157881
ENSG00000100147,9622.0,3.2486796,2.4584563,1,9621.67513203621,ENSG00000100147
ENSG00000174842,9623.0,3.248517,2.0160134,1,9622.675148308275,ENSG00000174842
ENSG00000260691,9624.0,3.2484612,6.020972,1,9623.675153881311,ENSG00000260691
ENSG00000154134,9625.0,3.2469404,2.763433,1,9624.675305962564,ENSG00000154134
ENSG00000138107,9626.0,3.246487,3.6451802,1,9625.675351321695,ENSG00000138107
ENSG00000154545,9627.0,3.245785,8.389982,1,9626.675421506166,ENSG00000154545
ENSG00000083067,9628.0,3.2447374,5.8166533,1,9627.67552626133,ENSG00000083067
ENSG00000267280,9629.0,3.2434852,3.8622952,1,9628.675651490688,ENSG00000267280
ENSG00000064195,9630.0,3.2423882,8.991817,1,9629.675761163237,ENSG00000064195
ENSG00000150893,9631.0,3.2419772,4.961922,1,9630.67580229044,ENSG00000150893
ENSG00000139915,9632.0,3.2418742,9.418439,1,9631.67581257224,ENSG00000139915
ENSG00000114698,9633.0,3.24018,3.123852,1,9632.675981998444,ENSG00000114698
ENSG00000184675,9634.0,3.2380822,1.3112032,1,9633.67619177699,ENSG00000184675
ENSG00000120519,9635.0,3.2360737,0.7175798,1,9634.67639261484,ENSG00000120519
ENSG00000130270,9636.0,3.2360287,2.013112,1,9635.676397144794,ENSG00000130270
ENSG00000036672,9637.0,3.236016,4.2103367,1,9636.676398396492,ENSG00000036672
ENSG00000174473,9638.0,3.2354512,7.829834,1,9637.676454871891,ENSG00000174473
ENSG00000254470,9639.0,3.2331896,1.9369198,1,9638.676681041718,ENSG00000254470
ENSG00000162999,9640.0,3.2298417,1.5913553,1,9639.677015841007,ENSG00000162999
ENSG00000196724,9641.0,3.2289255,5.5841236,1,9640.677107453346,ENSG00000196724
ENSG00000131143,9642.0,3.2284806,34.761703,1,9641.677151948214,ENSG00000131143
ENSG00000121570,9643.0,3.2279232,1.087671,1,9642.677207678556,ENSG00000121570
ENSG00000142494,9644.0,3.2265093,2.2648244,1,9643.677349060774,ENSG00000142494
ENSG00000137561,9645.0,3.221667,6.431356,1,9644.677833288908,ENSG00000137561
ENSG00000226363,9646.0,3.2215745,3.8331492,1,9645.67784255743,ENSG00000226363
ENSG00000105711,9647.0,3.2214744,2.2238638,1,9646.67785257101,ENSG00000105711
ENSG00000152467,9648.0,3.2199087,6.675768,1,9647.67800912261,ENSG00000152467
ENSG00000230368,9649.0,3.21924,2.9607134,1,9648.678075999022,ENSG00000230368
ENSG00000254737,9650.0,3.2158968,2.659239,1,9649.678410321474,ENSG00000254737
ENSG00000167755,9651.0,3.215887,8.461771,1,9650.67841130495,KLK6
ENSG00000188338,9652.0,3.2157223,5.653482,1,9651.678427755833,ENSG00000188338
ENSG00000232284,9653.0,3.215546,6.2617555,1,9652.678445398808,ENSG00000232284
ENSG00000204379,9654.0,3.2149193,10.57905,1,9653.678508073092,ENSG00000204379
ENSG00000132010,9655.0,3.2126226,4.218161,1,9654.678737729788,ENSG00000132010
ENSG00000108947,9656.0,3.2114236,3.2492933,1,9655.67885762453,ENSG00000108947
ENSG00000230091,9657.0,3.2112598,3.2679977,1,9656.678874015808,ENSG00000230091
ENSG00000169548,9658.0,3.2099378,15.573907,1,9657.67900621891,ENSG00000169548
ENSG00000145386,9659.0,3.2089689,2.6183546,1,9658.67910310626,ENSG00000145386
ENSG00000022567,9660.0,3.2080097,0.83286065,1,9659.679199039936,ENSG00000022567
ENSG00000184486,9661.0,3.2053819,36.871483,1,9660.679461807013,ENSG00000184486
ENSG00000159256,9662.0,3.2048385,1.9492542,1,9661.679516136646,ENSG00000159256
ENSG00000078237,9663.0,3.2036161,3.0103905,1,9662.679638385773,ENSG00000078237
ENSG00000167723,9664.0,3.2030978,2.8712358,1,9663.679690212011,ENSG00000167723
ENSG00000107518,9665.0,3.2025354,4.287562,1,9664.679746448994,ENSG00000107518
ENSG00000261126,9666.0,3.1989079,2.704683,1,9665.680109202862,ENSG00000261126
ENSG00000164749,9667.0,3.1976237,5.607128,1,9666.680237621067,ENSG00000164749
ENSG00000137440,9668.0,3.1974957,9.205065,1,9667.680250436068,FGFBP1
ENSG00000259332,9669.0,3.197461,3.7789102,1,9668.68025392294,ENSG00000259332
ENSG00000116014,9670.0,3.1967244,4.24739,1,9669.680327564478,ENSG00000116014
ENSG00000197599,9671.0,3.1962795,6.4564934,1,9670.680372059343,ENSG00000197599
ENSG00000265817,9672.0,3.196053,6.865603,1,9671.68039470911,ENSG00000265817
ENSG00000156983,9673.0,3.195821,0.6366561,1,9672.680417895315,ENSG00000156983
ENSG00000131094,9674.0,3.1929398,9.263102,1,9673.68070602417,ENSG00000131094
ENSG00000170166,9675.0,3.1906104,8.833761,1,9674.680938959122,ENSG00000170166
ENSG00000108852,9676.0,3.189236,3.5048149,1,9675.681076407433,ENSG00000108852
ENSG00000168269,9677.0,3.188095,7.527361,1,9676.681190490724,FOXI1
ENSG00000235314,9678.0,3.187944,1.6356246,1,9677.6812056005,ENSG00000235314
ENSG00000182993,9679.0,3.187393,3.633026,1,9678.681260704994,ENSG00000182993
ENSG00000012504,9680.0,3.1859148,6.5473824,1,9679.681408524511,NR1H4
ENSG00000183305,9681.0,3.183418,10.947219,1,9680.68165820837,ENSG00000183305
ENSG00000131730,9682.0,3.180388,6.0168796,1,9681.681961208582,ENSG00000131730
ENSG00000147408,9683.0,3.17905,2.7614746,1,9682.682094991207,ENSG00000147408
ENSG00000261121,9684.0,3.1764264,6.43392,1,9683.682357370852,ENSG00000261121
ENSG00000197779,9685.0,3.1758437,2.6173704,1,9684.682415634394,ENSG00000197779
ENSG00000136492,9686.0,3.1756449,0.96596813,1,9685.682435512545,ENSG00000136492
ENSG00000136866,9687.0,3.1715975,4.5785513,1,9686.682840257885,ENSG00000136866
ENSG00000118004,9688.0,3.1706235,5.8770285,1,9687.682937651873,ENSG00000118004
ENSG00000197753,9689.0,3.167092,1.3666208,1,9688.68329077959,ENSG00000197753
ENSG00000188107,9690.0,3.1648846,2.0910962,1,9689.683511555197,ENSG00000188107
ENSG00000129195,9691.0,3.164342,3.9470792,1,9690.683565795422,ENSG00000129195
ENSG00000198221,9692.0,3.1638725,4.976897,1,9691.683612763882,ENSG00000198221
ENSG00000231607,9693.0,3.162646,0.6800022,1,9692.683735400438,ENSG00000231607
ENSG00000072832,9694.0,3.160184,3.8839197,1,9693.683981597424,ENSG00000072832
ENSG00000145882,9695.0,3.1588392,1.1314528,1,9694.684116065502,ENSG00000145882
ENSG00000272968,9696.0,3.158622,2.139416,1,9695.684137791395,ENSG00000272968
ENSG00000130751,9697.0,3.1582105,4.4473033,1,9696.684178948402,ENSG00000130751
ENSG00000244968,9698.0,3.1575341,3.5571086,1,9697.684246599674,ENSG00000244968
ENSG00000100767,9699.0,3.156993,1.5663779,1,9698.684300720692,ENSG00000100767
ENSG00000125378,9700.0,3.1557336,4.1268373,1,9699.684426635504,ENSG00000125378
ENSG00000040608,9701.0,3.1551933,5.288639,1,9700.684480667114,ENSG00000040608
ENSG00000140090,9702.0,3.1535017,1.8206674,1,9701.684649825096,ENSG00000140090
ENSG00000131080,9703.0,3.1533,5.756989,1,9702.684670001268,ENSG00000131080
ENSG00000134758,9704.0,3.1532042,2.496442,1,9703.684679567814,ENSG00000134758
ENSG00000189057,9705.0,3.1530566,0.74235976,1,9704.684694349766,ENSG00000189057
ENSG00000233101,9706.0,3.1524043,8.267375,1,9705.684759557247,ENSG00000233101
ENSG00000114805,9707.0,3.1522744,3.7041018,1,9706.68477255106,ENSG00000114805
ENSG00000148604,9708.0,3.150627,5.136039,1,9707.684937298298,ENSG00000148604
ENSG00000065618,9709.0,3.1504357,4.0193706,1,9708.684956431389,ENSG00000065618
ENSG00000165304,9710.0,3.1501875,4.077479,1,9709.684981256723,ENSG00000165304
ENSG00000235493,9711.0,3.1494064,1.9323537,1,9710.68505936861,ENSG00000235493
ENSG00000249471,9712.0,3.1489677,3.5880818,1,9711.685103237627,ENSG00000249471
ENSG00000107362,9713.0,3.1481812,2.6654537,1,9712.685181885958,ENSG00000107362
ENSG00000166578,9714.0,3.1452599,4.1223965,1,9713.685474008322,ENSG00000166578
ENSG00000231023,9715.0,3.1427925,6.87869,1,9714.685720741749,ENSG00000231023
ENSG00000225937,9716.0,3.1426957,2.5536273,1,9715.685730427504,ENSG00000225937
ENSG00000126243,9717.0,3.1417627,1.6871295,1,9716.685823738577,ENSG00000126243
ENSG00000169684,9718.0,3.1409442,2.3467882,1,9717.685905575752,ENSG00000169684
ENSG00000090889,9719.0,3.1407447,5.1595874,1,9718.685925543308,ENSG00000090889
ENSG00000053108,9720.0,3.1398404,5.040262,1,9719.686015963554,ENSG00000053108
ENSG00000181274,9721.0,3.138198,1.0995185,1,9720.686180204151,ENSG00000181274
ENSG00000171320,9722.0,3.1377792,1.273389,1,9721.686222076416,ENSG00000171320
ENSG00000066813,9723.0,3.136931,4.405254,1,9722.686306893826,ACSM2B
ENSG00000148935,9724.0,3.1368942,4.7358637,1,9723.686310589314,ENSG00000148935
ENSG00000253159,9725.0,3.1362777,6.413095,1,9724.686372220516,ENSG00000253159
ENSG00000080561,9726.0,3.1339688,2.0281696,1,9725.68660312891,ENSG00000080561
ENSG00000171877,9727.0,3.131704,3.3995025,1,9726.686829596758,ENSG00000171877
ENSG00000197748,9728.0,3.1305246,7.2162366,1,9727.686947524548,ENSG00000197748
ENSG00000183747,9729.0,3.12753,4.574013,1,9728.687246978285,ACSM2A
ENSG00000165113,9730.0,3.127229,1.0531937,1,9729.68727710843,ENSG00000165113
ENSG00000166091,9731.0,3.1254206,11.4299135,1,9730.687457948923,ENSG00000166091
ENSG00000135314,9732.0,3.12466,1.7325611,1,9731.68753400445,ENSG00000135314
ENSG00000140519,9733.0,3.12102,5.2018013,1,9732.687897980211,ENSG00000140519
ENSG00000214106,9734.0,3.1193936,2.3877325,1,9733.688060641289,ENSG00000214106
ENSG00000187492,9735.0,3.1163354,2.0046513,1,9734.68836647272,ENSG00000187492
ENSG00000109854,9736.0,3.1155996,0.9369506,1,9735.688440024853,ENSG00000109854
ENSG00000179304,9737.0,3.112725,4.4639664,1,9736.688727498056,ENSG00000179304
ENSG00000187961,9738.0,3.110455,2.9318688,1,9737.688954502344,ENSG00000187961
ENSG00000244694,9739.0,3.1098323,3.773564,1,9738.689016759396,ENSG00000244694
ENSG00000105141,9740.0,3.107668,4.7098155,1,9739.689233213663,CASP14
ENSG00000279579,9741.0,3.1068692,7.8651967,1,9740.689313083887,ENSG00000279579
ENSG00000174516,9742.0,3.1063933,3.2658641,1,9741.689360678196,ENSG00000174516
ENSG00000183496,9743.0,3.106118,2.5966725,1,9742.689388215542,ENSG00000183496
ENSG00000157765,9744.0,3.1059363,5.9956255,1,9743.689406365156,SLC34A2
ENSG00000138795,9745.0,3.1059144,1.059955,1,9744.689408570528,ENSG00000138795
ENSG00000136169,9746.0,3.104612,2.0056827,1,9745.689538776876,ENSG00000136169
ENSG00000117069,9747.0,3.1036875,4.330952,1,9746.68963125348,ENSG00000117069
ENSG00000142330,9748.0,3.1035106,1.0590147,1,9747.689648926258,ENSG00000142330
ENSG00000102098,9749.0,3.1025653,4.9886475,1,9748.689743459225,ENSG00000102098
ENSG00000165480,9750.0,3.1016028,3.8682995,1,9749.689839720726,ENSG00000165480
ENSG00000167992,9751.0,3.1011074,2.9839213,1,9750.689889252186,ENSG00000167992
ENSG00000175354,9752.0,3.1006987,1.400528,1,9751.689930140972,ENSG00000175354
ENSG00000205786,9753.0,3.100448,10.04048,1,9752.689955204723,ENSG00000205786
ENSG00000234222,9754.0,3.0950797,2.8350844,1,9753.690492033958,ENSG00000234222
ENSG00000136141,9755.0,3.0941203,0.8492781,1,9754.690587967634,ENSG00000136141
ENSG00000136960,9756.0,3.0939727,7.087536,1,9755.690602719784,ENSG00000136960
ENSG00000090061,9757.0,3.0936203,1.6109717,1,9756.690637975931,ENSG00000090061
ENSG00000265692,9758.0,3.0912218,1.6812348,1,9757.690877825022,ENSG00000265692
ENSG00000170044,9759.0,3.090377,6.7164536,1,9758.690962284803,ENSG00000170044
ENSG00000188672,9760.0,3.0867002,4.994205,1,9759.691329985855,ENSG00000188672
ENSG00000126752,9761.0,3.0847251,15.311748,1,9760.691527485847,ENSG00000126752
ENSG00000175550,9762.0,3.083611,1.4849828,1,9761.691638886929,ENSG00000175550
ENSG00000055118,9763.0,3.081479,9.987179,1,9762.691852092745,ENSG00000055118
ENSG00000135299,9764.0,3.0813022,2.5385888,1,9763.691869795322,ENSG00000135299
ENSG00000183840,9765.0,3.0808008,6.055254,1,9764.691919922829,ENSG00000183840
ENSG00000254221,9766.0,3.0807126,9.275025,1,9765.691928744316,ENSG00000254221
ENSG00000115295,9767.0,3.0803616,1.6791259,1,9766.691963851452,ENSG00000115295
ENSG00000166813,9768.0,3.0776505,3.9656723,1,9767.692234933376,ENSG00000166813
ENSG00000167384,9769.0,3.077098,1.2809829,1,9768.692290216684,ENSG00000167384
ENSG00000150656,9770.0,3.0768893,8.642946,1,9769.69231107831,ENSG00000150656
ENSG00000147255,9771.0,3.0762763,8.094599,1,9770.692372381687,ENSG00000147255
ENSG00000166333,9772.0,3.0755613,6.1511836,1,9771.69244387746,ENSG00000166333
ENSG00000176170,9773.0,3.0744762,1.5074722,1,9772.692552387714,ENSG00000176170
ENSG00000172071,9774.0,3.0717616,0.64243186,1,9773.692823827269,ENSG00000172071
ENSG00000267259,9775.0,3.0706651,4.8789263,1,9774.692933499811,ENSG00000267259
ENSG00000180616,9776.0,3.0704668,5.3609796,1,9775.692953318356,ENSG00000180616
ENSG00000241852,9777.0,3.069549,0.6209018,1,9776.693045079708,ENSG00000241852
ENSG00000123473,9778.0,3.0670648,1.9250805,1,9777.693293511868,ENSG00000123473
ENSG00000156869,9779.0,3.0657413,1.1639346,1,9778.69342586398,ENSG00000156869
ENSG00000114853,9780.0,3.0646024,3.1566138,1,9779.693539768456,ENSG00000114853
ENSG00000006611,9781.0,3.0632985,9.463695,1,9780.693670153618,USH1C
ENSG00000204149,9782.0,3.0628622,1.2234464,1,9781.693713784218,ENSG00000204149
ENSG00000198909,9783.0,3.0625954,1.6637939,1,9782.693740457296,ENSG00000198909
ENSG00000115274,9784.0,3.0527868,3.4516609,1,9783.69472131133,ENSG00000115274
ENSG00000197360,9785.0,3.0523403,3.7939038,1,9784.694765985012,ENSG00000197360
ENSG00000273032,9786.0,3.0498037,6.530273,1,9785.695019632578,ENSG00000273032
ENSG00000115216,9787.0,3.0476747,4.3866024,1,9786.695232540367,ENSG00000115216
ENSG00000075218,9788.0,3.0471642,3.2260213,1,9787.695283591747,ENSG00000075218
ENSG00000024526,9789.0,3.0471509,3.2655387,1,9788.69528490305,ENSG00000024526
ENSG00000100479,9790.0,3.0460224,1.7422391,1,9789.695397764444,ENSG00000100479
ENSG00000197956,9791.0,3.0424566,39.376163,1,9790.695754349232,S100A6
ENSG00000241360,9792.0,3.039834,4.351911,1,9791.696016609669,ENSG00000241360
ENSG00000198018,9793.0,3.0385268,3.1579306,1,9792.696147322657,ENSG00000198018
ENSG00000283683,9794.0,3.0378184,4.4797077,1,9793.696218162777,MYOCOS
ENSG00000176182,9795.0,3.0367491,0.76950896,1,9794.696325093508,ENSG00000176182
ENSG00000261664,9796.0,3.0356133,6.9607205,1,9795.696438670158,ENSG00000261664
ENSG00000112039,9797.0,3.0347843,1.3859688,1,9796.69652158022,ENSG00000112039
ENSG00000184307,9798.0,3.0336583,2.1572118,1,9797.696634173391,ENSG00000184307
ENSG00000138092,9799.0,3.0330162,2.0974395,1,9798.696698367596,ENSG00000138092
ENSG00000070601,9800.0,3.0296366,2.2288013,1,9799.697036325932,ENSG00000070601
ENSG00000197580,9801.0,3.0287678,3.1734924,1,9800.697123229504,ENSG00000197580
ENSG00000172493,9802.0,3.028289,1.2998873,1,9801.697171092032,ENSG00000172493
ENSG00000159713,9803.0,3.028197,5.8138056,1,9802.697180300953,ENSG00000159713
ENSG00000248483,9804.0,3.0264542,1.5253922,1,9803.697354584932,ENSG00000248483
ENSG00000089486,9805.0,3.0263045,2.7757602,1,9804.697369545698,ENSG00000089486
ENSG00000120658,9806.0,3.0249443,5.361374,1,9805.697505563498,ENSG00000120658
ENSG00000236404,9807.0,3.0248108,7.33836,1,9806.697518914938,ENSG00000236404
ENSG00000235897,9808.0,3.024413,3.0269053,1,9807.697558701038,ENSG00000235897
ENSG00000122679,9809.0,3.0238626,1.5294383,1,9808.697613745928,RAMP3
ENSG00000003137,9810.0,3.0213795,3.163817,1,9809.697862058878,ENSG00000003137
ENSG00000123810,9811.0,3.0209608,0.92949295,1,9810.69790393114,ENSG00000123810
ENSG00000170959,9812.0,3.0188925,5.546676,1,9811.698110759258,ENSG00000170959
ENSG00000205923,9813.0,3.0181336,3.2451947,1,9812.698186635973,ENSG00000205923
ENSG00000197181,9814.0,3.018014,0.7296043,1,9813.698198616505,ENSG00000197181
ENSG00000151224,9815.0,3.0173526,11.499261,1,9814.698264747858,ENSG00000151224
ENSG00000184979,9816.0,3.015808,2.558849,1,9815.698419183493,ENSG00000184979
ENSG00000278611,9817.0,3.0137856,4.814973,1,9816.698621451857,ENSG00000278611
ENSG00000189431,9818.0,3.0128443,8.476613,1,9817.698715567589,ENSG00000189431
ENSG00000133863,9819.0,3.0124424,5.6664057,1,9818.698755770922,ENSG00000133863
ENSG00000038358,9820.0,3.0115898,2.3569663,1,9819.698841035366,ENSG00000038358
ENSG00000119946,9821.0,3.0106852,2.4064515,1,9820.698931485416,ENSG00000119946
ENSG00000007372,9822.0,3.0089045,4.48886,1,9821.69910955429,ENSG00000007372
ENSG00000267395,9823.0,3.0051398,5.520816,1,9822.699486017227,ENSG00000267395
ENSG00000147118,9824.0,3.0045834,1.7432127,1,9823.699541658165,ENSG00000147118
ENSG00000172458,9825.0,3.001757,5.36221,1,9824.699824303389,ENSG00000172458
ENSG00000172345,9826.0,3.0016284,1.6732755,1,9825.69983714819,ENSG00000172345
ENSG00000162552,9827.0,3.0000613,3.842408,1,9826.699993878605,ENSG00000162552
ENSG00000120694,9828.0,2.998855,7.0892706,1,9827.700114488602,ENSG00000120694
ENSG00000173085,9829.0,2.997656,2.641361,1,9828.700234383345,ENSG00000173085
ENSG00000238197,9830.0,2.9948277,0.62067664,1,9829.700517237186,ENSG00000238197
ENSG00000151012,9831.0,2.9943905,0.8222172,1,9830.700560957192,ENSG00000151012
ENSG00000152359,9832.0,2.9921649,1.3344415,1,9831.700783520935,ENSG00000152359
ENSG00000124302,9833.0,2.9916272,9.276844,1,9832.700837284328,ENSG00000124302
ENSG00000102886,9834.0,2.9915667,2.5320914,1,9833.700843334198,ENSG00000102886
ENSG00000203601,9835.0,2.9908519,2.461293,1,9834.700914800169,ENSG00000203601
ENSG00000166860,9836.0,2.9898434,3.5285647,1,9835.701015651226,ENSG00000166860
ENSG00000261175,9837.0,2.986556,7.8880606,1,9836.701344400644,ENSG00000261175
ENSG00000129991,9838.0,2.985928,11.489697,1,9837.701407194138,ENSG00000129991
ENSG00000181790,9839.0,2.9847863,4.841628,1,9838.701521366836,ENSG00000181790
ENSG00000140057,9840.0,2.984759,2.4031947,1,9839.701524078846,ENSG00000140057
ENSG00000236081,9841.0,2.9843142,6.190699,1,9840.701568573711,ENSG00000236081
ENSG00000135968,9842.0,2.984295,2.6335177,1,9841.701570510864,ENSG00000135968
ENSG00000099957,9843.0,2.9834518,5.578582,1,9842.701654821634,ENSG00000099957
ENSG00000167487,9844.0,2.9816182,1.8790989,1,9843.701838195324,ENSG00000167487
ENSG00000152454,9845.0,2.9811382,1.3350655,1,9844.701886177065,ENSG00000152454
ENSG00000163462,9846.0,2.9800224,0.57490647,1,9845.701997756958,ENSG00000163462
ENSG00000204116,9847.0,2.9775596,0.533373,1,9846.70224404335,ENSG00000204116
ENSG00000122477,9848.0,2.9774692,6.3199763,1,9847.702253073454,ENSG00000122477
ENSG00000184697,9849.0,2.9764748,4.945734,1,9848.702352523804,CLDN6
ENSG00000198795,9850.0,2.97605,3.706245,1,9849.702395021915,ENSG00000198795
ENSG00000169903,9851.0,2.975651,5.6060777,1,9850.702434897425,TM4SF4
ENSG00000212916,9852.0,2.9705555,1.2820532,1,9851.702944457533,ENSG00000212916
ENSG00000171848,9853.0,2.9679496,2.396653,1,9852.703205049038,ENSG00000171848
ENSG00000189308,9854.0,2.9666164,1.6578277,1,9853.703338354826,ENSG00000189308
ENSG00000197928,9855.0,2.964664,1.7428623,1,9854.70353358984,ENSG00000197928
ENSG00000125503,9856.0,2.964257,1.0305885,1,9855.703574299812,ENSG00000125503
ENSG00000183798,9857.0,2.9634118,8.630116,1,9856.7036588192,ENSG00000183798
ENSG00000255423,9858.0,2.9604409,2.6840186,1,9857.70395591855,ENSG00000255423
ENSG00000150394,9859.0,2.958569,3.65077,1,9858.704143106936,ENSG00000150394
ENSG00000231327,9860.0,2.9584758,4.7026725,1,9859.704152405262,ENSG00000231327
ENSG00000150455,9861.0,2.9577262,1.2609396,1,9860.704227387903,ENSG00000150455
ENSG00000196357,9862.0,2.955833,3.7248502,1,9861.704416692255,ENSG00000196357
ENSG00000109255,9863.0,2.9526818,3.9416342,1,9862.704731822014,ENSG00000109255
ENSG00000132639,9864.0,2.9525065,5.6578574,1,9863.70474934578,ENSG00000132639
ENSG00000163576,9865.0,2.9504468,3.823792,1,9864.70495530963,ENSG00000163576
ENSG00000157470,9866.0,2.9491584,6.234316,1,9865.70508414507,ENSG00000157470
ENSG00000197279,9867.0,2.9481766,1.2611415,1,9866.70518234372,ENSG00000197279
ENSG00000226711,9868.0,2.9480586,0.86280096,1,9867.70519414544,ENSG00000226711
ENSG00000160460,9869.0,2.9477928,5.4400992,1,9868.705220729113,ENSG00000160460
ENSG00000124159,9870.0,2.9466517,6.352669,1,9869.705334842203,ENSG00000124159
ENSG00000138829,9871.0,2.9456813,3.5240943,1,9870.705431878569,ENSG00000138829
ENSG00000236078,9872.0,2.9454947,4.89936,1,9871.70545053482,ENSG00000236078
ENSG00000168539,9873.0,2.9451394,11.358075,1,9872.705486059189,ENSG00000168539
ENSG00000168481,9874.0,2.9450176,14.382664,1,9873.70549824834,ENSG00000168481
ENSG00000142609,9875.0,2.9447663,2.4668713,1,9874.705523371696,ENSG00000142609
ENSG00000129910,9876.0,2.9441178,5.0908337,1,9875.70558822155,ENSG00000129910
ENSG00000148948,9877.0,2.9434834,5.3017945,1,9876.705651670694,ENSG00000148948
ENSG00000115539,9878.0,2.9418218,1.7291951,1,9877.705817818642,ENSG00000115539
ENSG00000135828,9879.0,2.9416807,1.2830278,1,9878.705831944942,ENSG00000135828
ENSG00000187634,9880.0,2.941598,2.7934153,1,9879.705840200186,ENSG00000187634
ENSG00000005073,9881.0,2.9412165,6.331247,1,9880.705878347158,ENSG00000005073
ENSG00000156232,9882.0,2.9408457,0.81159216,1,9881.705915421247,ENSG00000156232
ENSG00000101000,9883.0,2.9397483,2.1046238,1,9882.7060251832,ENSG00000101000
ENSG00000214184,9884.0,2.9394226,1.5591199,1,9883.706057727337,ENSG00000214184
ENSG00000141485,9885.0,2.9384313,2.3054543,1,9884.706156879663,ENSG00000141485
ENSG00000183145,9886.0,2.9381728,3.4238448,1,9885.706182718275,ENSG00000183145
ENSG00000215241,9887.0,2.9377975,2.6348956,1,9886.7062202394,ENSG00000215241
ENSG00000257591,9888.0,2.9311202,3.8306897,1,9887.706887990236,ENSG00000257591
ENSG00000141298,9889.0,2.9300914,0.6023437,1,9888.706990867851,ENSG00000141298
ENSG00000140323,9890.0,2.929496,3.232592,1,9889.707050383093,ENSG00000140323
ENSG00000132932,9891.0,2.9286456,4.6111684,1,9890.70713543892,ENSG00000132932
ENSG00000132376,9892.0,2.9274864,1.8145046,1,9891.707251369951,ENSG00000132376
ENSG00000185737,9893.0,2.9274707,11.763028,1,9892.707252919674,ENSG00000185737
ENSG00000140527,9894.0,2.9248195,7.4443297,1,9893.707518041134,ENSG00000140527
ENSG00000132703,9895.0,2.9241104,7.066395,1,9894.70758897066,APCS
ENSG00000103449,9896.0,2.9233391,6.264352,1,9895.707666099072,ENSG00000103449
ENSG00000227392,9897.0,2.923144,11.111966,1,9896.70768558979,ENSG00000227392
ENSG00000166321,9898.0,2.9216902,4.5459414,1,9897.70783096552,ENSG00000166321
ENSG00000124143,9899.0,2.919076,8.562438,1,9898.708092391493,ENSG00000124143
ENSG00000283900,9900.0,2.918574,5.941498,1,9899.708142578602,ENSG00000283900
ENSG00000198156,9901.0,2.9183583,2.3371418,1,9900.708164155483,ENSG00000198156
ENSG00000166478,9902.0,2.9166987,1.7673596,1,9901.708330124617,ENSG00000166478
ENSG00000137819,9903.0,2.9162462,4.3797083,1,9902.708375394344,ENSG00000137819
ENSG00000147041,9904.0,2.9141648,6.757605,1,9903.708583533764,ENSG00000147041
ENSG00000196453,9905.0,2.9120502,2.8903174,1,9904.70879498124,ENSG00000196453
ENSG00000224687,9906.0,2.9098654,0.97612184,1,9905.709013462068,ENSG00000224687
ENSG00000076513,9907.0,2.9088526,0.9239542,1,9906.709114730358,ENSG00000076513
ENSG00000188818,9908.0,2.9082007,4.219323,1,9907.70917993784,ENSG00000188818
ENSG00000179021,9909.0,2.907823,3.0478122,1,9908.709217697382,ENSG00000179021
ENSG00000140945,9910.0,2.9077482,2.9862962,1,9909.709225177765,ENSG00000140945
ENSG00000176153,9911.0,2.9076931,3.7949588,1,9910.709230691196,GPX2
ENSG00000237036,9912.0,2.9067001,0.8723932,1,9911.709329992533,ENSG00000237036
ENSG00000177337,9913.0,2.9041343,0.9070158,1,9912.709586560726,ENSG00000177337
ENSG00000165192,9914.0,2.904014,3.8103495,1,9913.709598600864,ENSG00000165192
ENSG00000143178,9915.0,2.9009128,1.2630892,1,9914.709908723831,ENSG00000143178
ENSG00000116675,9916.0,2.898788,7.3649178,1,9915.71012121439,ENSG00000116675
ENSG00000143257,9917.0,2.8977175,2.2961557,1,9916.710228264332,ENSG00000143257
ENSG00000166840,9918.0,2.8964064,3.9964416,1,9917.710359364748,ENSG00000166840
ENSG00000179023,9919.0,2.896129,8.677305,1,9918.71038711071,ENSG00000179023
ENSG00000288569,9920.0,2.8943129,2.4054363,1,9919.710568726065,ENSG00000288569
ENSG00000138346,9921.0,2.8921762,3.8206654,1,9920.710782378912,ENSG00000138346
ENSG00000234945,9922.0,2.889994,2.4672582,1,9921.71100062132,ENSG00000234945
ENSG00000114251,9923.0,2.8889203,1.9152789,1,9922.711107969284,ENSG00000114251
ENSG00000121903,9924.0,2.8884368,4.245162,1,9923.711156308653,ENSG00000121903
ENSG00000163536,9925.0,2.8883295,4.0076833,1,9924.711167037489,ENSG00000163536
ENSG00000272143,9926.0,2.8863678,4.4145236,1,9925.711363226175,ENSG00000272143
ENSG00000105929,9927.0,2.8835886,9.471079,1,9926.711641132832,ENSG00000105929
ENSG00000120068,9928.0,2.880948,3.7789967,1,9927.711905181408,ENSG00000120068
ENSG00000253103,9929.0,2.8791666,2.0375447,1,9928.712083339691,ENSG00000253103
ENSG00000222041,9930.0,2.8789067,1.1209027,1,9929.712109327316,ENSG00000222041
ENSG00000196368,9931.0,2.8778443,6.061184,1,9930.712215572596,ENSG00000196368
ENSG00000197408,9932.0,2.8756742,1.1586937,1,9931.712432563305,ENSG00000197408
ENSG00000186185,9933.0,2.87503,1.2588911,1,9932.712496995926,ENSG00000186185
ENSG00000142546,9934.0,2.8746507,2.9274666,1,9933.712534934282,ENSG00000142546
ENSG00000176177,9935.0,2.8741632,6.1272316,1,9934.712583690882,ENSG00000176177
ENSG00000137760,9936.0,2.871918,0.95479065,1,9935.712808191776,ENSG00000137760
ENSG00000165046,9937.0,2.8687775,1.799522,1,9936.71312224865,ENSG00000165046
ENSG00000122691,9938.0,2.866441,3.3029203,1,9937.713355898855,ENSG00000122691
ENSG00000058335,9939.0,2.8654473,5.872732,1,9938.7134552598,ENSG00000058335
ENSG00000169208,9940.0,2.8652904,2.2842975,1,9939.713470965624,ENSG00000169208
ENSG00000224805,9941.0,2.865277,8.030971,1,9940.713472306728,ENSG00000224805
ENSG00000223572,9942.0,2.8647728,12.272487,1,9941.713522732258,ENSG00000223572
ENSG00000187726,9943.0,2.8638196,1.689513,1,9942.713618040085,ENSG00000187726
ENSG00000132321,9944.0,2.8628378,2.802091,1,9943.713716208937,ENSG00000132321
ENSG00000174498,9945.0,2.8621273,8.104157,1,9944.713787257671,ENSG00000174498
ENSG00000134245,9946.0,2.8613026,3.1321995,1,9945.7138697505,ENSG00000134245
ENSG00000189001,9947.0,2.8590672,6.910921,1,9946.714093267918,SBSN
ENSG00000140564,9948.0,2.8583548,1.5622334,1,9947.71416452527,ENSG00000140564
ENSG00000163884,9949.0,2.8574724,6.9724936,1,9948.714252769949,ENSG00000163884
ENSG00000140682,9950.0,2.8572626,4.0648346,1,9949.714273750782,ENSG00000140682
ENSG00000253552,9951.0,2.8541076,3.8945336,1,9950.714589238169,ENSG00000253552
ENSG00000187790,9952.0,2.852946,0.8910312,1,9951.71470540762,ENSG00000187790
ENSG00000143674,9953.0,2.8522248,2.9523487,1,9952.71477752924,ENSG00000143674
ENSG00000234840,9954.0,2.851398,4.737435,1,9953.714860200882,ENSG00000234840
ENSG00000205628,9955.0,2.850973,13.129491,1,9954.714902698994,ENSG00000205628
ENSG00000198853,9956.0,2.848432,3.9418323,1,9955.715156793594,ENSG00000198853
ENSG00000246763,9957.0,2.8478675,8.111328,1,9956.715213239191,ENSG00000246763
ENSG00000181378,9958.0,2.8463836,9.364212,1,9957.715361654758,ENSG00000181378
ENSG00000033050,9959.0,2.8460705,3.9776073,1,9958.715392947195,ENSG00000033050
ENSG00000151640,9960.0,2.845496,5.1087747,1,9959.715450406076,ENSG00000151640
ENSG00000174371,9961.0,2.845209,5.589528,1,9960.715479105713,ENSG00000174371
ENSG00000188501,9962.0,2.843855,4.524977,1,9961.715614497662,ENSG00000188501
ENSG00000165501,9963.0,2.843487,2.0263166,1,9962.71565130353,ENSG00000165501
ENSG00000135454,9964.0,2.843415,5.382665,1,9963.71565848589,ENSG00000135454
ENSG00000103740,9965.0,2.8426845,6.907274,1,9964.715731561184,ENSG00000103740
ENSG00000220205,9966.0,2.8422337,1.1458699,1,9965.715776622295,ENSG00000220205
ENSG00000086570,9967.0,2.8419988,3.158403,1,9966.715800106524,ENSG00000086570
ENSG00000204172,9968.0,2.839286,0.64031327,1,9967.716071397066,ENSG00000204172
ENSG00000185666,9969.0,2.8387017,10.096975,1,9968.71612983942,ENSG00000185666
ENSG00000182389,9970.0,2.83617,3.0140274,1,9969.716383010147,ENSG00000182389
ENSG00000115652,9971.0,2.8333106,1.134486,1,9970.71666893363,ENSG00000115652
ENSG00000183773,9972.0,2.8281782,3.8961587,1,9971.717182189226,ENSG00000183773
ENSG00000213889,9973.0,2.827934,1.9435726,1,9972.717206597328,ENSG00000213889
ENSG00000179913,9974.0,2.8277197,5.680299,1,9973.717228025198,ENSG00000179913
ENSG00000151778,9975.0,2.8261087,1.671309,1,9974.717389136553,ENSG00000151778
ENSG00000171954,9976.0,2.8260646,2.4534159,1,9975.717393547297,ENSG00000171954
ENSG00000186897,9977.0,2.8240182,11.476163,1,9976.717598170042,ENSG00000186897
ENSG00000233695,9978.0,2.8235924,2.1938787,1,9977.71764075756,ENSG00000233695
ENSG00000099331,9979.0,2.8220966,1.0411338,1,9978.717790335417,ENSG00000099331
ENSG00000166153,9980.0,2.8195744,3.8626113,1,9979.718042552471,ENSG00000166153
ENSG00000168907,9981.0,2.8194454,10.168781,1,9980.718055456877,ENSG00000168907
ENSG00000230269,9982.0,2.8194392,16.926378,1,9981.718056082726,ENSG00000230269
ENSG00000165259,9983.0,2.8174605,3.9475696,1,9982.718253940344,ENSG00000165259
ENSG00000006634,9984.0,2.8167315,2.3863902,1,9983.718326866629,ENSG00000006634
ENSG00000186026,9985.0,2.8154697,2.5141335,1,9984.718453019856,ENSG00000186026
ENSG00000107443,9986.0,2.8149457,2.5388494,1,9985.718505442142,ENSG00000107443
ENSG00000078328,9987.0,2.814265,5.2179465,1,9986.718573510649,ENSG00000078328
ENSG00000267696,9988.0,2.813626,6.7593055,1,9987.718637406826,ENSG00000267696
ENSG00000185614,9989.0,2.8129842,5.3439345,1,9988.718701571226,ENSG00000185614
ENSG00000120458,9990.0,2.8089905,1.4001887,1,9989.719100952148,ENSG00000120458
ENSG00000120075,9991.0,2.8067775,3.941801,1,9990.719322264194,ENSG00000120075
ENSG00000211445,9992.0,2.8025527,5.125838,1,9991.719744741917,GPX3
ENSG00000203721,9993.0,2.8024917,7.3662977,1,9992.71975082159,ENSG00000203721
ENSG00000268751,9994.0,2.801987,6.430498,1,9993.719801306725,SCGB1B2P
ENSG00000267508,9995.0,2.7996786,3.160723,1,9994.720032155514,ENSG00000267508
ENSG00000186723,9996.0,2.7977586,2.4308012,1,9995.720224142076,ENSG00000186723
ENSG00000108813,9997.0,2.7973669,8.349266,1,9996.720263302326,ENSG00000108813
ENSG00000183580,9998.0,2.7961133,2.9673908,1,9997.720388680696,ENSG00000183580
ENSG00000257556,9999.0,2.7938328,5.8519077,1,9998.720616728067,ENSG00000257556
ENSG00000267470,10000.0,2.7934399,3.6781898,1,9999.720656007528,ENSG00000267470
ENSG00000198804,10001.0,2.793075,559.2013,1,10000.72069248557,ENSG00000198804
ENSG00000182782,10002.0,2.7928119,1.859956,1,10001.720718801022,ENSG00000182782
ENSG00000159915,10003.0,2.7913504,2.116996,1,10002.72086495161,ENSG00000159915
ENSG00000204323,10004.0,2.7912688,1.3039321,1,10003.720873117449,ENSG00000204323
ENSG00000183454,10005.0,2.7907064,5.8654747,1,10004.72092935443,ENSG00000183454
ENSG00000148702,10006.0,2.7898805,6.984697,1,10005.721011936665,HABP2
ENSG00000155265,10007.0,2.7897475,4.059402,1,10006.721025258305,ENSG00000155265
ENSG00000221923,10008.0,2.7890134,2.6796248,1,10007.721098661425,ENSG00000221923
ENSG00000139350,10009.0,2.7883158,1.3274648,1,10008.72116842866,ENSG00000139350
ENSG00000174405,10010.0,2.7845106,0.88539094,1,10009.721548944712,ENSG00000174405
ENSG00000232160,10011.0,2.784424,4.0989113,1,10010.721557587383,ENSG00000232160
ENSG00000138735,10012.0,2.7840867,2.8762424,1,10011.721591323614,ENSG00000138735
ENSG00000115841,10013.0,2.7831051,3.454825,1,10012.721689492464,ENSG00000115841
ENSG00000183032,10014.0,2.7830467,4.1797605,1,10013.72169533372,ENSG00000183032
ENSG00000105085,10015.0,2.782687,1.0566944,1,10014.721731305122,ENSG00000105085
ENSG00000235034,10016.0,2.7825139,5.175803,1,10015.721748620272,ENSG00000235034
ENSG00000019505,10017.0,2.7800593,2.579606,1,10016.7219940722,ENSG00000019505
ENSG00000122133,10018.0,2.7796042,13.835243,1,10017.722039580343,ENSG00000122133
ENSG00000265190,10019.0,2.7747524,10.51171,1,10018.722524762154,ENSG00000265190
ENSG00000158691,10020.0,2.774199,1.4663179,1,10019.722580105066,ENSG00000158691
ENSG00000135100,10021.0,2.7733524,3.9604049,1,10020.722664773464,ENSG00000135100
ENSG00000141499,10022.0,2.771229,1.2816157,1,10021.722877085209,ENSG00000141499
ENSG00000189195,10023.0,2.770791,2.2878098,1,10022.722920894625,ENSG00000189195
ENSG00000232973,10024.0,2.7693903,3.14487,1,10023.723060965538,ENSG00000232973
ENSG00000109063,10025.0,2.765521,2.6808853,1,10024.72344788909,ENSG00000109063
ENSG00000125845,10026.0,2.764263,1.9904253,1,10025.723573714497,ENSG00000125845
ENSG00000159905,10027.0,2.7630172,2.991016,1,10026.723698288202,ENSG00000159905
ENSG00000173480,10028.0,2.7606442,1.2371833,1,10027.723935574291,ENSG00000173480
ENSG00000267134,10029.0,2.7566538,11.191113,1,10028.72433462739,ENSG00000267134
ENSG00000107807,10030.0,2.756499,13.938233,1,10029.724350094795,ENSG00000107807
ENSG00000254860,10031.0,2.7558582,2.5795796,1,10030.724414169788,ENSG00000254860
ENSG00000122756,10032.0,2.754515,5.8844304,1,10031.724548518658,ENSG00000122756
ENSG00000175104,10033.0,2.7544324,2.0393686,1,10032.7245567441,ENSG00000175104
ENSG00000197044,10034.0,2.7530837,0.9206864,1,10033.72469162941,ENSG00000197044
ENSG00000226715,10035.0,2.7521307,2.317596,1,10034.724786937237,ENSG00000226715
ENSG00000168077,10036.0,2.7521162,1.5269403,1,10035.724788367748,ENSG00000168077
ENSG00000231871,10037.0,2.7516642,2.858956,1,10036.724833577871,ENSG00000231871
ENSG00000249459,10038.0,2.7502904,2.2646313,1,10037.724970966578,ENSG00000249459
ENSG00000184788,10039.0,2.748499,2.558292,1,10038.725150108336,ENSG00000184788
ENSG00000229335,10040.0,2.74833,8.856432,1,10039.725166976452,DANT1
ENSG00000179698,10041.0,2.7480373,2.1988018,1,10040.725196272137,ENSG00000179698
ENSG00000156049,10042.0,2.745699,5.6453266,1,10041.725430101156,ENSG00000156049
ENSG00000164023,10043.0,2.7437189,2.0933118,1,10042.725628107786,ENSG00000164023
ENSG00000183117,10044.0,2.7380567,8.959314,1,10043.72619432211,ENSG00000183117
ENSG00000082196,10045.0,2.7374666,4.2452993,1,10044.726253330708,ENSG00000082196
ENSG00000106536,10046.0,2.7350783,4.125462,1,10045.72649216652,ENSG00000106536
ENSG00000136197,10047.0,2.733008,1.6758721,1,10046.726699203253,ENSG00000136197
ENSG00000247950,10048.0,2.7327538,1.7385948,1,10047.726724624634,ENSG00000247950
ENSG00000237424,10049.0,2.7309542,4.770384,1,10048.726904571056,ENSG00000237424
ENSG00000050628,10050.0,2.730791,0.91572225,1,10049.726920902727,ENSG00000050628
ENSG00000254542,10051.0,2.7297642,11.952546,1,10050.72702357173,ENSG00000254542
ENSG00000267750,10052.0,2.7289975,2.346883,1,10051.727100253103,ENSG00000267750
ENSG00000166261,10053.0,2.7276778,1.5564673,1,10052.727232217789,ENSG00000166261
ENSG00000225285,10054.0,2.7265768,5.7739997,1,10053.727342307568,ENSG00000225285
ENSG00000164093,10055.0,2.724964,8.166043,1,10054.727503597736,ENSG00000164093
ENSG00000198689,10056.0,2.724096,1.7972176,1,10055.7275903821,ENSG00000198689
ENSG00000197816,10057.0,2.722832,1.4778285,1,10056.72771680355,ENSG00000197816
ENSG00000149596,10058.0,2.721241,4.8521934,1,10057.727875888348,ENSG00000149596
ENSG00000169432,10059.0,2.721084,2.6184454,1,10058.727891594172,ENSG00000169432
ENSG00000224616,10060.0,2.7209325,3.0466778,1,10059.727906763554,ENSG00000224616
ENSG00000168032,10061.0,2.7205977,3.1598332,1,10060.727940231562,ENSG00000168032
ENSG00000171388,10062.0,2.7186122,2.2760625,1,10061.728138774632,ENSG00000171388
ENSG00000129988,10063.0,2.718588,6.2051587,1,10062.728141188622,LBP
ENSG00000164099,10064.0,2.7140083,2.553298,1,10063.72859916091,ENSG00000164099
ENSG00000149480,10065.0,2.712605,1.274778,1,10064.728739500046,ENSG00000149480
ENSG00000168646,10066.0,2.7119567,3.0015798,1,10065.728804320095,ENSG00000168646
ENSG00000248771,10067.0,2.7117255,3.5259364,1,10066.7288274467,ENSG00000248771
ENSG00000178386,10068.0,2.7085867,2.8108501,1,10067.72914132476,ENSG00000178386
ENSG00000111012,10069.0,2.7084553,4.6640368,1,10068.729154467585,ENSG00000111012
ENSG00000127928,10070.0,2.70812,8.453384,1,10069.729187995195,ENSG00000127928
ENSG00000107614,10071.0,2.7075875,0.7872848,1,10070.729241251944,ENSG00000107614
ENSG00000270344,10072.0,2.7070851,2.148673,1,10071.72929149866,ENSG00000270344
ENSG00000137648,10073.0,2.7060027,3.4071455,1,10072.729399740696,ENSG00000137648
ENSG00000260001,10074.0,2.705987,2.5463827,1,10073.729401290417,ENSG00000260001
ENSG00000168309,10075.0,2.7030869,1.6934068,1,10074.729691326618,ENSG00000168309
ENSG00000177873,10076.0,2.7017055,1.2482387,1,10075.729829460382,ENSG00000177873
ENSG00000170891,10077.0,2.7015667,7.033844,1,10076.729843318462,ENSG00000170891
ENSG00000255346,10078.0,2.6994884,6.6583815,1,10077.73005115986,ENSG00000255346
ENSG00000171004,10079.0,2.6989546,7.917203,1,10078.730104535818,ENSG00000171004
ENSG00000130758,10080.0,2.6972706,2.0374537,1,10079.730272948742,ENSG00000130758
ENSG00000106236,10081.0,2.6964724,3.6626754,1,10080.73035275936,NPTX2
ENSG00000163682,10082.0,2.6964006,114.275116,1,10081.73035994172,ENSG00000163682
ENSG00000111727,10083.0,2.6952105,1.3800809,1,10082.730478942394,ENSG00000111727
ENSG00000114948,10084.0,2.692492,3.957946,1,10083.73075079918,ENSG00000114948
ENSG00000162572,10085.0,2.6918454,1.2220218,1,10084.73081547022,ENSG00000162572
ENSG00000153294,10086.0,2.6895404,10.869595,1,10085.73104596138,ENSG00000153294
ENSG00000237751,10087.0,2.6893268,11.37624,1,10086.731067329643,ENSG00000237751
ENSG00000239322,10088.0,2.689287,12.116145,1,10087.731071293354,ENSG00000239322
ENSG00000115896,10089.0,2.6878557,1.7393371,1,10088.731214433908,ENSG00000115896
ENSG00000144619,10090.0,2.6876552,4.7870107,1,10089.731234490871,ENSG00000144619
ENSG00000134864,10091.0,2.685945,0.90775377,1,10090.731405496595,ENSG00000134864
ENSG00000250072,10092.0,2.6849902,11.045352,1,10091.731500983238,ENSG00000250072
ENSG00000085382,10093.0,2.6810899,2.3232229,1,10092.731891006231,ENSG00000085382
ENSG00000204380,10094.0,2.6807225,7.448592,1,10093.731927752497,ENSG00000204380
ENSG00000134760,10095.0,2.680425,11.019396,1,10094.731957495213,DSG1
ENSG00000007516,10096.0,2.6802266,2.6625645,1,10095.73197734356,ENSG00000007516
ENSG00000161653,10097.0,2.679338,2.0271766,1,10096.732066214085,ENSG00000161653
ENSG00000266916,10098.0,2.6792395,3.1485887,1,10097.732076048853,ENSG00000266916
ENSG00000171119,10099.0,2.6776686,4.624834,1,10098.732233136892,ENSG00000171119
ENSG00000165125,10100.0,2.6765647,3.2512662,1,10099.732343524694,ENSG00000165125
ENSG00000160111,10101.0,2.6758592,1.6384478,1,10100.732414066792,ENSG00000160111
ENSG00000185480,10102.0,2.674706,2.873183,1,10101.73252940178,ENSG00000185480
ENSG00000106733,10103.0,2.6745129,0.7565571,1,10102.732548713684,ENSG00000106733
ENSG00000177640,10104.0,2.674056,3.3188026,1,10103.732594400644,ENSG00000177640
ENSG00000170385,10105.0,2.673661,0.8433894,1,10104.73263388872,ENSG00000170385
ENSG00000232079,10106.0,2.6722093,8.903524,1,10105.732779085636,LINC01697
ENSG00000142945,10107.0,2.6710484,4.7255783,1,10106.732895165682,ENSG00000142945
ENSG00000142871,10108.0,2.6701055,5.779572,1,10107.73298946023,CCN1
ENSG00000101846,10109.0,2.6699522,2.9155843,1,10108.733004778624,ENSG00000101846
ENSG00000151364,10110.0,2.6677523,6.020554,1,10109.733224779367,ENSG00000151364
ENSG00000135736,10111.0,2.6660583,1.1420181,1,10110.733394175768,ENSG00000135736
ENSG00000158125,10112.0,2.6658216,3.0736275,1,10111.733417838812,ENSG00000158125
ENSG00000120539,10113.0,2.662502,1.2342715,1,10112.73374980688,ENSG00000120539
ENSG00000072840,10114.0,2.661366,1.8120422,1,10113.733863413334,ENSG00000072840
ENSG00000250343,10115.0,2.6578476,15.705431,1,10114.73421522975,ENSG00000250343
ENSG00000168447,10116.0,2.6571155,2.896315,1,10115.734288454056,ENSG00000168447
ENSG00000196597,10117.0,2.6522145,1.7219262,1,10116.734778553247,ENSG00000196597
ENSG00000105810,10118.0,2.6512098,4.639051,1,10117.734879016876,ENSG00000105810
ENSG00000169550,10119.0,2.649935,7.561914,1,10118.735006511211,MUC15
ENSG00000126856,10120.0,2.6478758,5.962551,1,10119.735212415457,ENSG00000126856
ENSG00000154645,10121.0,2.6460717,5.4348197,1,10120.735392838717,ENSG00000154645
ENSG00000166825,10122.0,2.6454318,0.988769,1,10121.735456824304,ENSG00000166825
ENSG00000186526,10123.0,2.64541,3.4234426,1,10122.735458999872,ENSG00000186526
ENSG00000204421,10124.0,2.6448238,6.0458326,1,10123.73551762104,ENSG00000204421
ENSG00000119125,10125.0,2.642279,2.6436076,1,10124.735772103071,ENSG00000119125
ENSG00000215910,10126.0,2.6420507,3.360557,1,10125.73579493165,ENSG00000215910
ENSG00000158859,10127.0,2.640779,1.7541622,1,10126.73592209816,ENSG00000158859
ENSG00000186204,10128.0,2.6404784,3.2462173,1,10127.735952168705,ENSG00000186204
ENSG00000163071,10129.0,2.6383874,3.9901066,1,10128.736161261795,ENSG00000163071
ENSG00000165568,10130.0,2.6375048,4.653887,1,10129.736249506474,ENSG00000165568
ENSG00000232268,10131.0,2.6368513,3.0730097,1,10130.736314862968,ENSG00000232268
ENSG00000253251,10132.0,2.6338637,2.1024392,1,10131.736613631248,ENSG00000253251
ENSG00000174990,10133.0,2.6316729,2.1131322,1,10132.73683270812,ENSG00000174990
ENSG00000247708,10134.0,2.6306794,2.4079082,1,10133.736932069063,ENSG00000247708
ENSG00000270362,10135.0,2.630413,3.8524816,1,10134.736958682535,ENSG00000270362
ENSG00000125851,10136.0,2.6290116,9.6173115,1,10135.73709884286,ENSG00000125851
ENSG00000099917,10137.0,2.6282263,5.234592,1,10136.73717737198,ENSG00000099917
ENSG00000232977,10138.0,2.6275287,1.6757938,1,10137.737247139215,ENSG00000232977
ENSG00000189362,10139.0,2.6267333,2.5385213,1,10138.737326681614,ENSG00000189362
ENSG00000145908,10140.0,2.6263177,2.9363582,1,10139.737368226051,ENSG00000145908
ENSG00000172650,10141.0,2.6249776,1.0167618,1,10140.737502247095,ENSG00000172650
ENSG00000104147,10142.0,2.624932,3.1746995,1,10141.73750680685,ENSG00000104147
ENSG00000163794,10143.0,2.621476,5.7981997,1,10142.73785239458,ENSG00000163794
ENSG00000128408,10144.0,2.6202233,4.418805,1,10143.737977683544,ENSG00000128408
ENSG00000146700,10145.0,2.6196096,6.885304,1,10144.738039046526,ENSG00000146700
ENSG00000120318,10146.0,2.6195648,1.667761,1,10145.738043516874,ENSG00000120318
ENSG00000186998,10147.0,2.6184342,2.8644462,1,10146.738156586884,ENSG00000186998
ENSG00000124613,10148.0,2.6178288,3.837618,1,10147.738217115402,ENSG00000124613
ENSG00000140297,10149.0,2.6163278,5.0167084,1,10148.7383672297,ENSG00000140297
ENSG00000186272,10150.0,2.6159701,1.5056942,1,10149.738402992489,ENSG00000186272
ENSG00000173678,10151.0,2.6142898,2.0973806,1,10150.73857101798,ENSG00000173678
ENSG00000196376,10152.0,2.6135542,0.97358346,1,10151.738644570112,ENSG00000196376
ENSG00000135447,10153.0,2.6133323,5.7671714,1,10152.738666772842,ENSG00000135447
ENSG00000165807,10154.0,2.6116316,6.014177,1,10153.738836824894,ENSG00000165807
ENSG00000231826,10155.0,2.6104097,6.0776644,1,10154.738959014416,ENSG00000231826
ENSG00000223546,10156.0,2.6101782,1.5038068,1,10155.73898217082,ENSG00000223546
ENSG00000128510,10157.0,2.6089149,1.5124098,1,10156.739108502865,ENSG00000128510
ENSG00000143248,10158.0,2.606971,4.897013,1,10157.739302903414,RGS5
ENSG00000106006,10159.0,2.605558,9.821301,1,10158.739444196224,ENSG00000106006
ENSG00000154856,10160.0,2.6050282,4.8053427,1,10159.739497184752,ENSG00000154856
ENSG00000185052,10161.0,2.604353,3.6069884,1,10160.739564716816,ENSG00000185052
ENSG00000130720,10162.0,2.6043289,5.3687506,1,10161.739567101002,ENSG00000130720
ENSG00000100583,10163.0,2.601606,5.0812526,1,10162.73983940482,ENSG00000100583
ENSG00000225361,10164.0,2.6015627,5.388664,1,10163.739843726158,ENSG00000225361
ENSG00000250198,10165.0,2.60143,9.4217615,1,10164.739857017994,ENSG00000250198
ENSG00000248485,10166.0,2.6005228,7.3910956,1,10165.739947736263,PCP4L1
ENSG00000172244,10167.0,2.5986197,3.6994905,1,10166.740138024092,ENSG00000172244
ENSG00000196466,10168.0,2.598438,1.0956279,1,10167.740156203508,ENSG00000196466
ENSG00000198682,10169.0,2.5974066,2.3214986,1,10168.740259349346,ENSG00000198682
ENSG00000224853,10170.0,2.594886,14.120699,1,10169.740511387588,ENSG00000224853
ENSG00000123119,10171.0,2.5940845,6.6038647,1,10170.740591555834,ENSG00000123119
ENSG00000103034,10172.0,2.5938811,4.45918,1,10171.740611881018,ENSG00000103034
ENSG00000174721,10173.0,2.5935442,1.1607821,1,10172.740645587444,ENSG00000174721
ENSG00000174137,10174.0,2.5933313,2.845082,1,10173.740666866302,ENSG00000174137
ENSG00000083817,10175.0,2.5916474,1.2204958,1,10174.740835249424,ENSG00000083817
ENSG00000140548,10176.0,2.5913315,0.51098394,1,10175.740866839886,ENSG00000140548
ENSG00000214510,10177.0,2.5868328,9.303057,1,10176.741316735744,SPINK13
ENSG00000177707,10178.0,2.5851946,4.4866953,1,10177.741480529308,ENSG00000177707
ENSG00000117280,10179.0,2.582674,1.739842,1,10178.741732597353,ENSG00000117280
ENSG00000178828,10180.0,2.5823069,8.795515,1,10179.741769313812,RNF186
ENSG00000259291,10181.0,2.5815547,2.3501277,1,10180.741844534874,ENSG00000259291
ENSG00000166831,10182.0,2.5804918,4.474832,1,10181.741950809956,ENSG00000166831
ENSG00000115386,10183.0,2.579017,12.772582,1,10182.74209830165,REG1A
ENSG00000226887,10184.0,2.5786822,6.193603,1,10183.742131769655,ENSG00000226887
ENSG00000185838,10185.0,2.578243,1.7346438,1,10184.74217569828,ENSG00000185838
ENSG00000173175,10186.0,2.5775096,3.3279266,1,10185.742249041796,ENSG00000173175
ENSG00000230215,10187.0,2.5736191,2.3172004,1,10186.742638081312,ENSG00000230215
ENSG00000156671,10188.0,2.572221,0.7799586,1,10187.742777884008,ENSG00000156671
ENSG00000102977,10189.0,2.571526,2.0879931,1,10188.742847383022,ENSG00000102977
ENSG00000196876,10190.0,2.5694144,2.5246866,1,10189.74305856228,ENSG00000196876
ENSG00000248919,10191.0,2.5685148,5.934095,1,10190.743148505688,ENSG00000248919
ENSG00000123219,10192.0,2.5659115,1.5123453,1,10191.743408858776,ENSG00000123219
ENSG00000163126,10193.0,2.5654025,2.0993154,1,10192.743459761145,ENSG00000163126
ENSG00000280711,10194.0,2.5652132,2.3685706,1,10193.743478685616,ENSG00000280711
ENSG00000147647,10195.0,2.564877,4.937875,1,10194.743512302635,DPYS
ENSG00000251493,10196.0,2.5646553,7.3667817,1,10195.743534475563,ENSG00000251493
ENSG00000203867,10197.0,2.564231,3.0476828,1,10196.743576914072,ENSG00000203867
ENSG00000184792,10198.0,2.5637352,3.0137663,1,10197.743626475334,ENSG00000184792
ENSG00000197483,10199.0,2.5636399,0.9605811,1,10198.743636012076,ENSG00000197483
ENSG00000106665,10200.0,2.5623577,1.8610989,1,10199.743764221668,ENSG00000106665
ENSG00000231999,10201.0,2.5614336,3.0323913,1,10200.74385663867,ENSG00000231999
ENSG00000254852,10202.0,2.5611396,6.0833898,1,10201.743886053562,ENSG00000254852
ENSG00000104537,10203.0,2.561054,9.744082,1,10202.743894606829,ENSG00000104537
ENSG00000137656,10204.0,2.559054,1.6783229,1,10203.744094610214,ENSG00000137656
ENSG00000224902,10205.0,2.5589182,40.263878,1,10204.744108170273,ENSG00000224902
ENSG00000204909,10206.0,2.5580466,2.338711,1,10205.744195342064,ENSG00000204909
ENSG00000146670,10207.0,2.5525947,3.1670933,1,10206.74474054575,ENSG00000146670
ENSG00000241935,10208.0,2.5481632,2.6829534,1,10207.74518367648,ENSG00000241935
ENSG00000163249,10209.0,2.5467763,2.3538592,1,10208.74532237649,ENSG00000163249
ENSG00000013297,10210.0,2.546417,1.6273971,1,10209.745358288288,ENSG00000013297
ENSG00000136928,10211.0,2.5457177,9.6860695,1,10210.74542823434,ENSG00000136928
ENSG00000144136,10212.0,2.5444279,3.8615735,1,10211.74555721879,ENSG00000144136
ENSG00000236445,10213.0,2.5443816,2.7859025,1,10212.74556183815,ENSG00000236445
ENSG00000158966,10214.0,2.5416117,2.7001908,1,10213.745838820934,ENSG00000158966
ENSG00000259459,10215.0,2.5414853,8.138174,1,10214.74585145712,ENSG00000259459
ENSG00000091137,10216.0,2.5396852,3.855067,1,10215.746031463146,ENSG00000091137
ENSG00000205221,10217.0,2.5387733,4.4111943,1,10216.746122658253,ENSG00000205221
ENSG00000106689,10218.0,2.537857,11.216022,1,10217.746214300394,ENSG00000106689
ENSG00000171819,10219.0,2.537132,12.42964,1,10218.746286809444,ENSG00000171819
ENSG00000185385,10220.0,2.536183,2.1590211,1,10219.74638170004,ENSG00000185385
ENSG00000124212,10221.0,2.5355153,0.9025395,1,10220.74644845724,ENSG00000124212
ENSG00000197769,10222.0,2.5350642,0.5417663,1,10221.746493577955,ENSG00000197769
ENSG00000183914,10223.0,2.5326204,5.479562,1,10222.746737957,ENSG00000183914
ENSG00000161896,10224.0,2.5323975,15.195083,1,10223.746760249138,ENSG00000161896
ENSG00000136881,10225.0,2.5307825,8.429879,1,10224.746921747925,ENSG00000136881
ENSG00000155761,10226.0,2.5287235,5.850633,1,10225.747127652168,ENSG00000155761
ENSG00000185761,10227.0,2.528306,2.8359773,1,10226.747169405222,ENSG00000185761
ENSG00000174007,10228.0,2.5266004,0.5547108,1,10227.747339963911,ENSG00000174007
ENSG00000145934,10229.0,2.5261006,4.5319524,1,10228.747389942408,ENSG00000145934
ENSG00000235280,10230.0,2.5253813,2.9758935,1,10229.747461855412,ENSG00000235280
ENSG00000126010,10231.0,2.5246568,3.7856946,1,10230.74753433466,ENSG00000126010
ENSG00000170965,10232.0,2.5231955,10.819028,1,10231.747680455446,ENSG00000170965
ENSG00000231439,10233.0,2.5224936,3.195105,1,10232.747750639915,ENSG00000231439
ENSG00000178104,10234.0,2.5212805,5.119607,1,10233.747871935368,ENSG00000178104
ENSG00000088386,10235.0,2.5207474,0.812612,1,10234.747925251722,ENSG00000088386
ENSG00000127423,10236.0,2.5201237,3.60883,1,10235.747987627983,ENSG00000127423
ENSG00000249267,10237.0,2.5197177,2.7193837,1,10236.748028218746,ENSG00000249267
ENSG00000121621,10238.0,2.5184033,3.493948,1,10237.74815967679,ENSG00000121621
ENSG00000125650,10239.0,2.517193,2.904359,1,10238.74828070402,ENSG00000125650
ENSG00000236849,10240.0,2.5146015,12.188875,1,10239.748539865015,ENSG00000236849
ENSG00000154957,10241.0,2.5109456,1.8036388,1,10240.748905450106,ENSG00000154957
ENSG00000164181,10242.0,2.5104778,1.5829909,1,10241.74895220995,ENSG00000164181
ENSG00000156510,10243.0,2.510215,4.1477647,1,10242.748978495598,ENSG00000156510
ENSG00000135424,10244.0,2.5095313,4.9187193,1,10243.749046862124,ENSG00000135424
ENSG00000164708,10245.0,2.507032,3.165225,1,10244.749296814203,ENSG00000164708
ENSG00000113749,10246.0,2.507006,2.0779736,1,10245.749299407003,ENSG00000113749
ENSG00000177182,10247.0,2.5056822,3.948793,1,10246.74943178892,ENSG00000177182
ENSG00000204947,10248.0,2.5052543,4.1257577,1,10247.749474585056,ENSG00000204947
ENSG00000188566,10249.0,2.5032623,2.363096,1,10248.74967378378,ENSG00000188566
ENSG00000171368,10250.0,2.5019188,2.523761,1,10249.749808132648,ENSG00000171368
ENSG00000115998,10251.0,2.5000455,2.5127814,1,10250.749995440245,ENSG00000115998
ENSG00000131171,10252.0,2.4917889,7.3048635,1,10251.750821113586,ENSG00000131171
ENSG00000258643,10253.0,2.4903815,4.0804644,1,10252.750961855054,ENSG00000258643
ENSG00000033800,10254.0,2.488805,2.240881,1,10253.751119494438,ENSG00000033800
ENSG00000213799,10255.0,2.488463,2.0354648,1,10254.751153707504,ENSG00000213799
ENSG00000240137,10256.0,2.4876525,2.6652029,1,10255.75123474002,ENSG00000240137
ENSG00000083720,10257.0,2.487635,2.169403,1,10256.751236513255,ENSG00000083720
ENSG00000104490,10258.0,2.486769,1.6517516,1,10257.751323103905,ENSG00000104490
ENSG00000164849,10259.0,2.4853275,2.6974888,1,10258.751467257738,ENSG00000164849
ENSG00000047662,10260.0,2.4853024,1.6527904,1,10259.751469761131,ENSG00000047662
ENSG00000109805,10261.0,2.4849164,3.2505643,1,10260.75150835514,ENSG00000109805
ENSG00000144712,10262.0,2.4821997,2.7384198,1,10261.751780033112,ENSG00000144712
ENSG00000206077,10263.0,2.4820304,5.718291,1,10262.75179696083,ENSG00000206077
ENSG00000172531,10264.0,2.4817035,5.453125,1,10263.751829653978,ENSG00000172531
ENSG00000203663,10265.0,2.4810052,1.7147542,1,10264.75189948082,ENSG00000203663
ENSG00000230061,10266.0,2.478467,10.592936,1,10265.7521533072,ENSG00000230061
ENSG00000170464,10267.0,2.4772859,2.4394047,1,10266.752271413803,ENSG00000170464
ENSG00000174099,10268.0,2.4753044,2.5824435,1,10267.752469569445,ENSG00000174099
ENSG00000135090,10269.0,2.4751298,4.2628818,1,10268.752487018704,ENSG00000135090
ENSG00000078898,10270.0,2.4738414,4.9050393,1,10269.752615854144,ENSG00000078898
ENSG00000187288,10271.0,2.4712996,4.108974,1,10270.752870038152,ENSG00000187288
ENSG00000233922,10272.0,2.468275,3.8207154,1,10271.75317248702,ENSG00000233922
ENSG00000172803,10273.0,2.467018,4.278801,1,10272.753298208116,ENSG00000172803
ENSG00000144908,10274.0,2.4640393,5.6362376,1,10273.753596067429,ALDH1L1
ENSG00000159917,10275.0,2.463847,0.9696774,1,10274.753615304828,ENSG00000159917
ENSG00000159761,10276.0,2.4612868,2.327694,1,10275.753871321678,ENSG00000159761
ENSG00000260924,10277.0,2.459217,4.7672906,1,10276.754078298807,ENSG00000260924
ENSG00000183763,10278.0,2.4550734,4.6433845,1,10277.754492670298,ENSG00000183763
ENSG00000111058,10279.0,2.4547768,2.7386112,1,10278.754522323608,ENSG00000111058
ENSG00000118507,10280.0,2.4530537,0.67101,1,10279.754694625735,ENSG00000118507
ENSG00000177191,10281.0,2.4521713,1.722014,1,10280.754782870412,ENSG00000177191
ENSG00000186862,10282.0,2.4513214,5.0483294,1,10281.754867866635,ENSG00000186862
ENSG00000182685,10283.0,2.4505084,1.3453176,1,10282.75494916737,ENSG00000182685
ENSG00000128683,10284.0,2.4501781,7.3540916,1,10283.754982188344,ENSG00000128683
ENSG00000178226,10285.0,2.4488459,3.486445,1,10284.755115419626,ENSG00000178226
ENSG00000183091,10286.0,2.4487896,3.7174191,1,10285.755121037364,ENSG00000183091
ENSG00000237883,10287.0,2.4486694,3.243236,1,10286.7551330626,ENSG00000237883
ENSG00000256124,10288.0,2.4474268,6.7411785,1,10287.755257323384,ENSG00000256124
ENSG00000183647,10289.0,2.4463062,0.60725653,1,10288.755369380116,ENSG00000183647
ENSG00000096006,10290.0,2.4444797,5.184386,1,10289.75555202365,CRISP3
ENSG00000124092,10291.0,2.4441903,6.791062,1,10290.755580976604,ENSG00000124092
ENSG00000179922,10292.0,2.4386458,1.5093479,1,10291.756135419011,ENSG00000179922
ENSG00000259823,10293.0,2.438055,12.735716,1,10292.756194502115,ENSG00000259823
ENSG00000234284,10294.0,2.437441,2.2761796,1,10293.7562558949,ENSG00000234284
ENSG00000256294,10295.0,2.4349082,3.3672435,1,10294.756509184836,ENSG00000256294
ENSG00000175449,10296.0,2.4320052,2.2135575,1,10295.75679948926,ENSG00000175449
ENSG00000117477,10297.0,2.4306583,6.5873737,1,10296.756934165956,ENSG00000117477
ENSG00000235098,10298.0,2.4305322,2.3999224,1,10297.756946772335,ENSG00000235098
ENSG00000135297,10299.0,2.4286137,1.5365161,1,10298.757138639688,ENSG00000135297
ENSG00000163393,10300.0,2.4279833,2.0620883,1,10299.7572016716,ENSG00000163393
ENSG00000213390,10301.0,2.4269524,2.8386328,1,10300.757304757832,ENSG00000213390
ENSG00000197385,10302.0,2.4263196,1.4887109,1,10301.757368043063,ENSG00000197385
ENSG00000204860,10303.0,2.4260845,5.452725,1,10302.757391542196,ENSG00000204860
ENSG00000177058,10304.0,2.4257643,2.892585,1,10303.757423564792,ENSG00000177058
ENSG00000273045,10305.0,2.425663,3.034725,1,10304.75743369758,ENSG00000273045
ENSG00000099974,10306.0,2.4251797,2.6032774,1,10305.757482022049,ENSG00000099974
ENSG00000258616,10307.0,2.424974,15.922458,1,10306.75750260055,LINC02303
ENSG00000164743,10308.0,2.4237728,7.23786,1,10307.757622718813,ENSG00000164743
ENSG00000174652,10309.0,2.4233644,0.5461654,1,10308.757663562894,ENSG00000174652
ENSG00000196604,10310.0,2.4220088,4.9046035,1,10309.757799118755,ENSG00000196604
ENSG00000138685,10311.0,2.420196,2.1508474,1,10310.757980391383,ENSG00000138685
ENSG00000172426,10312.0,2.4196663,4.675388,1,10311.758033365011,ENSG00000172426
ENSG00000281189,10313.0,2.4188383,3.148955,1,10312.758116170764,ENSG00000281189
ENSG00000163686,10314.0,2.41701,1.9160975,1,10313.75829899311,ENSG00000163686
ENSG00000163661,10315.0,2.4160438,3.158331,1,10314.75839562714,ENSG00000163661
ENSG00000082482,10316.0,2.4143884,6.6571546,1,10315.75856116414,ENSG00000082482
ENSG00000248445,10317.0,2.413614,6.2303143,1,10316.758638590574,ENSG00000248445
ENSG00000139292,10318.0,2.413582,4.381952,1,10317.758641794324,ENSG00000139292
ENSG00000284194,10319.0,2.4118493,1.4147215,1,10318.758815079927,ENSG00000284194
ENSG00000160321,10320.0,2.4117017,1.9006374,1,10319.758829832075,ENSG00000160321
ENSG00000178075,10321.0,2.4080691,2.7105398,1,10320.759193092585,ENSG00000178075
ENSG00000225506,10322.0,2.4073238,2.8111258,1,10321.759267613292,ENSG00000225506
ENSG00000181634,10323.0,2.4069111,2.6475136,1,10322.759308889508,ENSG00000181634
ENSG00000178999,10324.0,2.4049265,3.7597995,1,10323.759507343171,ENSG00000178999
ENSG00000272620,10325.0,2.4039598,6.865614,1,10324.759604021909,ENSG00000272620
ENSG00000070182,10326.0,2.4037597,0.71351784,1,10325.759624034166,ENSG00000070182
ENSG00000187957,10327.0,2.403579,4.053751,1,10326.759642094374,DNER
ENSG00000179057,10328.0,2.4033983,1.6326635,1,10327.759660169482,ENSG00000179057
ENSG00000205309,10329.0,2.4030118,3.9225934,1,10328.759698823094,ENSG00000205309
ENSG00000268658,10330.0,2.4000726,1.6992911,1,10329.7599927485,ENSG00000268658
ENSG00000121743,10331.0,2.39909,4.6120048,1,10330.760090991856,ENSG00000121743
ENSG00000184451,10332.0,2.3987598,4.5496135,1,10331.760124012828,ENSG00000184451
ENSG00000166323,10333.0,2.3987432,2.938984,1,10332.760125681758,ENSG00000166323
ENSG00000139547,10334.0,2.3985574,1.9852971,1,10333.760144263506,ENSG00000139547
ENSG00000233493,10335.0,2.3967526,4.3159347,1,10334.76032474637,ENSG00000233493
ENSG00000184144,10336.0,2.3907945,4.5311465,1,10335.7609205544,ENSG00000184144
ENSG00000165730,10337.0,2.3907418,3.5944614,1,10336.76092581451,ENSG00000165730
ENSG00000078795,10338.0,2.3892667,1.8856804,1,10337.761073321104,ENSG00000078795
ENSG00000110025,10339.0,2.3886373,2.6739423,1,10338.761136263607,ENSG00000110025
ENSG00000169857,10340.0,2.3868885,1.1154315,1,10339.761311143637,ENSG00000169857
ENSG00000282961,10341.0,2.3864772,2.4673967,1,10340.761352270842,ENSG00000282961
ENSG00000176428,10342.0,2.3857098,5.5634975,1,10341.761429026725,ENSG00000176428
ENSG00000154920,10343.0,2.385536,4.844079,1,10342.761446401477,ENSG00000154920
ENSG00000128268,10344.0,2.383998,2.1807754,1,10343.761600211265,ENSG00000128268
ENSG00000149050,10345.0,2.3835785,5.870951,1,10344.76164214313,ENSG00000149050
ENSG00000213689,10346.0,2.3833606,1.3067725,1,10345.76166394353,ENSG00000213689
ENSG00000169679,10347.0,2.3825436,3.3290744,1,10346.761745646596,ENSG00000169679
ENSG00000105131,10348.0,2.3804872,5.821987,1,10347.76195128262,ENSG00000105131
ENSG00000131969,10349.0,2.378971,7.3412933,1,10348.762102887034,ENSG00000131969
ENSG00000032219,10350.0,2.3763566,1.1148314,1,10349.762364342809,ENSG00000032219
ENSG00000180855,10351.0,2.375528,1.3883525,1,10350.762447193263,ENSG00000180855
ENSG00000162782,10352.0,2.375325,8.63101,1,10351.762467503548,ENSG00000162782
ENSG00000132185,10353.0,2.3752184,2.0926106,1,10352.762478157878,ENSG00000132185
ENSG00000128714,10354.0,2.375155,10.967411,1,10353.762484505773,ENSG00000128714
ENSG00000158545,10355.0,2.3744252,1.3136388,1,10354.76255747676,ENSG00000158545
ENSG00000281358,10356.0,2.3737288,1.8637388,1,10355.762627124786,ENSG00000281358
ENSG00000156273,10357.0,2.37357,2.5825055,1,10356.762643009424,ENSG00000156273
ENSG00000104901,10358.0,2.3720756,8.284145,1,10357.762792438269,ENSG00000104901
ENSG00000135773,10359.0,2.3704417,8.915662,1,10358.7629558295,ENSG00000135773
ENSG00000184005,10360.0,2.36963,3.3405557,1,10359.763036996126,ENSG00000184005
ENSG00000178409,10361.0,2.3695774,5.5610647,1,10360.763042256236,ENSG00000178409
ENSG00000186567,10362.0,2.36721,2.9617794,1,10361.763279005883,ENSG00000186567
ENSG00000015520,10363.0,2.3670313,8.704492,1,10362.763296872376,ENSG00000015520
ENSG00000172482,10364.0,2.3644845,5.564533,1,10363.763551548123,AGXT
ENSG00000161956,10365.0,2.363409,4.232256,1,10364.763659089804,ENSG00000161956
ENSG00000147689,10366.0,2.363082,4.1350956,1,10365.763691812754,ENSG00000147689
ENSG00000134569,10367.0,2.360519,7.0414677,1,10366.763948112726,ENSG00000134569
ENSG00000140470,10368.0,2.3602848,3.0069542,1,10367.76397152245,ENSG00000140470
ENSG00000123143,10369.0,2.3592014,1.4132452,1,10368.764079853892,ENSG00000123143
ENSG00000153993,10370.0,2.3549411,3.776829,1,10369.764505892992,ENSG00000153993
ENSG00000180537,10371.0,2.3544285,10.09004,1,10370.764557152988,ENSG00000180537
ENSG00000188687,10372.0,2.3542807,0.6031276,1,10371.764571934938,ENSG00000188687
ENSG00000074317,10373.0,2.3531377,10.216318,1,10372.764686226845,ENSG00000074317
ENSG00000198478,10374.0,2.3529127,1.0194545,1,10373.764708727598,ENSG00000198478
ENSG00000156509,10375.0,2.3528137,1.7072171,1,10374.76471862197,ENSG00000156509
ENSG00000156222,10376.0,2.3499281,6.29844,1,10375.765007182956,SLC28A1
ENSG00000185753,10377.0,2.349085,1.2119242,1,10376.765091493726,ENSG00000185753
ENSG00000007174,10378.0,2.3486848,5.4504724,1,10377.765131518245,ENSG00000007174
ENSG00000281548,10379.0,2.3486285,2.0907903,1,10378.765137150884,ENSG00000281548
ENSG00000233672,10380.0,2.346872,2.434993,1,10379.76531279087,ENSG00000233672
ENSG00000138738,10381.0,2.3452861,2.584946,1,10380.76547138393,ENSG00000138738
ENSG00000154114,10382.0,2.3451486,0.675782,1,10381.7654851377,ENSG00000154114
ENSG00000099954,10383.0,2.3449514,5.903482,1,10382.765504866838,ENSG00000099954
ENSG00000139618,10384.0,2.344751,2.2313836,1,10383.7655249089,ENSG00000139618
ENSG00000144481,10385.0,2.3416033,2.5291672,1,10384.765839666128,ENSG00000144481
ENSG00000138606,10386.0,2.3404844,2.5541277,1,10385.765951558948,ENSG00000138606
ENSG00000205560,10387.0,2.3393784,1.3695388,1,10386.766062170267,ENSG00000205560
ENSG00000183734,10388.0,2.3385234,0.9555257,1,10387.766147658229,ENSG00000183734
ENSG00000273033,10389.0,2.3360386,2.2414665,1,10388.766396135092,ENSG00000273033
ENSG00000123838,10390.0,2.3360372,7.334505,1,10389.766396284103,C4BPA
ENSG00000072571,10391.0,2.3347802,2.6357827,1,10390.766521975398,ENSG00000072571
ENSG00000180914,10392.0,2.3341894,3.90345,1,10391.766581058502,ENSG00000180914
ENSG00000118690,10393.0,2.3329864,2.028081,1,10392.766701370478,ENSG00000118690
ENSG00000163378,10394.0,2.332836,1.8151315,1,10393.76671640575,ENSG00000163378
ENSG00000100226,10395.0,2.3323321,1.4895424,1,10394.766766786575,ENSG00000100226
ENSG00000198643,10396.0,2.3316991,5.756299,1,10395.766830086708,FAM3D
ENSG00000233452,10397.0,2.3316793,1.7123009,1,10396.766832068564,ENSG00000233452
ENSG00000147003,10398.0,2.331382,8.761573,1,10397.76686179638,CLTRN
ENSG00000139890,10399.0,2.3310647,2.775188,1,10398.766893535852,ENSG00000139890
ENSG00000129204,10400.0,2.3304324,2.3336058,1,10399.76695676148,ENSG00000129204
ENSG00000226312,10401.0,2.3297803,1.2134986,1,10400.76702196896,ENSG00000226312
ENSG00000181798,10402.0,2.3296947,1.8185078,1,10401.767030522227,ENSG00000181798
ENSG00000182324,10403.0,2.3290255,2.6754792,1,10402.767097443342,ENSG00000182324
ENSG00000149499,10404.0,2.3289628,0.5983708,1,10403.767103716733,ENSG00000149499
ENSG00000136816,10405.0,2.3270783,1.4165664,1,10404.767292171717,ENSG00000136816
ENSG00000130287,10406.0,2.3256547,6.377753,1,10405.76743452251,NCAN
ENSG00000249846,10407.0,2.325177,4.261202,1,10406.767482310534,ENSG00000249846
ENSG00000119509,10408.0,2.325092,1.8294959,1,10407.767490789294,ENSG00000119509
ENSG00000170315,10409.0,2.3227262,73.35951,1,10408.76772737503,ENSG00000170315
ENSG00000143816,10410.0,2.3221807,2.9437647,1,10409.767781928182,ENSG00000143816
ENSG00000171094,10411.0,2.321949,9.091849,1,10410.767805099487,ENSG00000171094
ENSG00000253490,10412.0,2.3212967,4.932619,1,10411.767870336773,ENSG00000253490
ENSG00000197362,10413.0,2.3190997,1.9888368,1,10412.768090039492,ENSG00000197362
ENSG00000132821,10414.0,2.3184123,6.291669,1,10413.768158763649,ENSG00000132821
ENSG00000128245,10415.0,2.3176165,0.6361695,1,10414.768238350747,ENSG00000128245
ENSG00000132164,10416.0,2.317544,7.055738,1,10415.768245607616,ENSG00000132164
ENSG00000135638,10417.0,2.316792,7.7883167,1,10416.768320798874,ENSG00000135638
ENSG00000134874,10418.0,2.315195,3.548026,1,10417.768480494618,ENSG00000134874
ENSG00000135486,10419.0,2.3143408,70.31274,1,10418.768565922976,ENSG00000135486
ENSG00000204128,10420.0,2.3135734,3.7613304,1,10419.768642663956,ENSG00000204128
ENSG00000172375,10421.0,2.3119407,0.7283074,1,10420.76880593598,ENSG00000172375
ENSG00000256812,10422.0,2.3089988,7.8922286,1,10421.769100114703,ENSG00000256812
ENSG00000183778,10423.0,2.3085222,2.1804388,1,10422.769147783518,ENSG00000183778
ENSG00000233901,10424.0,2.3079205,1.4240229,1,10423.769207954409,ENSG00000233901
ENSG00000183206,10425.0,2.3077068,6.5134273,1,10424.769229322672,ENSG00000183206
ENSG00000184351,10426.0,2.3033667,13.913967,1,10425.769663333893,ENSG00000184351
ENSG00000229537,10427.0,2.3030264,36.810123,1,10426.769697353244,ENSG00000229537
ENSG00000104760,10428.0,2.300746,8.933762,1,10427.769925400617,FGL1
ENSG00000249786,10429.0,2.300116,2.1883767,1,10428.769988387823,ENSG00000249786
ENSG00000166402,10430.0,2.2990317,6.120245,1,10429.770096823571,ENSG00000166402
ENSG00000145321,10431.0,2.2972724,7.5790353,1,10430.770272761583,GC
ENSG00000126787,10432.0,2.2931933,2.4172475,1,10431.77068066597,ENSG00000126787
ENSG00000127530,10433.0,2.2922642,6.2541156,1,10432.77077357471,ENSG00000127530
ENSG00000058866,10434.0,2.2907295,3.9029207,1,10433.770927041767,ENSG00000058866
ENSG00000231185,10435.0,2.2903829,10.884563,1,10434.770961716771,ENSG00000231185
ENSG00000170390,10436.0,2.29037,2.3959944,1,10435.770962998273,ENSG00000170390
ENSG00000077522,10437.0,2.2884989,5.669236,1,10436.771150112152,ENSG00000077522
ENSG00000006016,10438.0,2.2873185,3.5661585,1,10437.771268159153,ENSG00000006016
ENSG00000160741,10439.0,2.2872972,1.3799217,1,10438.771270275116,ENSG00000160741
ENSG00000137843,10440.0,2.2872238,5.0716457,1,10439.771277621388,ENSG00000137843
ENSG00000176401,10441.0,2.285254,1.9263453,1,10440.771474599838,ENSG00000176401
ENSG00000130997,10442.0,2.2835386,3.2016087,1,10441.771646142006,ENSG00000130997
ENSG00000109944,10443.0,2.2824724,1.6370705,1,10442.771752759814,ENSG00000109944
ENSG00000172469,10444.0,2.2796977,1.3032516,1,10443.772030234337,ENSG00000172469
ENSG00000080839,10445.0,2.278827,1.1312371,1,10444.772117301822,ENSG00000080839
ENSG00000170919,10446.0,2.278619,1.7483704,1,10445.772138088942,ENSG00000170919
ENSG00000249709,10447.0,2.2784467,1.9575311,1,10446.772155329583,ENSG00000249709
ENSG00000157014,10448.0,2.2784183,1.1515663,1,10447.772158175709,ENSG00000157014
ENSG00000240038,10449.0,2.2780902,1.2041165,1,10448.772190973164,ENSG00000240038
ENSG00000233639,10450.0,2.2778795,7.516336,1,10449.772212058306,PANTR1
ENSG00000273820,10451.0,2.277275,2.8116312,1,10450.772272497416,ENSG00000273820
ENSG00000121210,10452.0,2.276001,1.1059275,1,10451.772399902344,ENSG00000121210
ENSG00000285517,10453.0,2.27525,2.1269171,1,10452.772475004196,ENSG00000285517
ENSG00000249395,10454.0,2.2733974,3.0525734,1,10453.772660255432,ENSG00000249395
ENSG00000204539,10455.0,2.2720199,1.9268155,1,10454.772798016667,ENSG00000204539
ENSG00000196437,10456.0,2.2718272,1.5449898,1,10455.772817283869,ENSG00000196437
ENSG00000100156,10457.0,2.2691557,6.1669374,1,10456.773084431888,ENSG00000100156
ENSG00000237339,10458.0,2.2627616,2.6412804,1,10457.773723840714,ENSG00000237339
ENSG00000163132,10459.0,2.2626193,5.1174073,1,10458.773738071322,ENSG00000163132
ENSG00000260428,10460.0,2.2621236,4.164726,1,10459.773787647486,ENSG00000260428
ENSG00000187801,10461.0,2.2621026,5.178577,1,10460.773789733648,ENSG00000187801
ENSG00000168917,10462.0,2.259825,2.7865207,1,10461.774017497895,ENSG00000168917
ENSG00000131469,10463.0,2.2587097,40.575726,1,10462.774129033089,ENSG00000131469
ENSG00000117245,10464.0,2.2559922,9.32537,1,10463.774400785564,ENSG00000117245
ENSG00000151632,10465.0,2.2545238,4.9379406,1,10464.774547621608,AKR1C2
ENSG00000063127,10466.0,2.254167,1.0467601,1,10465.774583294988,ENSG00000063127
ENSG00000175946,10467.0,2.2541199,12.732248,1,10466.774588018656,ENSG00000175946
ENSG00000163950,10468.0,2.2533333,4.2430453,1,10467.774666666985,ENSG00000163950
ENSG00000161040,10469.0,2.252988,2.0057847,1,10468.774701192977,ENSG00000161040
ENSG00000113638,10470.0,2.2527068,2.7282143,1,10469.774729326367,ENSG00000113638
ENSG00000185267,10471.0,2.2514677,3.1693485,1,10470.774853229525,ENSG00000185267
ENSG00000139687,10472.0,2.2483916,1.4429637,1,10471.775160834191,ENSG00000139687
ENSG00000118193,10473.0,2.2477572,2.8998737,1,10472.775224283338,ENSG00000118193
ENSG00000023041,10474.0,2.247619,0.7341242,1,10473.775238111615,ENSG00000023041
ENSG00000134020,10475.0,2.2470863,5.888775,1,10474.775291368363,ENSG00000134020
ENSG00000241399,10476.0,2.246922,1.0862869,1,10475.775307804346,ENSG00000241399
ENSG00000100557,10477.0,2.2464287,2.5473094,1,10476.77535712719,ENSG00000100557
ENSG00000080031,10478.0,2.2443442,6.761433,1,10477.775565579534,ENSG00000080031
ENSG00000164188,10479.0,2.243165,4.18687,1,10478.775683492422,ENSG00000164188
ENSG00000133687,10480.0,2.242352,2.497008,1,10479.775764793158,ENSG00000133687
ENSG00000104112,10481.0,2.2398238,4.796958,1,10480.77601762116,ENSG00000104112
ENSG00000180336,10482.0,2.2390983,5.6781616,1,10481.776090174912,ENSG00000180336
ENSG00000214940,10483.0,2.2390122,3.1028311,1,10482.776098772883,ENSG00000214940
ENSG00000185652,10484.0,2.2389522,5.534087,1,10483.776104778051,ENSG00000185652
ENSG00000172766,10485.0,2.2381587,1.6584328,1,10484.776184126737,ENSG00000172766
ENSG00000165061,10486.0,2.2370968,9.680953,1,10485.77629032731,ENSG00000165061
ENSG00000100068,10487.0,2.2361321,0.80426526,1,10486.776386782529,ENSG00000100068
ENSG00000142185,10488.0,2.2287478,1.0163704,1,10487.77712520957,ENSG00000142185
ENSG00000251191,10489.0,2.2282283,9.50013,1,10488.77717716992,ENSG00000251191
ENSG00000178404,10490.0,2.2277179,5.83629,1,10489.777228206396,ENSG00000178404
ENSG00000225465,10491.0,2.2276363,4.1565537,1,10490.777236372232,ENSG00000225465
ENSG00000156970,10492.0,2.2272277,3.4402037,1,10491.777277231216,ENSG00000156970
ENSG00000151967,10493.0,2.2255192,8.794399,1,10492.77744808793,ENSG00000151967
ENSG00000213265,10494.0,2.2245603,2.057839,1,10493.777543976905,ENSG00000213265
ENSG00000075213,10495.0,2.222642,6.2695603,1,10494.777735799553,ENSG00000075213
ENSG00000244414,10496.0,2.2214317,2.3748999,1,10495.777856826782,ENSG00000244414
ENSG00000137098,10497.0,2.2214062,2.8577986,1,10496.77785937488,ENSG00000137098
ENSG00000232352,10498.0,2.2200878,6.389071,1,10497.777991220357,ENSG00000232352
ENSG00000249961,10499.0,2.219437,1.7631849,1,10498.778056308627,ENSG00000249961
ENSG00000138160,10500.0,2.219394,2.6654484,1,10499.778060600162,ENSG00000138160
ENSG00000121454,10501.0,2.2193692,3.8494656,1,10500.778063088655,ENSG00000121454
ENSG00000184160,10502.0,2.2193565,6.1480117,1,10501.778064340351,ENSG00000184160
ENSG00000166535,10503.0,2.2193325,2.5586164,1,10502.77806675434,ENSG00000166535
ENSG00000116329,10504.0,2.2185092,8.39285,1,10503.778149083257,ENSG00000116329
ENSG00000126262,10505.0,2.2167711,1.0121151,1,10504.7783228904,ENSG00000126262
ENSG00000224141,10506.0,2.2165847,3.5607047,1,10505.778341531754,ENSG00000224141
ENSG00000260097,10507.0,2.2165663,1.9934002,1,10506.778343364596,ENSG00000260097
ENSG00000244300,10508.0,2.2163222,2.9620895,1,10507.7783677876,ENSG00000244300
ENSG00000214652,10509.0,2.2144873,3.3866029,1,10508.778551265596,ENSG00000214652
ENSG00000102393,10510.0,2.2142084,4.2187805,1,10509.778579160571,ENSG00000102393
ENSG00000164342,10511.0,2.2141564,2.3841817,1,10510.778584361076,ENSG00000164342
