{
  "current_iteration": 49,
  "best_score": 1.0,
  "score_history": [
    0.5,
    0.5,
    0.5,
    0.5625,
    0.875,
    0.21744238428497675,
    0.24413537678156963,
    0.0,
    0.0,
    0.5434069371559332,
    0.6986106557508199,
    0.9560274460215443,
    0.9560274460215443,
    0.9531306206205629,
    0.12500000000000003,
    0.45034463916615297,
    0.0,
    0.946270486847418,
    0.2772972873627046,
    0.43565572947329373,
    0.9210502574118115,
    0.9210502574118115,
    0.4522642506809369,
    0.1272288299667687,
    0.4644699238105006,
    0.9429424068485429,
    0.46191026130571794,
    0.645990200797204,
    1.0,
    0.25108197192560117,
    0.0,
    0.0,
    0.0,
    0.2843619515777335,
    0.34996248106155825,
    0.3017210971571196,
    0.7796293090267035,
    0.20529400641622678,
    0.8940864513450711,
    0.5486679377939133,
    0.6153516262205415,
    0.0,
    0.7895178965472162,
    0.6153516262205415,
    0.7045798491448381,
    0.08286439393130353,
    0.9394077643970464,
    0.43496693417751814,
    0.48536783838201947,
    0.6882640136940701,
    0.608284591173944
  ],
  "best_score_history": [
    0.5,
    0.5,
    0.5,
    0.5625,
    0.875,
    0.875,
    0.875,
    0.875,
    0.875,
    0.875,
    0.875,
    0.9560274460215443,
    0.9560274460215443,
    0.9560274460215443,
    0.9560274460215443,
    0.9560274460215443,
    0.9560274460215443,
    0.9560274460215443,
    0.9560274460215443,
    0.9560274460215443,
    0.9560274460215443,
    0.9560274460215443,
    0.9560274460215443,
    0.9560274460215443,
    0.9560274460215443,
    0.9560274460215443,
    0.9560274460215443,
    0.9560274460215443,
    1.0,
    1.0,
    1.0,
    1.0,
    1.0,
    1.0,
    1.0,
    1.0,
    1.0,
    1.0,
    1.0,
    1.0,
    1.0,
    1.0,
    1.0,
    1.0,
    1.0,
    1.0,
    1.0,
    1.0,
    1.0,
    1.0,
    1.0
  ],
  "generations_without_improvement": 22,
  "objective": "Optimize the RL-based gene panel selection algorithm for:\n\n1. **Final Panel Quality** (90% weight): Maximize ARI, NMI, SI clustering metrics.\n   - ARI (Adjusted Rand Index) measures clustering agreement with ground truth\n   - NMI (Normalized Mutual Information) provides additional clustering quality signal\n   - SI (Separation Index) measures inter-cluster vs intra-cluster distances\n\n2. **Training Efficiency** (10% weight): Faster convergence to good solutions.\n   - Reduce number of epochs needed to find good panels\n   - Improve early convergence behavior\n   - Better reward signal leads to faster learning\n\nEvolution Targets (priority order):\n1. **Exploration strategy (SmartCurationTrainer.explore)** - Primary target\n   - Current: epsilon-greedy with Gaussian noise, top-K selection\n   - Possible improvements: Boltzmann/temperature-based sampling, UCB-style exploration,\n     elite gene preservation, adaptive noise schedules\n\n2. **Optimization (SmartCurationTrainer.optimize)** - Secondary target\n   - Current: single-step TD, fixed entropy coefficient\n   - Possible improvements: GAE (Generalized Advantage Estimation), entropy scheduling,\n     advantage normalization, PPO-style clipping\n\n3. **Reward function (reward_panel)** - Tertiary target\n   - Current: `reward = alpha * ari + (1 - alpha) * size_term`\n   - Possible improvements: multi-metric rewards (include NMI/SI), progressive penalties,\n     non-linear ARI scaling, diversity bonuses for pathway coverage\n\nConstraints:\n- **Keep public API unchanged**: `train_gene_panel_selector` function signature must remain stable\n- **Maintain numerical stability**: Clamp probabilities, handle edge cases properly\n- **Don't remove essential functionality**: Keep core RL components working\n- **Keep imports stable**: Don't add new external dependencies\n",
  "evaluator_code": "\"\"\"\nEvaluator for Gene Panel RL Algorithm Evolution.\n\nThis evaluator measures:\n1. Final panel quality (ARI, NMI, SI)\n2. Panel size compliance (target ~500, max 1000)\n3. Training speed\n4. Convergence behavior\n\nThe combined score balances these metrics for evolution.\n\"\"\"\n\nimport importlib.util\nimport os\nimport pickle\nimport sys\nimport time\nfrom pathlib import Path\nfrom typing import Any, Dict\nimport logging\nimport numpy as np\n\n# Configuration\nEVOLUTION_EPOCHS = 5  # Reduced epochs for faster evolution iterations\nEVALUATION_TIMEOUT = 600  # 5 minutes max per evaluation\n\nimport logging                                                                                                         \nlogging.basicConfig(level=logging.INFO, force=True)                                                                      \nlogger = logging.getLogger(__name__)\n\ndef _get_data_dir() -> Path:\n    \"\"\"Get the data directory path.\"\"\"\n    env_data_dir = os.environ.get(\"GENE_PANEL_DATA_DIR\")\n    if env_data_dir:\n        return Path(env_data_dir)\n    return Path(__file__).parent / \"data\"\n\n\ndef _load_module_from_workspace(workspace_path: str, module_name: str = \"rl_gene_panel\"):\n    \"\"\"Load the RL gene panel module from workspace.\"\"\"\n    workspace = Path(workspace_path)\n    module_path = workspace / f\"{module_name}.py\"\n\n    if not module_path.exists():\n        raise FileNotFoundError(f\"{module_name}.py not found in {workspace_path}\")\n\n    spec = importlib.util.spec_from_file_location(module_name, module_path)\n    module = importlib.util.module_from_spec(spec)\n    sys.modules[module_name] = module\n    spec.loader.exec_module(module)\n\n    return module\n\n\ndef _load_data(data_dir: Path):\n    \"\"\"Load preprocessed data and scores.\"\"\"\n    import anndata as ad\n\n    adata_path = data_dir / \"adata_preprocessed.h5ad\"\n    scores_path = data_dir / \"scores.pkl\"\n\n    if not adata_path.exists():\n        raise FileNotFoundError(f\"Preprocessed adata not found: {adata_path}\")\n    if not scores_path.exists():\n        raise FileNotFoundError(f\"Scores file not found: {scores_path}\")\n\n    adata = ad.read_h5ad(adata_path)\n\n    with open(scores_path, \"rb\") as f:\n        scores_data = pickle.load(f)\n\n    return adata, scores_data\n\n\ndef _compute_size_score(panel_size: int, k_target: int = 500, k_max: int = 1000) -> float:\n    \"\"\"Compute normalized panel size.\"\"\"\n    return panel_size / k_max\n\n\ndef _evaluate_clustering_metrics(adata, genes: list, label_key: str = \"cell_type\") -> Dict[str, float]:\n    \"\"\"\n    Compute full evaluation metrics for a gene panel.\n    Uses the same metrics as evaluate_gene_panel.py.\n    \"\"\"\n    import scanpy as sc\n    from sklearn.metrics import adjusted_rand_score, normalized_mutual_info_score\n    from sklearn.metrics import pairwise_distances\n\n    genes = [g for g in genes if g in adata.var_names]\n\n    if len(genes) < 10:\n        return {\n            \"ari\": 0.0,\n            \"nmi\": 0.0,\n            \"si\": 0.0,\n        }\n\n    ad = adata[:, genes].copy()\n\n    n_pcs = min(50, len(genes) - 1, ad.n_obs - 1)\n    try:\n        import rapids_singlecell as rsc\n        _USE_GPU = True\n    except ImportError:\n        _USE_GPU = False\n    if _USE_GPU:\n        rsc.pp.pca(ad, n_comps=n_pcs)\n        rsc.pp.neighbors(ad, n_neighbors=15, use_rep=\"X_pca\")\n        rsc.tl.leiden(ad, resolution=0.8, random_state=0)\n    else:\n        sc.pp.pca(ad, n_comps=n_pcs)\n        sc.pp.neighbors(ad, n_neighbors=15, use_rep=\"X_pca\")\n        sc.tl.leiden(ad, resolution=0.8, random_state=0)\n\n    clusters = ad.obs[\"leiden\"]\n    true = ad.obs[label_key]\n\n    ari = adjusted_rand_score(true, clusters)\n    nmi = normalized_mutual_info_score(true, clusters)\n\n    # Separation Index\n    X = ad.obsm[\"X_pca\"]\n    labels = ad.obs[\"leiden\"].values\n    dist = pairwise_distances(X)\n\n    intra, inter = [], []\n    for g in np.unique(labels):\n        idx = np.where(labels == g)[0]\n        jdx = np.where(labels != g)[0]\n        if len(idx) > 1:\n            intra.append(dist[np.ix_(idx, 