gene_symbol,ensembl_id_x,category_major,category_minor,methods_present,aggregate_rank,aggregate_score,bio_relevance_score_0to5,rationale_short,spatial_suitability,pct_expr,mean_expr,gini_proxy,ensembl_id_y,aggregate_score_y,DE_Immune,DE_Malignant,HVG,SpaPROS,scGeneFit,RandomForest,methods_count
CD3E,ENSG00000198851,Immune_lineage_state,T_cell_receptor_complex,,1.0,15.605116541980308,3.3426891619296564,T cell receptor complex marker,Yes,39.3132569723634,0.8933134985612495,0.2099527055299931,ENSG00000198851,15.605116541980308,0,0,0,0,0,0,0
KRT19,ENSG00000171345,Hypoxia_Angiogenesis_EMT_ECM_Vascular,EMT_Epithelial,,2.0,15.596133488789286,2.32270689127006,EMT Epithelial,Yes,19.52542696682877,0.5048772451184391,0.6687406515238796,ENSG00000171345,15.596133488789286,0,0,0,0,0,0,0
COL1A1,ENSG00000108821,Hypoxia_Angiogenesis_EMT_ECM_Vascular,ECM_Fibroblast,,3.0,15.591708732422696,2.3185714851729826,ECM Fibroblast,Yes,18.776145484785403,0.5863977806392813,0.6095148018502584,ENSG00000108821,15.591708732422696,0,0,0,0,0,0,0
KRT18,ENSG00000111057,Hypoxia_Angiogenesis_EMT_ECM_Vascular,EMT_Epithelial,,4.0,15.558595710182518,2.351611813081582,EMT Epithelial,Yes,18.330566020773105,0.3647726834350473,3.547752230070377,ENSG00000111057,15.558595710182518,0,0,0,0,0,0,0
S100A1,ENSG00000160678,Other,Other,,5.0,15.556984274600133,1.171156837460442,High-ranking informative gene,Yes,12.126447922548962,0.2655631309309582,0.3015643291499466,ENSG00000160678,15.556984274600133,0,0,0,0,0,0,0
COL1A2,ENSG00000164692,Hypoxia_Angiogenesis_EMT_ECM_Vascular,ECM_Fibroblast,,6.0,15.519313058110445,2.2862574495127337,ECM Fibroblast,Yes,18.136994614275963,0.5637889049425591,0.5657890803491661,ENSG00000164692,15.519313058110445,0,0,0,0,0,0,0
KRT8,ENSG00000170421,Hypoxia_Angiogenesis_EMT_ECM_Vascular,EMT_Epithelial,,7.0,15.50405008814439,2.2672064403118024,EMT Epithelial,Yes,18.57892178759964,0.3536348585656794,1.2596738350527348,ENSG00000170421,15.50405008814439,0,0,0,0,0,0,0
CD2,ENSG00000116824,Other,Other,,8.0,15.496575184846282,2.148562107471012,High-ranking informative gene,Yes,36.34085424269753,0.7938772569881788,1.1502027245477464,ENSG00000116824,15.496575184846282,0,0,0,0,0,0,0
SPARC,ENSG00000113140,Hypoxia_Angiogenesis_EMT_ECM_Vascular,ECM_Fibroblast,,9.0,15.496236951891108,2.5454215271324903,ECM Fibroblast,Yes,24.24783882722137,0.6750431640269136,1.2814913582664325,ENSG00000113140,15.496236951891108,0,0,0,0,0,0,0
DCN,ENSG00000011465,Hypoxia_Angiogenesis_EMT_ECM_Vascular,ECM_Fibroblast,,10.0,15.494588070916294,2.053020136262008,ECM Fibroblast,Yes,12.438297358270049,0.3673223298051314,0.8621686177740873,ENSG00000011465,15.494588070916294,0,0,0,0,0,0,0
CD24,ENSG00000272398,Other,Other,,11.0,15.479162279825148,1.4464942582883644,High-ranking informative gene,Yes,18.40445467085837,0.3786998767897993,1.3468394988786727,ENSG00000272398,15.479162279825148,0,0,0,0,0,0,0
LUM,ENSG00000139329,Hypoxia_Angiogenesis_EMT_ECM_Vascular,ECM_Fibroblast,,12.0,15.463328458554969,1.9812138148280551,ECM Fibroblast,Yes,10.65007964803155,0.3173999995834036,0.9316310005399402,ENSG00000139329,15.463328458554969,0,0,0,0,0,0,0
CALD1,ENSG00000122786,Other,Other,,13.0,15.459251026767006,1.5977583279338998,High-ranking informative gene,Yes,23.149904057133057,0.4874515870416555,0.42491922355637,ENSG00000122786,15.459251026767006,0,0,0,0,0,0,0
SFRP2,ENSG00000145423,Other,Other,,14.0,15.449561343080497,1.10446973923072,High-ranking informative gene,Yes,9.751335193192132,0.289539679020744,0.5538700227917269,ENSG00000145423,15.449561343080497,0,0,0,0,0,0,0
SPOCK2,ENSG00000107742,Other,Other,,15.0,15.414723175292211,1.889349201444884,High-ranking informative gene,Yes,30.37750638448506,0.5981373839839565,1.0539304486360863,ENSG00000107742,15.414723175292211,0,0,0,0,0,0,0
TYROBP,ENSG00000011600,Other,Other,,16.0,15.413512555070918,1.3556814103222172,High-ranking informative gene,Yes,16.03158950500223,0.4503006710285699,0.5611909868978089,ENSG00000011600,15.413512555070918,0,0,0,0,0,0,0
CST7,ENSG00000077984,Other,Other,,17.0,15.406160659972445,1.9511167520976065,High-ranking informative gene,Yes,31.320359273025588,0.699609699940076,1.116800886139251,ENSG00000077984,15.406160659972445,0,0,0,0,0,0,0
CD7,ENSG00000173762,Other,Other,,18.0,15.402507806769332,1.970302628567671,High-ranking informative gene,Yes,32.58798508741617,0.7605211992945164,0.0743104720338504,ENSG00000173762,15.402507806769332,0,0,0,0,0,0,0
CD3D,ENSG00000167286,Immune_lineage_state,T_cell_receptor_complex,,19.0,15.393940357636724,3.2018786695945494,T cell receptor complex marker,Yes,35.48509443980885,0.7510637967115755,1.1275225833463631,ENSG00000167286,15.393940357636724,0,0,0,0,0,0,0
SPARCL1,ENSG00000152583,Other,Other,,20.0,15.383683380315093,1.2029689538986186,High-ranking informative gene,Yes,12.63495916458065,0.3080469337248983,0.5820642086484822,ENSG00000152583,15.383683380315093,0,0,0,0,0,0,0
IL7R,ENSG00000168685,Immune_lineage_state,Immune_other,,21.0,15.369173074480289,2.934717129608764,Immune other marker,Yes,27.78606566818658,0.6543683578318499,1.5256034983158708,ENSG00000168685,15.369173074480289,0,0,0,0,0,0,0
MS4A1,ENSG00000156738,Immune_lineage_state,B_cell,,22.0,15.36614478473307,2.356085650446944,B cell marker,Yes,5.622561042419946,0.1387723663188362,9.359816697028124,ENSG00000156738,15.36614478473307,0,0,0,0,0,0,0
NKG7,ENSG00000105374,Immune_lineage_state,NK_cytotoxic,,23.0,15.364405454047708,2.885396754475445,NK cytotoxic marker,Yes,25.286213164541323,0.6719288548976122,2.271381522233317,ENSG00000105374,15.364405454047708,0,0,0,0,0,0,0
CD69,ENSG00000110848,Immune_lineage_state,Immune_other,,24.0,15.357132271874672,2.963343179338614,Immune other marker,Yes,28.67357230552254,0.5755009860067001,2.108095263054917,ENSG00000110848,15.357132271874672,0,0,0,0,0,0,0
FCER1G,ENSG00000158869,Other,Other,,25.0,15.346928704715744,1.2739645420390986,High-ranking informative gene,Yes,13.816896620507336,0.3345416210230983,1.2694494972128487,ENSG00000158869,15.346928704715744,0,0,0,0,0,0,0
CCDC80,ENSG00000091986,Other,Other,,26.0,15.340373425602792,1.1000948225485558,High-ranking informative gene,Yes,10.652608156969832,0.2241493617949959,0.2693540745885758,ENSG00000091986,15.340373425602792,0,0,0,0,0,0,0
AIF1,ENSG00000204472,Other,Other,,27.0,15.33341411756538,1.1650260951830904,High-ranking informative gene,Yes,12.03345498270781,0.265470140735466,0.4803827838568467,ENSG00000204472,15.33341411756538,0,0,0,0,0,0,0
COL5A2,ENSG00000204262,Hypoxia_Angiogenesis_EMT_ECM_Vascular,ECM_Fibroblast,,28.0,15.32341912709584,1.894722082067107,ECM Fibroblast,Yes,9.980586670262769,0.2087156587130677,0.2072424914910551,ENSG00000204262,15.32341912709584,0,0,0,0,0,0,0
TM4SF1,ENSG00000169908,Other,Other,,29.0,15.322314976430183,1.260192045081689,High-ranking informative gene,Yes,14.433571856009848,0.2782090701659236,0.8195346128345012,ENSG00000169908,15.322314976430183,0,0,0,0,0,0,0
BGN,ENSG00000182492,Other,Other,,30.0,15.320329805985192,1.3421475680403958,High-ranking informative gene,Yes,15.98523350780046,0.376582980979717,0.9006870687291848,ENSG00000182492,15.320329805985192,0,0,0,0,0,0,0
CD79A,ENSG00000105369,Immune_lineage_state,B_cell,,31.0,15.30883167998898,2.155248335818868,B cell marker,Yes,6.876982421243966,0.1486545039298807,2.9864002314875457,ENSG00000105369,15.30883167998898,0,0,0,0,0,0,0
LYZ,ENSG00000090382,Immune_lineage_state,Immune_other,,32.0,15.279961973037706,2.73971932939552,Immune other marker,Yes,14.179878125869166,0.2909275629146453,10.995840332809086,ENSG00000090382,15.279961973037706,0,0,0,0,0,0,0
APOE,ENSG00000130203,Other,Other,,33.0,15.27931620316364,1.6006922956599388,High-ranking informative gene,Yes,22.0342697244768,0.5648777496521624,1.1025366766430449,ENSG00000130203,15.27931620316364,0,0,0,0,0,0,0
C1QB,ENSG00000173369,Other,Other,,34.0,15.275656029284134,1.164794233379602,High-ranking informative gene,Yes,10.075265282729449,0.2685625689195388,2.2156132333431646,ENSG00000173369,15.275656029284134,0,0,0,0,0,0,0
MT-RNR1,,Other,Other,,,15.266204400067515,,,,,,,,,0,0,0,0,0,0,0
C1QC,ENSG00000159189,Other,Other,,36.0,15.26432501817209,1.0815067161594336,High-ranking informative gene,Yes,9.149550065881712,0.2468413499587506,1.0032285107915624,ENSG00000159189,15.26432501817209,0,0,0,0,0,0,0
C1QA,ENSG00000173372,Other,Other,,37.0,15.263852154890897,1.1230095562078577,High-ranking informative gene,Yes,10.023009431338338,0.2605871857998136,1.2354702157999595,ENSG00000173372,15.263852154890897,0,0,0,0,0,0,0
THY1,ENSG00000154096,Hypoxia_Angiogenesis_EMT_ECM_Vascular,ECM_Fibroblast,,38.0,15.263338964752975,1.8898350895271256,ECM Fibroblast,Yes,9.436957248532764,0.1958271170662166,0.7152218377617627,ENSG00000154096,15.263338964752975,0,0,0,0,0,0,0
PLVAP,ENSG00000130300,Other,Other,,39.0,15.261284197971763,0.8326683771913499,High-ranking informative gene,Yes,3.722246102584421,0.0921725817948015,0.3189099818915885,ENSG00000130300,15.261284197971763,0,0,0,0,0,0,0
TPM2,ENSG00000198467,Other,Other,,40.0,15.25930432249488,1.336670737016622,High-ranking informative gene,Yes,16.27516919938978,0.3130951930408046,1.047299913081834,ENSG00000198467,15.25930432249488,0,0,0,0,0,0,0
GZMA,ENSG00000145649,Other,Other,,41.0,15.25925675289544,1.633269564267286,High-ranking informative gene,Yes,22.409612829092467,0.5202537840829976,1.987928490973269,ENSG00000145649,15.25925675289544,0,0,0,0,0,0,0
CRYAB,ENSG00000109846,Other,Other,,42.0,15.252858083870043,1.305920686180352,High-ranking informative gene,Yes,13.673052556463006,0.2440772582300855,3.014493738932874,ENSG00000109846,15.252858083870043,0,0,0,0,0,0,0
IGKC,ENSG00000211592,Other,Other,,43.0,15.247094331970596,1.6798918778451053,High-ranking informative gene,Yes,17.56498970334971,0.3794344374683602,8.47238349456087,ENSG00000211592,15.247094331970596,0,0,0,0,0,0,0
FN1,ENSG00000115414,Hypoxia_Angiogenesis_EMT_ECM_Vascular,EMT_Epithelial,,44.0,15.247060239061428,2.612603466260081,EMT Epithelial,Yes,22.605431799090297,0.5415716309281318,5.7501813484197575,ENSG00000115414,15.247060239061428,0,0,0,0,0,0,0
MLANA,ENSG00000120215,Other,Other,,45.0,15.24195432500133,0.9626953176617716,High-ranking informative gene,Yes,4.632228374927308,0.0910169678303193,2.978767711888767,ENSG00000120215,15.24195432500133,0,0,0,0,0,0,0
FABP4,ENSG00000170323,Other,Other,,46.0,15.233360977392037,0.9427689620763426,High-ranking informative gene,Yes,5.14017772608382,0.146180686484309,1.615129623930709,ENSG00000170323,15.233360977392037,0,0,0,0,0,0,0
VWF,ENSG00000110799,Hypoxia_Angiogenesis_EMT_ECM_Vascular,Hypoxia_Angiogenesis,,47.0,15.23267170688904,1.6573924668342936,Hypoxia Angiogenesis,Yes,3.681789959571958,0.0896400318976685,0.4181326506823523,ENSG00000110799,15.23267170688904,0,0,0,0,0,0,0
GZMK,ENSG00000113088,Immune_lineage_state,NK_cytotoxic,,48.0,15.223705201138532,2.5335973947914643,NK cytotoxic marker,Yes,17.688043805012626,0.4257518610591975,1.601138797280565,ENSG00000113088,15.223705201138532,0,0,0,0,0,0,0
GZMB,ENSG00000100453,Immune_lineage_state,NK_cytotoxic,,49.0,15.21840804844063,3.585026215768085,NK cytotoxic marker,Yes,14.426548220070174,0.3457525105747055,3.777682978358581,ENSG00000100453,15.21840804844063,0,0,0,0,0,0,0
CD8A,ENSG00000153563,Immune_lineage_state,Immune_other,,50.0,15.216599368919749,2.6103733239653075,Immune other marker,Yes,18.953983946777697,0.473719630106055,2.1739350410048965,ENSG00000153563,15.216599368919749,0,0,0,0,0,0,0
IGFBP5,ENSG00000115461,Other,Other,,51.0,15.214153474658987,1.1969593311030315,High-ranking informative gene,Yes,12.862244023588175,0.2787649569328203,0.6405930178196667,ENSG00000115461,15.214153474658987,0,0,0,0,0,0,0
JCHAIN,ENSG00000132465,Other,Other,,52.0,15.199844005878004,1.0155547324122591,High-ranking informative gene,Yes,5.820346630480898,0.1304947478027756,3.093906549877245,ENSG00000132465,15.199844005878004,0,0,0,0,0,0,0
AEBP1,ENSG00000106624,Other,Other,,53.0,15.195896575510458,1.238057310215857,High-ranking informative gene,Yes,14.509708069595805,0.2938542324378781,0.2018494213592061,ENSG00000106624,15.195896575510458,0,0,0,0,0,0,0
VCAN,ENSG00000038427,Other,Other,,54.0,15.19127969059168,1.1843556293039246,High-ranking informative gene,Yes,11.953947423870815,0.247418351718634,1.3558275898441472,ENSG00000038427,15.19127969059168,0,0,0,0,0,0,0
CTHRC1,ENSG00000164932,Other,Other,,55.0,15.190290529008731,1.218791854919146,High-ranking informative gene,Yes,13.673895392775776,0.2928804856661356,0.4336995526090825,ENSG00000164932,15.190290529008731,0,0,0,0,0,0,0
MS4A6A,ENSG00000110077,Other,Other,,56.0,15.1875530123011,1.0741857846176002,High-ranking informative gene,Yes,8.644410169101064,0.1771004048797421,1.8552190190597075,ENSG00000110077,15.1875530123011,0,0,0,0,0,0,0
APOD,ENSG00000189058,Other,Other,,57.0,15.17751497892666,1.414982700913352,High-ranking informative gene,Yes,14.12649849272772,0.3125469726752101,5.066987855024821,ENSG00000189058,15.17751497892666,0,0,0,0,0,0,0
COL5A1,ENSG00000130635,Hypoxia_Angiogenesis_EMT_ECM_Vascular,ECM_Fibroblast,,58.0,15.176568227111751,1.8083320722103744,ECM Fibroblast,Yes,8.091509547930698,0.1569200273739921,0.1284466468533965,ENSG00000130635,15.176568227111751,0,0,0,0,0,0,0
CXCL12,ENSG00000107562,Cytokines_Chemokines_Checkpoints,Chemokine,,59.0,15.173315192142548,2.292611070911416,Chemokine,Yes,9.614233819649884,0.1886710220255368,0.4729834381301309,ENSG00000107562,15.173315192142548,0,0,0,0,0,0,0
CLDN5,ENSG00000184113,Other,Other,,60.0,15.17284609152214,0.7992026732581137,High-ranking informative gene,Yes,2.880252626137477,0.0651227828069062,0.4722744244166293,ENSG00000184113,15.17284609152214,0,0,0,0,0,0,0
TIMP3,ENSG00000100234,Hypoxia_Angiogenesis_EMT_ECM_Vascular,ECM_Fibroblast,,61.0,15.168633656455636,2.159294985110776,ECM Fibroblast,Yes,16.87611149038746,0.3244991317884114,0.5036748149547423,ENSG00000100234,15.168633656455636,0,0,0,0,0,0,0
ASPN,ENSG00000106819,Other,Other,,62.0,15.16467594272787,0.8984575550521977,High-ranking informative gene,Yes,5.473379015061482,0.1065690850394983,0.5350969201388112,ENSG00000106819,15.16467594272787,0,0,0,0,0,0,0
DPT,ENSG00000143196,Other,Other,,63.0,15.158697135852911,0.8640169480489239,High-ranking informative gene,Yes,4.911769085325929,0.0909414915914156,0.2395913421805832,ENSG00000143196,15.158697135852911,0,0,0,0,0,0,0
ADIRF,ENSG00000148671,Other,Other,,64.0,15.1557817007005,1.2963412073319964,High-ranking informative gene,Yes,16.1956616405528,0.3192842419737494,0.1299949925302885,ENSG00000148671,15.1557817007005,0,0,0,0,0,0,0
C1S,ENSG00000182326,Other,Other,,65.0,15.15258268770526,1.2277702157903445,High-ranking informative gene,Yes,13.205278402881376,0.2627327166531611,1.3433411654339764,ENSG00000182326,15.15258268770526,0,0,0,0,0,0,0
KRT5,ENSG00000186081,Hypoxia_Angiogenesis_EMT_ECM_Vascular,EMT_Epithelial,,66.0,15.152536284833538,1.6375086779999335,EMT Epithelial,Yes,3.0968615585167214,0.0671647206178984,0.6620939561597686,ENSG00000186081,15.152536284833538,0,0,0,0,0,0,0
SFRP4,ENSG00000106483,Other,Other,,67.0,15.152258885105551,0.8641567648805111,High-ranking informative gene,Yes,4.35718279153005,0.099708833937501,0.6663747934603848,ENSG00000106483,15.152258885105551,0,0,0,0,0,0,0
RAMP2,ENSG00000131477,Other,Other,,68.0,15.145736083758374,0.9838835606430812,High-ranking informative gene,Yes,8.170455215892531,0.1310223361922167,0.2829279124784784,ENSG00000131477,15.145736083758374,0,0,0,0,0,0,0
CXCL14,ENSG00000145824,Other,Other,,69.0,15.14102033808367,1.079003461576141,High-ranking informative gene,Yes,9.7100362138669,0.2307161983097188,0.7139362880971049,ENSG00000145824,15.14102033808367,0,0,0,0,0,0,0
MMP11,ENSG00000099953,Hypoxia_Angiogenesis_EMT_ECM_Vascular,ECM_Fibroblast,,70.0,15.136485229557074,1.7844778729958086,ECM Fibroblast,Yes,5.814727721729156,0.1273590210980119,1.7408909962959842,ENSG00000099953,15.136485229557074,0,0,0,0,0,0,0
IGLC2,ENSG00000211677,Other,Other,,71.0,15.135155332418618,1.623573732529742,High-ranking informative gene,Yes,5.839450920236772,0.1100316173477025,19.285759383150584,ENSG00000211677,15.135155332418618,0,0,0,0,0,0,0
ACKR1,ENSG00000213088,Other,Other,,72.0,15.133308348803654,0.7759020691420105,High-ranking informative gene,Yes,1.8393497798792569,0.048627984081465,0.9303210223298582,ENSG00000213088,15.133308348803654,0,0,0,0,0,0,0
CLU,ENSG00000120885,Other,Other,,73.0,15.128463034583197,1.44769494599558,High-ranking informative gene,Yes,19.255157455870503,0.3529050678199791,1.238199604332835,ENSG00000120885,15.128463034583197,0,0,0,0,0,0,0
COL4A1,ENSG00000187498,Hypoxia_Angiogenesis_EMT_ECM_Vascular,ECM_Fibroblast,,74.0,15.119131598239246,1.818896955207572,ECM Fibroblast,Yes,8.307556589434768,0.1528720024094354,0.3153644768863025,ENSG00000187498,15.119131598239246,0,0,0,0,0,0,0
ADGRL4,ENSG00000162618,Other,Other,,75.0,15.117970308115614,0.7923617912735661,High-ranking informative gene,Yes,3.1339463562781447,0.0594589033762416,0.1780833414675738,ENSG00000162618,15.117970308115614,0,0,0,0,0,0,0
CLEC14A,ENSG00000176435,Other,Other,,76.0,15.113077906052608,0.7947546368345593,High-ranking informative gene,Yes,2.9341941501540987,0.0576767390013025,0.4330241864208806,ENSG00000176435,15.113077906052608,0,0,0,0,0,0,0
TNFRSF4,ENSG00000186827,Cytokines_Chemokines_Checkpoints,TNFR_superfamily,,77.0,15.107498355264172,2.458645575169264,TNFR superfamily,Yes,14.133803074104977,0.2769856818954454,0.339929521099056,ENSG00000186827,15.107498355264172,0,0,0,0,0,0,0
CXCL8,ENSG00000169429,Cytokines_Chemokines_Checkpoints,Chemokine,,78.0,15.103012168086323,2.178234093256896,Chemokine,Yes,3.7197175936461377,0.0789140206791686,3.472380219262452,ENSG00000169429,15.103012168086323,0,0,0,0,0,0,0
SPP1,ENSG00000118785,Immune_lineage_state,Immune_other,,79.0,15.099825927943442,2.616663879904319,Immune other marker,Yes,11.658954714404912,0.2817824919603545,10.222912924047083,ENSG00000118785,15.099825927943442,0,0,0,0,0,0,0
NDUFA4L2,ENSG00000185633,Other,Other,,80.0,15.092121699694022,0.9775703784806394,High-ranking informative gene,Yes,7.371446391396333,0.1627417118191158,0.6361716158111786,ENSG00000185633,15.092121699694022,0,0,0,0,0,0,0
CD36,ENSG00000135218,Other,Other,,81.0,15.090364329692813,0.9410118761538576,High-ranking informative gene,Yes,5.27980760856434,0.0954947716245358,1.9896118207028413,ENSG00000135218,15.090364329692813,0,0,0,0,0,0,0
APOC1,ENSG00000130208,Other,Other,,82.0,15.089096369397309,1.2949724639070082,High-ranking informative gene,Yes,15.136216395413854,0.3370364907629417,0.9577682557739912,ENSG00000130208,15.089096369397309,0,0,0,0,0,0,0
TYRP1,ENSG00000107165,Other,Other,,83.0,15.088210902481023,1.1304795540801658,High-ranking informative gene,Yes,1.390960861491081,0.0345106574286515,10.795984241162136,ENSG00000107165,15.088210902481023,0,0,0,0,0,0,0
A2M,ENSG00000175899,Other,Other,,84.0,15.082900681263466,1.4552728141380449,High-ranking informative gene,Yes,17.376756260166715,0.3321646953687298,3.272353637451843,ENSG00000175899,15.082900681263466,0,0,0,0,0,0,0
IGLL5,ENSG00000254709,Other,Other,,85.0,15.081836438023554,1.1758475230916996,High-ranking informative gene,Yes,2.201769394365911,0.0402630155620279,11.25029594730114,ENSG00000254709,15.081836438023554,0,0,0,0,0,0,0
FCGR3A,ENSG00000203747,Immune_lineage_state,Mono_Macrophage,,86.0,15.077003627475682,2.2103074152473963,Mono Macrophage marker,Yes,7.429883042414332,0.1489240003694021,4.220551757914684,ENSG00000203747,15.077003627475682,0,0,0,0,0,0,0
TIGIT,ENSG00000181847,Immune_lineage_state,Immune_other,,87.0,15.073096722532942,3.680406868251266,Immune other marker,Yes,19.16890720653141,0.3753488715082688,2.1222437630242843,ENSG00000181847,15.073096722532942,0,0,0,0,0,0,0
IGLC3,,Other,Other,,,15.068462142057804,,,,,,,,,0,0,0,0,0,0,0
CAVIN2,ENSG00000168497,Other,Other,,89.0,15.062084070412023,0.7619836767397572,High-ranking informative gene,Yes,2.38663149229788,0.041795646994486,0.2231906697578022,ENSG00000168497,15.062084070412023,0,0,0,0,0,0,0
S100A9,ENSG00000163220,Immune_lineage_state,Neutrophil_MDSC,,90.0,15.060919735833492,2.4323973821835003,Neutrophil MDSC marker,Yes,9.027900691406714,0.1836546437695098,8.433690625643454,ENSG00000163220,15.060919735833492,0,0,0,0,0,0,0
COL10A1,ENSG00000123500,Hypoxia_Angiogenesis_EMT_ECM_Vascular,ECM_Fibroblast,,91.0,15.059185606364622,1.6430450956310827,ECM Fibroblast,Yes,3.8579427489387257,0.0742466030208273,0.20330574197819,ENSG00000123500,15.059185606364622,0,0,0,0,0,0,0
CD68,ENSG00000129226,Other,Other,,92.0,15.056608877239617,1.2849757556253154,High-ranking informative gene,Yes,15.248875515886056,0.2403759899318464,1.352486965173712,ENSG00000129226,15.056608877239617,0,0,0,0,0,0,0
ALB,ENSG00000163631,Other,Other,,93.0,15.031004369841366,0.8866724707975165,High-ranking informative gene,Yes,1.2299791257539852,0.0310448957638222,4.619021951410231,ENSG00000163631,15.031004369841366,0,0,0,0,0,0,0
IGF2,ENSG00000167244,Other,Other,,94.0,15.0255607783418,0.9942592438583024,High-ranking informative gene,Yes,7.2821057422438,0.1661747573649758,1.2038038751523192,ENSG00000167244,15.0255607783418,0,0,0,0,0,0,0
RGS5,ENSG00000143248,Hypoxia_Angiogenesis_EMT_ECM_Vascular,Vasculature,,95.0,15.022090082142984,1.9032626229823568,Vasculature,Yes,4.118379169581473,0.0963719906739103,6.695986857560167,ENSG00000143248,15.022090082142984,0,0,0,0,0,0,0
IL1B,ENSG00000125538,Cytokines_Chemokines_Checkpoints,Cytokine,,96.0,15.016629979713883,2.1638026766427494,Cytokine,Yes,3.389044813606745,0.0748820547405595,3.5095690240146835,ENSG00000125538,15.016629979713883,0,0,0,0,0,0,0
G0S2,ENSG00000123689,Other,Other,,97.0,15.01390268717371,0.8988144349133709,High-ranking informative gene,Yes,4.320097993768641,0.07282916151362,1.9691044310182315,ENSG00000123689,15.01390268717371,0,0,0,0,0,0,0
IGF1,ENSG00000017427,Other,Other,,98.0,15.01346733780049,0.8949764028132727,High-ranking informative gene,Yes,5.727353690639731,0.0897498573878885,0.5232366514584159,ENSG00000017427,15.01346733780049,0,0,0,0,0,0,0
S100A8,ENSG00000143546,Immune_lineage_state,Neutrophil_MDSC,,99.0,15.012619766683905,2.152817934185108,Neutrophil MDSC marker,Yes,7.078420299993539,0.1512839168795005,3.0710883342213813,ENSG00000143546,15.012619766683905,0,0,0,0,0,0,0
CCL2,ENSG00000108691,Cytokines_Chemokines_Checkpoints,Chemokine,,100.0,15.011246350288513,2.307081734348952,Chemokine,Yes,7.14163302345051,0.1393318051432312,3.55049056974115,ENSG00000108691,15.011246350288513,0,0,0,0,0,0,0
CILP,ENSG00000138615,Other,Other,,101.0,15.000284908207032,0.7982437615266708,High-ranking informative gene,Yes,3.4463576828744067,0.0594165792392514,0.1983479182383945,ENSG00000138615,15.000284908207032,0,0,0,0,0,0,0
PTGDS,ENSG00000107317,Other,Other,,102.0,14.9777214186237,0.9820088524334648,High-ranking informative gene,Yes,5.694764019879699,0.1159728647759577,2.685810686515686,ENSG00000107317,14.9777214186237,0,0,0,0,0,0,0
MMP9,ENSG00000100985,Hypoxia_Angiogenesis_EMT_ECM_Vascular,ECM_Fibroblast,,103.0,14.954036275356724,1.7134166962217856,ECM Fibroblast,Yes,3.584020947291819,0.0599576391118544,2.518186178534476,ENSG00000100985,14.954036275356724,0,0,0,0,0,0,0
COMP,ENSG00000105664,Other,Other,,104.0,14.940280451498234,0.784026782691831,High-ranking informative gene,Yes,3.0668003966949584,0.0481127811667916,0.3070125489442397,ENSG00000105664,14.940280451498234,0,0,0,0,0,0,0
TTR,ENSG00000118271,Other,Other,,105.0,14.931048078637565,0.7530876540518272,High-ranking informative gene,Yes,1.4904155463967328,0.0240649489525073,1.0494718613216918,ENSG00000118271,14.931048078637565,0,0,0,0,0,0,0
RAMP3,ENSG00000122679,Other,Other,,106.0,14.91409172461037,0.8137931979429407,High-ranking informative gene,Yes,3.5548026217828266,0.0616858099502669,0.5959333221423665,ENSG00000122679,14.91409172461037,0,0,0,0,0,0,0
AMBP,ENSG00000106927,Other,Other,,107.0,14.87458154848023,0.741947407765779,High-ranking informative gene,Yes,0.8498599486993612,0.0145241573777062,1.4480734828313575,ENSG00000106927,14.87458154848023,0,0,0,0,0,0,0
RBP7,ENSG00000162444,Other,Other,,108.0,14.74284940921222,0.8982554743389132,High-ranking informative gene,Yes,5.807423140351915,0.0914269423152562,0.8406636529539399,ENSG00000162444,14.74284940921222,0,0,0,0,0,0,0
IGFBP3,ENSG00000146674,Other,Other,,109.0,14.71628664030913,1.0756560280367249,High-ranking informative gene,Yes,8.90372280799346,0.1524728313780544,2.397137981014837,ENSG00000146674,14.71628664030913,0,0,0,0,0,0,0
RARRES1,ENSG00000118849,Other,Other,,110.0,14.702100048693842,0.97777469511596,High-ranking informative gene,Yes,7.289129378183475,0.1159700769182756,1.5113452739828228,ENSG00000118849,14.702100048693842,0,0,0,0,0,0,0
LINC01320,ENSG00000228262,Other,Other,,111.0,14.660276193050512,0.716668477954741,High-ranking informative gene,Yes,1.68089655308043,0.0169360689340733,0.2932761922723222,ENSG00000228262,14.660276193050512,0,0,0,0,0,0,0
SRGN,ENSG00000122862,Other,Other,,112.0,13.803397951088227,2.9856113124061343,High-ranking informative gene,Yes,57.50503594696874,1.6068125031752842,0.7298866094017536,ENSG00000122862,13.803397951088227,0,0,0,0,0,0,0
LAPTM5,ENSG00000162511,Other,Other,,113.0,13.739897173504618,2.698690163385289,High-ranking informative gene,Yes,51.83021905315769,1.148710591873164,1.5815886049760155,ENSG00000162511,13.739897173504618,0,0,0,0,0,0,0
TMSB4X,ENSG00000205542,Other,Other,,114.0,13.644289975391644,4.721863420801938,High-ranking informative gene,Yes,91.82870194779473,3.753066198352178,0.8649931919092774,ENSG00000205542,13.644289975391644,0,0,0,0,0,0,0
CD74,ENSG00000019582,Immune_lineage_state,Immune_other,,115.0,13.596764558891516,5.0,Immune other marker,Yes,73.93303946440561,2.4076942385370934,4.843584607772237,ENSG00000019582,13.596764558891516,0,0,0,0,0,0,0
CORO1A,ENSG00000102879,Other,Other,,116.0,13.583450219463636,2.490774477755261,High-ranking informative gene,Yes,46.81000502892334,0.9837986996525984,1.8735526755706204,ENSG00000102879,13.583450219463636,0,0,0,0,0,0,0
COL6A2,ENSG00000142173,Hypoxia_Angiogenesis_EMT_ECM_Vascular,ECM_Fibroblast,,117.0,13.572108876186569,2.059845568848496,ECM Fibroblast,Yes,16.010237651745655,0.3686041900910864,0.1599595703681304,ENSG00000142173,13.572108876186569,0,0,0,0,0,0,0
S100A4,ENSG00000196154,Other,Other,,118.0,13.55949959460698,3.0200812247335267,High-ranking informative gene,Yes,60.26729148931986,1.4949869908096396,0.3537697066504639,ENSG00000196154,13.55949959460698,0,0,0,0,0,0,0
CD52,ENSG00000169442,Other,Other,,119.0,13.545138157479052,2.468767911027013,High-ranking informative gene,Yes,46.28857029676266,1.101101747593055,0.920655302765676,ENSG00000169442,13.545138157479052,0,0,0,0,0,0,0
COL6A1,ENSG00000142156,Hypoxia_Angiogenesis_EMT_ECM_Vascular,ECM_Fibroblast,,120.0,13.509754878208774,2.0168046561844992,ECM Fibroblast,Yes,15.17498686580079,0.3168531718508027,0.2089858502339587,ENSG00000142156,13.509754878208774,0,0,0,0,0,0,0
CXCR4,ENSG00000121966,Cytokines_Chemokines_Checkpoints,Chemokine_receptor,,121.0,13.506789744821791,3.710931637312208,Chemokine receptor,Yes,45.623853391432846,1.0747724782734915,1.888524128551768,ENSG00000121966,13.506789744821791,0,0,0,0,0,0,0
IL32,ENSG00000008517,Cytokines_Chemokines_Checkpoints,Cytokine,,122.0,13.493243032521493,3.918452182454628,Cytokine,Yes,51.03767197372599,1.288596032741603,1.0785620927387265,ENSG00000008517,13.493243032521493,0,0,0,0,0,0,0
RACK1,ENSG00000204628,Other,Other,,123.0,13.474893008383276,3.388760169854804,High-ranking informative gene,Yes,67.09932264054997,1.964019164981749,0.73813929468599,ENSG00000204628,13.474893008383276,0,0,0,0,0,0,0
IGFBP7,ENSG00000163453,Other,Other,,124.0,13.47384603621286,1.4722263088666518,High-ranking informative gene,Yes,21.13074919719841,0.5577707475276309,0.6506715875755689,ENSG00000163453,13.47384603621286,0,0,0,0,0,0,0
AZGP1,ENSG00000160862,Other,Other,,125.0,13.470036785081009,1.1007037358329643,High-ranking informative gene,Yes,12.488305646160455,0.2803067219382026,0.4411163088776526,ENSG00000160862,13.470036785081009,0,0,0,0,0,0,0
COL6A3,ENSG00000163359,Hypoxia_Angiogenesis_EMT_ECM_Vascular,ECM_Fibroblast,,126.0,13.458125391998484,2.1921276552804896,ECM Fibroblast,Yes,20.22919528798313,0.3540066811801974,0.2200028923707171,ENSG00000163359,13.458125391998484,0,0,0,0,0,0,0
KRT7,ENSG00000135480,Hypoxia_Angiogenesis_EMT_ECM_Vascular,EMT_Epithelial,,127.0,13.454441216003634,1.917208573751336,EMT Epithelial,Yes,12.597312475944053,0.2512549730307215,0.3765386723335507,ENSG00000135480,13.454441216003634,0,0,0,0,0,0,0
IGFBP4,ENSG00000141753,Other,Other,,128.0,13.441305825444232,1.5284080870271517,High-ranking informative gene,Yes,24.19333541232957,0.4697971291257656,0.1633087473495415,ENSG00000141753,13.441305825444232,0,0,0,0,0,0,0
CST3,ENSG00000101439,Other,Other,,129.0,13.432322424114297,2.268680482012428,High-ranking informative gene,Yes,41.319769287606654,1.0743545079222734,0.297681474879567,ENSG00000101439,13.432322424114297,0,0,0,0,0,0,0
MT-RNR2,,Other,Other,,,13.428744715986529,,,,,,,,,0,0,0,0,0,0,0
S100A14,ENSG00000189334,Other,Other,,131.0,13.425568345081606,1.015530909905987,High-ranking informative gene,Yes,10.920630104427415,0.209460289428959,0.1386762614154718,ENSG00000189334,13.425568345081606,0,0,0,0,0,0,0
TRBC2,ENSG00000211772,Immune_lineage_state,T_cell_receptor_complex,,132.0,13.421343801723584,3.1360723363971434,T cell receptor complex marker,Yes,35.347712120829016,0.7226830499032104,2.0098107729672647,ENSG00000211772,13.421343801723584,0,0,0,0,0,0,0
RARRES2,ENSG00000106538,Other,Other,,133.0,13.41764837879628,1.106057786696938,High-ranking informative gene,Yes,12.31355758398162,0.2723635611698745,0.8529038849230717,ENSG00000106538,13.41764837879628,0,0,0,0,0,0,0
MGP,ENSG00000111341,Other,Other,,134.0,13.416937605317178,1.9426924928953937,High-ranking informative gene,Yes,30.391272710926813,0.8952575533403919,2.549831704113448,ENSG00000111341,13.416937605317178,0,0,0,0,0,0,0
TSC22D3,ENSG00000157514,Other,Other,,135.0,13.397055537376689,2.8610915414935443,High-ranking informative gene,Yes,57.48874111158872,1.1581562332643012,1.271723072139357,ENSG00000157514,13.397055537376689,0,0,0,0,0,0,0
HLA-DRB5,ENSG00000198502,Other,Other,,136.0,13.395816294572432,2.0697189658138297,High-ranking informative gene,Yes,37.20813280852726,0.837373837916248,0.4336335044244209,ENSG00000198502,13.395816294572432,0,0,0,0,0,0,0
S100B,ENSG00000160307,Other,Other,,137.0,13.395005586229647,1.093396836985127,High-ranking informative gene,Yes,8.328065606378587,0.1776888871116018,4.703945324180991,ENSG00000160307,13.395005586229647,0,0,0,0,0,0,0
MMP2,ENSG00000087245,Hypoxia_Angiogenesis_EMT_ECM_Vascular,ECM_Fibroblast,,138.0,13.392649145018868,1.89804237501864,ECM Fibroblast,Yes,11.383628185570087,0.2361804294564789,1.108237271670747,ENSG00000087245,13.392649145018868,0,0,0,0,0,0,0
LCK,ENSG00000182866,Other,Other,,139.0,13.388171303948,1.7654889871259327,High-ranking informative gene,Yes,29.24276776207293,0.5160601178956638,1.735878404403632,ENSG00000182866,13.388171303948,0,0,0,0,0,0,0
IFITM1,ENSG00000185885,Other,Other,,140.0,13.385825644396576,3.070587037741699,High-ranking informative gene,Yes,61.40540145698304,1.4935886491708352,0.9060494793509004,ENSG00000185885,13.385825644396576,0,0,0,0,0,0,0
RGS1,ENSG00000090104,Other,Other,,141.0,13.381997225209997,1.972924231225948,High-ranking informative gene,Yes,33.13105261827101,0.7033619578919464,2.4344356804035105,ENSG00000090104,13.381997225209997,0,0,0,0,0,0,0
BTG1,ENSG00000133639,Other,Other,,142.0,13.375152785696448,3.491222850561868,High-ranking informative gene,Yes,72.67018972245401,1.766770610531739,0.1818995989681341,ENSG00000133639,13.375152785696448,0,0,0,0,0,0,0
ATP5F1E,ENSG00000124172,Other,Other,,143.0,13.365605739907512,3.128446247108097,High-ranking informative gene,Yes,63.205418875600174,1.6074884325803267,0.0443893946742443,ENSG00000124172,13.365605739907512,0,0,0,0,0,0,0
TRAC,ENSG00000277734,Immune_lineage_state,T_cell_receptor_complex,,144.0,13.357868392424104,2.762734150510988,T cell receptor complex marker,Yes,26.48304072866009,0.456788155005254,1.9283197284072928,ENSG00000277734,13.357868392424104,0,0,0,0,0,0,0
CTSK,ENSG00000143387,Other,Other,,145.0,13.347660207311655,1.110868941295628,High-ranking informative gene,Yes,11.421274874206674,0.237043509371565,2.096009247282105,ENSG00000143387,13.347660207311655,0,0,0,0,0,0,0
ZFP36L2,ENSG00000152518,Other,Other,,146.0,13.343384151151245,3.2321631927341072,High-ranking informative gene,Yes,67.04313355303266,1.507893437392037,0.2088912706341321,ENSG00000152518,13.343384151151245,0,0,0,0,0,0,0
PMEL,ENSG00000185664,Other,Other,,147.0,13.342012024987554,1.0021916496593353,High-ranking informative gene,Yes,4.038871610744479,0.123450921602783,6.488666360706811,ENSG00000185664,13.342012024987554,0,0,0,0,0,0,0
KRT15,ENSG00000171346,Malignant_lineage,Epithelial_malignant,,149.0,13.3270288293736,0.892708735900839,High-ranking informative gene,Yes,7.3478469746390545,0.1460229202052914,0.5923159390127878,ENSG00000171346,13.3270288293736,0,0,0,0,0,0,0
ZFP36,ENSG00000128016,Other,Other,,150.0,13.324305339750367,3.065641503297781,High-ranking informative gene,Yes,62.63425680098668,1.4021835703969454,0.4605390138963641,ENSG00000128016,13.324305339750367,0,0,0,0,0,0,0
SLPI,ENSG00000124107,Other,Other,,151.0,13.313399166172692,0.9032279690752404,High-ranking informative gene,Yes,7.214959782660614,0.1514418128332698,0.9595475742687216,ENSG00000124107,13.313399166172692,0,0,0,0,0,0,0
GIMAP7,ENSG00000179144,Other,Other,,152.0,13.303764835008796,1.6824898631240714,High-ranking informative gene,Yes,27.5995178976291,0.4779280255075961,1.35943971196654,ENSG00000179144,13.303764835008796,0,0,0,0,0,0,0
MDK,ENSG00000110492,Other,Other,,153.0,13.30352554290533,1.4736503932094756,High-ranking informative gene,Yes,22.56975172851681,0.4002037087386856,0.8074454710438927,ENSG00000110492,13.30352554290533,0,0,0,0,0,0,0
MYL9,ENSG00000101335,Other,Other,,154.0,13.301224246438151,1.280655527593328,High-ranking informative gene,Yes,17.852958776875937,0.3552824790653912,0.1594971270507087,ENSG00000101335,13.301224246438151,0,0,0,0,0,0,0
DUSP2,ENSG00000158050,Other,Other,,155.0,13.297818645851075,1.96614708876694,High-ranking informative gene,Yes,34.31551858313597,0.7341475214599805,1.0984023603277064,ENSG00000158050,13.297818645851075,0,0,0,0,0,0,0
POSTN,ENSG00000133110,Other,Other,,156.0,13.293758164255678,1.017849176495251,High-ranking informative gene,Yes,9.322612455435037,0.2162696443220654,1.6868043785212783,ENSG00000133110,13.293758164255678,0,0,0,0,0,0,0
TFF3,ENSG00000160180,Other,Other,,157.0,13.291716160703793,1.0362440540157782,High-ranking informative gene,Yes,8.617158461655166,0.2393183409948655,2.613095484733472,ENSG00000160180,13.291716160703793,0,0,0,0,0,0,0
SERPINE2,ENSG00000135919,Other,Other,,158.0,13.282477110093971,1.1560218209154296,High-ranking informative gene,Yes,11.990189385319482,0.2167964629832,3.015397376002108,ENSG00000135919,13.282477110093971,0,0,0,0,0,0,0
TIMP1,ENSG00000102265,Hypoxia_Angiogenesis_EMT_ECM_Vascular,ECM_Fibroblast,,159.0,13.277291535281025,3.0471865663960704,ECM Fibroblast,Yes,39.41945434777112,0.7926401035081806,3.0130389574952314,ENSG00000102265,13.277291535281025,0,0,0,0,0,0,0
LTB,ENSG00000227507,Other,Other,,160.0,13.276500099703496,1.715928051205041,High-ranking informative gene,Yes,28.27266316608652,0.5993438681245958,0.7850628454755887,ENSG00000227507,13.276500099703496,0,0,0,0,0,0,0
RNASE1,ENSG00000129538,Other,Other,,161.0,13.274343196578767,1.3653688706901914,High-ranking informative gene,Yes,10.244675381594137,0.2325579136058128,9.923550965480944,ENSG00000129538,13.274343196578767,0,0,0,0,0,0,0
MFAP4,ENSG00000166482,Other,Other,,162.0,13.274136269948002,0.9626603949161404,High-ranking informative gene,Yes,6.194004062471024,0.1185243346079627,3.696519594548446,ENSG00000166482,13.274136269948002,0,0,0,0,0,0,0
KRT14,ENSG00000186847,Hypoxia_Angiogenesis_EMT_ECM_Vascular,EMT_Epithelial,,163.0,13.269115553338,1.6217913718510832,EMT Epithelial,Yes,4.034376483743102,0.1115278422573419,1.2860058762621145,ENSG00000186847,13.269115553338,0,0,0,0,0,0,0
JUNB,ENSG00000171223,CellCycle_DDR_Stress,Stress_Senescence,,164.0,13.26456169188454,3.876004905925418,Stress Senescence,Yes,65.11893825100228,1.5395358782510842,0.6018815291196442,ENSG00000171223,13.26456169188454,0,0,0,0,0,0,0
IFITM3,ENSG00000142089,Other,Other,,165.0,13.26287627593204,2.890454136700555,High-ranking informative gene,Yes,57.02265263063261,1.378637653412531,0.9660554137198668,ENSG00000142089,13.26287627593204,0,0,0,0,0,0,0
ACTA2,ENSG00000107796,Hypoxia_Angiogenesis_EMT_ECM_Vascular,ECM_Fibroblast,,166.0,13.259149332620693,2.08514063543048,ECM Fibroblast,Yes,16.06726957557572,0.2754096445120915,1.829303126955622,ENSG00000107796,13.259149332620693,0,0,0,0,0,0,0
CD27,ENSG00000139193,Immune_lineage_state,Immune_other,,167.0,13.258459359985793,2.5774124081194176,Immune other marker,Yes,21.96431431051775,0.3884604378488387,1.5964704068872455,ENSG00000139193,13.258459359985793,0,0,0,0,0,0,0
TAGLN,ENSG00000149591,Hypoxia_Angiogenesis_EMT_ECM_Vascular,ECM_Fibroblast,,168.0,13.257789020042813,2.078498224803793,ECM Fibroblast,Yes,14.740926164729558,0.3540014663297158,2.2226030670925887,ENSG00000149591,13.257789020042813,0,0,0,0,0,0,0
CREM,ENSG00000095794,Other,Other,,169.0,13.25310465778031,1.929849902022556,High-ranking informative gene,Yes,34.1056523412588,0.6322903339201854,1.1341219984669562,ENSG00000095794,13.25310465778031,0,0,0,0,0,0,0
AQP1,ENSG00000240583,Other,Other,,170.0,13.246063080985335,0.7948060632515539,High-ranking informative gene,Yes,4.68532706263116,0.0944179984353265,0.8037285679594638,ENSG00000240583,13.246063080985335,0,0,0,0,0,0,0
DCT,ENSG00000080166,Other,Other,,171.0,13.245483189253727,0.8750086533749022,High-ranking informative gene,Yes,3.1701883177268257,0.05964307962142,4.484056852319283,ENSG00000080166,13.245483189253727,0,0,0,0,0,0,0
CRABP1,ENSG00000166426,Other,Other,,172.0,13.244794831121515,0.8284754912158919,High-ranking informative gene,Yes,5.552605628460896,0.1299874988169594,0.6743422307207704,ENSG00000166426,13.244794831121515,0,0,0,0,0,0,0
KRT17,ENSG00000128422,Hypoxia_Angiogenesis_EMT_ECM_Vascular,EMT_Epithelial,,173.0,13.243525536585365,1.6606932482138534,EMT Epithelial,Yes,4.6063813946693415,0.1106259929827275,1.84899325883746,ENSG00000128422,13.243525536585365,0,0,0,0,0,0,0
TXNIP,ENSG00000265972,Other,Other,,174.0,13.236082916865472,2.8180690568183246,High-ranking informative gene,Yes,55.64854849539671,1.1017466867836552,2.3410482520646205,ENSG00000265972,13.236082916865472,0,0,0,0,0,0,0
WFDC2,ENSG00000101443,Other,Other,,175.0,13.231413720941772,0.8436124209468676,High-ranking informative gene,Yes,6.542376405078372,0.1218196159981573,0.2903456254771096,ENSG00000101443,13.231413720941772,0,0,0,0,0,0,0
PLAC9,ENSG00000189129,Other,Other,,176.0,13.229951731627397,0.8748981165150321,High-ranking informative gene,Yes,7.609969067907315,0.1309083928190532,0.1214628319709926,ENSG00000189129,13.229951731627397,0,0,0,0,0,0,0
MUCL1,ENSG00000172551,Other,Other,,177.0,13.228493957923794,1.0974117127031449,High-ranking informative gene,Yes,7.376503409272885,0.1861395363879431,5.764252698746165,ENSG00000172551,13.228493957923794,0,0,0,0,0,0,0
TACSTD2,ENSG00000184292,Other,Other,,178.0,13.22408279873302,0.9771325655430928,High-ranking informative gene,Yes,10.009243104896598,0.1786150338032162,0.3815080713977812,ENSG00000184292,13.22408279873302,0,0,0,0,0,0,0
SERPING1,ENSG00000149131,Other,Other,,179.0,13.221613605706851,1.509931307509754,High-ranking informative gene,Yes,19.66927103087309,0.3580120430568014,4.6833407749082845,ENSG00000149131,13.221613605706851,0,0,0,0,0,0,0
SFN,ENSG00000175793,Other,Other,,180.0,13.220919331453542,0.8149411247371142,High-ranking informative gene,Yes,5.504283013196016,0.0798644230319732,0.7601904517835997,ENSG00000175793,13.220919331453542,0,0,0,0,0,0,0
CTSW,ENSG00000172543,Other,Other,,181.0,13.219684061063834,1.4132798213034188,High-ranking informative gene,Yes,20.31375986469668,0.3941030553343153,1.3185128895758784,ENSG00000172543,13.219684061063834,0,0,0,0,0,0,0
HSPB1,ENSG00000106211,CellCycle_DDR_Stress,Stress_Senescence,,182.0,13.219643739047118,3.531774922741668,Stress Senescence,Yes,57.182510584619365,1.176812099644439,1.1781774584037603,ENSG00000106211,13.219643739047118,0,0,0,0,0,0,0
PECAM1,ENSG00000261371,Hypoxia_Angiogenesis_EMT_ECM_Vascular,Hypoxia_Angiogenesis,,183.0,13.217868102877844,1.806085894775812,Hypoxia Angiogenesis,Yes,9.803871990020824,0.1537286297624644,0.8748808236216646,ENSG00000261371,13.217868102877844,0,0,0,0,0,0,0
DUSP1,ENSG00000120129,CellCycle_DDR_Stress,Stress_Senescence,,184.0,13.21185105612295,3.442731756063376,Stress Senescence,Yes,53.61113218201893,1.119426029508818,2.368562090805109,ENSG00000120129,13.21185105612295,0,0,0,0,0,0,0
AGR2,ENSG00000106541,Other,Other,,185.0,13.210874323913316,0.8290659314413147,High-ranking informative gene,Yes,6.042012580736696,0.1214726693293427,0.3680732926973724,ENSG00000106541,13.210874323913316,0,0,0,0,0,0,0
CALML5,ENSG00000178372,Other,Other,,186.0,13.210523126353328,0.8201124655448278,High-ranking informative gene,Yes,5.482650214501845,0.1275139671551981,0.5731757551089575,ENSG00000178372,13.210523126353328,0,0,0,0,0,0,0
IGKV4-1,ENSG00000211598,Other,Other,,187.0,13.209979507630504,1.6949097157922952,High-ranking informative gene,Yes,5.607670934227855,0.1209460137956604,23.50806742086103,ENSG00000211598,13.209979507630504,0,0,0,0,0,0,0
TFF1,ENSG00000160182,Other,Other,,188.0,13.201130050418588,0.8561657835205954,High-ranking informative gene,Yes,4.856984724996565,0.1225909393437327,2.1106018806786344,ENSG00000160182,13.201130050418588,0,0,0,0,0,0,0
COL12A1,ENSG00000111799,Hypoxia_Angiogenesis_EMT_ECM_Vascular,ECM_Fibroblast,,189.0,13.201050947406031,1.77739140226162,ECM Fibroblast,Yes,9.639518909032674,0.1721875389357937,0.1455495326917331,ENSG00000111799,13.201050947406031,0,0,0,0,0,0,0
TCL1A,ENSG00000100721,Other,Other,,190.0,13.199750242244852,0.9415867695370574,High-ranking informative gene,Yes,1.1676092386097707,0.026242972427978,8.270840845974162,ENSG00000100721,13.199750242244852,0,0,0,0,0,0,0
FABP7,ENSG00000164434,Other,Other,,191.0,13.199705643056612,0.8409509514117418,High-ranking informative gene,Yes,5.15057270727452,0.0993747069376732,1.6301780336094478,ENSG00000164434,13.199705643056612,0,0,0,0,0,0,0
FOS,ENSG00000170345,Cancer_pathways,RAS_MAPK,,192.0,13.195601515822236,3.564894292506012,RAS MAPK,Yes,48.92468133763741,1.2548789243882752,1.4334856935478706,ENSG00000170345,13.195601515822236,0,0,0,0,0,0,0
SCGB2A2,ENSG00000110484,Other,Other,,193.0,13.194274197818263,0.9634751953832856,High-ranking informative gene,Yes,4.682798553692891,0.1198940405865258,5.11015500503678,ENSG00000110484,13.194274197818263,0,0,0,0,0,0,0
TRAT1,ENSG00000163519,Other,Other,,194.0,13.190474488738658,1.2228477261424786,High-ranking informative gene,Yes,15.813856790872634,0.2572068730126159,1.263816547380918,ENSG00000163519,13.190474488738658,0,0,0,0,0,0,0
MZB1,ENSG00000170476,Immune_lineage_state,Plasma_cell,,195.0,13.188832705144575,2.017307263946889,Plasma cell marker,Yes,6.7081342132544535,0.1104920410813708,2.243069788173552,ENSG00000170476,13.188832705144575,0,0,0,0,0,0,0
CD63,ENSG00000135404,Other,Other,,196.0,13.182196391879726,2.7486532933038355,High-ranking informative gene,Yes,54.044630992215005,1.1385029378772775,1.6963118382506188,ENSG00000135404,13.182196391879726,0,0,0,0,0,0,0
PRF1,ENSG00000180644,Immune_lineage_state,NK_cytotoxic,,197.0,13.181918401609424,3.538843233308845,NK cytotoxic marker,Yes,16.3291107234064,0.2964505653193148,3.6366694545833385,ENSG00000180644,13.181918401609424,0,0,0,0,0,0,0
GPR183,ENSG00000169508,Other,Other,,198.0,13.181740518798623,1.406668067033199,High-ranking informative gene,Yes,19.78783000553463,0.3302068560191181,2.118854608353532,ENSG00000169508,13.181740518798623,0,0,0,0,0,0,0
SPI1,ENSG00000066336,Other,Other,,199.0,13.172596313458104,0.9638130324170469,High-ranking informative gene,Yes,10.011209722959704,0.1795147855949115,0.0825906621185367,ENSG00000066336,13.172596313458104,0,0,0,0,0,0,0
IGLV3-21,ENSG00000211662,Other,Other,,200.0,13.170048093324636,1.7132188262993089,High-ranking informative gene,Yes,3.24913398568863,0.0664173147993276,26.484806272831065,ENSG00000211662,13.170048093324636,0,0,0,0,0,0,0
SELL,ENSG00000188404,Immune_lineage_state,Immune_other,,201.0,13.168221603783277,2.5195422382379844,Immune other marker,Yes,16.185266659362085,0.2717213203666653,6.055938959983582,ENSG00000188404,13.168221603783277,0,0,0,0,0,0,0
NEAT1,ENSG00000245532,Other,Other,,202.0,13.166757862865822,2.9807197119188307,High-ranking informative gene,Yes,61.53154595845941,1.2891452238518784,0.2056794767346956,ENSG00000245532,13.166757862865822,0,0,0,0,0,0,0
GNLY,ENSG00000115523,Immune_lineage_state,NK_cytotoxic,,203.0,13.165996787068911,2.3388641196221225,NK cytotoxic marker,Yes,12.25793038733947,0.3799651558863646,3.91029529922996,ENSG00000115523,13.165996787068911,0,0,0,0,0,0,0
FCN1,ENSG00000085265,Other,Other,,204.0,13.163364833581207,0.9416378520163003,High-ranking informative gene,Yes,2.2944813887694835,0.0414135026970652,7.224833406201323,ENSG00000085265,13.163364833581207,0,0,0,0,0,0,0
CP,ENSG00000047457,Other,Other,,205.0,13.160982007027442,0.7847483415052776,High-ranking informative gene,Yes,4.4951270013850575,0.082643468502656,0.8900813048754521,ENSG00000047457,13.160982007027442,0,0,0,0,0,0,0
APOA2,ENSG00000158874,Other,Other,,206.0,13.156383635804394,0.8345911187219581,High-ranking informative gene,Yes,0.711915738844354,0.0216228959516226,5.9379688296535,ENSG00000158874,13.156383635804394,0,0,0,0,0,0,0
MXRA5,ENSG00000101825,Other,Other,,207.0,13.155710285575127,0.8753800672095245,High-ranking informative gene,Yes,7.702681062310887,0.1311042089382085,0.1382044413400229,ENSG00000101825,13.155710285575127,0,0,0,0,0,0,0
CXCR3,ENSG00000186810,Immune_lineage_state,Th1,,208.0,13.154583521231585,2.4196642463802376,Th1 marker,Yes,18.280838678320293,0.3022682751286089,1.4031333777530952,ENSG00000186810,13.154583521231585,0,0,0,0,0,0,0
APOC3,ENSG00000110245,Other,Other,,209.0,13.149285745517089,0.7791053085935871,High-ranking informative gene,Yes,0.5385724038534363,0.0142014613789579,4.693101993178273,ENSG00000110245,13.149285745517089,0,0,0,0,0,0,0
COL14A1,ENSG00000187955,Hypoxia_Angiogenesis_EMT_ECM_Vascular,ECM_Fibroblast,,210.0,13.143014044298884,1.6406175247708683,ECM Fibroblast,Yes,6.16366195521168,0.1070128152771825,0.1144879025982204,ENSG00000187955,13.143014044298884,0,0,0,0,0,0,0
S100A2,ENSG00000196754,Other,Other,,211.0,13.142122545054116,0.7679014826992083,High-ranking informative gene,Yes,3.298861328141456,0.0535493224160852,1.7220459802261476,ENSG00000196754,13.142122545054116,0,0,0,0,0,0,0
HSPA1A,ENSG00000204389,CellCycle_DDR_Stress,Stress_Senescence,,212.0,13.136376830667144,2.9806223549936823,Stress Senescence,Yes,41.85721790970975,0.8931044049689102,2.1783904058257475,ENSG00000204389,13.136376830667144,0,0,0,0,0,0,0
S100P,ENSG00000163993,Other,Other,,213.0,13.13284244881701,0.765992701961898,High-ranking informative gene,Yes,4.590086559289318,0.0776470228136041,0.384424342949334,ENSG00000163993,13.13284244881701,0,0,0,0,0,0,0
LTF,ENSG00000012223,Other,Other,,214.0,13.13233332606929,0.8530772897327811,High-ranking informative gene,Yes,5.146077580273129,0.119158751575315,1.8838950991475325,ENSG00000012223,13.13233332606929,0,0,0,0,0,0,0
C1orf162,ENSG00000143110,Other,Other,,215.0,13.13223607469023,1.0633594319244282,High-ranking informative gene,Yes,11.677497113285623,0.1904889651238237,1.219956592699989,ENSG00000143110,13.13223607469023,0,0,0,0,0,0,0
CRABP2,ENSG00000143320,Other,Other,,216.0,13.132174043998514,1.0935068766079907,High-ranking informative gene,Yes,12.903262057475814,0.2257254343221253,0.6883182552557182,ENSG00000143320,13.132174043998514,0,0,0,0,0,0,0
THBS2,ENSG00000186340,Other,Other,,217.0,13.13100547592197,0.9080746236967484,High-ranking informative gene,Yes,8.394930620524192,0.1557472759344749,0.2431445529140551,ENSG00000186340,13.13100547592197,0,0,0,0,0,0,0
GZMH,ENSG00000100450,Other,Other,,218.0,13.129559940678112,1.1448556863157235,High-ranking informative gene,Yes,11.98457047656774,0.2505000299209142,2.653492113506057,ENSG00000100450,13.129559940678112,0,0,0,0,0,0,0
KLRB1,ENSG00000111796,Immune_lineage_state,Immune_other,,219.0,13.126754873243138,2.18687962376949,Immune other marker,Yes,11.09818762098213,0.2292125919211562,2.085236821668254,ENSG00000111796,13.126754873243138,0,0,0,0,0,0,0
CD8B,ENSG00000172116,Immune_lineage_state,Immune_other,,220.0,13.124289949257292,2.349876607322169,Immune other marker,Yes,15.275565332456791,0.3087198974672295,2.1610559455945912,ENSG00000172116,13.124289949257292,0,0,0,0,0,0,0
NCF1,ENSG00000158517,Other,Other,,221.0,13.123789409477142,1.213059790681725,High-ranking informative gene,Yes,15.609047566872036,0.235659862175718,1.421186305643701,ENSG00000158517,13.123789409477142,0,0,0,0,0,0,0
PIP,ENSG00000159763,Other,Other,,222.0,13.121443079460455,0.8044587921495125,High-ranking informative gene,Yes,3.9767826690378456,0.0890981816977831,1.85532272727536,ENSG00000159763,13.121443079460455,0,0,0,0,0,0,0
PHGR1,ENSG00000233041,Other,Other,,223.0,13.120770380571331,0.7014545664284543,High-ranking informative gene,Yes,2.8501914643157136,0.0613564178440039,0.3311792413785008,ENSG00000233041,13.120770380571331,0,0,0,0,0,0,0
LST1,ENSG00000204482,Immune_lineage_state,Mono_Macrophage,,224.0,13.1186538595557,2.053843627465646,Mono Macrophage marker,Yes,9.776620282574925,0.1607184648246473,0.2518454679417505,ENSG00000204482,13.1186538595557,0,0,0,0,0,0,0
CD34,ENSG00000174059,Hypoxia_Angiogenesis_EMT_ECM_Vascular,Vasculature,,225.0,13.108969460643824,1.580126289512234,Vasculature,Yes,4.613405030609002,0.0769755430016738,0.1306956765929076,ENSG00000174059,13.108969460643824,0,0,0,0,0,0,0
ESAM,ENSG00000149564,Other,Other,,226.0,13.108383205426676,0.7428384042986335,High-ranking informative gene,Yes,4.04954753737276,0.0707380271991568,0.3239712844217282,ENSG00000149564,13.108383205426676,0,0,0,0,0,0,0
C15orf48,ENSG00000166920,Other,Other,,227.0,13.10803467835184,0.9011139723888634,High-ranking informative gene,Yes,8.253334119980565,0.1492765320830031,0.2575395835758367,ENSG00000166920,13.10803467835184,0,0,0,0,0,0,0
LAG3,ENSG00000089692,Immune_lineage_state,Immune_other,,228.0,13.107962366494316,3.420349690353974,Immune other marker,Yes,16.445703080004833,0.2900251574288374,0.554283972806725,ENSG00000089692,13.107962366494316,0,0,0,0,0,0,0
CAV1,ENSG00000105974,Other,Other,,229.0,13.106932538635084,1.2623781339806226,High-ranking informative gene,Yes,16.663154848696834,0.2883601889005874,1.4320422813433842,ENSG00000105974,13.106932538635084,0,0,0,0,0,0,0
C3,ENSG00000125730,Other,Other,,230.0,13.106288961274403,1.0567219959249323,High-ranking informative gene,Yes,12.40065066963345,0.2099328369545631,0.304306721008842,ENSG00000125730,13.106288961274403,0,0,0,0,0,0,0
IRF8,ENSG00000140968,Other,Other,,231.0,13.105642716873389,1.0617023177709055,High-ranking informative gene,Yes,8.037568023914076,0.1133708717696166,4.934921174776175,ENSG00000140968,13.105642716873389,0,0,0,0,0,0,0
FBN1,ENSG00000166147,Other,Other,,232.0,13.10132234196469,0.8952011762412719,High-ranking informative gene,Yes,8.362621895201741,0.1357199393494689,0.1157890045790247,ENSG00000166147,13.10132234196469,0,0,0,0,0,0,0
PRSS23,ENSG00000150687,Other,Other,,233.0,13.10053061919666,1.2249280823872966,High-ranking informative gene,Yes,16.574095144981897,0.2824596512968338,0.576085178849956,ENSG00000150687,13.10053061919666,0,0,0,0,0,0,0
BANK1,ENSG00000153064,Other,Other,,234.0,13.096484335746052,0.9960111539557904,High-ranking informative gene,Yes,3.760454682096196,0.0600984752443743,7.321917825951487,ENSG00000153064,13.096484335746052,0,0,0,0,0,0,0
COL4A2,ENSG00000134871,Hypoxia_Angiogenesis_EMT_ECM_Vascular,ECM_Fibroblast,,235.0,13.095606664575952,1.780767755243359,ECM Fibroblast,Yes,9.6619945440396,0.1659928573006273,0.3827943053162729,ENSG00000134871,13.095606664575952,0,0,0,0,0,0,0
CHI3L1,ENSG00000133048,Other,Other,,236.0,13.094275607121864,1.0712187489736276,High-ranking informative gene,Yes,5.570586136466432,0.1013286329708972,7.426108697487935,ENSG00000133048,13.094275607121864,0,0,0,0,0,0,0
XCL1,ENSG00000143184,Other,Other,,237.0,13.093565481620509,0.8796844396325283,High-ranking informative gene,Yes,6.304696564880132,0.1347839960458271,1.5077699712396222,ENSG00000143184,13.093565481620509,0,0,0,0,0,0,0
CXCL3,ENSG00000163734,Cytokines_Chemokines_Checkpoints,Chemokine,,238.0,13.09338632917613,2.014222519846636,Chemokine,Yes,2.9333513138413423,0.0555710352966536,2.341378267217989,ENSG00000163734,13.09338632917613,0,0,0,0,0,0,0
FSTL1,ENSG00000163430,Other,Other,,239.0,13.092923294380194,1.11431335627204,High-ranking informative gene,Yes,13.366260138618486,0.225742441339504,0.8791480720365514,ENSG00000163430,13.092923294380194,0,0,0,0,0,0,0
TNFRSF18,ENSG00000186891,Cytokines_Chemokines_Checkpoints,TNFR_superfamily,,240.0,13.09224781454527,2.4767035342834727,TNFR superfamily,Yes,16.154643606665147,0.294304074518801,1.2658236566770693,ENSG00000186891,13.09224781454527,0,0,0,0,0,0,0
COL15A1,ENSG00000204291,Hypoxia_Angiogenesis_EMT_ECM_Vascular,ECM_Fibroblast,,241.0,13.08874618712437,1.6670130272743855,ECM Fibroblast,Yes,6.938228526637843,0.1151937077458652,0.13891115083059,ENSG00000204291,13.08874618712437,0,0,0,0,0,0,0
CD83,ENSG00000112149,Other,Other,,242.0,13.08751063337972,1.1529983444522844,High-ranking informative gene,Yes,13.99108279181101,0.230789275173431,1.3231454375434275,ENSG00000112149,13.08751063337972,0,0,0,0,0,0,0
CXCL9,ENSG00000138755,Cytokines_Chemokines_Checkpoints,Chemokine,,243.0,13.087085031861688,2.04331717387004,Chemokine,Yes,4.263347015376141,0.0918361630679823,1.6912975013733793,ENSG00000138755,13.087085031861688,0,0,0,0,0,0,0
CCL19,ENSG00000172724,Cytokines_Chemokines_Checkpoints,Chemokine,,244.0,13.086311230479009,1.950749314857908,Chemokine,Yes,1.294877521836483,0.0286509835772581,2.301333172350059,ENSG00000172724,13.086311230479009,0,0,0,0,0,0,0
POU2AF1,ENSG00000110777,Other,Other,,245.0,13.085468292972886,0.8449533163227421,High-ranking informative gene,Yes,4.633352156677645,0.0494264339014868,2.686687987915078,ENSG00000110777,13.085468292972886,0,0,0,0,0,0,0
HSP90AA1,ENSG00000080824,CellCycle_DDR_Stress,Stress_Senescence,,246.0,13.085238663097035,4.3735763979204565,Stress Senescence,Yes,76.11963780514186,1.8493730166798776,2.0519119715506,ENSG00000080824,13.085238663097035,0,0,0,0,0,0,0
PLEK,ENSG00000115956,Other,Other,,247.0,13.083725911650111,1.103999368304253,High-ranking informative gene,Yes,10.845898618029397,0.1622662210032383,3.2746749640153148,ENSG00000115956,13.083725911650111,0,0,0,0,0,0,0
CXCL2,ENSG00000081041,Cytokines_Chemokines_Checkpoints,Chemokine,,248.0,13.077872323104248,2.130673921453039,Chemokine,Yes,4.347630646652107,0.0808969083931725,4.006257312400028,ENSG00000081041,13.077872323104248,0,0,0,0,0,0,0
CAVIN1,ENSG00000177469,Other,Other,,249.0,13.074444630049925,1.1345657009566803,High-ranking informative gene,Yes,14.699346239966744,0.2506924328484942,0.0920558090648117,ENSG00000177469,13.074444630049925,0,0,0,0,0,0,0
FDCSP,ENSG00000181617,Other,Other,,250.0,13.07433110021116,0.9334370229999176,High-ranking informative gene,Yes,4.940706465397355,0.1589035999629834,3.9462250524824514,ENSG00000181617,13.07433110021116,0,0,0,0,0,0,0
IGHGP,ENSG00000253755,Other,Other,,251.0,13.071509151884213,0.8061264205384673,High-ranking informative gene,Yes,0.9113869995308193,0.0156834664836156,5.159155528638999,ENSG00000253755,13.071509151884213,0,0,0,0,0,0,0
CD93,ENSG00000125810,Other,Other,,252.0,13.065738099114078,0.7741313247055854,High-ranking informative gene,Yes,5.209290303730114,0.077947534872684,0.1369960448217554,ENSG00000125810,13.065738099114078,0,0,0,0,0,0,0
HSPA6,ENSG00000173110,CellCycle_DDR_Stress,Stress_Senescence,,253.0,13.065672037464807,1.6701237070979928,Stress Senescence,Yes,7.073925172992162,0.1310096408131848,3.623244872325354,ENSG00000173110,13.065672037464807,0,0,0,0,0,0,0
IGFBP6,ENSG00000167779,Other,Other,,254.0,13.06075694363808,0.8457847419664437,High-ranking informative gene,Yes,6.746623738203809,0.106261140249567,0.4833337274825088,ENSG00000167779,13.06075694363808,0,0,0,0,0,0,0
CD14,ENSG00000170458,Other,Other,,255.0,13.060625429961265,1.0380812268248742,High-ranking informative gene,Yes,8.128594345692122,0.1445752988407135,4.055578708771444,ENSG00000170458,13.060625429961265,0,0,0,0,0,0,0
CYBB,ENSG00000165168,Other,Other,,256.0,13.060425637456836,0.9307128574287488,High-ranking informative gene,Yes,7.417521443160524,0.1137026189004637,2.0792273637364995,ENSG00000165168,13.060425637456836,0,0,0,0,0,0,0
CCR7,ENSG00000126353,Immune_lineage_state,Immune_other,,257.0,13.059436573270132,2.349142177022028,Immune other marker,Yes,13.6837284830913,0.2488784962444193,4.040896995636015,ENSG00000126353,13.059436573270132,0,0,0,0,0,0,0
CHGB,ENSG00000089199,Other,Other,,258.0,13.052203683554133,0.7525014770979399,High-ranking informative gene,Yes,2.361346402915089,0.0546697546302703,2.2256602467549054,ENSG00000089199,13.052203683554133,0,0,0,0,0,0,0
LY9,ENSG00000122224,Other,Other,,259.0,13.050587893147958,1.0491266887651145,High-ranking informative gene,Yes,10.03565197602974,0.1439373690672304,2.709121844819532,ENSG00000122224,13.050587893147958,0,0,0,0,0,0,0
HLA-DMB,ENSG00000242574,Other,Other,,260.0,13.050093386439476,1.166955740506778,High-ranking informative gene,Yes,12.876010350029915,0.1933580145802407,2.977772385547974,ENSG00000242574,13.050093386439476,0,0,0,0,0,0,0
HLA-DQA2,ENSG00000237541,Other,Other,,261.0,13.048253751443909,1.0565637542871509,High-ranking informative gene,Yes,12.17757999218972,0.1971859676239492,0.6552863242260472,ENSG00000237541,13.048253751443909,0,0,0,0,0,0,0
CD163,ENSG00000177575,Other,Other,,262.0,13.047024576081082,0.8415076147645727,High-ranking informative gene,Yes,4.602167213105545,0.0684371406364555,2.526504476780928,ENSG00000177575,13.047024576081082,0,0,0,0,0,0,0
NNMT,ENSG00000166741,Other,Other,,263.0,13.044528626706896,1.1968139629194503,High-ranking informative gene,Yes,14.89600804627733,0.2738418800879801,1.4205267962996562,ENSG00000166741,13.044528626706896,0,0,0,0,0,0,0
CD19,ENSG00000177455,Other,Other,,264.0,13.043605166434244,1.0285297342826751,High-ranking informative gene,Yes,2.960883966724822,0.0439318089807554,9.050961985894364,ENSG00000177455,13.043605166434244,0,0,0,0,0,0,0
CSF1R,ENSG00000182578,Immune_lineage_state,Mono_Macrophage,,265.0,13.04309985501578,1.9773726340608524,Mono Macrophage marker,Yes,5.508216249322217,0.0786234898629348,2.638726273298685,ENSG00000182578,13.04309985501578,0,0,0,0,0,0,0
COL11A1,ENSG00000060718,Hypoxia_Angiogenesis_EMT_ECM_Vascular,ECM_Fibroblast,,266.0,13.04179494384977,1.6207144198390355,ECM Fibroblast,Yes,4.824675999674099,0.0878453087240759,1.0114342994887464,ENSG00000060718,13.04179494384977,0,0,0,0,0,0,0
TF,ENSG00000091513,Other,Other,,267.0,13.040623526651066,1.0146531188704997,High-ranking informative gene,Yes,2.664767475508583,0.0391985725933245,8.981492914166777,ENSG00000091513,13.040623526651066,0,0,0,0,0,0,0
LCN2,ENSG00000148346,Other,Other,,268.0,13.034771628026602,0.6963109553704336,High-ranking informative gene,Yes,2.345051567535066,0.0440991913553201,0.8614662422129454,ENSG00000148346,13.034771628026602,0,0,0,0,0,0,0
CALCRL,ENSG00000064989,Other,Other,,269.0,13.03444188721942,0.7777010672073519,High-ranking informative gene,Yes,5.193838304662847,0.0707267304882917,0.3340323110764281,ENSG00000064989,13.03444188721942,0,0,0,0,0,0,0
SOD3,ENSG00000109610,Other,Other,,270.0,13.03260667664872,0.9333736166104948,High-ranking informative gene,Yes,9.356325907945418,0.1636530197067658,0.1298941814318708,ENSG00000109610,13.03260667664872,0,0,0,0,0,0,0
KRT16,ENSG00000186832,Malignant_lineage,Epithelial_malignant,,271.0,13.031483339919196,0.7098349180058626,High-ranking informative gene,Yes,2.06522991169885,0.0348479169052692,1.5319850991658337,ENSG00000186832,13.031483339919196,0,0,0,0,0,0,0
ELN,ENSG00000049540,Other,Other,,272.0,13.028745401020505,0.7936964540056914,High-ranking informative gene,Yes,5.596433116724398,0.0889791658991627,0.2765736370057291,ENSG00000049540,13.028745401020505,0,0,0,0,0,0,0
ROBO4,ENSG00000154133,Other,Other,,273.0,13.027475004692851,0.67626834007421,High-ranking informative gene,Yes,2.0486541308812463,0.0297687363274105,0.7064050855375866,ENSG00000154133,13.027475004692851,0,0,0,0,0,0,0
GJA4,ENSG00000187513,Other,Other,,274.0,13.025373842338912,0.6712296146605101,High-ranking informative gene,Yes,2.0604538392598784,0.0367825432979221,0.5140990557977345,ENSG00000187513,13.025373842338912,0,0,0,0,0,0,0
CDH5,ENSG00000179776,Other,Other,,275.0,13.023549834092927,0.6833176406592235,High-ranking informative gene,Yes,2.650439258191668,0.0458536227473808,0.2551733381572376,ENSG00000179776,13.023549834092927,0,0,0,0,0,0,0
AGR3,ENSG00000173467,Other,Other,,276.0,13.020711509308748,0.7192974579292593,High-ranking informative gene,Yes,3.643300434622589,0.0651462839262539,0.2003002499453212,ENSG00000173467,13.020711509308748,0,0,0,0,0,0,0
MS4A7,ENSG00000166927,Other,Other,,277.0,13.01750137420857,0.9441344893276528,High-ranking informative gene,Yes,9.293113184488448,0.1345068249196477,0.7013785481089716,ENSG00000166927,13.01750137420857,0,0,0,0,0,0,0
MIR155HG,ENSG00000234883,Other,Other,,278.0,13.015923659213229,0.981432123442032,High-ranking informative gene,Yes,9.759763556319726,0.146433551629249,1.1905119937186224,ENSG00000234883,13.015923659213229,0,0,0,0,0,0,0
MMP7,ENSG00000137673,Hypoxia_Angiogenesis_EMT_ECM_Vascular,ECM_Fibroblast,,279.0,13.015337862273636,1.5289576298105445,ECM Fibroblast,Yes,2.427930471623114,0.0451553060923648,1.0247598958807782,ENSG00000137673,13.015337862273636,0,0,0,0,0,0,0
MNDA,ENSG00000163563,Other,Other,,280.0,13.015213512575595,0.8740739020002664,High-ranking informative gene,Yes,6.173214100089624,0.0910861358659777,1.8893118705194525,ENSG00000163563,13.015213512575595,0,0,0,0,0,0,0
ZNF683,ENSG00000176083,Other,Other,,281.0,13.01455736717338,0.8514791200163632,High-ranking informative gene,Yes,5.81753717610502,0.1175431206847743,1.408088619415897,ENSG00000176083,13.01455736717338,0,0,0,0,0,0,0
KRT81,ENSG00000205426,Malignant_lineage,Epithelial_malignant,,282.0,13.013811571434154,0.8122630410359064,High-ranking informative gene,Yes,3.439614992372327,0.0711172024761516,2.784106108500029,ENSG00000205426,13.013811571434154,0,0,0,0,0,0,0
MSR1,ENSG00000038945,Other,Other,,283.0,13.013266712882343,0.8517390818178714,High-ranking informative gene,Yes,4.417024169735996,0.0602082266724418,3.0560713094079257,ENSG00000038945,13.013266712882343,0,0,0,0,0,0,0
TREM2,ENSG00000095970,Other,Other,,284.0,13.012804035857936,0.7671690235695726,High-ranking informative gene,Yes,4.099274879825586,0.0674343143675723,1.0554973614620329,ENSG00000095970,13.012804035857936,0,0,0,0,0,0,0
RBP4,ENSG00000138207,Other,Other,,285.0,13.01230117957136,0.8413759514828785,High-ranking informative gene,Yes,0.8762688198325037,0.0148038794833443,6.191156019161189,ENSG00000138207,13.01230117957136,0,0,0,0,0,0,0
SELENOP,ENSG00000250722,Other,Other,,286.0,13.01227574283613,1.209433887800853,High-ranking informative gene,Yes,16.057155539822617,0.2679174186572724,0.8269933290236403,ENSG00000250722,13.01227574283613,0,0,0,0,0,0,0
COL2A1,ENSG00000139219,Hypoxia_Angiogenesis_EMT_ECM_Vascular,ECM_Fibroblast,,287.0,13.003909699095448,1.508572779381634,ECM Fibroblast,Yes,1.9416139191607584,0.0404065440448058,0.9589856493920336,ENSG00000139219,13.003909699095448,0,0,0,0,0,0,0
JUN,ENSG00000177606,Cancer_pathways,RAS_MAPK,,288.0,13.00351992338274,3.71860725008349,RAS MAPK,Yes,55.87414768177872,1.177622665661938,0.2453924359638959,ENSG00000177606,13.00351992338274,0,0,0,0,0,0,0
CALHM6,ENSG00000188820,Other,Other,,289.0,13.002880200668509,0.8309531740135814,High-ranking informative gene,Yes,6.438426593171343,0.0913610637747199,0.5382204584364996,ENSG00000188820,13.002880200668509,0,0,0,0,0,0,0
ADGRF5,ENSG00000069122,Other,Other,,290.0,12.999592810769522,0.6980576633664979,High-ranking informative gene,Yes,3.261495584942452,0.0497214184267864,0.1119228185516467,ENSG00000069122,12.999592810769522,0,0,0,0,0,0,0
BTNL9,ENSG00000165810,Other,Other,,291.0,12.998301096433584,0.6801672927794523,High-ranking informative gene,Yes,2.486648068078693,0.0333651406290954,0.4362686728051623,ENSG00000165810,12.998301096433584,0,0,0,0,0,0,0
OGN,ENSG00000106809,Other,Other,,292.0,12.997267654511518,0.7111670187248736,High-ranking informative gene,Yes,3.5592977487842035,0.0540367880183003,0.1690051534534009,ENSG00000106809,12.997267654511518,0,0,0,0,0,0,0
PPDPFL,ENSG00000168333,Other,Other,,293.0,12.994407415966547,0.6661744690102767,High-ranking informative gene,Yes,1.3328051559106626,0.0292556424387609,1.103690395266374,ENSG00000168333,12.994407415966547,0,0,0,0,0,0,0
MS4A4A,ENSG00000110079,Other,Other,,294.0,12.98866720820051,0.8080906648992987,High-ranking informative gene,Yes,4.539797325961331,0.0655876287363502,1.7908821301115776,ENSG00000110079,12.98866720820051,0,0,0,0,0,0,0
HMOX1,ENSG00000100292,CellCycle_DDR_Stress,Stress_Senescence,,295.0,12.98799979693927,1.7281837014167962,Stress Senescence,Yes,11.4606072354688,0.1748031117887117,1.1115106888726676,ENSG00000100292,12.98799979693927,0,0,0,0,0,0,0
VSIG4,ENSG00000155659,Other,Other,,296.0,12.98512429858697,0.8412497837096916,High-ranking informative gene,Yes,3.5410362953410868,0.0533554594888444,3.623143187034314,ENSG00000155659,12.98512429858697,0,0,0,0,0,0,0
GABRP,ENSG00000094755,Other,Other,,297.0,12.98420405154248,0.7162953224733928,High-ranking informative gene,Yes,3.3084134730193995,0.0536587738943511,0.539201027526991,ENSG00000094755,12.98420405154248,0,0,0,0,0,0,0
ACSM2A,ENSG00000183747,Other,Other,,298.0,12.983814205558785,0.6153018452427037,High-ranking informative gene,Yes,0.7925470794316993,0.0134318020227399,0.3645590278824275,ENSG00000183747,12.983814205558785,0,0,0,0,0,0,0
SLC11A1,ENSG00000018280,Other,Other,,299.0,12.983057960384194,0.8144086010267999,High-ranking informative gene,Yes,5.651217477053777,0.0697022613037938,0.969458049908282,ENSG00000018280,12.983057960384194,0,0,0,0,0,0,0
FGG,ENSG00000171557,Other,Other,,300.0,12.97680090448276,0.6727183006773964,High-ranking informative gene,Yes,1.3687661719217488,0.0299450285085192,1.2597734477188418,ENSG00000171557,12.97680090448276,0,0,0,0,0,0,0
FCGR1A,ENSG00000150337,Other,Other,,301.0,12.975491333472156,0.7784663744156668,High-ranking informative gene,Yes,4.380501262849748,0.0623576214407364,1.1895208242871285,ENSG00000150337,12.975491333472156,0,0,0,0,0,0,0
TNFRSF17,ENSG00000048462,Cytokines_Chemokines_Checkpoints,TNFR_superfamily,,302.0,12.973993034947048,1.9686781545962897,TNFR superfamily,Yes,1.3210054475320303,0.0146967462182515,2.98347667031496,ENSG00000048462,12.973993034947048,0,0,0,0,0,0,0
ADH1B,ENSG00000196616,Other,Other,,303.0,12.973577470987845,0.6414805316582235,High-ranking informative gene,Yes,1.4718731475160212,0.0298760991915854,0.3535573752904299,ENSG00000196616,12.973577470987845,0,0,0,0,0,0,0
SCGB1D2,ENSG00000124935,Other,Other,,304.0,12.973409544420637,0.8474060374442626,High-ranking informative gene,Yes,1.879244032016544,0.0349310526331131,5.375809993997109,ENSG00000124935,12.973409544420637,0,0,0,0,0,0,0
VTN,ENSG00000109072,Other,Other,,305.0,12.97124154067052,0.6336414735809125,High-ranking informative gene,Yes,0.9355483071632732,0.016443109347828,0.7148439393314447,ENSG00000109072,12.97124154067052,0,0,0,0,0,0,0
VPREB3,ENSG00000128218,Other,Other,,306.0,12.96949353917112,0.8018595291557506,High-ranking informative gene,Yes,1.8022649821178192,0.0301971841247524,4.2850301465885545,ENSG00000128218,12.96949353917112,0,0,0,0,0,0,0
MFAP5,ENSG00000197614,Other,Other,,307.0,12.966035200653412,0.8001569478607622,High-ranking informative gene,Yes,6.06224065224292,0.0840697694016978,0.1515990807373911,ENSG00000197614,12.966035200653412,0,0,0,0,0,0,0
SCRG1,ENSG00000164106,Other,Other,,308.0,12.965491711637268,0.7011829569948465,High-ranking informative gene,Yes,3.262619366692803,0.0466756739146017,0.2551600171679873,ENSG00000164106,12.965491711637268,0,0,0,0,0,0,0
ACAN,ENSG00000157766,Other,Other,,309.0,12.963927197417426,0.656100252630164,High-ranking informative gene,Yes,1.6828631711435378,0.0350839248561334,0.5274423272444027,ENSG00000157766,12.963927197417426,0,0,0,0,0,0,0
SCGB1B2P,ENSG00000268751,Other,Other,,310.0,12.95959538101228,0.7488981896132243,High-ranking informative gene,Yes,0.6919686127757245,0.0147278926881319,3.981699013410841,ENSG00000268751,12.95959538101228,0,0,0,0,0,0,0
TAT,ENSG00000198650,Other,Other,,311.0,12.956298522403811,0.6623156221780936,High-ranking informative gene,Yes,2.1593466332903546,0.0333606682424678,0.2993908879709523,ENSG00000198650,12.956298522403811,0,0,0,0,0,0,0
PNOC,ENSG00000168081,Other,Other,,312.0,12.95429957895458,0.8152840892168394,High-ranking informative gene,Yes,1.461759111762902,0.016105743565681,5.055245398998944,ENSG00000168081,12.95429957895458,0,0,0,0,0,0,0
OLR1,ENSG00000173391,Other,Other,,313.0,12.951984279291926,0.7820327865017517,High-ranking informative gene,Yes,3.634591126057401,0.046500608066563,2.074765869880744,ENSG00000173391,12.951984279291926,0,0,0,0,0,0,0
KRT6B,ENSG00000185479,Malignant_lineage,Epithelial_malignant,,314.0,12.94900500674718,0.6954544291767745,High-ranking informative gene,Yes,1.5791943046740895,0.0299602439956951,1.7070244981388776,ENSG00000185479,12.94900500674718,0,0,0,0,0,0,0
FCRL5,ENSG00000143297,Other,Other,,315.0,12.948655235199151,0.9016271786403136,High-ranking informative gene,Yes,2.095852964395789,0.022812584285015,6.731835310228028,ENSG00000143297,12.948655235199151,0,0,0,0,0,0,0
ITGBL1,ENSG00000198542,Other,Other,,316.0,12.946637862909744,0.7137439085104456,High-ranking informative gene,Yes,3.739945665152362,0.0527628686424626,0.1481772031967328,ENSG00000198542,12.946637862909744,0,0,0,0,0,0,0
TM4SF4,ENSG00000169903,Other,Other,,317.0,12.945963593260888,0.6181919764249747,High-ranking informative gene,Yes,0.7349532647264567,0.0141120599634003,0.529192740279883,ENSG00000169903,12.945963593260888,0,0,0,0,0,0,0
IFI6,ENSG00000126709,Other,Other,,318.0,12.94412720554727,2.1496553840172905,High-ranking informative gene,Yes,38.04394548534729,0.6851074023367274,3.463149190978573,ENSG00000126709,12.94412720554727,0,0,0,0,0,0,0
S100A7,ENSG00000143556,Other,Other,,319.0,12.94138553276434,0.7805085332576543,High-ranking informative gene,Yes,1.5884655041144384,0.0401602971527741,3.867714914768673,ENSG00000143556,12.94138553276434,0,0,0,0,0,0,0
ACSM2B,ENSG00000066813,Other,Other,,320.0,12.939060185604747,0.6086817050483291,High-ranking informative gene,Yes,0.8700880202055998,0.0114979302787906,0.1894682462714405,ENSG00000066813,12.939060185604747,0,0,0,0,0,0,0
SPINK1,ENSG00000164266,Other,Other,,321.0,12.930969439617195,0.6569697119358207,High-ranking informative gene,Yes,1.303867775839251,0.0231644960448654,1.0054420910190136,ENSG00000164266,12.930969439617195,0,0,0,0,0,0,0
ORM1,ENSG00000229314,Other,Other,,322.0,12.930328477571544,0.6639569013108121,High-ranking informative gene,Yes,0.8122132600627623,0.0161415189882374,1.668166012011478,ENSG00000229314,12.930328477571544,0,0,0,0,0,0,0
PLAC8,ENSG00000145287,Other,Other,,323.0,12.923642258654567,0.967266921458758,High-ranking informative gene,Yes,8.978735239829078,0.1158731137069299,1.8288463326500728,ENSG00000145287,12.923642258654567,0,0,0,0,0,0,0
SNORC,ENSG00000182600,Other,Other,,324.0,12.917833593156075,0.6533224043255241,High-ranking informative gene,Yes,1.916328829777968,0.0293777453408024,0.3477353729465559,ENSG00000182600,12.917833593156075,0,0,0,0,0,0,0
ID1,ENSG00000125968,Other,Other,,325.0,12.914629479057217,0.9104819815070558,High-ranking informative gene,Yes,6.621883963915366,0.107120320561606,2.454705274924822,ENSG00000125968,12.914629479057217,0,0,0,0,0,0,0
INHBA,ENSG00000122641,Other,Other,,326.0,12.91337070422641,0.7754036020191764,High-ranking informative gene,Yes,5.113206964075516,0.0778133648022986,0.4310070554732825,ENSG00000122641,12.91337070422641,0,0,0,0,0,0,0
GJB6,ENSG00000121742,Other,Other,,327.0,12.903084482315975,0.6287784487768872,High-ranking informative gene,Yes,0.9951087399316094,0.0179650602853363,0.6029474392749538,ENSG00000121742,12.903084482315975,0,0,0,0,0,0,0
LGALS1,ENSG00000100097,Other,Other,,328.0,12.89917623796347,3.007479849387258,High-ranking informative gene,Yes,60.35269890234618,1.5159337500157342,0.5569830595984413,ENSG00000100097,12.89917623796347,0,0,0,0,0,0,0
ACTG2,ENSG00000163017,Other,Other,,329.0,12.898293994359886,0.7284800421034892,High-ranking informative gene,Yes,2.265544008698072,0.0411871211952925,1.9554629788320783,ENSG00000163017,12.898293994359886,0,0,0,0,0,0,0
F13A1,ENSG00000124491,Other,Other,,330.0,12.884489969007946,0.8023432399927204,High-ranking informative gene,Yes,3.600034837234261,0.0499839773667746,2.6908073724934014,ENSG00000124491,12.884489969007946,0,0,0,0,0,0,0
MEOX1,ENSG00000005102,Other,Other,,331.0,12.877655223808937,0.7150197702126732,High-ranking informative gene,Yes,1.5013724184626085,0.0196805387025869,2.44761545787596,ENSG00000005102,12.877655223808937,0,0,0,0,0,0,0
SNCG,ENSG00000173267,Other,Other,,332.0,12.872213748414406,0.7775150619276052,High-ranking informative gene,Yes,4.708083643075682,0.0659384710562843,0.9734571428994518,ENSG00000173267,12.872213748414406,0,0,0,0,0,0,0
FRZB,ENSG00000162998,Other,Other,,333.0,12.861669510525978,0.933117199486399,High-ranking informative gene,Yes,6.266487985368357,0.1014593696093286,3.4610392182042755,ENSG00000162998,12.861669510525978,0,0,0,0,0,0,0
CASP14,ENSG00000105141,Other,Other,,334.0,12.860598462036233,0.632260621551332,High-ranking informative gene,Yes,1.1937371643053185,0.0147213810019898,0.5955285896226803,ENSG00000105141,12.860598462036233,0,0,0,0,0,0,0
APOA1,ENSG00000118137,Other,Other,,335.0,12.860353753522968,0.7231737471104387,High-ranking informative gene,Yes,0.9824661952402208,0.0128842173328757,3.1822243628256217,ENSG00000118137,12.860353753522968,0,0,0,0,0,0,0
IGLV3-1,ENSG00000211673,Other,Other,,336.0,12.858212330847977,1.8888879440986284,High-ranking informative gene,Yes,2.92408011440098,0.0534983868223163,31.840694254656142,ENSG00000211673,12.858212330847977,0,0,0,0,0,0,0
APCS,ENSG00000132703,Other,Other,,337.0,12.8561617958827,0.6680750345138929,High-ranking informative gene,Yes,0.6439269429484114,0.0116351207671816,2.041550487582323,ENSG00000132703,12.8561617958827,0,0,0,0,0,0,0
CLDN10,ENSG00000134873,Other,Other,,338.0,12.851261334732335,0.6215064436293293,High-ranking informative gene,Yes,0.9383577615391374,0.012431540416196,0.5620339429797025,ENSG00000134873,12.851261334732335,0,0,0,0,0,0,0
PYDC1,ENSG00000169900,Other,Other,,339.0,12.848832511069594,0.6275092740561022,High-ranking informative gene,Yes,1.2448692339460763,0.021773128748656,0.3875811266158734,ENSG00000169900,12.848832511069594,0,0,0,0,0,0,0
GC,ENSG00000145321,Other,Other,,340.0,12.848479166868785,0.6040098213644903,High-ranking informative gene,Yes,0.4337797556336511,0.0086203908858486,0.5710427725021542,ENSG00000145321,12.848479166868785,0,0,0,0,0,0,0
TFF2,ENSG00000160181,Other,Other,,341.0,12.844156322552662,0.6590988254751734,High-ranking informative gene,Yes,0.715006138657813,0.0106143173056336,1.765465267853764,ENSG00000160181,12.844156322552662,0,0,0,0,0,0,0
BEX1,ENSG00000133169,Other,Other,,342.0,12.843193289305283,0.7559425830754429,High-ranking informative gene,Yes,1.3134199207171946,0.023047371744169,3.701068306588611,ENSG00000133169,12.843193289305283,0,0,0,0,0,0,0
FGB,ENSG00000171564,Other,Other,,343.0,12.842471834242378,0.6408864510379553,High-ranking informative gene,Yes,1.1698568021104592,0.0163970887146503,0.8514899466663038,ENSG00000171564,12.842471834242378,0,0,0,0,0,0,0
FGA,ENSG00000171560,Other,Other,,344.0,12.842187852585184,0.6356926301719245,High-ranking informative gene,Yes,0.7585526814837209,0.0129051444619859,1.0977611828281604,ENSG00000171560,12.842187852585184,0,0,0,0,0,0,0
DEPP1,ENSG00000165507,Other,Other,,345.0,12.83027163818262,0.8324022232067501,High-ranking informative gene,Yes,6.735104975262757,0.0981047034105463,0.4687736689632563,ENSG00000165507,12.83027163818262,0,0,0,0,0,0,0
CCN1,ENSG00000142871,Other,Other,,346.0,12.828105449678189,0.602115556233957,High-ranking informative gene,Yes,0.5045780059054721,0.0084790936546492,0.484501453252615,ENSG00000142871,12.828105449678189,0,0,0,0,0,0,0
EGFL7,ENSG00000172889,Other,Other,,347.0,12.816472502655012,0.8871567961081586,High-ranking informative gene,Yes,8.1833787060215,0.1230796658488921,0.4831161044773728,ENSG00000172889,12.816472502655012,0,0,0,0,0,0,0
DHRS2,ENSG00000100867,Other,Other,,348.0,12.81444394742244,0.7654860391291065,High-ranking informative gene,Yes,1.9744845353583853,0.0245972238581947,3.4006289381796644,ENSG00000100867,12.81444394742244,0,0,0,0,0,0,0
EDN1,ENSG00000078401,Other,Other,,349.0,12.813890813228875,0.6782271510885046,High-ranking informative gene,Yes,2.8170399026804915,0.0404477488745727,0.2596509826650836,ENSG00000078401,12.813890813228875,0,0,0,0,0,0,0
IL1RN,ENSG00000136689,Cytokines_Chemokines_Checkpoints,Cytokine,,350.0,12.81251063905806,1.9694936338321751,Cytokine,Yes,3.642457598309832,0.0528475915526301,0.8961792882204255,ENSG00000136689,12.81251063905806,0,0,0,0,0,0,0
MSLN,ENSG00000102854,Other,Other,,351.0,12.805998948172002,0.6343211952193659,High-ranking informative gene,Yes,1.4044462424952542,0.0248454194348354,0.4550517755837918,ENSG00000102854,12.805998948172002,0,0,0,0,0,0,0
GSTA1,ENSG00000243955,Other,Other,,352.0,12.801293477432234,0.6594941502933696,High-ranking informative gene,Yes,0.997356303432312,0.0155625089830834,1.5439592183902513,ENSG00000243955,12.801293477432234,0,0,0,0,0,0,0
ORM2,ENSG00000228278,Other,Other,,353.0,12.787723976805369,0.6389298124564363,High-ranking informative gene,Yes,0.6419603248853036,0.0094657021471764,1.3724632038644708,ENSG00000228278,12.787723976805369,0,0,0,0,0,0,0
HPGD,ENSG00000164120,Other,Other,,354.0,12.786513760283643,0.8051826029236436,High-ranking informative gene,Yes,4.955877519027027,0.0696688779660812,1.5573524268948522,ENSG00000164120,12.786513760283643,0,0,0,0,0,0,0
LINC02532,ENSG00000235142,Other,Other,,355.0,12.77848565364083,0.618744342841236,High-ranking informative gene,Yes,1.3086438482782228,0.0203047788157845,0.1942024844305207,ENSG00000235142,12.77848565364083,0,0,0,0,0,0,0
GPX3,ENSG00000211445,Other,Other,,356.0,12.748957073516095,1.20645561488281,High-ranking informative gene,Yes,8.763531034637765,0.1313522241117413,8.389622145024795,ENSG00000211445,12.748957073516095,0,0,0,0,0,0,0
SDS,ENSG00000135094,Other,Other,,357.0,12.74506206061768,0.6930795533441287,High-ranking informative gene,Yes,2.869576699509196,0.0415753604259967,0.675763669428059,ENSG00000135094,12.74506206061768,0,0,0,0,0,0,0
LBP,ENSG00000129988,Other,Other,,358.0,12.739917598405324,0.6203905400637515,High-ranking informative gene,Yes,0.6175180718152689,0.0100593730750399,0.9572528903344868,ENSG00000129988,12.739917598405324,0,0,0,0,0,0,0
IGLV6-57,ENSG00000211640,Other,Other,,359.0,12.728335625068178,1.1393460462603298,High-ranking informative gene,Yes,1.6159981569979325,0.027960754663648,13.612877822022709,ENSG00000211640,12.728335625068178,0,0,0,0,0,0,0
S100A6,ENSG00000197956,Other,Other,,360.0,12.711425968893789,3.81520212784284,High-ranking informative gene,Yes,80.24756911960128,2.113300831328553,0.3246468537212169,ENSG00000197956,12.711425968893789,0,0,0,0,0,0,0
ENPP3,ENSG00000154269,Other,Other,,361.0,12.702821244094304,0.6042090749267267,High-ranking informative gene,Yes,0.7849615526168634,0.0096687406623601,0.4325966847693794,ENSG00000154269,12.702821244094304,0,0,0,0,0,0,0
UBD,ENSG00000213886,Other,Other,,362.0,12.690695521965464,0.978679807638006,High-ranking informative gene,Yes,2.289143425455336,0.028504024893638,8.845795282018655,ENSG00000213886,12.690695521965464,0,0,0,0,0,0,0
SAA2,ENSG00000134339,Other,Other,,363.0,12.654681922184231,0.7345246400162122,High-ranking informative gene,Yes,2.444225307003123,0.0262303015983334,2.352335361620831,ENSG00000134339,12.654681922184231,0,0,0,0,0,0,0
PDK4,ENSG00000004799,Other,Other,,364.0,12.648751003928696,0.9534694605242522,High-ranking informative gene,Yes,7.340261447824218,0.1215294138303238,3.162544268320944,ENSG00000004799,12.648751003928696,0,0,0,0,0,0,0
CCL20,ENSG00000115009,Cytokines_Chemokines_Checkpoints,Chemokine,,365.0,12.64775172660149,2.0153656394261947,Chemokine,Yes,3.4840043715110056,0.0604823115401128,2.3732158356522457,ENSG00000115009,12.64775172660149,0,0,0,0,0,0,0
CXCL1,ENSG00000163739,Cytokines_Chemokines_Checkpoints,Chemokine,,366.0,12.627324810090542,1.9760406716300751,Chemokine,Yes,1.7620897845429369,0.0284718347229382,3.093469226317812,ENSG00000163739,12.627324810090542,0,0,0,0,0,0,0
GPX2,ENSG00000176153,Other,Other,,367.0,12.62110038695202,0.6252165332539893,High-ranking informative gene,Yes,0.7178155930336771,0.0098610473090293,1.1360997520489664,ENSG00000176153,12.62110038695202,0,0,0,0,0,0,0
CAMK2B,ENSG00000058404,Other,Other,,368.0,12.61148159397885,0.6214466973195916,High-ranking informative gene,Yes,1.2510500335729802,0.0166055578202342,0.5358371299593494,ENSG00000058404,12.61148159397885,0,0,0,0,0,0,0
ESM1,ENSG00000164283,Other,Other,,369.0,12.6110143105161,0.6872593694696126,High-ranking informative gene,Yes,0.654883815014287,0.0106244519010874,2.8274385443629764,ENSG00000164283,12.6110143105161,0,0,0,0,0,0,0
FCN3,ENSG00000142748,Other,Other,,370.0,12.59894343113216,0.6001082118166511,High-ranking informative gene,Yes,0.5916710915573162,0.0087990343427622,0.6189992399093216,ENSG00000142748,12.59894343113216,0,0,0,0,0,0,0
FGFBP2,ENSG00000137441,Other,Other,,371.0,12.368239734778136,0.7503892716240852,High-ranking informative gene,Yes,2.474848359700061,0.0402056264077484,2.9704470798712577,ENSG00000137441,12.368239734778136,0,0,0,0,0,0,0
ARHGDIB,ENSG00000111348,Other,Other,,372.0,11.732463479517495,3.0520824938540474,High-ranking informative gene,Yes,63.0416276854872,1.4282690402701317,1.3990734299045513,ENSG00000111348,11.732463479517495,0,0,0,0,0,0,0
CD37,ENSG00000104894,Other,Other,,373.0,11.700282173625622,2.285886079828417,High-ranking informative gene,Yes,45.31621813727556,0.856320630407254,0.9080708191905454,ENSG00000104894,11.700282173625622,0,0,0,0,0,0,0
FXYD3,ENSG00000089356,Other,Other,,374.0,11.599053975135284,1.031608252225685,High-ranking informative gene,Yes,12.734413849486288,0.2089824963097797,1.1057452215357784,ENSG00000089356,11.599053975135284,0,0,0,0,0,0,0
RAC2,ENSG00000128340,Other,Other,,375.0,11.588882969468868,2.2790517312713297,High-ranking informative gene,Yes,44.41101193737165,0.8704473254889711,1.5371258898721776,ENSG00000128340,11.588882969468868,0,0,0,0,0,0,0
HCST,ENSG00000126264,Other,Other,,376.0,11.563115341463142,2.0668140763461995,High-ranking informative gene,Yes,39.84817708552821,0.7775087887385875,0.6335284489696921,ENSG00000126264,11.563115341463142,0,0,0,0,0,0,0
IL2RG,ENSG00000147168,Cytokines_Chemokines_Checkpoints,Cytokine,,377.0,11.54902053365073,3.300529515288803,Cytokine,Yes,39.10198600329831,0.75935519237217,1.3612095087516976,ENSG00000147168,11.54902053365073,0,0,0,0,0,0,0
HLA-E,ENSG00000204592,Other,Other,,378.0,11.497929557485731,3.612756797311453,High-ranking informative gene,Yes,77.04479113111444,1.797677721806864,1.5267147763639215,ENSG00000204592,11.497929557485731,0,0,0,0,0,0,0
S100A13,ENSG00000189171,Other,Other,,379.0,11.48314554236561,1.5361194910398923,High-ranking informative gene,Yes,26.83562725283123,0.4591695153374192,0.4199441335631654,ENSG00000189171,11.48314554236561,0,0,0,0,0,0,0
SPINT2,ENSG00000167642,Other,Other,,380.0,11.4821268121037,1.420661268075777,High-ranking informative gene,Yes,23.72668504049828,0.4261472525252593,0.3264509407491303,ENSG00000167642,11.4821268121037,0,0,0,0,0,0,0
CYTIP,ENSG00000115165,Other,Other,,381.0,11.474993071175344,1.96007722870218,High-ranking informative gene,Yes,37.36096712657435,0.6688321506280553,0.8927164520124391,ENSG00000115165,11.474993071175344,0,0,0,0,0,0,0
LCP1,ENSG00000136167,Other,Other,,382.0,11.432997061438536,2.198084267770684,High-ranking informative gene,Yes,41.6805032294678,0.7424234998756276,2.906583354959139,ENSG00000136167,11.432997061438536,0,0,0,0,0,0,0
LIMD2,ENSG00000136490,Other,Other,,383.0,11.432731423224569,2.1779715148622127,High-ranking informative gene,Yes,43.99493174430593,0.7459376269528866,0.3458809252052877,ENSG00000136490,11.432731423224569,0,0,0,0,0,0,0
TNFAIP3,ENSG00000118503,Cytokines_Chemokines_Checkpoints,Cytokine,,384.0,11.419650453776477,3.272092826768836,Cytokine,Yes,38.40945549964741,0.717228185377107,1.6764799963676489,ENSG00000118503,11.419650453776477,0,0,0,0,0,0,0
CYBA,ENSG00000051523,Other,Other,,385.0,11.416475072371858,2.9417455814261446,High-ranking informative gene,Yes,63.29841181544133,1.2345486839016342,0.0799509755895682,ENSG00000051523,11.416475072371858,0,0,0,0,0,0,0
PCOLCE,ENSG00000106333,Other,Other,,386.0,11.398788789133134,1.0802324762661772,High-ranking informative gene,Yes,12.874043731966808,0.2213287526435694,2.402833621118396,ENSG00000106333,11.398788789133134,0,0,0,0,0,0,0
FYB1,ENSG00000082074,Other,Other,,387.0,11.398519165201115,1.4858970959138396,High-ranking informative gene,Yes,25.21091978726811,0.4611766073269754,0.5912462555627419,ENSG00000082074,11.398519165201115,0,0,0,0,0,0,0
FXYD5,ENSG00000089327,Other,Other,,388.0,11.395687188356511,3.059725223256286,High-ranking informative gene,Yes,66.01964932390482,1.291804691473509,0.4211331810348029,ENSG00000089327,11.395687188356511,0,0,0,0,0,0,0
MGST1,ENSG00000008394,Other,Other,,389.0,11.375811573468528,1.068266685664995,High-ranking informative gene,Yes,14.643438097887014,0.2335530183901789,0.4903529657639691,ENSG00000008394,11.375811573468528,0,0,0,0,0,0,0
CLDN4,ENSG00000189143,Other,Other,,390.0,11.37357103394544,0.8653028142916133,High-ranking informative gene,Yes,9.341435799753327,0.158368287349118,0.3122486301153421,ENSG00000189143,11.37357103394544,0,0,0,0,0,0,0
CXCL13,ENSG00000156234,Immune_lineage_state,Immune_other,,391.0,11.369854959365812,3.317040147747188,Immune other marker,Yes,9.773248937323883,0.2886509838724812,5.643959452590165,ENSG00000156234,11.369854959365812,0,0,0,0,0,0,0
ALOX5AP,ENSG00000132965,Other,Other,,392.0,11.36413931532366,1.686739119308148,High-ranking informative gene,Yes,29.76476438510876,0.5658486772107245,1.1855903307031033,ENSG00000132965,11.36413931532366,0,0,0,0,0,0,0
DSTN,ENSG00000125868,Other,Other,,393.0,11.362801124568705,2.296732699179863,High-ranking informative gene,Yes,46.6495851840614,0.8114467741965733,0.7609136759140716,ENSG00000125868,11.362801124568705,0,0,0,0,0,0,0
SH3BGRL3,ENSG00000142669,Other,Other,,394.0,11.359460752692582,3.773050847755991,High-ranking informative gene,Yes,81.63965376284273,1.9953362428226,0.4498557223272675,ENSG00000142669,11.359460752692582,0,0,0,0,0,0,0
VIM,ENSG00000026025,Hypoxia_Angiogenesis_EMT_ECM_Vascular,EMT_Epithelial,,395.0,11.354476840349058,4.7705115738299,EMT Epithelial,Yes,80.57093731826342,2.495914185655772,2.21863523869126,ENSG00000026025,11.354476840349058,0,0,0,0,0,0,0
MXRA8,ENSG00000162576,Other,Other,,396.0,11.351718613802424,0.8810622556202762,High-ranking informative gene,Yes,9.369249398074402,0.1575575700136945,0.7336730994769762,ENSG00000162576,11.351718613802424,0,0,0,0,0,0,0
ELOB,ENSG00000103363,Other,Other,,397.0,11.35109782780188,2.4722367665245044,High-ranking informative gene,Yes,51.20399167277723,0.9808460771363536,0.1820335460805695,ENSG00000103363,11.35109782780188,0,0,0,0,0,0,0
PPDPF,ENSG00000125534,Other,Other,,398.0,11.348730838723675,3.660552138505868,High-ranking informative gene,Yes,79.76939998482895,1.8679649319929543,0.0720239978929207,ENSG00000125534,11.348730838723675,0,0,0,0,0,0,0
DSP,ENSG00000096696,Other,Other,,399.0,11.348266666567456,0.902202609720853,High-ranking informative gene,Yes,10.561019944316612,0.1629917828822877,0.2199099848111303,ENSG00000096696,11.348266666567456,0,0,0,0,0,0,0
MIF,ENSG00000240972,Other,Other,,400.0,11.34687989362855,3.6722897766751537,High-ranking informative gene,Yes,79.17688605695886,1.8349379396029148,1.1414813543566007,ENSG00000240972,11.34687989362855,0,0,0,0,0,0,0
NUPR1,ENSG00000176046,Other,Other,,401.0,11.341478771507232,1.4921363252574338,High-ranking informative gene,Yes,25.91159770860901,0.4338053542901695,0.4170425027137378,ENSG00000176046,11.341478771507232,0,0,0,0,0,0,0
SMIM22,ENSG00000267795,Other,Other,,402.0,11.339243542981484,0.8060293513867857,High-ranking informative gene,Yes,8.033915733225456,0.1379019138828155,0.0793272665107994,ENSG00000267795,11.339243542981484,0,0,0,0,0,0,0
ITGB2,ENSG00000160255,Other,Other,,403.0,11.33809638430668,1.7834776056460064,High-ranking informative gene,Yes,32.38542342691626,0.556005919134191,1.5598218436647953,ENSG00000160255,11.33809638430668,0,0,0,0,0,0,0
ELF3,ENSG00000163435,Other,Other,,404.0,11.33696599656972,0.8333229223126865,High-ranking informative gene,Yes,8.803987177650228,0.1385126662920011,0.1272981352762078,ENSG00000163435,11.33696599656972,0,0,0,0,0,0,0
IFITM2,ENSG00000185201,Other,Other,,405.0,11.324112652450994,3.046211698365452,High-ranking informative gene,Yes,64.31880564475573,1.341266298492626,1.2559441436133192,ENSG00000185201,11.324112652450994,0,0,0,0,0,0,0
ATP5MG,ENSG00000167283,Other,Other,,406.0,11.322829247435587,2.623500861796132,High-ranking informative gene,Yes,54.569718015064296,1.0960128107410696,0.4181749235030534,ENSG00000167283,11.322829247435587,0,0,0,0,0,0,0
SELENOW,ENSG00000178980,Other,Other,,407.0,11.31547975313043,2.124845409089512,High-ranking informative gene,Yes,42.55508637667478,0.7440436950424524,0.3473170471474192,ENSG00000178980,11.31547975313043,0,0,0,0,0,0,0
TPM1,ENSG00000140416,Other,Other,,408.0,11.315461476176017,1.593117044899627,High-ranking informative gene,Yes,28.49151966196645,0.4755185844741934,0.5553415724217142,ENSG00000140416,11.315461476176017,0,0,0,0,0,0,0
ATP5MC3,ENSG00000154518,Other,Other,,409.0,11.312471335162684,2.2194676587221904,High-ranking informative gene,Yes,44.83327293006425,0.7822353959694182,0.5795657205503629,ENSG00000154518,11.312471335162684,0,0,0,0,0,0,0
BIRC3,ENSG00000023445,Other,Other,,410.0,11.31228376481596,1.6643635189186394,High-ranking informative gene,Yes,29.356550664295483,0.5119658375454972,1.4113023301472696,ENSG00000023445,11.31228376481596,0,0,0,0,0,0,0
ATP5MC2,ENSG00000135390,Other,Other,,411.0,11.309270826744417,2.807464015224777,High-ranking informative gene,Yes,58.44873167182202,1.299720909397883,0.3945622551308129,ENSG00000135390,11.309270826744417,0,0,0,0,0,0,0
FBLN1,ENSG00000077942,Other,Other,,412.0,11.306761751859648,0.9340795999469932,High-ranking informative gene,Yes,10.071051101165637,0.1704513141076462,1.475164682390382,ENSG00000077942,11.306761751859648,0,0,0,0,0,0,0
CD9,ENSG00000010278,Other,Other,,414.0,11.301150111417936,1.4898322750249997,High-ranking informative gene,Yes,25.78376753450713,0.4487726724096126,0.4028406309950932,ENSG00000010278,11.301150111417936,0,0,0,0,0,0,0
FOXP3,ENSG00000049768,Immune_lineage_state,Treg,,415.0,11.300362566040848,1.8005772298615157,Treg marker,Yes,4.944920646961151,0.0976934921012108,0.3547048031832566,ENSG00000049768,11.300362566040848,0,0,0,0,0,0,0
TRBV5-1,ENSG00000211734,Other,Other,,416.0,11.298293027769471,0.6960272867843564,High-ranking informative gene,Yes,2.301224079271563,0.0649730952713298,2.746089070120559,ENSG00000211734,11.298293027769471,0,0,0,0,0,0,0
EREG,ENSG00000124882,Other,Other,,417.0,11.298074551935644,0.5969690117478919,High-ranking informative gene,Yes,2.131252089531685,0.0235019394192936,0.597812120506439,ENSG00000124882,11.298074551935644,0,0,0,0,0,0,0
TRBV7-2,ENSG00000282939,Other,Other,,418.0,11.296991400993576,0.8941845070729709,High-ranking informative gene,Yes,2.3939360736751354,0.0668737682783984,7.86164313580866,ENSG00000282939,11.296991400993576,0,0,0,0,0,0,0
HBB,ENSG00000244734,Other,Other,,419.0,11.292164084417744,1.0189612101559942,High-ranking informative gene,Yes,6.268454603431465,0.1346723466953003,7.285035049301362,ENSG00000244734,11.292164084417744,0,0,0,0,0,0,0
EVL,ENSG00000196405,Other,Other,,420.0,11.289586206305628,2.1898707192300817,High-ranking informative gene,Yes,44.33712328728638,0.7460605829044105,0.5267215177296861,ENSG00000196405,11.289586206305628,0,0,0,0,0,0,0
TRBV7-9,ENSG00000278030,Other,Other,,421.0,11.28334814689242,0.8312918493973569,High-ranking informative gene,Yes,2.536094465093925,0.0709392640178465,6.070896331539685,ENSG00000278030,11.28334814689242,0,0,0,0,0,0,0
COX6C,ENSG00000164919,Other,Other,,422.0,11.275775351652074,3.299310514241313,High-ranking informative gene,Yes,72.13077448228779,1.448134050644913,0.3993910104459395,ENSG00000164919,11.275775351652074,0,0,0,0,0,0,0
COTL1,ENSG00000103187,Other,Other,,423.0,11.273000585502208,2.3472436759807227,High-ranking informative gene,Yes,47.22243293130042,0.8928891499395643,1.0913264860687275,ENSG00000103187,11.273000585502208,0,0,0,0,0,0,0
SARAF,ENSG00000133872,Other,Other,,424.0,11.2696643524916,3.380615385100448,High-ranking informative gene,Yes,72.94916854197746,1.6136909043157752,0.6051202744978881,ENSG00000133872,11.2696643524916,0,0,0,0,0,0,0
TPSAB1,ENSG00000172236,Other,Other,,425.0,11.265697672827992,0.5827049836713996,High-ranking informative gene,Yes,0.6043136362487047,0.0154294069883879,1.643896583246775,ENSG00000172236,11.265697672827992,0,0,0,0,0,0,0
CLDN3,ENSG00000165215,Other,Other,,426.0,11.257397097872412,0.8082443476245921,High-ranking informative gene,Yes,8.052739077543748,0.1308187089588005,0.2685060267746393,ENSG00000165215,11.257397097872412,0,0,0,0,0,0,0
HSP90AB1,ENSG00000096384,CellCycle_DDR_Stress,Stress_Senescence,,427.0,11.256171441331254,4.332709485307991,Stress Senescence,Yes,76.34242753714801,1.7927160498806378,3.3213610315742463,ENSG00000096384,11.256171441331254,0,0,0,0,0,0,0
GPX1,ENSG00000233276,Other,Other,,428.0,11.255846107890465,1.260752292463535,High-ranking informative gene,Yes,18.510652046266102,0.3359553666862669,1.5761247538878027,ENSG00000233276,11.255846107890465,0,0,0,0,0,0,0
IGHV3-23,ENSG00000211949,Other,Other,,429.0,11.253960066156834,1.1811167728098992,High-ranking informative gene,Yes,3.673080651006771,0.0855399601624942,14.205995250422438,ENSG00000211949,11.253960066156834,0,0,0,0,0,0,0
KLRC1,ENSG00000134545,Other,Other,,430.0,11.251020733402136,0.7578216539992956,High-ranking informative gene,Yes,4.3465068649017695,0.0869660817941028,2.4888174151318894,ENSG00000134545,11.251020733402136,0,0,0,0,0,0,0
MT2A,ENSG00000125148,Other,Other,,431.0,11.25089875009466,3.10346819843547,High-ranking informative gene,Yes,64.55620453951639,1.5805295940818522,0.8636837006708308,ENSG00000125148,11.25089875009466,0,0,0,0,0,0,0
TRBV6-5,ENSG00000211721,Other,Other,,432.0,11.243629878098185,0.9107700533744524,High-ranking informative gene,Yes,1.6011080488058411,0.0417642613077869,9.232990184850332,ENSG00000211721,11.243629878098185,0,0,0,0,0,0,0
SAT1,ENSG00000130066,Other,Other,,433.0,11.242448329902244,3.0392330062537147,High-ranking informative gene,Yes,63.728820225823945,1.3836444077731809,1.3638314967786729,ENSG00000130066,11.242448329902244,0,0,0,0,0,0,0
S100A11,ENSG00000163191,Other,Other,,434.0,11.240504573251458,3.5157731448625458,High-ranking informative gene,Yes,75.52150496852006,1.8210500877774791,0.4223072351149103,ENSG00000163191,11.240504573251458,0,0,0,0,0,0,0
XCL2,ENSG00000143185,Other,Other,,435.0,11.240126978205106,0.8217156481447919,High-ranking informative gene,Yes,5.947333968270016,0.1191568875857066,2.5542191802001213,ENSG00000143185,11.240126978205106,0,0,0,0,0,0,0
TRBV3-1,ENSG00000237702,Other,Other,,436.0,11.234409809309469,0.9099707854511352,High-ranking informative gene,Yes,1.287291995021647,0.0337705723633428,9.554020952692133,ENSG00000237702,11.234409809309469,0,0,0,0,0,0,0
TRDC,ENSG00000211829,Other,Other,,437.0,11.234255912505343,0.7375935052988779,High-ranking informative gene,Yes,2.845134446439161,0.0605781127770916,3.4738748635001286,ENSG00000211829,11.234255912505343,0,0,0,0,0,0,0
TRBV9,ENSG00000211716,Other,Other,,438.0,11.233821546639778,0.7920611059348882,High-ranking informative gene,Yes,1.565147032794755,0.0408370195817348,6.162151967398548,ENSG00000211716,11.233821546639778,0,0,0,0,0,0,0
TRBV4-1,ENSG00000211710,Other,Other,,439.0,11.231998118876728,0.9928036490667644,High-ranking informative gene,Yes,1.0175843749385365,0.028186003574229,12.009310098865043,ENSG00000211710,11.231998118876728,0,0,0,0,0,0,0
TRBV4-2,ENSG00000211745,Other,Other,,440.0,11.231726917148714,0.8089469349764195,High-ranking informative gene,Yes,1.2434645067581442,0.0345925855008342,6.933621878328271,ENSG00000211745,11.231726917148714,0,0,0,0,0,0,0
LINC02446,ENSG00000256039,Other,Other,,441.0,11.22999090487148,0.7155305607967288,High-ranking informative gene,Yes,3.7143796303319903,0.0784281316053391,2.0128752869817816,ENSG00000256039,11.22999090487148,0,0,0,0,0,0,0
TRBV2,ENSG00000226660,Other,Other,,442.0,11.225632846698902,0.7259370894574066,High-ranking informative gene,Yes,1.398265442868336,0.0349807504649142,4.621703661944216,ENSG00000226660,11.225632846698902,0,0,0,0,0,0,0
SPDEF,ENSG00000124664,Other,Other,,443.0,11.225618419608985,0.7301109111975863,High-ranking informative gene,Yes,6.235864932671433,0.0973240464194888,0.0751531996700588,ENSG00000124664,11.225618419608985,0,0,0,0,0,0,0
NPC2,ENSG00000119655,Other,Other,,444.0,11.225307571430424,2.1638969411495843,High-ranking informative gene,Yes,43.26419266114328,0.7731811851177526,0.6471161705442967,ENSG00000119655,11.225307571430424,0,0,0,0,0,0,0
TRBV7-6,ENSG00000211727,Other,Other,,445.0,11.22210684516364,0.7051550342369305,High-ranking informative gene,Yes,1.3769135896117604,0.0368545266299316,4.084129749922914,ENSG00000211727,11.22210684516364,0,0,0,0,0,0,0
PCED1B-AS1,ENSG00000247774,Other,Other,,446.0,11.217901757495412,0.6933632865206728,High-ranking informative gene,Yes,3.889689583386016,0.0576272712798039,1.4466455390221713,ENSG00000247774,11.217901757495412,0,0,0,0,0,0,0
CSTB,ENSG00000160213,Other,Other,,447.0,11.209220402473164,2.8778104068807697,High-ranking informative gene,Yes,62.331959510143534,1.1134790757801658,0.375733840358797,ENSG00000160213,11.209220402473164,0,0,0,0,0,0,0
ALDOA,ENSG00000149925,Other,Other,,448.0,11.209124551500308,3.337285082985493,High-ranking informative gene,Yes,71.15982704998862,1.508935743628494,1.864967143771003,ENSG00000149925,11.209124551500308,0,0,0,0,0,0,0
HLA-DMA,ENSG00000204257,Other,Other,,449.0,11.204678039496963,1.5741635683175423,High-ranking informative gene,Yes,27.597832225003582,0.4618916256683488,1.0611773749059863,ENSG00000204257,11.204678039496963,0,0,0,0,0,0,0
IGLV3-25,ENSG00000211659,Other,Other,,450.0,11.20235454632392,1.6707584758562892,High-ranking informative gene,Yes,2.364155857290953,0.0468412782480083,28.55775912178652,ENSG00000211659,11.20235454632392,0,0,0,0,0,0,0
TRAV12-2,ENSG00000211789,Other,Other,,451.0,11.202241728825523,0.780938879470354,High-ranking informative gene,Yes,1.751694803352251,0.0380808263874583,5.765094465415826,ENSG00000211789,11.202241728825523,0,0,0,0,0,0,0
GNG11,ENSG00000127920,Other,Other,,452.0,11.199772174522302,0.9152125814857216,High-ranking informative gene,Yes,11.047336496778954,0.1808880289551909,0.1792623062286705,ENSG00000127920,11.199772174522302,0,0,0,0,0,0,0
PRDX1,ENSG00000117450,Other,Other,,453.0,11.19881505922509,2.934912879375491,High-ranking informative gene,Yes,63.0626985933062,1.1829819149466425,0.7393096075104614,ENSG00000117450,11.19881505922509,0,0,0,0,0,0,0
TRBV6-1,ENSG00000211706,Other,Other,,454.0,11.198340761229478,0.7977500333217193,High-ranking informative gene,Yes,1.0892254615231138,0.0269613922585579,6.868291766250058,ENSG00000211706,11.198340761229478,0,0,0,0,0,0,0
IGLV1-51,ENSG00000211644,Other,Other,,455.0,11.197945394497758,1.7848733884111192,High-ranking informative gene,Yes,3.217106205803759,0.0641593403254395,30.69440965290512,ENSG00000211644,11.197945394497758,0,0,0,0,0,0,0
TRAV38-2DV8,ENSG00000211817,Other,Other,,456.0,11.19765668314967,0.8319133013878509,High-ranking informative gene,Yes,1.312858029842019,0.0307700703762585,7.544928866862205,ENSG00000211817,11.19765668314967,0,0,0,0,0,0,0
TRAV13-1,ENSG00000211788,Other,Other,,457.0,11.197496969294892,0.821606162864591,High-ranking informative gene,Yes,2.420344944808278,0.0502975216398787,6.169206545113725,ENSG00000211788,11.197496969294892,0,0,0,0,0,0,0
GPX4,ENSG00000167468,Other,Other,,458.0,11.196140760882182,3.043599171719909,High-ranking informative gene,Yes,66.16096487901083,1.2614995849175432,0.3305992480549796,ENSG00000167468,11.196140760882182,0,0,0,0,0,0,0
NFKBIA,ENSG00000100906,Other,Other,,459.0,11.192552178944316,2.512992294713168,High-ranking informative gene,Yes,51.95664450007163,0.9673560433275948,0.884421433539317,ENSG00000100906,11.192552178944316,0,0,0,0,0,0,0
TRBV5-6,ENSG00000211728,Other,Other,,460.0,11.190185560384393,0.7657447884553491,High-ranking informative gene,Yes,1.054388227262379,0.0256617432828929,6.076321745142504,ENSG00000211728,11.190185560384393,0,0,0,0,0,0,0
MT1H,ENSG00000205358,Other,Other,,461.0,11.189650315718875,0.6194656875009328,High-ranking informative gene,Yes,1.354718900042414,0.0245716353480174,1.9797731130630096,ENSG00000205358,11.189650315718875,0,0,0,0,0,0,0
PDZK1IP1,ENSG00000162366,Other,Other,,462.0,11.187195937078169,0.7216337898526723,High-ranking informative gene,Yes,6.036674617422548,0.0801112044628482,0.1972335231222338,ENSG00000162366,11.187195937078169,0,0,0,0,0,0,0
CCL8,ENSG00000108700,Cytokines_Chemokines_Checkpoints,Chemokine,,463.0,11.187191403341936,1.8267076523216192,Chemokine,Yes,1.5901511767399654,0.0296989530961892,0.9743969903319216,ENSG00000108700,11.187191403341936,0,0,0,0,0,0,0
FBLN2,ENSG00000163520,Other,Other,,464.0,11.18565035164435,0.8324568321799743,High-ranking informative gene,Yes,8.60957293484033,0.1396438669920029,0.4397305102276779,ENSG00000163520,11.18565035164435,0,0,0,0,0,0,0
IGLV2-14,ENSG00000211666,Other,Other,,465.0,11.180911262722883,1.8575419866696845,High-ranking informative gene,Yes,4.805290764480631,0.0960800021769088,31.01051900797186,ENSG00000211666,11.180911262722883,0,0,0,0,0,0,0
TRAV21,ENSG00000211801,Other,Other,,466.0,11.178986318653246,0.8927229832209693,High-ranking informative gene,Yes,1.5527854335409472,0.0341184385120957,8.932063290954929,ENSG00000211801,11.178986318653246,0,0,0,0,0,0,0
TRAV29DV5,ENSG00000211810,Other,Other,,467.0,11.176969152811262,0.7404689132693882,High-ranking informative gene,Yes,2.157099069789652,0.0446897258675879,4.330103042787806,ENSG00000211810,11.176969152811262,0,0,0,0,0,0,0
SELENOM,ENSG00000198832,Other,Other,,468.0,11.172892632730557,1.6067137058486924,High-ranking informative gene,Yes,29.24304870751051,0.5081028164391751,0.1843244542620337,ENSG00000198832,11.172892632730557,0,0,0,0,0,0,0
TRAV3,ENSG00000211777,Other,Other,,469.0,11.172803035252173,0.6999087855399654,High-ranking informative gene,Yes,1.616279102435513,0.0325643708681806,3.8276294130468864,ENSG00000211777,11.172803035252173,0,0,0,0,0,0,0
TNFRSF13B,ENSG00000240505,Cytokines_Chemokines_Checkpoints,TNFR_superfamily,,470.0,11.171540491300409,1.945327397389032,TNFR superfamily,Yes,2.188845904236942,0.0312632902643824,3.579810661485801,ENSG00000240505,11.171540491300409,0,0,0,0,0,0,0
TRAV9-2,ENSG00000211793,Other,Other,,471.0,11.169811442009872,0.7822148635330919,High-ranking informative gene,Yes,1.75759465754156,0.0358309653031689,5.847741521339829,ENSG00000211793,11.169811442009872,0,0,0,0,0,0,0
ANXA2,ENSG00000182718,Other,Other,,472.0,11.166182077545404,2.767792731763093,High-ranking informative gene,Yes,57.3783295546172,1.1166163905359767,1.8044997193431351,ENSG00000182718,11.166182077545404,0,0,0,0,0,0,0
ANXA1,ENSG00000135046,Other,Other,,473.0,11.16601153901307,2.275631478065778,High-ranking informative gene,Yes,44.71162355558926,0.8893056020778317,1.535893872330751,ENSG00000135046,11.16601153901307,0,0,0,0,0,0,0
PI16,ENSG00000164530,Other,Other,,474.0,11.16577294912169,0.5737183903012879,High-ranking informative gene,Yes,1.485639473957761,0.0284115438439677,0.6629454995145108,ENSG00000164530,11.16577294912169,0,0,0,0,0,0,0
TRAV14DV4,ENSG00000211792,Other,Other,,475.0,11.161989605360532,0.7057112151200791,High-ranking informative gene,Yes,1.6103792482461898,0.0343533313422814,3.984490000076733,ENSG00000211792,11.161989605360532,0,0,0,0,0,0,0
GSTP1,ENSG00000084207,Other,Other,,476.0,11.15816917765649,2.7743069807009784,High-ranking informative gene,Yes,55.73395590842303,1.1082795604403417,3.4723097428187057,ENSG00000084207,11.15816917765649,0,0,0,0,0,0,0
GAS5,ENSG00000234741,Other,Other,,477.0,11.1569285486369,1.0202194407941254,High-ranking informative gene,Yes,5.91895847907378,0.1206376951649354,7.881716035189881,ENSG00000234741,11.1569285486369,0,0,0,0,0,0,0
TRAV17,ENSG00000211797,Other,Other,,478.0,11.156106489545266,0.7092682326971913,High-ranking informative gene,Yes,2.2616107725718564,0.0452118615774069,3.439664369373128,ENSG00000211797,11.156106489545266,0,0,0,0,0,0,0
ANKRD30A,ENSG00000148513,Other,Other,,479.0,11.14465126939056,0.7179926482691369,High-ranking informative gene,Yes,5.906034988944796,0.1025643877047847,0.097314912843346,ENSG00000148513,11.14465126939056,0,0,0,0,0,0,0
TRAV12-3,ENSG00000211794,Other,Other,,480.0,11.14419597453116,0.767410592555789,High-ranking informative gene,Yes,1.254140433386425,0.0253735985758889,6.002299145876775,ENSG00000211794,11.14419597453116,0,0,0,0,0,0,0
S100A12,ENSG00000163221,Other,Other,,481.0,11.141900718771035,0.6953183826793331,High-ranking informative gene,Yes,0.905768090779091,0.0148959531765435,4.489791255641476,ENSG00000163221,11.141900718771035,0,0,0,0,0,0,0
CXCL10,ENSG00000169245,Cytokines_Chemokines_Checkpoints,Chemokine,,482.0,11.141465180337866,2.172067097222381,Chemokine,Yes,4.74123520471089,0.1069754383858907,6.799833967140571,ENSG00000169245,11.141465180337866,0,0,0,0,0,0,0
TRAV19,ENSG00000211799,Other,Other,,483.0,11.137268514954972,0.7455076634607873,High-ranking informative gene,Yes,2.2107596483686933,0.0424543280042017,4.478556464381192,ENSG00000211799,11.137268514954972,0,0,0,0,0,0,0
TPI1,ENSG00000111669,Other,Other,,484.0,11.13477347276302,3.2630426572343563,High-ranking informative gene,Yes,70.12538594879489,1.4012563408111147,1.6955961213284227,ENSG00000111669,11.13477347276302,0,0,0,0,0,0,0
ENO1,ENSG00000074800,Other,Other,,485.0,11.133599356920293,3.057364776078252,High-ranking informative gene,Yes,63.74146277051533,1.1805384263286762,3.4631389028812625,ENSG00000074800,11.133599356920293,0,0,0,0,0,0,0
IGLV1-40,ENSG00000211653,Other,Other,,486.0,11.132632817600456,1.7987789606202984,High-ranking informative gene,Yes,3.1718739903523385,0.0607293025087415,31.20015146874037,ENSG00000211653,11.132632817600456,0,0,0,0,0,0,0
SLC17A3,ENSG00000124564,Other,Other,,487.0,11.131986988980405,0.5394278289660597,High-ranking informative gene,Yes,0.609651599562838,0.012914132064954,0.6751079294567842,ENSG00000124564,11.131986988980405,0,0,0,0,0,0,0
PKM,ENSG00000067225,Other,Other,,488.0,11.12869015204455,2.9562899789979182,High-ranking informative gene,Yes,63.76028611483364,1.2022207953876487,0.6348122795467028,ENSG00000067225,11.12869015204455,0,0,0,0,0,0,0
IGLV2-23,ENSG00000211660,Other,Other,,489.0,11.128039001605549,1.6761380873178058,High-ranking informative gene,Yes,2.4512489429427973,0.0481476523299832,28.69994715574064,ENSG00000211660,11.128039001605549,0,0,0,0,0,0,0
EMCN,ENSG00000164035,Hypoxia_Angiogenesis_EMT_ECM_Vascular,Hypoxia_Angiogenesis,,490.0,11.122580149336482,1.4722160010312302,Hypoxia Angiogenesis,Yes,3.5778401476649293,0.055580221202725,0.6489811065285482,ENSG00000164035,11.122580149336482,0,0,0,0,0,0,0
TRAV8-4,ENSG00000211790,Other,Other,,491.0,11.122265075495063,0.7341838761266879,High-ranking informative gene,Yes,1.6533639001969505,0.0321056495323441,4.758272595925641,ENSG00000211790,11.122265075495063,0,0,0,0,0,0,0
FCER2,ENSG00000104921,Other,Other,,492.0,11.12146691443335,0.8369542220565536,High-ranking informative gene,Yes,1.3887132979903924,0.0223036073458645,7.762672320675521,ENSG00000104921,11.12146691443335,0,0,0,0,0,0,0
PLD4,ENSG00000166428,Immune_lineage_state,Immune_other,,493.0,11.119378881383854,1.7776054367472742,Immune other marker,Yes,2.949646149221365,0.0394056520504693,2.122586840662752,ENSG00000166428,11.119378881383854,0,0,0,0,0,0,0
CRP,ENSG00000132693,Other,Other,,494.0,11.119366506828488,0.58026094358848,High-ranking informative gene,Yes,0.4677741535816295,0.0109737334220487,1.9003909735100653,ENSG00000132693,11.119366506828488,0,0,0,0,0,0,0
LGALS3,ENSG00000131981,Other,Other,,495.0,11.118770897759354,2.392441141478483,High-ranking informative gene,Yes,48.03352240961283,0.906096907206306,1.6566315531862417,ENSG00000131981,11.118770897759354,0,0,0,0,0,0,0
DERL3,ENSG00000099958,Other,Other,,496.0,11.118024934820443,0.7136205775498804,High-ranking informative gene,Yes,4.850242034494485,0.0746190832691841,1.135865868863845,ENSG00000099958,11.118024934820443,0,0,0,0,0,0,0
FCRL3,ENSG00000160856,Other,Other,,497.0,11.1170207655255,0.8276483442226229,High-ranking informative gene,Yes,4.354935228029362,0.0635625253374002,4.645660311104295,ENSG00000160856,11.1170207655255,0,0,0,0,0,0,0
HSPE1,ENSG00000115541,CellCycle_DDR_Stress,Stress_Senescence,,498.0,11.114464535001163,3.3965999582383093,Stress Senescence,Yes,57.84863221713711,1.0350144074820755,0.5359422560883382,ENSG00000115541,11.114464535001163,0,0,0,0,0,0,0
TRAV1-2,ENSG00000256553,Other,Other,,499.0,11.113195881563318,0.752343629001423,High-ranking informative gene,Yes,1.460073439137389,0.0273206765910548,5.449165774847861,ENSG00000256553,11.113195881563318,0,0,0,0,0,0,0
IGLV2-8,ENSG00000278196,Other,Other,,500.0,11.113033905911136,1.4312102459015117,High-ranking informative gene,Yes,1.7508519670394804,0.0355385543992898,22.980167538399044,ENSG00000278196,11.113033905911136,0,0,0,0,0,0,0
PSAP,ENSG00000197746,Other,Other,,501.0,11.1128960344004,2.756165018708555,High-ranking informative gene,Yes,57.59662415962195,1.1088709474334093,1.4287864894447515,ENSG00000197746,11.1128960344004,0,0,0,0,0,0,0
IGHV3-30,ENSG00000270550,Other,Other,,502.0,11.112375836382888,1.075474148751026,High-ranking informative gene,Yes,1.73343334990912,0.0378296560793073,13.628564386768424,ENSG00000270550,11.112375836382888,0,0,0,0,0,0,0
SLC5A12,ENSG00000148942,Other,Other,,503.0,11.111014672716902,0.5466925379547796,High-ranking informative gene,Yes,0.4318131375705434,0.0081910673081377,1.079544282718802,ENSG00000148942,11.111014672716902,0,0,0,0,0,0,0
DDIT4,ENSG00000168209,Other,Other,,515.0,11.091924741320913,2.369250088220528,High-ranking informative gene,Yes,47.98042372190896,0.8753824461698393,1.3521542646973777,ENSG00000168209,11.091924741320913,0,0,0,0,0,0,0
CXCR5,ENSG00000160683,Immune_lineage_state,Tfh,,518.0,11.0770581785712,1.9474777181467249,Tfh marker,Yes,2.715618599711746,0.0343616278694925,6.876921933210908,ENSG00000160683,11.0770581785712,0,0,0,0,0,0,0
CXCR6,ENSG00000172215,Cytokines_Chemokines_Checkpoints,Chemokine_receptor,,521.0,11.073836350829664,2.3614606765752573,Chemokine receptor,Yes,13.292933379408396,0.2379829583993608,3.4706859943770367,ENSG00000172215,11.073836350829664,0,0,0,0,0,0,0
KLRD1,ENSG00000134539,Immune_lineage_state,NK_cytotoxic,,530.0,11.048806564630944,2.080901567123555,NK cytotoxic marker,Yes,11.383066294694911,0.1858423452211413,1.778743409008586,ENSG00000134539,11.048806564630944,0,0,0,0,0,0,0
KDR,ENSG00000128052,Cancer_pathways,RTK,,555.0,10.97649422948764,1.5346159374325403,RTK,Yes,2.164684596604488,0.0304347888699253,0.2589160771993594,ENSG00000128052,10.97649422948764,0,0,0,0,0,0,0
CCL17,ENSG00000102970,Cytokines_Chemokines_Checkpoints,Chemokine,,571.0,10.931570185889283,1.7956770093555914,Chemokine,Yes,0.3663528506128841,0.006850304779475,1.684972079305942,ENSG00000102970,10.931570185889283,0,0,0,0,0,0,0
KLRG1,ENSG00000139187,Immune_lineage_state,Immune_other,,575.0,10.920887832361462,1.930532018940225,Immune other marker,Yes,7.546756344450344,0.1080091019849259,1.87760125506412,ENSG00000139187,10.920887832361462,0,0,0,0,0,0,0
UBE2C,ENSG00000175063,CellCycle_DDR_Stress,Cell_cycle,,578.0,10.878869925254822,1.5769308029621545,Cell cycle,Yes,4.462537330625011,0.0706793841656005,6.415277493187311,ENSG00000175063,10.878869925254822,0,0,0,0,0,0,0
CX3CR1,ENSG00000168329,Cytokines_Chemokines_Checkpoints,Chemokine_receptor,,585.0,10.825568952448304,2.0046159927660137,Chemokine receptor,Yes,1.6949438249597506,0.0221542127298994,6.034236459924231,ENSG00000168329,10.825568952448304,0,0,0,0,0,0,0
CDC20,ENSG00000117399,CellCycle_DDR_Stress,Cell_cycle,,589.0,10.79440550594652,1.491652983116608,Cell cycle,Yes,3.2364914409972414,0.0426354017243256,5.542469044214499,ENSG00000117399,10.79440550594652,0,0,0,0,0,0,0
CA9,ENSG00000107159,Other,Other,,596.0,10.755369540447496,0.5657024821409119,High-ranking informative gene,Yes,1.515419690341929,0.0201080033951611,0.9628965118051812,ENSG00000107159,10.755369540447496,0,0,0,0,0,0,0
CCL21,ENSG00000137077,Cytokines_Chemokines_Checkpoints,Chemokine,,614.0,10.704078968855216,1.891671747905972,Chemokine,Yes,0.5624527660483096,0.0113514725125349,4.26797139415066,ENSG00000137077,10.704078968855216,0,0,0,0,0,0,0
CXCL6,ENSG00000124875,Other,Other,,615.0,10.702774036466275,0.5402419134908303,High-ranking informative gene,Yes,0.5340772768520594,0.0086257168609226,1.2904362199205042,ENSG00000124875,10.702774036466275,0,0,0,0,0,0,0
IFNG,ENSG00000111537,Immune_lineage_state,NK_cytotoxic,,670.0,9.261165118290348,2.9991344104745457,NK cytotoxic marker,Yes,7.162422985831924,0.1304790519974087,3.16491799975956,ENSG00000111537,9.261165118290348,0,0,0,0,0,0,0
CXCL11,ENSG00000169248,Cytokines_Chemokines_Checkpoints,Chemokine,,679.0,9.217837407686076,1.7431854753800744,Chemokine,Yes,1.899191158085188,0.0309820346980188,0.780087537348592,ENSG00000169248,9.217837407686076,0,0,0,0,0,0,0
HSPA8,ENSG00000109971,CellCycle_DDR_Stress,Stress_Senescence,,682.0,9.2116571105998,4.287303659459199,Stress Senescence,Yes,78.59167671046606,1.9171843016106709,1.6195636375482287,ENSG00000109971,9.2116571105998,0,0,0,0,0,0,0
CD40LG,ENSG00000102245,Other,Other,,684.0,9.201702298073272,0.7135025971955883,High-ranking informative gene,Yes,5.959133676648648,0.0909622210191855,2.267315742150393,ENSG00000102245,9.201702298073272,0,0,0,0,0,0,0
KLRK1,ENSG00000213809,Other,Other,,696.0,9.175782227863984,0.6443023873483116,High-ranking informative gene,Yes,3.914412781893631,0.0582573549320104,2.4936389109687336,ENSG00000213809,9.175782227863984,0,0,0,0,0,0,0
CCR2,ENSG00000121807,Cytokines_Chemokines_Checkpoints,Chemokine_receptor,,740.0,9.072675785988494,1.815952756238459,Chemokine receptor,Yes,2.670667329697892,0.0348780005961277,2.163032757201193,ENSG00000121807,9.072675785988494,0,0,0,0,0,0,0
CD1C,,Other,Other,,,9.027023027266534,,,,,,,,,0,0,0,0,0,0,0
IL17A,ENSG00000112115,Cytokines_Chemokines_Checkpoints,Cytokine,,780.0,8.881520349993755,1.740418593452195,Cytokine,Yes,0.3607339418611417,0.006211952544303,2.613958177519184,ENSG00000112115,8.881520349993755,0,0,0,0,0,0,0
IL17F,ENSG00000112116,Cytokines_Chemokines_Checkpoints,Cytokine,,787.0,8.8531045239538,1.7126502620441957,Cytokine,Yes,0.2860024554631195,0.0052454242483162,1.988904883518444,ENSG00000112116,8.8531045239538,0,0,0,0,0,0,0
CCL7,ENSG00000108688,Cytokines_Chemokines_Checkpoints,Chemokine,,813.0,8.782778726974657,1.803482838058208,Chemokine,Yes,0.6810117407098346,0.0115966705718652,4.068224456881181,ENSG00000108688,8.782778726974657,0,0,0,0,0,0,0
CXCL5,ENSG00000163735,Other,Other,,824.0,8.750644590100313,0.43147995750905,High-ranking informative gene,Yes,0.4452985185747167,0.0067408198952974,0.7811423051282022,ENSG00000163735,8.750644590100313,0,0,0,0,0,0,0
IL1A,ENSG00000115008,Cytokines_Chemokines_Checkpoints,Cytokine,,842.0,8.677180433550015,1.6529779014223074,Cytokine,Yes,0.522558513911008,0.0071520377390856,0.4047537007169792,ENSG00000115008,8.677180433550015,0,0,0,0,0,0,0
CSF2,ENSG00000164400,Other,Other,,901.0,7.186591497237703,0.4210241480708349,High-ranking informative gene,Yes,0.942010052227758,0.0137713601394342,1.833101031316906,ENSG00000164400,7.186591497237703,0,0,0,0,0,0,0
CSF3,ENSG00000108342,Other,Other,,989.0,7.071140134177319,0.3744998991452605,High-ranking informative gene,Yes,0.1219303199125647,0.0017797791179162,1.543697955747601,ENSG00000108342,7.071140134177319,0,0,0,0,0,0,0
DKK1,ENSG00000107984,Cancer_pathways,WNT,,1002.0,7.063227445472714,1.452599874903424,WNT,Yes,0.826260531942097,0.0104408242587001,3.939284653635899,ENSG00000107984,7.063227445472714,0,0,0,0,0,0,0
CCL1,ENSG00000108702,Other,Other,,1017.0,7.05277028813565,0.3919694636843016,High-ranking informative gene,Yes,0.0337134525103834,0.0005657251895296,2.10961865821493,ENSG00000108702,7.05277028813565,0,0,0,0,0,0,0
CCL11,ENSG00000172156,Other,Other,,1217.0,6.94686102787266,0.5071412318492167,High-ranking informative gene,Yes,0.596447163996288,0.0078923886049871,4.717225173502765,ENSG00000172156,6.94686102787266,0,0,0,0,0,0,0
CCL24,ENSG00000106178,Other,Other,,1410.0,6.854172828254386,0.4198023182725621,High-ranking informative gene,Yes,0.1059164299701365,0.001168143517064,3.0039088838849195,ENSG00000106178,6.854172828254386,0,0,0,0,0,0,0
CXCR1,ENSG00000163464,Other,Other,,1433.0,6.845536043098534,0.4503353521921744,High-ranking informative gene,Yes,0.0457941063266105,0.0005523279271876,3.8731448674313,ENSG00000163464,6.845536043098534,0,0,0,0,0,0,0
ROS1,ENSG00000047936,Cancer_pathways,RTK,,1769.0,6.60552603643511,1.2678080050765137,RTK,Yes,0.0398942521373015,0.0003344443470341,0.3682950891129525,ENSG00000047936,6.60552603643511,0,0,0,0,0,0,0
IL6,ENSG00000136244,Cytokines_Chemokines_Checkpoints,Cytokine,,1926.0,6.476862925462116,1.7063804228695316,Cytokine,Yes,2.1214189992161607,0.0274309769852773,2.8176048897628347,ENSG00000136244,6.476862925462116,0,0,0,0,0,0,0
IL2,ENSG00000109471,Cytokines_Chemokines_Checkpoints,Cytokine,,2002.0,6.413490590689381,1.6046188728897297,Cytokine,Yes,0.7248392289733374,0.0109027781337398,1.5494627118669289,ENSG00000109471,6.413490590689381,0,0,0,0,0,0,0
IL21,ENSG00000138684,Cytokines_Chemokines_Checkpoints,Cytokine,,2025.0,6.399268999964833,1.673375315706918,Cytokine,Yes,0.573690583551766,0.0081388349159061,3.5247078441051767,ENSG00000138684,6.399268999964833,0,0,0,0,0,0,0
MARCO,ENSG00000019169,Immune_lineage_state,Mono_Macrophage,,2047.0,6.382362468978188,1.5622390094986267,Mono Macrophage marker,Yes,2.3894409466737443,0.0354783639130984,2.4570458514887688,ENSG00000019169,6.382362468978188,0,0,0,0,0,0,0
CLEC9A,ENSG00000197992,Immune_lineage_state,Dendritic_cell,,2093.0,6.347589800405364,1.40840590425652,Dendritic cell marker,Yes,0.372533650239788,0.0042219850619184,0.4341885474666543,ENSG00000197992,6.347589800405364,0,0,0,0,0,0,0
CCL13,ENSG00000181374,Other,Other,,4793.0,4.45781927309103,0.248338582958,High-ranking informative gene,Yes,0.5568338572965814,0.0072468936914242,0.8335084753048714,ENSG00000181374,4.45781927309103,0,0,0,0,0,0,0
CCR9,ENSG00000173585,Other,Other,,5190.0,4.399299766588863,0.3620195429028094,High-ranking informative gene,Yes,0.0980499577177198,0.0009628774639326,4.333641835609887,ENSG00000173585,4.399299766588863,0,0,0,0,0,0,0
CCL25,ENSG00000131142,Other,Other,,5742.0,4.304601533844615,0.3172424195832299,High-ranking informative gene,Yes,0.0955214487794364,0.0007356769591412,3.2701244976186343,ENSG00000131142,4.304601533844615,0,0,0,0,0,0,0
IL4,ENSG00000113520,Cytokines_Chemokines_Checkpoints,Cytokine,,5816.0,4.286762254084695,1.4868337261278273,Cytokine,Yes,0.0255660348203718,0.0002542610725665,1.599263893748098,ENSG00000113520,4.286762254084695,0,0,0,0,0,0,0
TNFSF18,ENSG00000120337,Cytokines_Chemokines_Checkpoints,TNF_ligand,,6086.0,4.222407469156385,1.5192421566626444,TNF ligand,Yes,0.0941167215914902,0.0008326221844086,2.461852918886022,ENSG00000120337,4.222407469156385,0,0,0,0,0,0,0
SIGLEC10,,Cytokines_Chemokines_Checkpoints,Checkpoint_Exhaustion,,,,1.2363870937099093,Checkpoint Exhaustion,Yes,,,,,,0,0,0,0,0,0,0
HLA-DQB1,,Immune_lineage_state,Immune_other,,,,1.9232688124376365,Immune other marker,Yes,,,,,,0,0,0,0,0,0,0
RORC,,Immune_lineage_state,Th17,,,,1.0990107499643638,Th17 marker,Yes,,,,,,0,0,0,0,0,0,0
CD3G,,Immune_lineage_state,T_cell_receptor_complex,,,,1.0990107499643638,T cell receptor complex marker,Yes,,,,,,0,0,0,0,0,0,0
CD38,,Immune_lineage_state,Immune_other,,,,1.0990107499643638,Immune other marker,Yes,,,,,,0,0,0,0,0,0,0
TOX,,Immune_lineage_state,Immune_other,,,,2.1980214999287275,Immune other marker,Yes,,,,,,0,0,0,0,0,0,0
HLA-DRB1,,Immune_lineage_state,Antigen_presentation_II,,,,3.0222795624020007,Antigen presentation II marker,Yes,,,,,,0,0,0,0,0,0,0
CCR4,,Immune_lineage_state,Th2,,,,1.0990107499643638,Th2 marker,Yes,,,,,,0,0,0,0,0,0,0
NRP1,,Other,Other,,,,0.0,High-ranking informative gene,Yes,,,,,,0,0,0,0,0,0,0
IKZF2,,Immune_lineage_state,Treg,,,,1.0990107499643638,Treg marker,Yes,,,,,,0,0,0,0,0,0,0
IL2RA,,Immune_lineage_state,Treg,,,,1.0990107499643638,Treg marker,Yes,,,,,,0,0,0,0,0,0,0
MERTK,,Cancer_pathways,RTK,,,,0.961634406218818,RTK,Yes,,,,,,0,0,0,0,0,0,0
PRDM1,,Immune_lineage_state,Plasma_cell,,,,1.0990107499643638,Plasma cell marker,Yes,,,,,,0,0,0,0,0,0,0
HAVCR2,,Immune_lineage_state,Immune_other,,,,2.1980214999287275,Immune other marker,Yes,,,,,,0,0,0,0,0,0,0
CD4,,Immune_lineage_state,Immune_other,,,,1.0990107499643638,Immune other marker,Yes,,,,,,0,0,0,0,0,0,0
TBX21,,Immune_lineage_state,Th1,,,,1.0990107499643638,Th1 marker,Yes,,,,,,0,0,0,0,0,0,0
BCL6,,Immune_lineage_state,Tfh,,,,1.0990107499643638,Tfh marker,Yes,,,,,,0,0,0,0,0,0,0
HLA-DPB1,,Immune_lineage_state,Antigen_presentation_II,,,,1.9232688124376365,Antigen presentation II marker,Yes,,,,,,0,0,0,0,0,0,0
HLA-DRA,,Immune_lineage_state,Antigen_presentation_II,,,,3.0222795624020007,Antigen presentation II marker,Yes,,,,,,0,0,0,0,0,0,0
PDCD1,,Immune_lineage_state,Immune_other,,,,2.1980214999287275,Immune other marker,Yes,,,,,,0,0,0,0,0,0,0
CCR5,,Cytokines_Chemokines_Checkpoints,Chemokine_receptor,,,,1.2363870937099093,Chemokine receptor,Yes,,,,,,0,0,0,0,0,0,0
PTPRC,,Immune_lineage_state,Pan_leukocyte,,,,1.0990107499643638,Pan leukocyte marker,Yes,,,,,,0,0,0,0,0,0,0
SIGLEC1,,Other,Other,,,,0.0,High-ranking informative gene,Yes,,,,,,0,0,0,0,0,0,0
SIRPB1,,Other,Other,,,,0.0,High-ranking informative gene,Yes,,,,,,0,0,0,0,0,0,0
GATA3,,Immune_lineage_state,Th2,,,,1.0990107499643638,Th2 marker,Yes,,,,,,0,0,0,0,0,0,0
LILRB2,,Other,Other,,,,0.0,High-ranking informative gene,Yes,,,,,,0,0,0,0,0,0,0
ITGAX,,Immune_lineage_state,Dendritic_cell,,,,1.0990107499643638,Dendritic cell marker,Yes,,,,,,0,0,0,0,0,0,0
IRF4,,Immune_lineage_state,Plasma_cell,,,,1.0990107499643638,Plasma cell marker,Yes,,,,,,0,0,0,0,0,0,0
FCGR3B,,Immune_lineage_state,Neutrophil_MDSC,,,,1.0990107499643638,Neutrophil MDSC marker,Yes,,,,,,0,0,0,0,0,0,0
CD79B,,Immune_lineage_state,B_cell,,,,1.0990107499643638,B cell marker,Yes,,,,,,0,0,0,0,0,0,0
XBP1,,Immune_lineage_state,Plasma_cell,,,,1.0990107499643638,Plasma cell marker,Yes,,,,,,0,0,0,0,0,0,0
ITGAL,,Other,Other,,,,0.0,High-ranking informative gene,Yes,,,,,,0,0,0,0,0,0,0
LILRB1,,Other,Other,,,,0.0,High-ranking informative gene,Yes,,,,,,0,0,0,0,0,0,0
SIRPA,,Other,Other,,,,0.0,High-ranking informative gene,Yes,,,,,,0,0,0,0,0,0,0
CCR8,,Cytokines_Chemokines_Checkpoints,Chemokine_receptor,,,,1.2363870937099093,Chemokine receptor,Yes,,,,,,0,0,0,0,0,0,0
TCF7,,Immune_lineage_state,Immune_other,,,,1.0990107499643638,Immune other marker,Yes,,,,,,0,0,0,0,0,0,0
BATF,,Immune_lineage_state,Immune_other,,,,2.1980214999287275,Immune other marker,Yes,,,,,,0,0,0,0,0,0,0
HLA-B,,Immune_lineage_state,Antigen_presentation_I,,,,3.0222795624020007,Antigen presentation I marker,Yes,,,,,,0,0,0,0,0,0,0
PDPN,,Hypoxia_Angiogenesis_EMT_ECM_Vascular,ECM_Fibroblast,,,,0.8242580624732727,ECM Fibroblast,Yes,,,,,,0,0,0,0,0,0,0
ITGAM,,Immune_lineage_state,Mono_Macrophage,,,,1.0990107499643638,Mono Macrophage marker,Yes,,,,,,0,0,0,0,0,0,0
ENG,,Hypoxia_Angiogenesis_EMT_ECM_Vascular,Vasculature,,,,0.8242580624732727,Vasculature,Yes,,,,,,0,0,0,0,0,0,0
LAMP3,,Immune_lineage_state,Dendritic_cell,,,,1.0990107499643638,Dendritic cell marker,Yes,,,,,,0,0,0,0,0,0,0
HLA-DPA1,,Immune_lineage_state,Antigen_presentation_II,,,,1.9232688124376365,Antigen presentation II marker,Yes,,,,,,0,0,0,0,0,0,0
MPO,,Immune_lineage_state,Neutrophil_MDSC,,,,1.0990107499643638,Neutrophil MDSC marker,Yes,,,,,,0,0,0,0,0,0,0
HLA-C,,Immune_lineage_state,Antigen_presentation_I,,,,3.0222795624020007,Antigen presentation I marker,Yes,,,,,,0,0,0,0,0,0,0
CCR10,,Immune_lineage_state,Immune_other,,,,1.0990107499643638,Immune other marker,Yes,,,,,,0,0,0,0,0,0,0
CD28,,Other,Other,,,,0.0,High-ranking informative gene,Yes,,,,,,0,0,0,0,0,0,0
ICOS,,Immune_lineage_state,Tfh,,,,1.0990107499643638,Tfh marker,Yes,,,,,,0,0,0,0,0,0,0
HLA-DQA1,,Immune_lineage_state,Immune_other,,,,1.9232688124376365,Immune other marker,Yes,,,,,,0,0,0,0,0,0,0
HLA-A,,Immune_lineage_state,Antigen_presentation_I,,,,3.0222795624020007,Antigen presentation I marker,Yes,,,,,,0,0,0,0,0,0,0
SDC1,,Immune_lineage_state,Plasma_cell,,,,1.0990107499643638,Plasma cell marker,Yes,,,,,,0,0,0,0,0,0,0
LILRA4,,Other,Other,,,,0.0,High-ranking informative gene,Yes,,,,,,0,0,0,0,0,0,0
MCAM,,Hypoxia_Angiogenesis_EMT_ECM_Vascular,Vasculature,,,,0.8242580624732727,Vasculature,Yes,,,,,,0,0,0,0,0,0,0
LEF1,,Immune_lineage_state,Immune_other,,,,1.0990107499643638,Immune other marker,Yes,,,,,,0,0,0,0,0,0,0
CTLA4,,Immune_lineage_state,Immune_other,,,,2.1980214999287275,Immune other marker,Yes,,,,,,0,0,0,0,0,0,0
MRC1,,Immune_lineage_state,Mono_Macrophage,,,,1.0990107499643638,Mono Macrophage marker,Yes,,,,,,0,0,0,0,0,0,0
CCR6,,Immune_lineage_state,Th17,,,,1.0990107499643638,Th17 marker,Yes,,,,,,0,0,0,0,0,0,0
CCL14,,Other,Other,,,,0.0,High-ranking informative gene,Yes,,,,,,0,0,0,0,0,0,0
IL33,,Cytokines_Chemokines_Checkpoints,Cytokine,,,,1.2363870937099093,Cytokine,Yes,,,,,,0,0,0,0,0,0,0
PDCD1LG2,,Cytokines_Chemokines_Checkpoints,Checkpoint_Exhaustion,,,,1.2363870937099093,Checkpoint Exhaustion,Yes,,,,,,0,0,0,0,0,0,0
CXCL4,,Other,Other,,,,0.0,High-ranking informative gene,Yes,,,,,,0,0,0,0,0,0,0
CCL12,,Other,Other,,,,0.0,High-ranking informative gene,Yes,,,,,,0,0,0,0,0,0,0
CXCL7,,Other,Other,,,,0.0,High-ranking informative gene,Yes,,,,,,0,0,0,0,0,0,0
TNFRSF7,,Cytokines_Chemokines_Checkpoints,TNFR_superfamily,,,,1.2363870937099093,TNFR superfamily,Yes,,,,,,0,0,0,0,0,0,0
IL12,,Cytokines_Chemokines_Checkpoints,Cytokine,,,,1.2363870937099093,Cytokine,Yes,,,,,,0,0,0,0,0,0,0
TNFSF3,,Cytokines_Chemokines_Checkpoints,TNF_ligand,,,,1.2363870937099093,TNF ligand,Yes,,,,,,0,0,0,0,0,0,0
TNFRSF19,,Cytokines_Chemokines_Checkpoints,TNFR_superfamily,,,,1.2363870937099093,TNFR superfamily,Yes,,,,,,0,0,0,0,0,0,0
TNFSF12,,Cytokines_Chemokines_Checkpoints,TNF_ligand,,,,1.2363870937099093,TNF ligand,Yes,,,,,,0,0,0,0,0,0,0
TNFSF7,,Cytokines_Chemokines_Checkpoints,TNF_ligand,,,,1.2363870937099093,TNF ligand,Yes,,,,,,0,0,0,0,0,0,0
LIF,,Other,Other,,,,0.0,High-ranking informative gene,Yes,,,,,,0,0,0,0,0,0,0
TNFRSF8,,Cytokines_Chemokines_Checkpoints,TNFR_superfamily,,,,1.2363870937099093,TNFR superfamily,Yes,,,,,,0,0,0,0,0,0,0
TNFSF6,,Cytokines_Chemokines_Checkpoints,TNF_ligand,,,,1.2363870937099093,TNF ligand,Yes,,,,,,0,0,0,0,0,0,0
CCL4,,Cytokines_Chemokines_Checkpoints,Chemokine,,,,1.2363870937099093,Chemokine,Yes,,,,,,0,0,0,0,0,0,0
TNFSF13,,Cytokines_Chemokines_Checkpoints,TNF_ligand,,,,1.2363870937099093,TNF ligand,Yes,,,,,,0,0,0,0,0,0,0
CSF1,,Other,Other,,,,0.0,High-ranking informative gene,Yes,,,,,,0,0,0,0,0,0,0
TNFRSF23,,Cytokines_Chemokines_Checkpoints,TNFR_superfamily,,,,1.2363870937099093,TNFR superfamily,Yes,,,,,,0,0,0,0,0,0,0
TNFSF15,,Cytokines_Chemokines_Checkpoints,TNF_ligand,,,,1.2363870937099093,TNF ligand,Yes,,,,,,0,0,0,0,0,0,0
CCR3,,Other,Other,,,,0.0,High-ranking informative gene,Yes,,,,,,0,0,0,0,0,0,0
TNFRSF16,,Cytokines_Chemokines_Checkpoints,TNFR_superfamily,,,,1.2363870937099093,TNFR superfamily,Yes,,,,,,0,0,0,0,0,0,0
TNFSF10,,Cytokines_Chemokines_Checkpoints,TNF_ligand,,,,1.2363870937099093,TNF ligand,Yes,,,,,,0,0,0,0,0,0,0
TNFRSF20,,Cytokines_Chemokines_Checkpoints,TNFR_superfamily,,,,1.2363870937099093,TNFR superfamily,Yes,,,,,,0,0,0,0,0,0,0
IL8,,Cytokines_Chemokines_Checkpoints,Cytokine,,,,1.2363870937099093,Cytokine,Yes,,,,,,0,0,0,0,0,0,0
TNFSF8,,Cytokines_Chemokines_Checkpoints,TNF_ligand,,,,1.2363870937099093,TNF ligand,Yes,,,,,,0,0,0,0,0,0,0
TNFRSF5,,Cytokines_Chemokines_Checkpoints,TNFR_superfamily,,,,1.2363870937099093,TNFR superfamily,Yes,,,,,,0,0,0,0,0,0,0
TNFRSF14,,Cytokines_Chemokines_Checkpoints,TNFR_superfamily,,,,1.2363870937099093,TNFR superfamily,Yes,,,,,,0,0,0,0,0,0,0
TNFRSF25,,Cytokines_Chemokines_Checkpoints,TNFR_superfamily,,,,1.2363870937099093,TNFR superfamily,Yes,,,,,,0,0,0,0,0,0,0
CX3CL1,,Other,Other,,,,0.0,High-ranking informative gene,Yes,,,,,,0,0,0,0,0,0,0
TNFRSF1,,Cytokines_Chemokines_Checkpoints,TNFR_superfamily,,,,1.2363870937099093,TNFR superfamily,Yes,,,,,,0,0,0,0,0,0,0
CD40,,Cytokines_Chemokines_Checkpoints,TNFR_superfamily,,,,1.2363870937099093,TNFR superfamily,Yes,,,,,,0,0,0,0,0,0,0
TNFRSF6,,Cytokines_Chemokines_Checkpoints,TNFR_superfamily,,,,1.2363870937099093,TNFR superfamily,Yes,,,,,,0,0,0,0,0,0,0
TNFSF16,,Cytokines_Chemokines_Checkpoints,TNF_ligand,,,,1.2363870937099093,TNF ligand,Yes,,,,,,0,0,0,0,0,0,0
TNFRSF24,,Cytokines_Chemokines_Checkpoints,TNFR_superfamily,,,,1.2363870937099093,TNFR superfamily,Yes,,,,,,0,0,0,0,0,0,0
CCL23,,Other,Other,,,,0.0,High-ranking informative gene,Yes,,,,,,0,0,0,0,0,0,0
IL24,,Cytokines_Chemokines_Checkpoints,Cytokine,,,,1.2363870937099093,Cytokine,Yes,,,,,,0,0,0,0,0,0,0
CD274,,Cytokines_Chemokines_Checkpoints,Checkpoint_Exhaustion,,,,1.2363870937099093,Checkpoint Exhaustion,Yes,,,,,,0,0,0,0,0,0,0
IL27,,Cytokines_Chemokines_Checkpoints,Cytokine,,,,1.2363870937099093,Cytokine,Yes,,,,,,0,0,0,0,0,0,0
CCL10,,Other,Other,,,,0.0,High-ranking informative gene,Yes,,,,,,0,0,0,0,0,0,0
CXCR2,,Other,Other,,,,0.0,High-ranking informative gene,Yes,,,,,,0,0,0,0,0,0,0
CCL6,,Other,Other,,,,0.0,High-ranking informative gene,Yes,,,,,,0,0,0,0,0,0,0
CCL15,,Other,Other,,,,0.0,High-ranking informative gene,Yes,,,,,,0,0,0,0,0,0,0
IL1,,Cytokines_Chemokines_Checkpoints,Cytokine,,,,1.2363870937099093,Cytokine,Yes,,,,,,0,0,0,0,0,0,0
IL11,,Cytokines_Chemokines_Checkpoints,Cytokine,,,,1.2363870937099093,Cytokine,Yes,,,,,,0,0,0,0,0,0,0
CCL26,,Other,Other,,,,0.0,High-ranking informative gene,Yes,,,,,,0,0,0,0,0,0,0
IL34,,Cytokines_Chemokines_Checkpoints,Cytokine,,,,1.2363870937099093,Cytokine,Yes,,,,,,0,0,0,0,0,0,0
CCL3,,Cytokines_Chemokines_Checkpoints,Chemokine,,,,1.2363870937099093,Chemokine,Yes,,,,,,0,0,0,0,0,0,0
TNFRSF21,,Cytokines_Chemokines_Checkpoints,TNFR_superfamily,,,,1.2363870937099093,TNFR superfamily,Yes,,,,,,0,0,0,0,0,0,0
TNFSF2,,Cytokines_Chemokines_Checkpoints,TNF_ligand,,,,1.2363870937099093,TNF ligand,Yes,,,,,,0,0,0,0,0,0,0
IL3,,Cytokines_Chemokines_Checkpoints,Cytokine,,,,1.2363870937099093,Cytokine,Yes,,,,,,0,0,0,0,0,0,0
TNFRSF22,,Cytokines_Chemokines_Checkpoints,TNFR_superfamily,,,,1.2363870937099093,TNFR superfamily,Yes,,,,,,0,0,0,0,0,0,0
IL25,,Cytokines_Chemokines_Checkpoints,Cytokine,,,,1.2363870937099093,Cytokine,Yes,,,,,,0,0,0,0,0,0,0
CCL27,,Other,Other,,,,0.0,High-ranking informative gene,Yes,,,,,,0,0,0,0,0,0,0
IL23A,,Cytokines_Chemokines_Checkpoints,Cytokine,,,,1.2363870937099093,Cytokine,Yes,,,,,,0,0,0,0,0,0,0
CCL16,,Other,Other,,,,0.0,High-ranking informative gene,Yes,,,,,,0,0,0,0,0,0,0
TNFRSF12,,Cytokines_Chemokines_Checkpoints,TNFR_superfamily,,,,1.2363870937099093,TNFR superfamily,Yes,,,,,,0,0,0,0,0,0,0
IL23,,Cytokines_Chemokines_Checkpoints,Cytokine,,,,1.2363870937099093,Cytokine,Yes,,,,,,0,0,0,0,0,0,0
TNFSF4,,Cytokines_Chemokines_Checkpoints,TNF_ligand,,,,1.2363870937099093,TNF ligand,Yes,,,,,,0,0,0,0,0,0,0
IL7,,Cytokines_Chemokines_Checkpoints,Cytokine,,,,1.2363870937099093,Cytokine,Yes,,,,,,0,0,0,0,0,0,0
ADORA2A,,Cytokines_Chemokines_Checkpoints,Checkpoint_Exhaustion,,,,1.2363870937099093,Checkpoint Exhaustion,Yes,,,,,,0,0,0,0,0,0,0
IL28,,Cytokines_Chemokines_Checkpoints,Cytokine,,,,1.2363870937099093,Cytokine,Yes,,,,,,0,0,0,0,0,0,0
IL30,,Cytokines_Chemokines_Checkpoints,Cytokine,,,,1.2363870937099093,Cytokine,Yes,,,,,,0,0,0,0,0,0,0
VSIR,,Cytokines_Chemokines_Checkpoints,Checkpoint_Exhaustion,,,,1.2363870937099093,Checkpoint Exhaustion,Yes,,,,,,0,0,0,0,0,0,0
IL10,,Cytokines_Chemokines_Checkpoints,Cytokine,,,,1.2363870937099093,Cytokine,Yes,,,,,,0,0,0,0,0,0,0
IL16,,Cytokines_Chemokines_Checkpoints,Cytokine,,,,1.2363870937099093,Cytokine,Yes,,,,,,0,0,0,0,0,0,0
IL36,,Cytokines_Chemokines_Checkpoints,Cytokine,,,,1.2363870937099093,Cytokine,Yes,,,,,,0,0,0,0,0,0,0
TNF,,Cytokines_Chemokines_Checkpoints,Cytokine,,,,1.2363870937099093,Cytokine,Yes,,,,,,0,0,0,0,0,0,0
TNFSF14,,Cytokines_Chemokines_Checkpoints,TNF_ligand,,,,1.2363870937099093,TNF ligand,Yes,,,,,,0,0,0,0,0,0,0
CCL18,,Cytokines_Chemokines_Checkpoints,Chemokine,,,,1.2363870937099093,Chemokine,Yes,,,,,,0,0,0,0,0,0,0
TNFRSF10,,Cytokines_Chemokines_Checkpoints,TNFR_superfamily,,,,1.2363870937099093,TNFR superfamily,Yes,,,,,,0,0,0,0,0,0,0
TNFRSF2,,Cytokines_Chemokines_Checkpoints,TNFR_superfamily,,,,1.2363870937099093,TNFR superfamily,Yes,,,,,,0,0,0,0,0,0,0
IL18,,Cytokines_Chemokines_Checkpoints,Cytokine,,,,1.2363870937099093,Cytokine,Yes,,,,,,0,0,0,0,0,0,0
IL12A,,Cytokines_Chemokines_Checkpoints,Cytokine,,,,1.2363870937099093,Cytokine,Yes,,,,,,0,0,0,0,0,0,0
IL20,,Cytokines_Chemokines_Checkpoints,Cytokine,,,,1.2363870937099093,Cytokine,Yes,,,,,,0,0,0,0,0,0,0
IL12B,,Cytokines_Chemokines_Checkpoints,Cytokine,,,,1.2363870937099093,Cytokine,Yes,,,,,,0,0,0,0,0,0,0
CCL28,,Other,Other,,,,0.0,High-ranking informative gene,Yes,,,,,,0,0,0,0,0,0,0
TNFRSF3,,Cytokines_Chemokines_Checkpoints,TNFR_superfamily,,,,1.2363870937099093,TNFR superfamily,Yes,,,,,,0,0,0,0,0,0,0
TNFSF19,,Cytokines_Chemokines_Checkpoints,TNF_ligand,,,,1.2363870937099093,TNF ligand,Yes,,,,,,0,0,0,0,0,0,0
TNFRSF9,,Cytokines_Chemokines_Checkpoints,TNFR_superfamily,,,,1.2363870937099093,TNFR superfamily,Yes,,,,,,0,0,0,0,0,0,0
IL15,,Cytokines_Chemokines_Checkpoints,Cytokine,,,,1.2363870937099093,Cytokine,Yes,,,,,,0,0,0,0,0,0,0
TNFSF5,,Cytokines_Chemokines_Checkpoints,TNF_ligand,,,,1.2363870937099093,TNF ligand,Yes,,,,,,0,0,0,0,0,0,0
CXCL15,,Other,Other,,,,0.0,High-ranking informative gene,Yes,,,,,,0,0,0,0,0,0,0
IL31,,Cytokines_Chemokines_Checkpoints,Cytokine,,,,1.2363870937099093,Cytokine,Yes,,,,,,0,0,0,0,0,0,0
IL14,,Cytokines_Chemokines_Checkpoints,Cytokine,,,,1.2363870937099093,Cytokine,Yes,,,,,,0,0,0,0,0,0,0
IL29,,Cytokines_Chemokines_Checkpoints,Cytokine,,,,1.2363870937099093,Cytokine,Yes,,,,,,0,0,0,0,0,0,0
TNFRSF13,,Cytokines_Chemokines_Checkpoints,TNFR_superfamily,,,,1.2363870937099093,TNFR superfamily,Yes,,,,,,0,0,0,0,0,0,0
TNFSF11,,Cytokines_Chemokines_Checkpoints,TNF_ligand,,,,1.2363870937099093,TNF ligand,Yes,,,,,,0,0,0,0,0,0,0
TNFSF17,,Cytokines_Chemokines_Checkpoints,TNF_ligand,,,,1.2363870937099093,TNF ligand,Yes,,,,,,0,0,0,0,0,0,0
CCR1,,Other,Other,,,,0.0,High-ranking informative gene,Yes,,,,,,0,0,0,0,0,0,0
CCL22,,Other,Other,,,,0.0,High-ranking informative gene,Yes,,,,,,0,0,0,0,0,0,0
TNFSF9,,Cytokines_Chemokines_Checkpoints,TNF_ligand,,,,1.2363870937099093,TNF ligand,Yes,,,,,,0,0,0,0,0,0,0
IL26,,Cytokines_Chemokines_Checkpoints,Cytokine,,,,1.2363870937099093,Cytokine,Yes,,,,,,0,0,0,0,0,0,0
IL17,,Cytokines_Chemokines_Checkpoints,Cytokine,,,,1.2363870937099093,Cytokine,Yes,,,,,,0,0,0,0,0,0,0
TNFRSF11,,Cytokines_Chemokines_Checkpoints,TNFR_superfamily,,,,1.2363870937099093,TNFR superfamily,Yes,,,,,,0,0,0,0,0,0,0
IL5,,Cytokines_Chemokines_Checkpoints,Cytokine,,,,1.2363870937099093,Cytokine,Yes,,,,,,0,0,0,0,0,0,0
CCL5,,Cytokines_Chemokines_Checkpoints,Chemokine,,,,1.2363870937099093,Chemokine,Yes,,,,,,0,0,0,0,0,0,0
CXCL16,,Cytokines_Chemokines_Checkpoints,Chemokine,,,,1.2363870937099093,Chemokine,Yes,,,,,,0,0,0,0,0,0,0
LAIR1,,Cytokines_Chemokines_Checkpoints,Checkpoint_Exhaustion,,,,1.2363870937099093,Checkpoint Exhaustion,Yes,,,,,,0,0,0,0,0,0,0
IL35,,Cytokines_Chemokines_Checkpoints,Cytokine,,,,1.2363870937099093,Cytokine,Yes,,,,,,0,0,0,0,0,0,0
TNFSF1,,Cytokines_Chemokines_Checkpoints,TNF_ligand,,,,1.2363870937099093,TNF ligand,Yes,,,,,,0,0,0,0,0,0,0
TGFB1,,Cytokines_Chemokines_Checkpoints,Cytokine,,,,1.2363870937099093,Cytokine,Yes,,,,,,0,0,0,0,0,0,0
CCL9,,Other,Other,,,,0.0,High-ranking informative gene,Yes,,,,,,0,0,0,0,0,0,0
TNFRSF15,,Cytokines_Chemokines_Checkpoints,TNFR_superfamily,,,,1.2363870937099093,TNFR superfamily,Yes,,,,,,0,0,0,0,0,0,0
IL19,,Cytokines_Chemokines_Checkpoints,Cytokine,,,,1.2363870937099093,Cytokine,Yes,,,,,,0,0,0,0,0,0,0
E2F1,,CellCycle_DDR_Stress,Cell_cycle,,,,0.6868817187277272,Cell cycle,Yes,,,,,,0,0,0,0,0,0,0
AKT1S1,,Other,Other,,,,0.0,High-ranking informative gene,Yes,,,,,,0,0,0,0,0,0,0
NOTCH1,,Cancer_pathways,Notch,,,,0.961634406218818,Notch,Yes,,,,,,0,0,0,0,0,0,0
RET,,Cancer_pathways,RTK,,,,0.961634406218818,RTK,Yes,,,,,,0,0,0,0,0,0,0
RPTOR,,Cancer_pathways,PI3K_AKT_mTOR,,,,0.961634406218818,PI3K AKT mTOR,Yes,,,,,,0,0,0,0,0,0,0
DVL2,,Cancer_pathways,WNT,,,,0.961634406218818,WNT,Yes,,,,,,0,0,0,0,0,0,0
DVL3,,Cancer_pathways,WNT,,,,0.961634406218818,WNT,Yes,,,,,,0,0,0,0,0,0,0
GAB1,,Other,Other,,,,0.0,High-ranking informative gene,Yes,,,,,,0,0,0,0,0,0,0
RAF1,,Cancer_pathways,RAS_MAPK,,,,0.961634406218818,RAS MAPK,Yes,,,,,,0,0,0,0,0,0,0
WNT2,,Cancer_pathways,WNT,,,,0.961634406218818,WNT,Yes,,,,,,0,0,0,0,0,0,0
MET,,Cancer_pathways,RTK,,,,0.961634406218818,RTK,Yes,,,,,,0,0,0,0,0,0,0
RB1,,Other,Other,,,,0.0,High-ranking informative gene,Yes,,,,,,0,0,0,0,0,0,0
GLI1,,Other,Other,,,,0.0,High-ranking informative gene,Yes,,,,,,0,0,0,0,0,0,0
PORCN,,Cancer_pathways,WNT,,,,0.961634406218818,WNT,Yes,,,,,,0,0,0,0,0,0,0
MAPK12,,Other,Other,,,,0.0,High-ranking informative gene,Yes,,,,,,0,0,0,0,0,0,0
PIK3CD,,Cancer_pathways,PI3K_AKT_mTOR,,,,0.961634406218818,PI3K AKT mTOR,Yes,,,,,,0,0,0,0,0,0,0
AKT1,,Cancer_pathways,PI3K_AKT_mTOR,,,,0.961634406218818,PI3K AKT mTOR,Yes,,,,,,0,0,0,0,0,0,0
STAT5A,,Cancer_pathways,JAK_STAT,,,,0.961634406218818,JAK STAT,Yes,,,,,,0,0,0,0,0,0,0
TYK2,,Cancer_pathways,JAK_STAT,,,,0.961634406218818,JAK STAT,Yes,,,,,,0,0,0,0,0,0,0
FZD9,,Cancer_pathways,WNT,,,,0.961634406218818,WNT,Yes,,,,,,0,0,0,0,0,0,0
FZD4,,Cancer_pathways,WNT,,,,0.961634406218818,WNT,Yes,,,,,,0,0,0,0,0,0,0
PDGFRB,,Cancer_pathways,RTK,,,,0.961634406218818,RTK,Yes,,,,,,0,0,0,0,0,0,0
FLT3,,Cancer_pathways,RTK,,,,0.961634406218818,RTK,Yes,,,,,,0,0,0,0,0,0,0
JAG2,,Cancer_pathways,Notch,,,,0.961634406218818,Notch,Yes,,,,,,0,0,0,0,0,0,0
CDKN2A,,Other,Other,,,,0.0,High-ranking informative gene,Yes,,,,,,0,0,0,0,0,0,0
DLL1,,Cancer_pathways,Notch,,,,0.961634406218818,Notch,Yes,,,,,,0,0,0,0,0,0,0
TCF7L2,,Other,Other,,,,0.0,High-ranking informative gene,Yes,,,,,,0,0,0,0,0,0,0
HEY2,,Other,Other,,,,0.0,High-ranking informative gene,Yes,,,,,,0,0,0,0,0,0,0
NTRK2,,Cancer_pathways,RTK,,,,0.961634406218818,RTK,Yes,,,,,,0,0,0,0,0,0,0
EPHB2,,Cancer_pathways,RTK,,,,0.961634406218818,RTK,Yes,,,,,,0,0,0,0,0,0,0
HEY1,,Other,Other,,,,0.0,High-ranking informative gene,Yes,,,,,,0,0,0,0,0,0,0
GLI3,,Other,Other,,,,0.0,High-ranking informative gene,Yes,,,,,,0,0,0,0,0,0,0
TGFB2,,Cancer_pathways,TGFb,,,,0.961634406218818,TGFb,Yes,,,,,,0,0,0,0,0,0,0
TSC1,,Cancer_pathways,PI3K_AKT_mTOR,,,,0.961634406218818,PI3K AKT mTOR,Yes,,,,,,0,0,0,0,0,0,0
WNT7B,,Cancer_pathways,WNT,,,,0.961634406218818,WNT,Yes,,,,,,0,0,0,0,0,0,0
JAK1,,Cancer_pathways,JAK_STAT,,,,0.961634406218818,JAK STAT,Yes,,,,,,0,0,0,0,0,0,0
WNT4,,Cancer_pathways,WNT,,,,0.961634406218818,WNT,Yes,,,,,,0,0,0,0,0,0,0
STAT6,,Cancer_pathways,JAK_STAT,,,,0.961634406218818,JAK STAT,Yes,,,,,,0,0,0,0,0,0,0
RHEB,,Other,Other,,,,0.0,High-ranking informative gene,Yes,,,,,,0,0,0,0,0,0,0
TP53,,CellCycle_DDR_Stress,DNA_damage_repair,,,,0.6868817187277272,DNA damage repair,Yes,,,,,,0,0,0,0,0,0,0
E2F2,,CellCycle_DDR_Stress,Cell_cycle,,,,0.6868817187277272,Cell cycle,Yes,,,,,,0,0,0,0,0,0,0
MAPK10,,Other,Other,,,,0.0,High-ranking informative gene,Yes,,,,,,0,0,0,0,0,0,0
IGF1R,,Cancer_pathways,RTK,,,,0.961634406218818,RTK,Yes,,,,,,0,0,0,0,0,0,0
SMAD3,,Cancer_pathways,TGFb,,,,0.961634406218818,TGFb,Yes,,,,,,0,0,0,0,0,0,0
MAP2K4,,Other,Other,,,,0.0,High-ranking informative gene,Yes,,,,,,0,0,0,0,0,0,0
NOTCH4,,Cancer_pathways,Notch,,,,0.961634406218818,Notch,Yes,,,,,,0,0,0,0,0,0,0
EIF4EBP1,,Other,Other,,,,0.0,High-ranking informative gene,Yes,,,,,,0,0,0,0,0,0,0
WNT3,,Cancer_pathways,WNT,,,,0.961634406218818,WNT,Yes,,,,,,0,0,0,0,0,0,0
AKT2,,Cancer_pathways,PI3K_AKT_mTOR,,,,0.961634406218818,PI3K AKT mTOR,Yes,,,,,,0,0,0,0,0,0,0
FZD10,,Cancer_pathways,WNT,,,,0.961634406218818,WNT,Yes,,,,,,0,0,0,0,0,0,0
SMO,,Other,Other,,,,0.0,High-ranking informative gene,Yes,,,,,,0,0,0,0,0,0,0
CCND1,,Other,Other,,,,0.0,High-ranking informative gene,Yes,,,,,,0,0,0,0,0,0,0
DVL1,,Cancer_pathways,WNT,,,,0.961634406218818,WNT,Yes,,,,,,0,0,0,0,0,0,0
ERBB4,,Cancer_pathways,RTK,,,,0.961634406218818,RTK,Yes,,,,,,0,0,0,0,0,0,0
HES1,,Cancer_pathways,Notch,,,,0.961634406218818,Notch,Yes,,,,,,0,0,0,0,0,0,0
JAK3,,Cancer_pathways,JAK_STAT,,,,0.961634406218818,JAK STAT,Yes,,,,,,0,0,0,0,0,0,0
DUSP6,,Cancer_pathways,RAS_MAPK,,,,0.961634406218818,RAS MAPK,Yes,,,,,,0,0,0,0,0,0,0
PTEN,,Cancer_pathways,PI3K_AKT_mTOR,,,,0.961634406218818,PI3K AKT mTOR,Yes,,,,,,0,0,0,0,0,0,0
FGFR4,,Cancer_pathways,RTK,,,,0.961634406218818,RTK,Yes,,,,,,0,0,0,0,0,0,0
STAT2,,Cancer_pathways,JAK_STAT,,,,0.961634406218818,JAK STAT,Yes,,,,,,0,0,0,0,0,0,0
SOS1,,Other,Other,,,,0.0,High-ranking informative gene,Yes,,,,,,0,0,0,0,0,0,0
SMAD2,,Cancer_pathways,TGFb,,,,0.961634406218818,TGFb,Yes,,,,,,0,0,0,0,0,0,0
SMAD7,,Cancer_pathways,TGFb,,,,0.961634406218818,TGFb,Yes,,,,,,0,0,0,0,0,0,0
WNT5A,,Cancer_pathways,WNT,,,,0.961634406218818,WNT,Yes,,,,,,0,0,0,0,0,0,0
TERT,,Other,Other,,,,0.0,High-ranking informative gene,Yes,,,,,,0,0,0,0,0,0,0
WNT5B,,Cancer_pathways,WNT,,,,0.961634406218818,WNT,Yes,,,,,,0,0,0,0,0,0,0
PTPN11,,Other,Other,,,,0.0,High-ranking informative gene,Yes,,,,,,0,0,0,0,0,0,0
JAG1,,Cancer_pathways,Notch,,,,0.961634406218818,Notch,Yes,,,,,,0,0,0,0,0,0,0
SOCS3,,Cancer_pathways,JAK_STAT,,,,0.961634406218818,JAK STAT,Yes,,,,,,0,0,0,0,0,0,0
NOTCH3,,Cancer_pathways,Notch,,,,0.961634406218818,Notch,Yes,,,,,,0,0,0,0,0,0,0
NTRK1,,Cancer_pathways,RTK,,,,0.961634406218818,RTK,Yes,,,,,,0,0,0,0,0,0,0
FZD8,,Cancer_pathways,WNT,,,,0.961634406218818,WNT,Yes,,,,,,0,0,0,0,0,0,0
NOTCH2,,Cancer_pathways,Notch,,,,0.961634406218818,Notch,Yes,,,,,,0,0,0,0,0,0,0
E2F3,,CellCycle_DDR_Stress,Cell_cycle,,,,0.6868817187277272,Cell cycle,Yes,,,,,,0,0,0,0,0,0,0
NRAS,,Cancer_pathways,RAS_MAPK,,,,0.961634406218818,RAS MAPK,Yes,,,,,,0,0,0,0,0,0,0
EGFR,,Cancer_pathways,RTK,,,,0.961634406218818,RTK,Yes,,,,,,0,0,0,0,0,0,0
CCNE1,,Other,Other,,,,0.0,High-ranking informative gene,Yes,,,,,,0,0,0,0,0,0,0
MAPK11,,Other,Other,,,,0.0,High-ranking informative gene,Yes,,,,,,0,0,0,0,0,0,0
CTNNB1,,Cancer_pathways,WNT,,,,0.961634406218818,WNT,Yes,,,,,,0,0,0,0,0,0,0
PTCH1,,Other,Other,,,,0.0,High-ranking informative gene,Yes,,,,,,0,0,0,0,0,0,0
APC,,Cancer_pathways,WNT,,,,0.961634406218818,WNT,Yes,,,,,,0,0,0,0,0,0,0
SOCS1,,Cancer_pathways,JAK_STAT,,,,0.961634406218818,JAK STAT,Yes,,,,,,0,0,0,0,0,0,0
EIF4E,,Other,Other,,,,0.0,High-ranking informative gene,Yes,,,,,,0,0,0,0,0,0,0
ERBB2,,Cancer_pathways,RTK,,,,0.961634406218818,RTK,Yes,,,,,,0,0,0,0,0,0,0
PDPK1,,Other,Other,,,,0.0,High-ranking informative gene,Yes,,,,,,0,0,0,0,0,0,0
PDGFRA,,Cancer_pathways,RTK,,,,0.961634406218818,RTK,Yes,,,,,,0,0,0,0,0,0,0
MAP2K2,,Cancer_pathways,RAS_MAPK,,,,0.961634406218818,RAS MAPK,Yes,,,,,,0,0,0,0,0,0,0
CCND3,,Other,Other,,,,0.0,High-ranking informative gene,Yes,,,,,,0,0,0,0,0,0,0
FZD3,,Cancer_pathways,WNT,,,,0.961634406218818,WNT,Yes,,,,,,0,0,0,0,0,0,0
MAP2K6,,Other,Other,,,,0.0,High-ranking informative gene,Yes,,,,,,0,0,0,0,0,0,0
RICTOR,,Cancer_pathways,PI3K_AKT_mTOR,,,,0.961634406218818,PI3K AKT mTOR,Yes,,,,,,0,0,0,0,0,0,0
AXIN1,,Cancer_pathways,WNT,,,,0.961634406218818,WNT,Yes,,,,,,0,0,0,0,0,0,0
STAT3,,Cancer_pathways,JAK_STAT,,,,0.961634406218818,JAK STAT,Yes,,,,,,0,0,0,0,0,0,0
MAPK13,,Other,Other,,,,0.0,High-ranking informative gene,Yes,,,,,,0,0,0,0,0,0,0
FLT4,,Cancer_pathways,RTK,,,,0.961634406218818,RTK,Yes,,,,,,0,0,0,0,0,0,0
BRAF,,Cancer_pathways,RAS_MAPK,,,,0.961634406218818,RAS MAPK,Yes,,,,,,0,0,0,0,0,0,0
MAPK8,,Other,Other,,,,0.0,High-ranking informative gene,Yes,,,,,,0,0,0,0,0,0,0
MDM2,,CellCycle_DDR_Stress,DNA_damage_repair,,,,0.6868817187277272,DNA damage repair,Yes,,,,,,0,0,0,0,0,0,0
AKT3,,Cancer_pathways,PI3K_AKT_mTOR,,,,0.961634406218818,PI3K AKT mTOR,Yes,,,,,,0,0,0,0,0,0,0
FZD5,,Cancer_pathways,WNT,,,,0.961634406218818,WNT,Yes,,,,,,0,0,0,0,0,0,0
MAPK1,,Cancer_pathways,RAS_MAPK,,,,0.961634406218818,RAS MAPK,Yes,,,,,,0,0,0,0,0,0,0
FZD1,,Cancer_pathways,WNT,,,,0.961634406218818,WNT,Yes,,,,,,0,0,0,0,0,0,0
FOXO1,,Other,Other,,,,0.0,High-ranking informative gene,Yes,,,,,,0,0,0,0,0,0,0
FRAT1,,Other,Other,,,,0.0,High-ranking informative gene,Yes,,,,,,0,0,0,0,0,0,0
TGFBR1,,Cancer_pathways,TGFb,,,,0.961634406218818,TGFb,Yes,,,,,,0,0,0,0,0,0,0
APC2,,Other,Other,,,,0.0,High-ranking informative gene,Yes,,,,,,0,0,0,0,0,0,0
FZD2,,Cancer_pathways,WNT,,,,0.961634406218818,WNT,Yes,,,,,,0,0,0,0,0,0,0
FOXO3,,Other,Other,,,,0.0,High-ranking informative gene,Yes,,,,,,0,0,0,0,0,0,0
IRS2,,Other,Other,,,,0.0,High-ranking informative gene,Yes,,,,,,0,0,0,0,0,0,0
LRP5,,Cancer_pathways,WNT,,,,0.961634406218818,WNT,Yes,,,,,,0,0,0,0,0,0,0
MAP2K7,,Other,Other,,,,0.0,High-ranking informative gene,Yes,,,,,,0,0,0,0,0,0,0
SMAD4,,Cancer_pathways,TGFb,,,,0.961634406218818,TGFb,Yes,,,,,,0,0,0,0,0,0,0
PIK3R1,,Other,Other,,,,0.0,High-ranking informative gene,Yes,,,,,,0,0,0,0,0,0,0
CCND2,,Other,Other,,,,0.0,High-ranking informative gene,Yes,,,,,,0,0,0,0,0,0,0
GSK3B,,Other,Other,,,,0.0,High-ranking informative gene,Yes,,,,,,0,0,0,0,0,0,0
JAK2,,Cancer_pathways,JAK_STAT,,,,0.961634406218818,JAK STAT,Yes,,,,,,0,0,0,0,0,0,0
STAT4,,Cancer_pathways,JAK_STAT,,,,0.961634406218818,JAK STAT,Yes,,,,,,0,0,0,0,0,0,0
KRAS,,Cancer_pathways,RAS_MAPK,,,,0.961634406218818,RAS MAPK,Yes,,,,,,0,0,0,0,0,0,0
AXIN2,,Cancer_pathways,WNT,,,,0.961634406218818,WNT,Yes,,,,,,0,0,0,0,0,0,0
CCNE2,,Other,Other,,,,0.0,High-ranking informative gene,Yes,,,,,,0,0,0,0,0,0,0
STAT5B,,Cancer_pathways,JAK_STAT,,,,0.961634406218818,JAK STAT,Yes,,,,,,0,0,0,0,0,0,0
FOXO4,,Other,Other,,,,0.0,High-ranking informative gene,Yes,,,,,,0,0,0,0,0,0,0
SOS2,,Other,Other,,,,0.0,High-ranking informative gene,Yes,,,,,,0,0,0,0,0,0,0
AXL,,Cancer_pathways,RTK,,,,0.961634406218818,RTK,Yes,,,,,,0,0,0,0,0,0,0
FLT1,,Cancer_pathways,RTK,,,,0.961634406218818,RTK,Yes,,,,,,0,0,0,0,0,0,0
MYCN,,Other,Other,,,,0.0,High-ranking informative gene,Yes,,,,,,0,0,0,0,0,0,0
TGFBR2,,Cancer_pathways,TGFb,,,,0.961634406218818,TGFb,Yes,,,,,,0,0,0,0,0,0,0
SOX2,,Other,Other,,,,0.0,High-ranking informative gene,Yes,,,,,,0,0,0,0,0,0,0
EPHA2,,Cancer_pathways,RTK,,,,0.961634406218818,RTK,Yes,,,,,,0,0,0,0,0,0,0
SPRY2,,Cancer_pathways,RAS_MAPK,,,,0.961634406218818,RAS MAPK,Yes,,,,,,0,0,0,0,0,0,0
FGFR3,,Cancer_pathways,RTK,,,,0.961634406218818,RTK,Yes,,,,,,0,0,0,0,0,0,0
STAT1,,Cancer_pathways,JAK_STAT,,,,0.961634406218818,JAK STAT,Yes,,,,,,0,0,0,0,0,0,0
PIK3R2,,Other,Other,,,,0.0,High-ranking informative gene,Yes,,,,,,0,0,0,0,0,0,0
DLL3,,Cancer_pathways,Notch,,,,0.961634406218818,Notch,Yes,,,,,,0,0,0,0,0,0,0
TGFB3,,Cancer_pathways,TGFb,,,,0.961634406218818,TGFb,Yes,,,,,,0,0,0,0,0,0,0
ERBB3,,Cancer_pathways,RTK,,,,0.961634406218818,RTK,Yes,,,,,,0,0,0,0,0,0,0
FGFR2,,Cancer_pathways,RTK,,,,0.961634406218818,RTK,Yes,,,,,,0,0,0,0,0,0,0
PIK3CA,,Cancer_pathways,PI3K_AKT_mTOR,,,,0.961634406218818,PI3K AKT mTOR,Yes,,,,,,0,0,0,0,0,0,0
MYC,,Other,Other,,,,0.0,High-ranking informative gene,Yes,,,,,,0,0,0,0,0,0,0
MAPK14,,Other,Other,,,,0.0,High-ranking informative gene,Yes,,,,,,0,0,0,0,0,0,0
HRAS,,Cancer_pathways,RAS_MAPK,,,,0.961634406218818,RAS MAPK,Yes,,,,,,0,0,0,0,0,0,0
GLI2,,Other,Other,,,,0.0,High-ranking informative gene,Yes,,,,,,0,0,0,0,0,0,0
FGFR1,,Cancer_pathways,RTK,,,,0.961634406218818,RTK,Yes,,,,,,0,0,0,0,0,0,0
LRP6,,Cancer_pathways,WNT,,,,0.961634406218818,WNT,Yes,,,,,,0,0,0,0,0,0,0
FZD7,,Cancer_pathways,WNT,,,,0.961634406218818,WNT,Yes,,,,,,0,0,0,0,0,0,0
NTRK3,,Cancer_pathways,RTK,,,,0.961634406218818,RTK,Yes,,,,,,0,0,0,0,0,0,0
PIK3CB,,Cancer_pathways,PI3K_AKT_mTOR,,,,0.961634406218818,PI3K AKT mTOR,Yes,,,,,,0,0,0,0,0,0,0
DLL4,,Cancer_pathways,Notch,,,,0.961634406218818,Notch,Yes,,,,,,0,0,0,0,0,0,0
KIT,,Cancer_pathways,RTK,,,,0.961634406218818,RTK,Yes,,,,,,0,0,0,0,0,0,0
RASA1,,Other,Other,,,,0.0,High-ranking informative gene,Yes,,,,,,0,0,0,0,0,0,0
PIK3CG,,Cancer_pathways,PI3K_AKT_mTOR,,,,0.961634406218818,PI3K AKT mTOR,Yes,,,,,,0,0,0,0,0,0,0
SHC1,,Other,Other,,,,0.0,High-ranking informative gene,Yes,,,,,,0,0,0,0,0,0,0
PIK3R3,,Other,Other,,,,0.0,High-ranking informative gene,Yes,,,,,,0,0,0,0,0,0,0
MTOR,,Cancer_pathways,PI3K_AKT_mTOR,,,,0.961634406218818,PI3K AKT mTOR,Yes,,,,,,0,0,0,0,0,0,0
TSC2,,Cancer_pathways,PI3K_AKT_mTOR,,,,0.961634406218818,PI3K AKT mTOR,Yes,,,,,,0,0,0,0,0,0,0
GRB2,,Other,Other,,,,0.0,High-ranking informative gene,Yes,,,,,,0,0,0,0,0,0,0
MAPK3,,Cancer_pathways,RAS_MAPK,,,,0.961634406218818,RAS MAPK,Yes,,,,,,0,0,0,0,0,0,0
FZD6,,Cancer_pathways,WNT,,,,0.961634406218818,WNT,Yes,,,,,,0,0,0,0,0,0,0
MAPK9,,Other,Other,,,,0.0,High-ranking informative gene,Yes,,,,,,0,0,0,0,0,0,0
MAP2K3,,Other,Other,,,,0.0,High-ranking informative gene,Yes,,,,,,0,0,0,0,0,0,0
IRS1,,Other,Other,,,,0.0,High-ranking informative gene,Yes,,,,,,0,0,0,0,0,0,0
EPHA4,,Cancer_pathways,RTK,,,,0.961634406218818,RTK,Yes,,,,,,0,0,0,0,0,0,0
MAP2K1,,Cancer_pathways,RAS_MAPK,,,,0.961634406218818,RAS MAPK,Yes,,,,,,0,0,0,0,0,0,0
RAD52,,Other,Other,,,,0.0,High-ranking informative gene,Yes,,,,,,0,0,0,0,0,0,0
HSP90B1,,CellCycle_DDR_Stress,Stress_Senescence,,,,0.6868817187277272,Stress Senescence,Yes,,,,,,0,0,0,0,0,0,0
CDK4,,CellCycle_DDR_Stress,Cell_cycle,,,,0.6868817187277272,Cell cycle,Yes,,,,,,0,0,0,0,0,0,0
ATF3,,CellCycle_DDR_Stress,Stress_Senescence,,,,0.6868817187277272,Stress Senescence,Yes,,,,,,0,0,0,0,0,0,0
CCNB1,,CellCycle_DDR_Stress,Cell_cycle,,,,0.6868817187277272,Cell cycle,Yes,,,,,,0,0,0,0,0,0,0
MKI67,,CellCycle_DDR_Stress,Cell_cycle,,,,0.6868817187277272,Cell cycle,Yes,,,,,,0,0,0,0,0,0,0
XRCC5,,Other,Other,,,,0.0,High-ranking informative gene,Yes,,,,,,0,0,0,0,0,0,0
MCM5,,CellCycle_DDR_Stress,Cell_cycle,,,,0.6868817187277272,Cell cycle,Yes,,,,,,0,0,0,0,0,0,0
LIG1,,Other,Other,,,,0.0,High-ranking informative gene,Yes,,,,,,0,0,0,0,0,0,0
HSPA1B,,CellCycle_DDR_Stress,Stress_Senescence,,,,0.6868817187277272,Stress Senescence,Yes,,,,,,0,0,0,0,0,0,0
ORC5,,Other,Other,,,,0.0,High-ranking informative gene,Yes,,,,,,0,0,0,0,0,0,0
XRCC4,,Other,Other,,,,0.0,High-ranking informative gene,Yes,,,,,,0,0,0,0,0,0,0
CHEK1,,CellCycle_DDR_Stress,DNA_damage_repair,,,,0.6868817187277272,DNA damage repair,Yes,,,,,,0,0,0,0,0,0,0
MDC1,,Other,Other,,,,0.0,High-ranking informative gene,Yes,,,,,,0,0,0,0,0,0,0
RAD1,,Other,Other,,,,0.0,High-ranking informative gene,Yes,,,,,,0,0,0,0,0,0,0
AURKB,,CellCycle_DDR_Stress,Cell_cycle,,,,0.6868817187277272,Cell cycle,Yes,,,,,,0,0,0,0,0,0,0
PPP1R15A,,Other,Other,,,,0.0,High-ranking informative gene,Yes,,,,,,0,0,0,0,0,0,0
MCM2,,CellCycle_DDR_Stress,Cell_cycle,,,,0.6868817187277272,Cell cycle,Yes,,,,,,0,0,0,0,0,0,0
RAD51,,CellCycle_DDR_Stress,DNA_damage_repair,,,,0.6868817187277272,DNA damage repair,Yes,,,,,,0,0,0,0,0,0,0
PRKDC,,Other,Other,,,,0.0,High-ranking informative gene,Yes,,,,,,0,0,0,0,0,0,0
MRE11A,,CellCycle_DDR_Stress,DNA_damage_repair,,,,0.6868817187277272,DNA damage repair,Yes,,,,,,0,0,0,0,0,0,0
PARP2,,CellCycle_DDR_Stress,DNA_damage_repair,,,,0.6868817187277272,DNA damage repair,Yes,,,,,,0,0,0,0,0,0,0
CHEK2,,CellCycle_DDR_Stress,DNA_damage_repair,,,,0.6868817187277272,DNA damage repair,Yes,,,,,,0,0,0,0,0,0,0
NFE2L2,,CellCycle_DDR_Stress,Stress_Senescence,,,,0.6868817187277272,Stress Senescence,Yes,,,,,,0,0,0,0,0,0,0
HSPB8,,CellCycle_DDR_Stress,Stress_Senescence,,,,0.6868817187277272,Stress Senescence,Yes,,,,,,0,0,0,0,0,0,0
BRIP1,,Other,Other,,,,0.0,High-ranking informative gene,Yes,,,,,,0,0,0,0,0,0,0
CCNA1,,Other,Other,,,,0.0,High-ranking informative gene,Yes,,,,,,0,0,0,0,0,0,0
HSPH1,,CellCycle_DDR_Stress,Stress_Senescence,,,,0.6868817187277272,Stress Senescence,Yes,,,,,,0,0,0,0,0,0,0
PMS2,,Other,Other,,,,0.0,High-ranking informative gene,Yes,,,,,,0,0,0,0,0,0,0
TOP2A,,CellCycle_DDR_Stress,Cell_cycle,,,,0.6868817187277272,Cell cycle,Yes,,,,,,0,0,0,0,0,0,0
CCNA2,,CellCycle_DDR_Stress,Cell_cycle,,,,0.6868817187277272,Cell cycle,Yes,,,,,,0,0,0,0,0,0,0
DDIT3,,CellCycle_DDR_Stress,Stress_Senescence,,,,0.6868817187277272,Stress Senescence,Yes,,,,,,0,0,0,0,0,0,0
CDT1,,Other,Other,,,,0.0,High-ranking informative gene,Yes,,,,,,0,0,0,0,0,0,0
ATF6,,Other,Other,,,,0.0,High-ranking informative gene,Yes,,,,,,0,0,0,0,0,0,0
XRCC2,,Other,Other,,,,0.0,High-ranking informative gene,Yes,,,,,,0,0,0,0,0,0,0
CDK1,,CellCycle_DDR_Stress,Cell_cycle,,,,0.6868817187277272,Cell cycle,Yes,,,,,,0,0,0,0,0,0,0
RAD54L,,Other,Other,,,,0.0,High-ranking informative gene,Yes,,,,,,0,0,0,0,0,0,0
LIG4,,Other,Other,,,,0.0,High-ranking informative gene,Yes,,,,,,0,0,0,0,0,0,0
PPP1R15B,,Other,Other,,,,0.0,High-ranking informative gene,Yes,,,,,,0,0,0,0,0,0,0
POLK,,Other,Other,,,,0.0,High-ranking informative gene,Yes,,,,,,0,0,0,0,0,0,0
CDC6,,Other,Other,,,,0.0,High-ranking informative gene,Yes,,,,,,0,0,0,0,0,0,0
XRCC3,,Other,Other,,,,0.0,High-ranking informative gene,Yes,,,,,,0,0,0,0,0,0,0
ATM,,CellCycle_DDR_Stress,DNA_damage_repair,,,,0.6868817187277272,DNA damage repair,Yes,,,,,,0,0,0,0,0,0,0
ORC6,,Other,Other,,,,0.0,High-ranking informative gene,Yes,,,,,,0,0,0,0,0,0,0
ORC3,,Other,Other,,,,0.0,High-ranking informative gene,Yes,,,,,,0,0,0,0,0,0,0
AURKA,,CellCycle_DDR_Stress,Cell_cycle,,,,0.6868817187277272,Cell cycle,Yes,,,,,,0,0,0,0,0,0,0
RPA2,,Other,Other,,,,0.0,High-ranking informative gene,Yes,,,,,,0,0,0,0,0,0,0
POLH,,Other,Other,,,,0.0,High-ranking informative gene,Yes,,,,,,0,0,0,0,0,0,0
BRCA1,,CellCycle_DDR_Stress,DNA_damage_repair,,,,0.6868817187277272,DNA damage repair,Yes,,,,,,0,0,0,0,0,0,0
MLH1,,Other,Other,,,,0.0,High-ranking informative gene,Yes,,,,,,0,0,0,0,0,0,0
LIG3,,Other,Other,,,,0.0,High-ranking informative gene,Yes,,,,,,0,0,0,0,0,0,0
ATF4,,CellCycle_DDR_Stress,Stress_Senescence,,,,0.6868817187277272,Stress Senescence,Yes,,,,,,0,0,0,0,0,0,0
MSH2,,Other,Other,,,,0.0,High-ranking informative gene,Yes,,,,,,0,0,0,0,0,0,0
HUS1,,Other,Other,,,,0.0,High-ranking informative gene,Yes,,,,,,0,0,0,0,0,0,0
XRCC1,,Other,Other,,,,0.0,High-ranking informative gene,Yes,,,,,,0,0,0,0,0,0,0
CDK6,,CellCycle_DDR_Stress,Cell_cycle,,,,0.6868817187277272,Cell cycle,Yes,,,,,,0,0,0,0,0,0,0
BUB1B,,CellCycle_DDR_Stress,Cell_cycle,,,,0.6868817187277272,Cell cycle,Yes,,,,,,0,0,0,0,0,0,0
ATR,,CellCycle_DDR_Stress,DNA_damage_repair,,,,0.6868817187277272,DNA damage repair,Yes,,,,,,0,0,0,0,0,0,0
FOSB,,CellCycle_DDR_Stress,Stress_Senescence,,,,0.6868817187277272,Stress Senescence,Yes,,,,,,0,0,0,0,0,0,0
RAD50,,CellCycle_DDR_Stress,DNA_damage_repair,,,,0.6868817187277272,DNA damage repair,Yes,,,,,,0,0,0,0,0,0,0
FANCD2,,CellCycle_DDR_Stress,DNA_damage_repair,,,,0.6868817187277272,DNA damage repair,Yes,,,,,,0,0,0,0,0,0,0
RPA1,,Other,Other,,,,0.0,High-ranking informative gene,Yes,,,,,,0,0,0,0,0,0,0
MCM7,,CellCycle_DDR_Stress,Cell_cycle,,,,0.6868817187277272,Cell cycle,Yes,,,,,,0,0,0,0,0,0,0
PCNA,,CellCycle_DDR_Stress,Cell_cycle,,,,0.6868817187277272,Cell cycle,Yes,,,,,,0,0,0,0,0,0,0
H2AFX,,CellCycle_DDR_Stress,DNA_damage_repair,,,,0.6868817187277272,DNA damage repair,Yes,,,,,,0,0,0,0,0,0,0
CCNB2,,CellCycle_DDR_Stress,Cell_cycle,,,,0.6868817187277272,Cell cycle,Yes,,,,,,0,0,0,0,0,0,0
HIF1A,,CellCycle_DDR_Stress,Stress_Senescence,,,,0.6868817187277272,Stress Senescence,Yes,,,,,,0,0,0,0,0,0,0
RAD17,,Other,Other,,,,0.0,High-ranking informative gene,Yes,,,,,,0,0,0,0,0,0,0
ORC4,,Other,Other,,,,0.0,High-ranking informative gene,Yes,,,,,,0,0,0,0,0,0,0
MSH6,,Other,Other,,,,0.0,High-ranking informative gene,Yes,,,,,,0,0,0,0,0,0,0
CDKN1A,,CellCycle_DDR_Stress,DNA_damage_repair,,,,0.6868817187277272,DNA damage repair,Yes,,,,,,0,0,0,0,0,0,0
HSF1,,Other,Other,,,,0.0,High-ranking informative gene,Yes,,,,,,0,0,0,0,0,0,0
CDK2,,CellCycle_DDR_Stress,Cell_cycle,,,,0.6868817187277272,Cell cycle,Yes,,,,,,0,0,0,0,0,0,0
BUB1,,CellCycle_DDR_Stress,Cell_cycle,,,,0.6868817187277272,Cell cycle,Yes,,,,,,0,0,0,0,0,0,0
ORC2,,Other,Other,,,,0.0,High-ranking informative gene,Yes,,,,,,0,0,0,0,0,0,0
PARP1,,CellCycle_DDR_Stress,DNA_damage_repair,,,,0.6868817187277272,DNA damage repair,Yes,,,,,,0,0,0,0,0,0,0
ORC1,,Other,Other,,,,0.0,High-ranking informative gene,Yes,,,,,,0,0,0,0,0,0,0
EXO1,,Other,Other,,,,0.0,High-ranking informative gene,Yes,,,,,,0,0,0,0,0,0,0
PLK1,,CellCycle_DDR_Stress,Cell_cycle,,,,0.6868817187277272,Cell cycle,Yes,,,,,,0,0,0,0,0,0,0
POLQ,,Other,Other,,,,0.0,High-ranking informative gene,Yes,,,,,,0,0,0,0,0,0,0
MCM6,,CellCycle_DDR_Stress,Cell_cycle,,,,0.6868817187277272,Cell cycle,Yes,,,,,,0,0,0,0,0,0,0
MCM4,,CellCycle_DDR_Stress,Cell_cycle,,,,0.6868817187277272,Cell cycle,Yes,,,,,,0,0,0,0,0,0,0
BRCA2,,CellCycle_DDR_Stress,DNA_damage_repair,,,,0.6868817187277272,DNA damage repair,Yes,,,,,,0,0,0,0,0,0,0
CDC7,,Other,Other,,,,0.0,High-ranking informative gene,Yes,,,,,,0,0,0,0,0,0,0
HSPB2,,CellCycle_DDR_Stress,Stress_Senescence,,,,0.6868817187277272,Stress Senescence,Yes,,,,,,0,0,0,0,0,0,0
MCM3,,CellCycle_DDR_Stress,Cell_cycle,,,,0.6868817187277272,Cell cycle,Yes,,,,,,0,0,0,0,0,0,0
ITGA3,,Other,Other,,,,0.0,High-ranking informative gene,Yes,,,,,,0,0,0,0,0,0,0
EGLN2,,Other,Other,,,,0.0,High-ranking informative gene,Yes,,,,,,0,0,0,0,0,0,0
ITGB3,,Other,Other,,,,0.0,High-ranking informative gene,Yes,,,,,,0,0,0,0,0,0,0
LDHA,,Other,Other,,,,0.0,High-ranking informative gene,Yes,,,,,,0,0,0,0,0,0,0
MUC1,,Hypoxia_Angiogenesis_EMT_ECM_Vascular,EMT_Epithelial,,,,0.8242580624732727,EMT Epithelial,Yes,,,,,,0,0,0,0,0,0,0
VEGFB,,Hypoxia_Angiogenesis_EMT_ECM_Vascular,Hypoxia_Angiogenesis,,,,0.8242580624732727,Hypoxia Angiogenesis,Yes,,,,,,0,0,0,0,0,0,0
ZEB2,,Hypoxia_Angiogenesis_EMT_ECM_Vascular,EMT_Epithelial,,,,0.8242580624732727,EMT Epithelial,Yes,,,,,,0,0,0,0,0,0,0
LAMC1,,Hypoxia_Angiogenesis_EMT_ECM_Vascular,ECM_Fibroblast,,,,0.8242580624732727,ECM Fibroblast,Yes,,,,,,0,0,0,0,0,0,0
LAMA4,,Hypoxia_Angiogenesis_EMT_ECM_Vascular,ECM_Fibroblast,,,,0.8242580624732727,ECM Fibroblast,Yes,,,,,,0,0,0,0,0,0,0
EGLN1,,Hypoxia_Angiogenesis_EMT_ECM_Vascular,Hypoxia_Angiogenesis,,,,0.8242580624732727,Hypoxia Angiogenesis,Yes,,,,,,0,0,0,0,0,0,0
TIMP2,,Hypoxia_Angiogenesis_EMT_ECM_Vascular,ECM_Fibroblast,,,,0.8242580624732727,ECM Fibroblast,Yes,,,,,,0,0,0,0,0,0,0
VEGFC,,Hypoxia_Angiogenesis_EMT_ECM_Vascular,Hypoxia_Angiogenesis,,,,0.8242580624732727,Hypoxia Angiogenesis,Yes,,,,,,0,0,0,0,0,0,0
PGF,,Hypoxia_Angiogenesis_EMT_ECM_Vascular,Hypoxia_Angiogenesis,,,,0.8242580624732727,Hypoxia Angiogenesis,Yes,,,,,,0,0,0,0,0,0,0
MMP14,,Hypoxia_Angiogenesis_EMT_ECM_Vascular,ECM_Fibroblast,,,,0.8242580624732727,ECM Fibroblast,Yes,,,,,,0,0,0,0,0,0,0
LAMA2,,Hypoxia_Angiogenesis_EMT_ECM_Vascular,ECM_Fibroblast,,,,0.8242580624732727,ECM Fibroblast,Yes,,,,,,0,0,0,0,0,0,0
P4HA2,,Other,Other,,,,0.0,High-ranking informative gene,Yes,,,,,,0,0,0,0,0,0,0
ITGA2,,Other,Other,,,,0.0,High-ranking informative gene,Yes,,,,,,0,0,0,0,0,0,0
TWIST2,,Hypoxia_Angiogenesis_EMT_ECM_Vascular,EMT_Epithelial,,,,0.8242580624732727,EMT Epithelial,Yes,,,,,,0,0,0,0,0,0,0
KRT20,,Hypoxia_Angiogenesis_EMT_ECM_Vascular,EMT_Epithelial,,,,0.8242580624732727,EMT Epithelial,Yes,,,,,,0,0,0,0,0,0,0
CDH2,,Hypoxia_Angiogenesis_EMT_ECM_Vascular,EMT_Epithelial,,,,0.8242580624732727,EMT Epithelial,Yes,,,,,,0,0,0,0,0,0,0
LAMB1,,Hypoxia_Angiogenesis_EMT_ECM_Vascular,ECM_Fibroblast,,,,0.8242580624732727,ECM Fibroblast,Yes,,,,,,0,0,0,0,0,0,0
LOXL2,,Hypoxia_Angiogenesis_EMT_ECM_Vascular,ECM_Fibroblast,,,,0.8242580624732727,ECM Fibroblast,Yes,,,,,,0,0,0,0,0,0,0
ITGA5,,Hypoxia_Angiogenesis_EMT_ECM_Vascular,EMT_Epithelial,,,,0.8242580624732727,EMT Epithelial,Yes,,,,,,0,0,0,0,0,0,0
ITGB5,,Other,Other,,,,0.0,High-ranking informative gene,Yes,,,,,,0,0,0,0,0,0,0
ZEB1,,Hypoxia_Angiogenesis_EMT_ECM_Vascular,EMT_Epithelial,,,,0.8242580624732727,EMT Epithelial,Yes,,,,,,0,0,0,0,0,0,0
ITGA1,,Other,Other,,,,0.0,High-ranking informative gene,Yes,,,,,,0,0,0,0,0,0,0
TEK,,Hypoxia_Angiogenesis_EMT_ECM_Vascular,Hypoxia_Angiogenesis,,,,0.8242580624732727,Hypoxia Angiogenesis,Yes,,,,,,0,0,0,0,0,0,0
TWIST1,,Hypoxia_Angiogenesis_EMT_ECM_Vascular,EMT_Epithelial,,,,0.8242580624732727,EMT Epithelial,Yes,,,,,,0,0,0,0,0,0,0
VEGFA,,Hypoxia_Angiogenesis_EMT_ECM_Vascular,Hypoxia_Angiogenesis,,,,0.8242580624732727,Hypoxia Angiogenesis,Yes,,,,,,0,0,0,0,0,0,0
EPCAM,,Hypoxia_Angiogenesis_EMT_ECM_Vascular,EMT_Epithelial,,,,0.8242580624732727,EMT Epithelial,Yes,,,,,,0,0,0,0,0,0,0
PDGFA,,Hypoxia_Angiogenesis_EMT_ECM_Vascular,Hypoxia_Angiogenesis,,,,0.8242580624732727,Hypoxia Angiogenesis,Yes,,,,,,0,0,0,0,0,0,0
P4HA1,,Other,Other,,,,0.0,High-ranking informative gene,Yes,,,,,,0,0,0,0,0,0,0
PDK3,,Other,Other,,,,0.0,High-ranking informative gene,Yes,,,,,,0,0,0,0,0,0,0
PDGFB,,Hypoxia_Angiogenesis_EMT_ECM_Vascular,Hypoxia_Angiogenesis,,,,0.8242580624732727,Hypoxia Angiogenesis,Yes,,,,,,0,0,0,0,0,0,0
ANGPT1,,Hypoxia_Angiogenesis_EMT_ECM_Vascular,Hypoxia_Angiogenesis,,,,0.8242580624732727,Hypoxia Angiogenesis,Yes,,,,,,0,0,0,0,0,0,0
CDH1,,Hypoxia_Angiogenesis_EMT_ECM_Vascular,EMT_Epithelial,,,,0.8242580624732727,EMT Epithelial,Yes,,,,,,0,0,0,0,0,0,0
SNAI1,,Hypoxia_Angiogenesis_EMT_ECM_Vascular,EMT_Epithelial,,,,0.8242580624732727,EMT Epithelial,Yes,,,,,,0,0,0,0,0,0,0
PDK1,,Other,Other,,,,0.0,High-ranking informative gene,Yes,,,,,,0,0,0,0,0,0,0
ITGAV,,Other,Other,,,,0.0,High-ranking informative gene,Yes,,,,,,0,0,0,0,0,0,0
EGLN3,,Other,Other,,,,0.0,High-ranking informative gene,Yes,,,,,,0,0,0,0,0,0,0
P4HB,,Other,Other,,,,0.0,High-ranking informative gene,Yes,,,,,,0,0,0,0,0,0,0
ENTPD1,,Other,Other,,,,,,,,,,,,0,0,0,0,0,0,0
NT5E,,Other,Other,,,,,,,,,,,,0,0,0,0,0,0,0
ICOSLG,,Other,Other,,,,,,,,,,,,0,0,0,0,0,0,0
CLEC4C,,Other,Other,,,,,,,,,,,,0,0,0,0,0,0,0
