{
  "current_iteration": 49,
  "best_score": 0.9575956097385172,
  "score_history": [
    0.5,
    0.875,
    0.875,
    0.6785107573164988,
    0.19513424425247217,
    0.9270274890769173,
    0.0,
    0.0,
    0.9426204815938356,
    0.0,
    0.0,
    0.9575956097385172,
    0.9575956097385172,
    0.009550299469381017,
    0.4355150995483279,
    0.37762442908532473,
    0.32165443902247837,
    0.4922835843871367,
    0.29752838915388846,
    0.0,
    0.6228969724982872,
    0.6006023041604064,
    0.3066970320511662,
    0.27926229670077696,
    0.10926723124434562,
    0.0,
    0.7647504914098512,
    0.31738493675965224,
    0.7020260682436971,
    0.0,
    0.0,
    0.562433420450338,
    0.5113768659060989,
    0.0,
    0.9462758161791516,
    0.0,
    0.49442667479988034,
    0.0,
    0.0,
    0.0,
    0.45892829553158077,
    0.35896038850053275,
    0.47102488954251764,
    0.6695879626207029,
    0.0,
    0.0,
    0.0,
    0.48052529256769055,
    0.3050888019819252,
    0.0,
    0.3563951893337948
  ],
  "best_score_history": [
    0.5,
    0.875,
    0.875,
    0.875,
    0.875,
    0.9270274890769173,
    0.9270274890769173,
    0.9270274890769173,
    0.9426204815938356,
    0.9426204815938356,
    0.9426204815938356,
    0.9575956097385172,
    0.9575956097385172,
    0.9575956097385172,
    0.9575956097385172,
    0.9575956097385172,
    0.9575956097385172,
    0.9575956097385172,
    0.9575956097385172,
    0.9575956097385172,
    0.9575956097385172,
    0.9575956097385172,
    0.9575956097385172,
    0.9575956097385172,
    0.9575956097385172,
    0.9575956097385172,
    0.9575956097385172,
    0.9575956097385172,
    0.9575956097385172,
    0.9575956097385172,
    0.9575956097385172,
    0.9575956097385172,
    0.9575956097385172,
    0.9575956097385172,
    0.9575956097385172,
    0.9575956097385172,
    0.9575956097385172,
    0.9575956097385172,
    0.9575956097385172,
    0.9575956097385172,
    0.9575956097385172,
    0.9575956097385172,
    0.9575956097385172,
    0.9575956097385172,
    0.9575956097385172,
    0.9575956097385172,
    0.9575956097385172,
    0.9575956097385172,
    0.9575956097385172,
    0.9575956097385172,
    0.9575956097385172
  ],
  "generations_without_improvement": 39,
  "objective": "Optimize the RL-based gene panel selection algorithm for:\n\n1. **Final Panel Quality** (90% weight): Maximize ARI, NMI, SI clustering metrics.\n   - ARI (Adjusted Rand Index) measures clustering agreement with ground truth\n   - NMI (Normalized Mutual Information) provides additional clustering quality signal\n   - SI (Separation Index) measures inter-cluster vs intra-cluster distances\n\n2. **Training Efficiency** (10% weight): Faster convergence to good solutions.\n   - Reduce number of epochs needed to find good panels\n   - Improve early convergence behavior\n   - Better reward signal leads to faster learning\n\nEvolution Targets (priority order):\n1. **Optimization (SmartCurationTrainer.optimize)** - Primary target\n   - Current: single-step TD, fixed entropy coefficient\n   - Possible improvements: GAE (Generalized Advantage Estimation), entropy scheduling,\n     advantage normalization, PPO-style clipping\n\n2. **Exploration strategy (SmartCurationTrainer.explore)** - Secondary target\n   - Current: epsilon-greedy with Gaussian noise, top-K selection\n   - Possible improvements: Boltzmann/temperature-based sampling, UCB-style exploration,\n     elite gene preservation, adaptive noise schedules\n\n3. **Reward function (reward_panel)** - Tertiary target\n   - Current: `reward = alpha * ari + (1 - alpha) * size_term`\n   - Possible improvements: multi-metric rewards (include NMI/SI), progressive penalties,\n     non-linear ARI scaling, diversity bonuses for pathway coverage\n\nConstraints:\n- **Keep public API unchanged**: `train_gene_panel_selector` function signature must remain stable\n- **Maintain numerical stability**: Clamp probabilities, handle edge cases properly\n- **Don't remove essential functionality**: Keep core RL components working\n- **Keep imports stable**: Don't add new external dependencies\n",